code,board,bars,first_bar,last_bar,written,status,errors
000004,main_sz,49,2026-06-23 09:45,2026-06-26 09:45,0,error,数据覆盖率不足: 3/4 (75.0%) < 80%
000001,main_sz,64,2026-06-22 09:45,2026-06-25 15:00,64,ok,
000002,main_sz,64,2026-06-22 09:45,2026-06-25 15:00,64,ok,
000006,main_sz,64,2026-06-22 09:45,2026-06-25 15:00,64,ok,
000007,main_sz,64,2026-06-22 09:45,2026-06-25 15:00,64,ok,
000008,main_sz,64,2026-06-22 10:00,2026-06-26 09:45,64,ok,15m bar数异常: 2026-06-22 count=15 (期望16)
000009,main_sz,64,2026-06-22 09:45,2026-06-25 15:00,64,ok,
000010,main_sz,64,2026-06-22 09:45,2026-06-25 15:00,64,ok,
000011,main_sz,64,2026-06-22 09:45,2026-06-25 15:00,64,ok,
000012,main_sz,64,2026-06-22 09:45,2026-06-25 15:00,64,ok,
000014,main_sz,64,2026-06-22 10:00,2026-06-26 09:45,64,ok,15m bar数异常: 2026-06-22 count=15 (期望16)
000016,main_sz,64,2026-06-22 10:00,2026-06-26 09:45,64,ok,15m bar数异常: 2026-06-22 count=15 (期望16)
000017,main_sz,64,2026-06-22 10:00,2026-06-26 09:45,64,ok,15m bar数异常: 2026-06-22 count=15 (期望16)
000019,main_sz,64,2026-06-22 10:00,2026-06-26 09:45,64,ok,15m bar数异常: 2026-06-22 count=15 (期望16)
000020,main_sz,64,2026-06-22 10:00,2026-06-26 09:45,64,ok,15m bar数异常: 2026-06-22 count=15 (期望16)
000021,main_sz,64,2026-06-22 10:00,2026-06-26 09:45,64,ok,15m bar数异常: 2026-06-22 count=15 (期望16)
000025,main_sz,64,2026-06-22 10:00,2026-06-26 09:45,64,ok,15m bar数异常: 2026-06-22 count=15 (期望16)
000026,main_sz,64,2026-06-22 10:00,2026-06-26 09:45,64,ok,15m bar数异常: 2026-06-22 count=15 (期望16)
000027,main_sz,64,2026-06-22 09:45,2026-06-25 15:00,64,ok,
000028,main_sz,64,2026-06-22 09:45,2026-06-25 15:00,64,ok,
000029,main_sz,64,2026-06-22 09:45,2026-06-25 15:00,64,ok,
000030,main_sz,64,2026-06-22 09:45,2026-06-25 15:00,64,ok,
000031,main_sz,64,2026-06-22 09:45,2026-06-25 15:00,64,ok,
000032,main_sz,64,2026-06-22 09:45,2026-06-25 15:00,64,ok,
000034,main_sz,64,2026-06-22 09:45,2026-06-25 15:00,64,ok,
000035,main_sz,64,2026-06-22 09:45,2026-06-25 15:00,64,ok,
000036,main_sz,64,2026-06-22 09:45,2026-06-25 15:00,64,ok,
000037,main_sz,64,2026-06-22 09:45,2026-06-25 15:00,64,ok,
000039,main_sz,64,2026-06-22 09:45,2026-06-25 15:00,64,ok,
000042,main_sz,64,2026-06-22 09:45,2026-06-25 15:00,64,ok,
000045,main_sz,64,2026-06-22 09:45,2026-06-25 15:00,64,ok,
000048,main_sz,64,2026-06-22 09:45,2026-06-25 15:00,64,ok,
000049,main_sz,64,2026-06-22 09:45,2026-06-25 15:00,64,ok,
000050,main_sz,64,2026-06-22 09:45,2026-06-25 15:00,64,ok,
000055,main_sz,64,2026-06-22 10:00,2026-06-26 09:45,64,ok,15m bar数异常: 2026-06-22 count=15 (期望16)
000056,main_sz,64,2026-06-22 10:00,2026-06-26 09:45,64,ok,15m bar数异常: 2026-06-22 count=15 (期望16)
000058,main_sz,64,2026-06-22 10:00,2026-06-26 09:45,64,ok,15m bar数异常: 2026-06-22 count=15 (期望16)
000059,main_sz,64,2026-06-22 10:00,2026-06-26 09:45,64,ok,15m bar数异常: 2026-06-22 count=15 (期望16)
000060,main_sz,64,2026-06-22 10:00,2026-06-26 09:45,64,ok,15m bar数异常: 2026-06-22 count=15 (期望16)
000061,main_sz,64,2026-06-22 10:00,2026-06-26 09:45,64,ok,15m bar数异常: 2026-06-22 count=15 (期望16)
000062,main_sz,64,2026-06-22 10:00,2026-06-26 09:45,64,ok,15m bar数异常: 2026-06-22 count=15 (期望16)
000063,main_sz,64,2026-06-22 10:00,2026-06-26 09:45,64,ok,15m bar数异常: 2026-06-22 count=15 (期望16)
000065,main_sz,64,2026-06-22 09:45,2026-06-25 15:00,64,ok,
000066,main_sz,64,2026-06-22 09:45,2026-06-25 15:00,64,ok,
000068,main_sz,64,2026-06-22 09:45,2026-06-25 15:00,64,ok,
000069,main_sz,64,2026-06-22 09:45,2026-06-25 15:00,64,ok,
000070,main_sz,64,2026-06-22 09:45,2026-06-25 15:00,64,ok,
000078,main_sz,64,2026-06-22 09:45,2026-06-25 15:00,64,ok,
000088,main_sz,64,2026-06-22 09:45,2026-06-25 15:00,64,ok,
000089,main_sz,64,2026-06-22 09:45,2026-06-25 15:00,64,ok,
000090,main_sz,64,2026-06-22 09:45,2026-06-25 15:00,64,ok,
000096,main_sz,64,2026-06-22 09:45,2026-06-25 15:00,64,ok,
000099,main_sz,64,2026-06-22 09:45,2026-06-25 15:00,64,ok,
000100,main_sz,64,2026-06-22 09:45,2026-06-25 15:00,64,ok,
000151,main_sz,64,2026-06-22 09:45,2026-06-25 15:00,64,ok,
000153,main_sz,64,2026-06-22 09:45,2026-06-25 15:00,64,ok,
000155,main_sz,64,2026-06-22 09:45,2026-06-25 15:00,64,ok,
000156,main_sz,64,2026-06-22 09:45,2026-06-25 15:00,64,ok,
000157,main_sz,64,2026-06-22 09:45,2026-06-25 15:00,64,ok,
000158,main_sz,64,2026-06-22 09:45,2026-06-25 15:00,64,ok,
000159,main_sz,64,2026-06-22 09:45,2026-06-25 15:00,64,ok,
000166,main_sz,64,2026-06-22 09:45,2026-06-25 15:00,64,ok,
000301,main_sz,64,2026-06-22 09:45,2026-06-25 15:00,64,ok,
000333,main_sz,64,2026-06-22 09:45,2026-06-25 15:00,64,ok,
000338,main_sz,64,2026-06-22 10:00,2026-06-26 09:45,64,ok,15m bar数异常: 2026-06-22 count=15 (期望16)
000400,main_sz,64,2026-06-22 10:00,2026-06-26 09:45,64,ok,15m bar数异常: 2026-06-22 count=15 (期望16)
000401,main_sz,64,2026-06-22 09:45,2026-06-25 15:00,64,ok,
000402,main_sz,64,2026-06-22 09:45,2026-06-25 15:00,64,ok,
000403,main_sz,64,2026-06-22 09:45,2026-06-25 15:00,64,ok,
000404,main_sz,64,2026-06-22 10:00,2026-06-26 09:45,64,ok,15m bar数异常: 2026-06-22 count=15 (期望16)
000407,main_sz,64,2026-06-22 10:00,2026-06-26 09:45,64,ok,15m bar数异常: 2026-06-22 count=15 (期望16)
000408,main_sz,64,2026-06-22 10:00,2026-06-26 09:45,64,ok,15m bar数异常: 2026-06-22 count=15 (期望16)
000409,main_sz,64,2026-06-22 09:45,2026-06-25 15:00,64,ok,
000410,main_sz,64,2026-06-22 10:00,2026-06-26 09:45,64,ok,15m bar数异常: 2026-06-22 count=15 (期望16)
000411,main_sz,64,2026-06-22 10:00,2026-06-26 09:45,64,ok,15m bar数异常: 2026-06-22 count=15 (期望16)
000415,main_sz,64,2026-06-22 10:00,2026-06-26 09:45,64,ok,15m bar数异常: 2026-06-22 count=15 (期望16)
000417,main_sz,64,2026-06-22 09:45,2026-06-25 15:00,64,ok,
000419,main_sz,64,2026-06-22 09:45,2026-06-25 15:00,64,ok,
000420,main_sz,64,2026-06-22 09:45,2026-06-25 15:00,64,ok,
000421,main_sz,64,2026-06-22 09:45,2026-06-25 15:00,64,ok,
000422,main_sz,64,2026-06-22 09:45,2026-06-25 15:00,64,ok,
000423,main_sz,64,2026-06-22 09:45,2026-06-25 15:00,64,ok,
000425,main_sz,64,2026-06-22 09:45,2026-06-25 15:00,64,ok,
000426,main_sz,64,2026-06-22 09:45,2026-06-25 15:00,64,ok,
000428,main_sz,64,2026-06-22 09:45,2026-06-25 15:00,64,ok,
000429,main_sz,64,2026-06-22 09:45,2026-06-25 15:00,64,ok,
000430,main_sz,64,2026-06-22 09:45,2026-06-25 15:00,64,ok,
000488,main_sz,64,2026-06-22 09:45,2026-06-25 15:00,64,ok,
000498,main_sz,64,2026-06-22 09:45,2026-06-25 15:00,64,ok,
000501,main_sz,64,2026-06-22 09:45,2026-06-25 15:00,64,ok,
000503,main_sz,64,2026-06-22 09:45,2026-06-25 15:00,64,ok,
000504,main_sz,64,2026-06-22 10:00,2026-06-26 09:45,64,ok,15m bar数异常: 2026-06-22 count=15 (期望16)
000505,main_sz,64,2026-06-22 09:45,2026-06-25 15:00,64,ok,
000506,main_sz,64,2026-06-22 10:00,2026-06-26 09:45,64,ok,15m bar数异常: 2026-06-22 count=15 (期望16)
000507,main_sz,64,2026-06-22 10:00,2026-06-26 09:45,64,ok,15m bar数异常: 2026-06-22 count=15 (期望16)
000509,main_sz,64,2026-06-22 10:00,2026-06-26 09:45,64,ok,15m bar数异常: 2026-06-22 count=15 (期望16)
000510,main_sz,64,2026-06-22 09:45,2026-06-25 15:00,64,ok,
000513,main_sz,64,2026-06-22 10:00,2026-06-26 09:45,64,ok,15m bar数异常: 2026-06-22 count=15 (期望16)
000514,main_sz,64,2026-06-22 09:45,2026-06-25 15:00,64,ok,
000516,main_sz,64,2026-06-22 10:00,2026-06-26 09:45,64,ok,15m bar数异常: 2026-06-22 count=15 (期望16)
000517,main_sz,64,2026-06-22 10:00,2026-06-26 09:45,64,ok,15m bar数异常: 2026-06-22 count=15 (期望16)
000518,main_sz,64,2026-06-22 09:45,2026-06-25 15:00,64,ok,
000519,main_sz,64,2026-06-22 09:45,2026-06-25 15:00,64,ok,
000520,main_sz,64,2026-06-22 09:45,2026-06-25 15:00,64,ok,
000521,main_sz,64,2026-06-22 09:45,2026-06-25 15:00,64,ok,
000523,main_sz,64,2026-06-22 09:45,2026-06-25 15:00,64,ok,
000524,main_sz,32,2026-06-22 09:45,2026-06-23 15:00,32,ok,尾部缺失 2 天: 2026-06-23 → 2026-06-26
000525,main_sz,64,2026-06-22 09:45,2026-06-25 15:00,64,ok,
000526,main_sz,64,2026-06-22 09:45,2026-06-25 15:00,64,ok,
000528,main_sz,64,2026-06-22 09:45,2026-06-25 15:00,64,ok,
000529,main_sz,64,2026-06-22 10:00,2026-06-26 09:45,64,ok,15m bar数异常: 2026-06-22 count=15 (期望16)
000530,main_sz,64,2026-06-22 10:00,2026-06-26 09:45,64,ok,15m bar数异常: 2026-06-22 count=15 (期望16)
000531,main_sz,64,2026-06-22 10:00,2026-06-26 09:45,64,ok,15m bar数异常: 2026-06-22 count=15 (期望16)
000532,main_sz,64,2026-06-22 10:00,2026-06-26 09:45,64,ok,15m bar数异常: 2026-06-22 count=15 (期望16)
000533,main_sz,64,2026-06-22 10:00,2026-06-26 09:45,64,ok,15m bar数异常: 2026-06-22 count=15 (期望16)
000534,main_sz,64,2026-06-22 10:00,2026-06-26 09:45,64,ok,15m bar数异常: 2026-06-22 count=15 (期望16)
000536,main_sz,64,2026-06-22 10:00,2026-06-26 09:45,64,ok,15m bar数异常: 2026-06-22 count=15 (期望16)
000537,main_sz,64,2026-06-22 10:00,2026-06-26 09:45,64,ok,15m bar数异常: 2026-06-22 count=15 (期望16)
000538,main_sz,64,2026-06-22 09:45,2026-06-25 15:00,64,ok,
000539,main_sz,64,2026-06-22 09:45,2026-06-25 15:00,64,ok,
000541,main_sz,64,2026-06-22 09:45,2026-06-25 15:00,64,ok,
000543,main_sz,64,2026-06-22 09:45,2026-06-25 15:00,64,ok,
000544,main_sz,64,2026-06-22 09:45,2026-06-25 15:00,64,ok,
000545,main_sz,64,2026-06-22 09:45,2026-06-25 15:00,64,ok,
000546,main_sz,64,2026-06-22 09:45,2026-06-25 15:00,64,ok,
000547,main_sz,64,2026-06-22 09:45,2026-06-25 15:00,64,ok,
000548,main_sz,64,2026-06-22 09:45,2026-06-25 15:00,64,ok,
000550,main_sz,64,2026-06-22 09:45,2026-06-25 15:00,64,ok,
000551,main_sz,64,2026-06-22 09:45,2026-06-25 15:00,64,ok,
000552,main_sz,64,2026-06-22 09:45,2026-06-25 15:00,64,ok,
000553,main_sz,64,2026-06-22 09:45,2026-06-25 15:00,64,ok,
000554,main_sz,64,2026-06-22 09:45,2026-06-25 15:00,64,ok,
000555,main_sz,64,2026-06-22 09:45,2026-06-25 15:00,64,ok,
000557,main_sz,64,2026-06-22 09:45,2026-06-25 15:00,64,ok,
000558,main_sz,64,2026-06-22 10:00,2026-06-26 09:45,64,ok,15m bar数异常: 2026-06-22 count=15 (期望16)
000559,main_sz,64,2026-06-22 09:45,2026-06-25 15:00,64,ok,
000560,main_sz,64,2026-06-22 10:00,2026-06-26 09:45,64,ok,15m bar数异常: 2026-06-22 count=15 (期望16)
000561,main_sz,64,2026-06-22 10:00,2026-06-26 09:45,64,ok,15m bar数异常: 2026-06-22 count=15 (期望16)
000563,main_sz,64,2026-06-22 10:00,2026-06-26 09:45,64,ok,15m bar数异常: 2026-06-22 count=15 (期望16)
000564,main_sz,64,2026-06-22 10:00,2026-06-26 09:45,64,ok,15m bar数异常: 2026-06-22 count=15 (期望16)
000565,main_sz,64,2026-06-22 10:00,2026-06-26 09:45,64,ok,15m bar数异常: 2026-06-22 count=15 (期望16)
000566,main_sz,64,2026-06-22 10:00,2026-06-26 09:45,64,ok,15m bar数异常: 2026-06-22 count=15 (期望16)
000567,main_sz,64,2026-06-22 10:00,2026-06-26 09:45,64,ok,15m bar数异常: 2026-06-22 count=15 (期望16)
000568,main_sz,64,2026-06-22 09:45,2026-06-25 15:00,64,ok,
000570,main_sz,64,2026-06-22 09:45,2026-06-25 15:00,64,ok,
000571,main_sz,64,2026-06-22 09:45,2026-06-25 15:00,64,ok,
000572,main_sz,64,2026-06-22 09:45,2026-06-25 15:00,64,ok,
000573,main_sz,64,2026-06-22 09:45,2026-06-25 15:00,64,ok,
000576,main_sz,64,2026-06-22 09:45,2026-06-25 15:00,64,ok,
000581,main_sz,64,2026-06-22 09:45,2026-06-25 15:00,64,ok,
000582,main_sz,64,2026-06-22 09:45,2026-06-25 15:00,64,ok,
000586,main_sz,64,2026-06-22 09:45,2026-06-25 15:00,64,ok,
000589,main_sz,64,2026-06-22 09:45,2026-06-25 15:00,64,ok,
000590,main_sz,64,2026-06-22 09:45,2026-06-25 15:00,64,ok,
000591,main_sz,64,2026-06-22 09:45,2026-06-25 15:00,64,ok,
000592,main_sz,64,2026-06-22 09:45,2026-06-25 15:00,64,ok,
000593,main_sz,64,2026-06-22 09:45,2026-06-25 15:00,64,ok,
000595,main_sz,64,2026-06-22 09:45,2026-06-25 15:00,64,ok,
000596,main_sz,64,2026-06-22 09:45,2026-06-25 15:00,64,ok,
000597,main_sz,64,2026-06-22 10:00,2026-06-26 09:45,64,ok,15m bar数异常: 2026-06-22 count=15 (期望16)
000598,main_sz,64,2026-06-22 09:45,2026-06-25 15:00,64,ok,
000599,main_sz,64,2026-06-22 10:00,2026-06-26 09:45,64,ok,15m bar数异常: 2026-06-22 count=15 (期望16)
000600,main_sz,64,2026-06-22 09:45,2026-06-25 15:00,64,ok,
000601,main_sz,64,2026-06-22 10:00,2026-06-26 09:45,64,ok,15m bar数异常: 2026-06-22 count=15 (期望16)
000603,main_sz,64,2026-06-22 10:00,2026-06-26 09:45,64,ok,15m bar数异常: 2026-06-22 count=15 (期望16)
000605,main_sz,64,2026-06-22 10:00,2026-06-26 09:45,64,ok,15m bar数异常: 2026-06-22 count=15 (期望16)
000607,main_sz,64,2026-06-22 10:00,2026-06-26 09:45,64,ok,15m bar数异常: 2026-06-22 count=15 (期望16)
000608,main_sz,64,2026-06-22 10:00,2026-06-26 09:45,64,ok,15m bar数异常: 2026-06-22 count=15 (期望16)
000609,main_sz,64,2026-06-22 09:45,2026-06-25 15:00,64,ok,
000610,main_sz,64,2026-06-22 09:45,2026-06-25 15:00,64,ok,
000612,main_sz,64,2026-06-22 09:45,2026-06-25 15:00,64,ok,
000615,main_sz,64,2026-06-22 10:00,2026-06-26 09:45,64,ok,15m bar数异常: 2026-06-22 count=15 (期望16)
000617,main_sz,64,2026-06-22 09:45,2026-06-25 15:00,64,ok,
000619,main_sz,64,2026-06-22 09:45,2026-06-25 15:00,64,ok,
000620,main_sz,64,2026-06-22 09:45,2026-06-25 15:00,64,ok,
000623,main_sz,64,2026-06-22 09:45,2026-06-25 15:00,64,ok,
000625,main_sz,64,2026-06-22 09:45,2026-06-25 15:00,64,ok,
000626,main_sz,64,2026-06-22 09:45,2026-06-25 15:00,64,ok,
000628,main_sz,64,2026-06-22 09:45,2026-06-25 15:00,64,ok,
000629,main_sz,64,2026-06-22 09:45,2026-06-25 15:00,64,ok,
000630,main_sz,64,2026-06-22 09:45,2026-06-25 15:00,64,ok,
000631,main_sz,64,2026-06-22 09:45,2026-06-25 15:00,64,ok,
000632,main_sz,64,2026-06-22 09:45,2026-06-25 15:00,64,ok,
000633,main_sz,64,2026-06-22 09:45,2026-06-25 15:00,64,ok,
000635,main_sz,64,2026-06-22 09:45,2026-06-25 15:00,64,ok,
000636,main_sz,64,2026-06-22 09:45,2026-06-25 15:00,64,ok,
000637,main_sz,64,2026-06-22 09:45,2026-06-25 15:00,64,ok,
000639,main_sz,64,2026-06-22 09:45,2026-06-25 15:00,64,ok,
000650,main_sz,64,2026-06-22 10:00,2026-06-26 09:45,64,ok,15m bar数异常: 2026-06-22 count=15 (期望16)
000651,main_sz,64,2026-06-22 10:00,2026-06-26 09:45,64,ok,15m bar数异常: 2026-06-22 count=15 (期望16)
000652,main_sz,64,2026-06-22 09:45,2026-06-25 15:00,64,ok,
000655,main_sz,64,2026-06-22 10:00,2026-06-26 09:45,64,ok,15m bar数异常: 2026-06-22 count=15 (期望16)
000656,main_sz,64,2026-06-22 09:45,2026-06-25 15:00,64,ok,
000657,main_sz,64,2026-06-22 10:00,2026-06-26 09:45,64,ok,15m bar数异常: 2026-06-22 count=15 (期望16)
000659,main_sz,64,2026-06-22 10:00,2026-06-26 09:45,64,ok,15m bar数异常: 2026-06-22 count=15 (期望16)
000661,main_sz,64,2026-06-22 09:45,2026-06-25 15:00,64,ok,
000663,main_sz,64,2026-06-22 10:00,2026-06-26 09:45,64,ok,15m bar数异常: 2026-06-22 count=15 (期望16)
000665,main_sz,64,2026-06-22 09:45,2026-06-25 15:00,64,ok,
000668,main_sz,64,2026-06-22 10:00,2026-06-26 09:45,64,ok,15m bar数异常: 2026-06-22 count=15 (期望16)
000669,main_sz,64,2026-06-22 09:45,2026-06-25 15:00,64,ok,
000670,main_sz,64,2026-06-22 09:45,2026-06-25 15:00,64,ok,
000672,main_sz,64,2026-06-22 10:00,2026-06-26 09:45,64,ok,15m bar数异常: 2026-06-22 count=15 (期望16)
000676,main_sz,64,2026-06-22 10:00,2026-06-26 09:45,64,ok,15m bar数异常: 2026-06-22 count=15 (期望16)
000677,main_sz,64,2026-06-22 09:45,2026-06-25 15:00,64,ok,
000678,main_sz,64,2026-06-22 10:00,2026-06-26 09:45,64,ok,15m bar数异常: 2026-06-22 count=15 (期望16)
000679,main_sz,64,2026-06-22 09:45,2026-06-25 15:00,64,ok,
000680,main_sz,64,2026-06-22 09:45,2026-06-25 15:00,64,ok,
000681,main_sz,64,2026-06-22 09:45,2026-06-25 15:00,64,ok,
000682,main_sz,64,2026-06-22 09:45,2026-06-25 15:00,64,ok,
000683,main_sz,64,2026-06-22 09:45,2026-06-25 15:00,64,ok,
000685,main_sz,64,2026-06-22 10:00,2026-06-26 09:45,64,ok,15m bar数异常: 2026-06-22 count=15 (期望16)
000686,main_sz,64,2026-06-22 10:00,2026-06-26 09:45,64,ok,15m bar数异常: 2026-06-22 count=15 (期望16)
000688,main_sz,64,2026-06-22 10:00,2026-06-26 09:45,64,ok,15m bar数异常: 2026-06-22 count=15 (期望16)
000690,main_sz,64,2026-06-22 10:00,2026-06-26 09:45,64,ok,15m bar数异常: 2026-06-22 count=15 (期望16)
000691,main_sz,64,2026-06-22 10:00,2026-06-26 09:45,64,ok,15m bar数异常: 2026-06-22 count=15 (期望16)
000692,main_sz,64,2026-06-22 10:00,2026-06-26 09:45,64,ok,15m bar数异常: 2026-06-22 count=15 (期望16)
000695,main_sz,64,2026-06-22 10:00,2026-06-26 09:45,64,ok,15m bar数异常: 2026-06-22 count=15 (期望16)
000697,main_sz,64,2026-06-22 10:00,2026-06-26 09:45,64,ok,15m bar数异常: 2026-06-22 count=15 (期望16)
000698,main_sz,64,2026-06-22 09:45,2026-06-25 15:00,64,ok,
000700,main_sz,64,2026-06-22 09:45,2026-06-25 15:00,64,ok,
000701,main_sz,64,2026-06-22 09:45,2026-06-25 15:00,64,ok,
000702,main_sz,64,2026-06-22 09:45,2026-06-25 15:00,64,ok,
000703,main_sz,64,2026-06-22 09:45,2026-06-25 15:00,64,ok,
000705,main_sz,64,2026-06-22 09:45,2026-06-25 15:00,64,ok,
000707,main_sz,64,2026-06-22 09:45,2026-06-25 15:00,64,ok,
000708,main_sz,64,2026-06-22 09:45,2026-06-25 15:00,64,ok,
000709,main_sz,64,2026-06-22 09:45,2026-06-25 15:00,64,ok,
000710,main_sz,64,2026-06-22 09:45,2026-06-25 15:00,64,ok,
000711,main_sz,64,2026-06-22 09:45,2026-06-25 15:00,64,ok,
000712,main_sz,64,2026-06-22 09:45,2026-06-25 15:00,64,ok,
000713,main_sz,64,2026-06-22 09:45,2026-06-25 15:00,64,ok,
000715,main_sz,64,2026-06-22 09:45,2026-06-25 15:00,64,ok,
000716,main_sz,64,2026-06-22 09:45,2026-06-25 15:00,64,ok,
000717,main_sz,64,2026-06-22 09:45,2026-06-25 15:00,64,ok,
000718,main_sz,64,2026-06-22 10:00,2026-06-26 09:45,64,ok,15m bar数异常: 2026-06-22 count=15 (期望16)
000719,main_sz,64,2026-06-22 09:45,2026-06-25 15:00,64,ok,
000720,main_sz,64,2026-06-22 10:00,2026-06-26 09:45,64,ok,15m bar数异常: 2026-06-22 count=15 (期望16)
000721,main_sz,64,2026-06-22 09:45,2026-06-25 15:00,64,ok,
000722,main_sz,64,2026-06-22 10:00,2026-06-26 09:45,64,ok,15m bar数异常: 2026-06-22 count=15 (期望16)
000723,main_sz,64,2026-06-22 09:45,2026-06-25 15:00,64,ok,
000725,main_sz,64,2026-06-22 09:45,2026-06-25 15:00,64,ok,
000726,main_sz,64,2026-06-22 10:00,2026-06-26 09:45,64,ok,15m bar数异常: 2026-06-22 count=15 (期望16)
000727,main_sz,64,2026-06-22 10:00,2026-06-26 09:45,64,ok,15m bar数异常: 2026-06-22 count=15 (期望16)
000728,main_sz,64,2026-06-22 10:00,2026-06-26 09:45,64,ok,15m bar数异常: 2026-06-22 count=15 (期望16)
000729,main_sz,64,2026-06-22 10:00,2026-06-26 09:45,64,ok,15m bar数异常: 2026-06-22 count=15 (期望16)
000731,main_sz,64,2026-06-22 10:00,2026-06-26 09:45,64,ok,15m bar数异常: 2026-06-22 count=15 (期望16)
000733,main_sz,64,2026-06-22 09:45,2026-06-25 15:00,64,ok,
000735,main_sz,64,2026-06-22 09:45,2026-06-25 15:00,64,ok,
000736,main_sz,64,2026-06-22 09:45,2026-06-25 15:00,64,ok,
000737,main_sz,64,2026-06-22 09:45,2026-06-25 15:00,64,ok,
000738,main_sz,64,2026-06-22 09:45,2026-06-25 15:00,64,ok,
000739,main_sz,64,2026-06-22 09:45,2026-06-25 15:00,64,ok,
000750,main_sz,64,2026-06-22 09:45,2026-06-25 15:00,64,ok,
000751,main_sz,64,2026-06-22 09:45,2026-06-25 15:00,64,ok,
000752,main_sz,64,2026-06-22 09:45,2026-06-25 15:00,64,ok,
000753,main_sz,64,2026-06-22 09:45,2026-06-25 15:00,64,ok,
000755,main_sz,64,2026-06-22 09:45,2026-06-25 15:00,64,ok,
000756,main_sz,64,2026-06-22 09:45,2026-06-25 15:00,64,ok,
000757,main_sz,64,2026-06-22 09:45,2026-06-25 15:00,64,ok,
000758,main_sz,64,2026-06-22 09:45,2026-06-25 15:00,64,ok,
000759,main_sz,64,2026-06-22 10:00,2026-06-26 09:45,64,ok,15m bar数异常: 2026-06-22 count=15 (期望16)
000761,main_sz,64,2026-06-22 10:00,2026-06-26 09:45,64,ok,15m bar数异常: 2026-06-22 count=15 (期望16)
000762,main_sz,64,2026-06-22 09:45,2026-06-25 15:00,64,ok,
000766,main_sz,64,2026-06-22 09:45,2026-06-25 15:00,64,ok,
000767,main_sz,64,2026-06-22 09:45,2026-06-25 15:00,64,ok,
000768,main_sz,64,2026-06-22 10:00,2026-06-26 09:45,64,ok,15m bar数异常: 2026-06-22 count=15 (期望16)
000776,main_sz,64,2026-06-22 10:00,2026-06-26 09:45,64,ok,15m bar数异常: 2026-06-22 count=15 (期望16)
000777,main_sz,64,2026-06-22 09:45,2026-06-25 15:00,64,ok,
000778,main_sz,64,2026-06-22 10:00,2026-06-26 09:45,64,ok,15m bar数异常: 2026-06-22 count=15 (期望16)
000779,main_sz,64,2026-06-22 09:45,2026-06-25 15:00,64,ok,
000782,main_sz,64,2026-06-22 10:00,2026-06-26 09:45,64,ok,15m bar数异常: 2026-06-22 count=15 (期望16)
000783,main_sz,64,2026-06-22 10:00,2026-06-26 09:45,64,ok,15m bar数异常: 2026-06-22 count=15 (期望16)
000785,main_sz,64,2026-06-22 10:00,2026-06-26 09:45,64,ok,15m bar数异常: 2026-06-22 count=15 (期望16)
000786,main_sz,64,2026-06-22 10:00,2026-06-26 09:45,64,ok,15m bar数异常: 2026-06-22 count=15 (期望16)
000788,main_sz,64,2026-06-22 10:00,2026-06-26 09:45,64,ok,15m bar数异常: 2026-06-22 count=15 (期望16)
000789,main_sz,64,2026-06-22 09:45,2026-06-25 15:00,64,ok,
000790,main_sz,64,2026-06-22 10:00,2026-06-26 09:45,64,ok,15m bar数异常: 2026-06-22 count=15 (期望16)
000791,main_sz,64,2026-06-22 10:00,2026-06-26 09:45,64,ok,15m bar数异常: 2026-06-22 count=15 (期望16)
000792,main_sz,64,2026-06-22 09:45,2026-06-25 15:00,64,ok,
000793,main_sz,64,2026-06-22 09:45,2026-06-25 15:00,64,ok,
000795,main_sz,64,2026-06-22 09:45,2026-06-25 15:00,64,ok,
000796,main_sz,64,2026-06-22 09:45,2026-06-25 15:00,64,ok,
000797,main_sz,64,2026-06-22 09:45,2026-06-25 15:00,64,ok,
000798,main_sz,64,2026-06-22 09:45,2026-06-25 15:00,64,ok,
000799,main_sz,64,2026-06-22 09:45,2026-06-25 15:00,64,ok,
000800,main_sz,64,2026-06-22 09:45,2026-06-25 15:00,64,ok,
000801,main_sz,64,2026-06-22 09:45,2026-06-25 15:00,64,ok,
000802,main_sz,64,2026-06-22 10:00,2026-06-26 09:45,64,ok,15m bar数异常: 2026-06-22 count=15 (期望16)
000803,main_sz,64,2026-06-22 09:45,2026-06-25 15:00,64,ok,
000807,main_sz,64,2026-06-22 10:00,2026-06-26 09:45,64,ok,15m bar数异常: 2026-06-22 count=15 (期望16)
000809,main_sz,64,2026-06-22 09:45,2026-06-25 15:00,64,ok,
000810,main_sz,64,2026-06-22 10:00,2026-06-26 09:45,64,ok,15m bar数异常: 2026-06-22 count=15 (期望16)
000811,main_sz,64,2026-06-22 09:45,2026-06-25 15:00,64,ok,
000812,main_sz,64,2026-06-22 10:00,2026-06-26 09:45,64,ok,15m bar数异常: 2026-06-22 count=15 (期望16)
000813,main_sz,64,2026-06-22 10:00,2026-06-26 09:45,64,ok,15m bar数异常: 2026-06-22 count=15 (期望16)
000815,main_sz,64,2026-06-22 09:45,2026-06-25 15:00,64,ok,
000816,main_sz,64,2026-06-22 09:45,2026-06-25 15:00,64,ok,
000818,main_sz,64,2026-06-22 09:45,2026-06-25 15:00,64,ok,
000819,main_sz,64,2026-06-22 09:45,2026-06-25 15:00,64,ok,
000820,main_sz,64,2026-06-22 09:45,2026-06-25 15:00,64,ok,
000821,main_sz,64,2026-06-22 09:45,2026-06-25 15:00,64,ok,
000822,main_sz,64,2026-06-22 09:45,2026-06-25 15:00,64,ok,
000823,main_sz,64,2026-06-22 10:00,2026-06-26 09:45,64,ok,15m bar数异常: 2026-06-22 count=15 (期望16)
000825,main_sz,64,2026-06-22 10:00,2026-06-26 09:45,64,ok,15m bar数异常: 2026-06-22 count=15 (期望16)
000826,main_sz,64,2026-06-22 10:00,2026-06-26 09:45,64,ok,15m bar数异常: 2026-06-22 count=15 (期望16)
000828,main_sz,64,2026-06-22 10:00,2026-06-26 09:45,64,ok,15m bar数异常: 2026-06-22 count=15 (期望16)
000829,main_sz,64,2026-06-22 09:45,2026-06-25 15:00,64,ok,
000830,main_sz,64,2026-06-22 09:45,2026-06-25 15:00,64,ok,
000831,main_sz,64,2026-06-22 09:45,2026-06-25 15:00,64,ok,
000833,main_sz,64,2026-06-22 09:45,2026-06-25 15:00,64,ok,
000837,main_sz,64,2026-06-22 10:00,2026-06-26 09:45,64,ok,15m bar数异常: 2026-06-22 count=15 (期望16)
000838,main_sz,64,2026-06-22 10:00,2026-06-26 09:45,64,ok,15m bar数异常: 2026-06-22 count=15 (期望16)
000839,main_sz,64,2026-06-22 10:00,2026-06-26 09:45,64,ok,15m bar数异常: 2026-06-22 count=15 (期望16)
000848,main_sz,64,2026-06-22 10:00,2026-06-26 09:45,64,ok,15m bar数异常: 2026-06-22 count=15 (期望16)
000850,main_sz,64,2026-06-22 10:00,2026-06-26 09:45,64,ok,15m bar数异常: 2026-06-22 count=15 (期望16)
000852,main_sz,64,2026-06-22 10:00,2026-06-26 09:45,64,ok,15m bar数异常: 2026-06-22 count=15 (期望16)
000856,main_sz,64,2026-06-22 10:00,2026-06-26 09:45,64,ok,15m bar数异常: 2026-06-22 count=15 (期望16)
000858,main_sz,64,2026-06-22 10:00,2026-06-26 09:45,64,ok,15m bar数异常: 2026-06-22 count=15 (期望16)
000859,main_sz,64,2026-06-22 09:45,2026-06-25 15:00,64,ok,
000860,main_sz,64,2026-06-22 09:45,2026-06-25 15:00,64,ok,
000862,main_sz,64,2026-06-22 09:45,2026-06-25 15:00,64,ok,
000863,main_sz,64,2026-06-22 09:45,2026-06-25 15:00,64,ok,
000868,main_sz,64,2026-06-22 09:45,2026-06-25 15:00,64,ok,
000869,main_sz,64,2026-06-22 09:45,2026-06-25 15:00,64,ok,
000875,main_sz,64,2026-06-22 09:45,2026-06-25 15:00,64,ok,
000876,main_sz,64,2026-06-22 09:45,2026-06-25 15:00,64,ok,
000877,main_sz,64,2026-06-22 09:45,2026-06-25 15:00,64,ok,
000878,main_sz,64,2026-06-22 09:45,2026-06-25 15:00,64,ok,
000880,main_sz,64,2026-06-22 09:45,2026-06-25 15:00,64,ok,
000881,main_sz,64,2026-06-22 09:45,2026-06-25 15:00,64,ok,
000882,main_sz,64,2026-06-22 09:45,2026-06-25 15:00,64,ok,
000883,main_sz,64,2026-06-22 09:45,2026-06-25 15:00,64,ok,
000885,main_sz,64,2026-06-22 09:45,2026-06-25 15:00,64,ok,
000886,main_sz,64,2026-06-22 09:45,2026-06-25 15:00,64,ok,
000887,main_sz,64,2026-06-22 10:00,2026-06-26 09:45,64,ok,15m bar数异常: 2026-06-22 count=15 (期望16)
000888,main_sz,64,2026-06-22 09:45,2026-06-25 15:00,64,ok,
000889,main_sz,64,2026-06-22 10:00,2026-06-26 09:45,64,ok,15m bar数异常: 2026-06-22 count=15 (期望16)
000890,main_sz,64,2026-06-22 09:45,2026-06-25 15:00,64,ok,
000892,main_sz,64,2026-06-22 10:00,2026-06-26 09:45,64,ok,15m bar数异常: 2026-06-22 count=15 (期望16)
000893,main_sz,64,2026-06-22 10:00,2026-06-26 09:45,64,ok,15m bar数异常: 2026-06-22 count=15 (期望16)
000895,main_sz,64,2026-06-22 09:45,2026-06-25 15:00,64,ok,
000897,main_sz,64,2026-06-22 09:45,2026-06-25 15:00,64,ok,
000898,main_sz,64,2026-06-22 10:00,2026-06-26 09:45,64,ok,15m bar数异常: 2026-06-22 count=15 (期望16)
000899,main_sz,64,2026-06-22 10:00,2026-06-26 09:45,64,ok,15m bar数异常: 2026-06-22 count=15 (期望16)
000900,main_sz,64,2026-06-22 10:00,2026-06-26 09:45,64,ok,15m bar数异常: 2026-06-22 count=15 (期望16)
000901,main_sz,64,2026-06-22 10:00,2026-06-26 09:45,64,ok,15m bar数异常: 2026-06-22 count=15 (期望16)
000902,main_sz,64,2026-06-22 09:45,2026-06-25 15:00,64,ok,
000903,main_sz,64,2026-06-22 09:45,2026-06-25 15:00,64,ok,
000905,main_sz,64,2026-06-22 09:45,2026-06-25 15:00,64,ok,
000906,main_sz,64,2026-06-22 09:45,2026-06-25 15:00,64,ok,
000908,main_sz,64,2026-06-22 09:45,2026-06-25 15:00,64,ok,
000909,main_sz,64,2026-06-22 09:45,2026-06-25 15:00,64,ok,
000910,main_sz,64,2026-06-22 10:00,2026-06-26 09:45,64,ok,15m bar数异常: 2026-06-22 count=15 (期望16)
000911,main_sz,64,2026-06-22 09:45,2026-06-25 15:00,64,ok,
000912,main_sz,64,2026-06-22 09:45,2026-06-25 15:00,64,ok,
000913,main_sz,64,2026-06-22 09:45,2026-06-25 15:00,64,ok,
000915,main_sz,64,2026-06-22 09:45,2026-06-25 15:00,64,ok,
000917,main_sz,64,2026-06-22 09:45,2026-06-25 15:00,64,ok,
000919,main_sz,64,2026-06-22 10:00,2026-06-26 09:45,64,ok,15m bar数异常: 2026-06-22 count=15 (期望16)
000920,main_sz,64,2026-06-22 10:00,2026-06-26 09:45,64,ok,15m bar数异常: 2026-06-22 count=15 (期望16)
000921,main_sz,64,2026-06-22 09:45,2026-06-25 15:00,64,ok,
000922,main_sz,64,2026-06-22 09:45,2026-06-25 15:00,64,ok,
000923,main_sz,64,2026-06-22 09:45,2026-06-25 15:00,64,ok,
000925,main_sz,64,2026-06-22 10:00,2026-06-26 09:45,64,ok,15m bar数异常: 2026-06-22 count=15 (期望16)
000926,main_sz,64,2026-06-22 09:45,2026-06-25 15:00,64,ok,
000927,main_sz,64,2026-06-22 09:45,2026-06-25 15:00,64,ok,
000928,main_sz,64,2026-06-22 09:45,2026-06-25 15:00,64,ok,
000929,main_sz,64,2026-06-22 09:45,2026-06-25 15:00,64,ok,
000930,main_sz,64,2026-06-22 09:45,2026-06-25 15:00,64,ok,
000931,main_sz,64,2026-06-22 09:45,2026-06-25 15:00,64,ok,
000932,main_sz,64,2026-06-22 09:45,2026-06-25 15:00,64,ok,
000933,main_sz,64,2026-06-22 09:45,2026-06-25 15:00,64,ok,
000935,main_sz,64,2026-06-22 10:00,2026-06-26 09:45,64,ok,15m bar数异常: 2026-06-22 count=15 (期望16)
000936,main_sz,64,2026-06-22 10:00,2026-06-26 09:45,64,ok,15m bar数异常: 2026-06-22 count=15 (期望16)
000937,main_sz,64,2026-06-22 10:00,2026-06-26 09:45,64,ok,15m bar数异常: 2026-06-22 count=15 (期望16)
000938,main_sz,64,2026-06-22 10:00,2026-06-26 09:45,64,ok,15m bar数异常: 2026-06-22 count=15 (期望16)
000948,main_sz,64,2026-06-22 10:00,2026-06-26 09:45,64,ok,15m bar数异常: 2026-06-22 count=15 (期望16)
000949,main_sz,64,2026-06-22 09:45,2026-06-25 15:00,64,ok,
000950,main_sz,64,2026-06-22 09:45,2026-06-25 15:00,64,ok,
000951,main_sz,64,2026-06-22 09:45,2026-06-25 15:00,64,ok,
000952,main_sz,64,2026-06-22 09:45,2026-06-25 15:00,64,ok,
000953,main_sz,64,2026-06-22 09:45,2026-06-25 15:00,64,ok,
000955,main_sz,64,2026-06-22 09:45,2026-06-25 15:00,64,ok,
000957,main_sz,64,2026-06-22 09:45,2026-06-25 15:00,64,ok,
000958,main_sz,64,2026-06-22 09:45,2026-06-25 15:00,64,ok,
000959,main_sz,64,2026-06-22 09:45,2026-06-25 15:00,64,ok,
000960,main_sz,64,2026-06-22 10:00,2026-06-26 09:45,64,ok,15m bar数异常: 2026-06-22 count=15 (期望16)
000962,main_sz,64,2026-06-22 09:45,2026-06-25 15:00,64,ok,
000963,main_sz,64,2026-06-22 10:00,2026-06-26 09:45,64,ok,15m bar数异常: 2026-06-22 count=15 (期望16)
000965,main_sz,64,2026-06-22 09:45,2026-06-25 15:00,64,ok,
000966,main_sz,64,2026-06-22 09:45,2026-06-25 15:00,64,ok,
000967,main_sz,64,2026-06-22 10:00,2026-06-26 09:45,64,ok,15m bar数异常: 2026-06-22 count=15 (期望16)
000968,main_sz,64,2026-06-22 09:45,2026-06-25 15:00,64,ok,
000969,main_sz,64,2026-06-22 09:45,2026-06-25 15:00,64,ok,
000970,main_sz,64,2026-06-22 09:45,2026-06-25 15:00,64,ok,
000972,main_sz,64,2026-06-22 09:45,2026-06-25 15:00,64,ok,
000973,main_sz,64,2026-06-22 09:45,2026-06-25 15:00,64,ok,
000975,main_sz,64,2026-06-22 10:00,2026-06-26 09:45,64,ok,15m bar数异常: 2026-06-22 count=15 (期望16)
000977,main_sz,64,2026-06-22 10:00,2026-06-26 09:45,64,ok,15m bar数异常: 2026-06-22 count=15 (期望16)
000978,main_sz,64,2026-06-22 09:45,2026-06-25 15:00,64,ok,
001235,main_sz,0,,,0,no_data,无数据
001331,main_sz,1,2026-06-26 09:45,2026-06-26 09:45,0,error,数据覆盖率不足: 0/1 (0.0%) < 80%
000980,main_sz,64,2026-06-22 09:45,2026-06-25 15:00,64,ok,
000981,main_sz,64,2026-06-22 10:00,2026-06-26 09:45,64,ok,15m bar数异常: 2026-06-22 count=15 (期望16)
000983,main_sz,64,2026-06-22 09:45,2026-06-25 15:00,64,ok,
000985,main_sz,64,2026-06-22 10:00,2026-06-26 09:45,64,ok,15m bar数异常: 2026-06-22 count=15 (期望16)
000987,main_sz,64,2026-06-22 09:45,2026-06-25 15:00,64,ok,
000988,main_sz,64,2026-06-22 09:45,2026-06-25 15:00,64,ok,
000989,main_sz,64,2026-06-22 09:45,2026-06-25 15:00,64,ok,
000990,main_sz,64,2026-06-22 09:45,2026-06-25 15:00,64,ok,
000993,main_sz,64,2026-06-22 09:45,2026-06-25 15:00,64,ok,
000995,main_sz,64,2026-06-22 09:45,2026-06-25 15:00,64,ok,
000997,main_sz,64,2026-06-22 10:00,2026-06-26 09:45,64,ok,15m bar数异常: 2026-06-22 count=15 (期望16)
000998,main_sz,64,2026-06-22 10:00,2026-06-26 09:45,64,ok,15m bar数异常: 2026-06-22 count=15 (期望16)
000999,main_sz,64,2026-06-22 10:00,2026-06-26 09:45,64,ok,15m bar数异常: 2026-06-22 count=15 (期望16)
001201,main_sz,64,2026-06-22 10:00,2026-06-26 09:45,64,ok,15m bar数异常: 2026-06-22 count=15 (期望16)
001202,main_sz,64,2026-06-22 10:00,2026-06-26 09:45,64,ok,15m bar数异常: 2026-06-22 count=15 (期望16)
001203,main_sz,64,2026-06-22 10:00,2026-06-26 09:45,64,ok,15m bar数异常: 2026-06-22 count=15 (期望16)
001205,main_sz,64,2026-06-22 10:00,2026-06-26 09:45,64,ok,15m bar数异常: 2026-06-22 count=15 (期望16)
001206,main_sz,64,2026-06-22 10:00,2026-06-26 09:45,64,ok,15m bar数异常: 2026-06-22 count=15 (期望16)
001207,main_sz,64,2026-06-22 09:45,2026-06-25 15:00,64,ok,
001208,main_sz,64,2026-06-22 09:45,2026-06-25 15:00,64,ok,
001209,main_sz,64,2026-06-22 09:45,2026-06-25 15:00,64,ok,
001210,main_sz,64,2026-06-22 09:45,2026-06-25 15:00,64,ok,
001211,main_sz,64,2026-06-22 09:45,2026-06-25 15:00,64,ok,
001212,main_sz,64,2026-06-22 09:45,2026-06-25 15:00,64,ok,
001213,main_sz,64,2026-06-22 09:45,2026-06-25 15:00,64,ok,
001215,main_sz,64,2026-06-22 09:45,2026-06-25 15:00,64,ok,
001216,main_sz,64,2026-06-22 09:45,2026-06-25 15:00,64,ok,
001217,main_sz,64,2026-06-22 09:45,2026-06-25 15:00,64,ok,
001218,main_sz,64,2026-06-22 09:45,2026-06-25 15:00,64,ok,
001219,main_sz,64,2026-06-22 09:45,2026-06-25 15:00,64,ok,
001220,main_sz,64,2026-06-22 09:45,2026-06-25 15:00,64,ok,
001221,main_sz,64,2026-06-22 09:45,2026-06-25 15:00,64,ok,
001222,main_sz,64,2026-06-22 09:45,2026-06-25 15:00,64,ok,
001223,main_sz,64,2026-06-22 09:45,2026-06-25 15:00,64,ok,
001225,main_sz,64,2026-06-22 10:00,2026-06-26 09:45,64,ok,15m bar数异常: 2026-06-22 count=15 (期望16)
001226,main_sz,64,2026-06-22 10:00,2026-06-26 09:45,64,ok,15m bar数异常: 2026-06-22 count=15 (期望16)
001227,main_sz,64,2026-06-22 09:45,2026-06-25 15:00,64,ok,
001228,main_sz,64,2026-06-22 10:00,2026-06-26 09:45,64,ok,15m bar数异常: 2026-06-22 count=15 (期望16)
001229,main_sz,64,2026-06-22 09:45,2026-06-25 15:00,64,ok,
001230,main_sz,64,2026-06-22 10:00,2026-06-26 09:45,64,ok,15m bar数异常: 2026-06-22 count=15 (期望16)
001231,main_sz,64,2026-06-22 09:45,2026-06-25 15:00,64,ok,
001233,main_sz,64,2026-06-22 09:45,2026-06-25 15:00,64,ok,
001234,main_sz,64,2026-06-22 10:00,2026-06-26 09:45,64,ok,15m bar数异常: 2026-06-22 count=15 (期望16)
001236,main_sz,64,2026-06-22 10:00,2026-06-26 09:45,64,ok,15m bar数异常: 2026-06-22 count=15 (期望16)
001237,main_sz,64,2026-06-22 10:00,2026-06-26 09:45,64,ok,15m bar数异常: 2026-06-22 count=15 (期望16)
001238,main_sz,64,2026-06-22 09:45,2026-06-25 15:00,64,ok,
001239,main_sz,64,2026-06-22 09:45,2026-06-25 15:00,64,ok,
001248,main_sz,15,2026-06-22 10:00,2026-06-22 15:00,15,ok,尾部缺失 3 天: 2026-06-22 → 2026-06-26
001255,main_sz,64,2026-06-22 09:45,2026-06-25 15:00,64,ok,
001256,main_sz,64,2026-06-22 09:45,2026-06-25 15:00,64,ok,
001257,main_sz,64,2026-06-22 09:45,2026-06-25 15:00,64,ok,
001258,main_sz,64,2026-06-22 09:45,2026-06-25 15:00,64,ok,
001259,main_sz,64,2026-06-22 09:45,2026-06-25 15:00,64,ok,
001260,main_sz,64,2026-06-22 09:45,2026-06-25 15:00,64,ok,
001266,main_sz,64,2026-06-22 09:45,2026-06-25 15:00,64,ok,
001267,main_sz,64,2026-06-22 09:45,2026-06-25 15:00,64,ok,
001268,main_sz,64,2026-06-22 09:45,2026-06-25 15:00,64,ok,
001269,main_sz,64,2026-06-22 09:45,2026-06-25 15:00,64,ok,
001270,main_sz,64,2026-06-22 09:45,2026-06-25 15:00,64,ok,
001277,main_sz,64,2026-06-22 10:00,2026-06-26 09:45,64,ok,15m bar数异常: 2026-06-22 count=15 (期望16)
001278,main_sz,64,2026-06-22 10:00,2026-06-26 09:45,64,ok,15m bar数异常: 2026-06-22 count=15 (期望16)
001279,main_sz,64,2026-06-22 10:00,2026-06-26 09:45,64,ok,15m bar数异常: 2026-06-22 count=15 (期望16)
001280,main_sz,64,2026-06-22 09:45,2026-06-25 15:00,64,ok,
001282,main_sz,64,2026-06-22 09:45,2026-06-25 15:00,64,ok,
001283,main_sz,64,2026-06-22 10:00,2026-06-26 09:45,64,ok,15m bar数异常: 2026-06-22 count=15 (期望16)
001285,main_sz,64,2026-06-22 09:45,2026-06-25 15:00,64,ok,
001286,main_sz,64,2026-06-22 10:00,2026-06-26 09:45,64,ok,15m bar数异常: 2026-06-22 count=15 (期望16)
001287,main_sz,64,2026-06-22 09:45,2026-06-25 15:00,64,ok,
001288,main_sz,64,2026-06-22 10:00,2026-06-26 09:45,64,ok,15m bar数异常: 2026-06-22 count=15 (期望16)
001289,main_sz,64,2026-06-22 10:00,2026-06-26 09:45,64,ok,15m bar数异常: 2026-06-22 count=15 (期望16)
001296,main_sz,64,2026-06-22 09:45,2026-06-25 15:00,64,ok,
001298,main_sz,64,2026-06-22 09:45,2026-06-25 15:00,64,ok,
001299,main_sz,64,2026-06-22 09:45,2026-06-25 15:00,64,ok,
001300,main_sz,64,2026-06-22 09:45,2026-06-25 15:00,64,ok,
001301,main_sz,64,2026-06-22 10:00,2026-06-26 09:45,64,ok,15m bar数异常: 2026-06-22 count=15 (期望16)
001306,main_sz,64,2026-06-22 09:45,2026-06-25 15:00,64,ok,
001308,main_sz,64,2026-06-22 10:00,2026-06-26 09:45,64,ok,15m bar数异常: 2026-06-22 count=15 (期望16)
001309,main_sz,64,2026-06-22 09:45,2026-06-25 15:00,64,ok,
001311,main_sz,64,2026-06-22 09:45,2026-06-25 15:00,64,ok,
001312,main_sz,64,2026-06-22 09:45,2026-06-25 15:00,64,ok,
001313,main_sz,64,2026-06-22 09:45,2026-06-25 15:00,64,ok,
001314,main_sz,64,2026-06-22 09:45,2026-06-25 15:00,64,ok,
001316,main_sz,64,2026-06-22 09:45,2026-06-25 15:00,64,ok,
001317,main_sz,64,2026-06-22 09:45,2026-06-25 15:00,64,ok,
001318,main_sz,64,2026-06-22 09:45,2026-06-25 15:00,64,ok,
001319,main_sz,64,2026-06-22 09:45,2026-06-25 15:00,64,ok,
001322,main_sz,64,2026-06-22 10:00,2026-06-26 09:45,64,ok,15m bar数异常: 2026-06-22 count=15 (期望16)
001323,main_sz,64,2026-06-22 10:00,2026-06-26 09:45,64,ok,15m bar数异常: 2026-06-22 count=15 (期望16)
001324,main_sz,64,2026-06-22 10:00,2026-06-26 09:45,64,ok,15m bar数异常: 2026-06-22 count=15 (期望16)
001325,main_sz,64,2026-06-22 09:45,2026-06-25 15:00,64,ok,
001326,main_sz,64,2026-06-22 09:45,2026-06-25 15:00,64,ok,
001328,main_sz,64,2026-06-22 09:45,2026-06-25 15:00,64,ok,
001330,main_sz,64,2026-06-22 10:00,2026-06-26 09:45,64,ok,15m bar数异常: 2026-06-22 count=15 (期望16)
001332,main_sz,64,2026-06-22 10:00,2026-06-26 09:45,64,ok,15m bar数异常: 2026-06-22 count=15 (期望16)
001333,main_sz,64,2026-06-22 10:00,2026-06-26 09:45,64,ok,15m bar数异常: 2026-06-22 count=15 (期望16)
001335,main_sz,64,2026-06-22 09:45,2026-06-25 15:00,64,ok,
001336,main_sz,64,2026-06-22 09:45,2026-06-25 15:00,64,ok,
001337,main_sz,64,2026-06-22 09:45,2026-06-25 15:00,64,ok,
001399,main_sz,1,2026-06-26 09:45,2026-06-26 09:45,0,error,数据覆盖率不足: 0/1 (0.0%) < 80%
001338,main_sz,64,2026-06-22 09:45,2026-06-25 15:00,64,ok,
001339,main_sz,64,2026-06-22 10:00,2026-06-26 09:45,64,ok,15m bar数异常: 2026-06-22 count=15 (期望16)
001356,main_sz,64,2026-06-22 09:45,2026-06-25 15:00,64,ok,
001358,main_sz,64,2026-06-22 09:45,2026-06-25 15:00,64,ok,
001359,main_sz,64,2026-06-22 09:45,2026-06-25 15:00,64,ok,
001360,main_sz,64,2026-06-22 09:45,2026-06-25 15:00,64,ok,
001365,main_sz,64,2026-06-22 09:45,2026-06-25 15:00,64,ok,
001366,main_sz,64,2026-06-22 09:45,2026-06-25 15:00,64,ok,
001367,main_sz,64,2026-06-22 09:45,2026-06-25 15:00,64,ok,
001368,main_sz,64,2026-06-22 09:45,2026-06-25 15:00,64,ok,
001369,main_sz,64,2026-06-22 10:00,2026-06-26 09:45,64,ok,15m bar数异常: 2026-06-22 count=15 (期望16)
001373,main_sz,64,2026-06-22 10:00,2026-06-26 09:45,64,ok,15m bar数异常: 2026-06-22 count=15 (期望16)
001376,main_sz,64,2026-06-22 10:00,2026-06-26 09:45,64,ok,15m bar数异常: 2026-06-22 count=15 (期望16)
001378,main_sz,64,2026-06-22 10:00,2026-06-26 09:45,64,ok,15m bar数异常: 2026-06-22 count=15 (期望16)
001379,main_sz,64,2026-06-22 10:00,2026-06-26 09:45,64,ok,15m bar数异常: 2026-06-22 count=15 (期望16)
001380,main_sz,64,2026-06-22 10:00,2026-06-26 09:45,64,ok,15m bar数异常: 2026-06-22 count=15 (期望16)
001382,main_sz,64,2026-06-22 10:00,2026-06-26 09:45,64,ok,15m bar数异常: 2026-06-22 count=15 (期望16)
001386,main_sz,64,2026-06-22 10:00,2026-06-26 09:45,64,ok,15m bar数异常: 2026-06-22 count=15 (期望16)
001387,main_sz,64,2026-06-22 09:45,2026-06-25 15:00,64,ok,
001388,main_sz,64,2026-06-22 09:45,2026-06-25 15:00,64,ok,
001389,main_sz,64,2026-06-22 09:45,2026-06-25 15:00,64,ok,
001390,main_sz,64,2026-06-22 09:45,2026-06-25 15:00,64,ok,
001391,main_sz,64,2026-06-22 09:45,2026-06-25 15:00,64,ok,
001393,main_sz,64,2026-06-22 09:45,2026-06-25 15:00,64,ok,
001395,main_sz,64,2026-06-22 09:45,2026-06-25 15:00,64,ok,
001396,main_sz,64,2026-06-22 09:45,2026-06-25 15:00,64,ok,
001400,main_sz,64,2026-06-22 09:45,2026-06-25 15:00,64,ok,
001696,main_sz,64,2026-06-22 09:45,2026-06-25 15:00,64,ok,
001872,main_sz,64,2026-06-22 09:45,2026-06-25 15:00,64,ok,
001896,main_sz,64,2026-06-22 09:45,2026-06-25 15:00,64,ok,
001914,main_sz,64,2026-06-22 09:45,2026-06-25 15:00,64,ok,
001965,main_sz,64,2026-06-22 09:45,2026-06-25 15:00,64,ok,
001979,main_sz,64,2026-06-22 09:45,2026-06-25 15:00,64,ok,
002001,main_sz,64,2026-06-22 10:00,2026-06-26 09:45,64,ok,15m bar数异常: 2026-06-22 count=15 (期望16)
002003,main_sz,64,2026-06-22 09:45,2026-06-25 15:00,64,ok,
002004,main_sz,64,2026-06-22 10:00,2026-06-26 09:45,64,ok,15m bar数异常: 2026-06-22 count=15 (期望16)
002005,main_sz,64,2026-06-22 09:45,2026-06-25 15:00,64,ok,
002006,main_sz,64,2026-06-22 10:00,2026-06-26 09:45,64,ok,15m bar数异常: 2026-06-22 count=15 (期望16)
002007,main_sz,64,2026-06-22 09:45,2026-06-25 15:00,64,ok,
002008,main_sz,64,2026-06-22 10:00,2026-06-26 09:45,64,ok,15m bar数异常: 2026-06-22 count=15 (期望16)
002009,main_sz,64,2026-06-22 09:45,2026-06-25 15:00,64,ok,
002010,main_sz,64,2026-06-22 10:00,2026-06-26 09:45,64,ok,15m bar数异常: 2026-06-22 count=15 (期望16)
002011,main_sz,64,2026-06-22 10:00,2026-06-26 09:45,64,ok,15m bar数异常: 2026-06-22 count=15 (期望16)
002012,main_sz,64,2026-06-22 10:00,2026-06-26 09:45,64,ok,15m bar数异常: 2026-06-22 count=15 (期望16)
002014,main_sz,64,2026-06-22 10:00,2026-06-26 09:45,64,ok,15m bar数异常: 2026-06-22 count=15 (期望16)
002015,main_sz,64,2026-06-22 09:45,2026-06-25 15:00,64,ok,
002016,main_sz,64,2026-06-22 09:45,2026-06-25 15:00,64,ok,
002017,main_sz,64,2026-06-22 09:45,2026-06-25 15:00,64,ok,
002019,main_sz,64,2026-06-22 09:45,2026-06-25 15:00,64,ok,
002020,main_sz,64,2026-06-22 09:45,2026-06-25 15:00,64,ok,
002021,main_sz,64,2026-06-22 09:45,2026-06-25 15:00,64,ok,
002022,main_sz,64,2026-06-22 09:45,2026-06-25 15:00,64,ok,
002023,main_sz,64,2026-06-22 09:45,2026-06-25 15:00,64,ok,
002024,main_sz,64,2026-06-22 09:45,2026-06-25 15:00,64,ok,
002025,main_sz,64,2026-06-22 09:45,2026-06-25 15:00,64,ok,
002026,main_sz,64,2026-06-22 09:45,2026-06-25 15:00,64,ok,
002027,main_sz,64,2026-06-22 09:45,2026-06-25 15:00,64,ok,
002028,main_sz,64,2026-06-22 09:45,2026-06-25 15:00,64,ok,
002029,main_sz,64,2026-06-22 10:00,2026-06-26 09:45,64,ok,15m bar数异常: 2026-06-22 count=15 (期望16)
002030,main_sz,64,2026-06-22 09:45,2026-06-25 15:00,64,ok,
002031,main_sz,64,2026-06-22 10:00,2026-06-26 09:45,64,ok,15m bar数异常: 2026-06-22 count=15 (期望16)
002032,main_sz,64,2026-06-22 09:45,2026-06-25 15:00,64,ok,
002033,main_sz,64,2026-06-22 09:45,2026-06-25 15:00,64,ok,
002034,main_sz,64,2026-06-22 10:00,2026-06-26 09:45,64,ok,15m bar数异常: 2026-06-22 count=15 (期望16)
002035,main_sz,64,2026-06-22 09:45,2026-06-25 15:00,64,ok,
002036,main_sz,64,2026-06-22 10:00,2026-06-26 09:45,64,ok,15m bar数异常: 2026-06-22 count=15 (期望16)
002037,main_sz,64,2026-06-22 10:00,2026-06-26 09:45,64,ok,15m bar数异常: 2026-06-22 count=15 (期望16)
002038,main_sz,64,2026-06-22 09:45,2026-06-25 15:00,64,ok,
002039,main_sz,64,2026-06-22 10:00,2026-06-26 09:45,64,ok,15m bar数异常: 2026-06-22 count=15 (期望16)
002040,main_sz,64,2026-06-22 09:45,2026-06-25 15:00,64,ok,
002041,main_sz,64,2026-06-22 10:00,2026-06-26 09:45,64,ok,15m bar数异常: 2026-06-22 count=15 (期望16)
002042,main_sz,64,2026-06-22 10:00,2026-06-26 09:45,64,ok,15m bar数异常: 2026-06-22 count=15 (期望16)
002043,main_sz,64,2026-06-22 09:45,2026-06-25 15:00,64,ok,
002044,main_sz,64,2026-06-22 10:00,2026-06-26 09:45,64,ok,15m bar数异常: 2026-06-22 count=15 (期望16)
002045,main_sz,64,2026-06-22 10:00,2026-06-26 09:45,64,ok,15m bar数异常: 2026-06-22 count=15 (期望16)
002046,main_sz,64,2026-06-22 09:45,2026-06-25 15:00,64,ok,
002047,main_sz,64,2026-06-22 09:45,2026-06-25 15:00,64,ok,
002048,main_sz,64,2026-06-22 09:45,2026-06-25 15:00,64,ok,
002049,main_sz,64,2026-06-22 09:45,2026-06-25 15:00,64,ok,
002050,main_sz,64,2026-06-22 09:45,2026-06-25 15:00,64,ok,
002051,main_sz,64,2026-06-22 09:45,2026-06-25 15:00,64,ok,
002052,main_sz,64,2026-06-22 09:45,2026-06-25 15:00,64,ok,
002053,main_sz,64,2026-06-22 09:45,2026-06-25 15:00,64,ok,
002054,main_sz,64,2026-06-22 10:00,2026-06-26 09:45,64,ok,15m bar数异常: 2026-06-22 count=15 (期望16)
002055,main_sz,64,2026-06-22 10:00,2026-06-26 09:45,64,ok,15m bar数异常: 2026-06-22 count=15 (期望16)
002056,main_sz,64,2026-06-22 10:00,2026-06-26 09:45,64,ok,15m bar数异常: 2026-06-22 count=15 (期望16)
002057,main_sz,64,2026-06-22 09:45,2026-06-25 15:00,64,ok,
002058,main_sz,64,2026-06-22 09:45,2026-06-25 15:00,64,ok,
002059,main_sz,64,2026-06-22 09:45,2026-06-25 15:00,64,ok,
002060,main_sz,64,2026-06-22 09:45,2026-06-25 15:00,64,ok,
002061,main_sz,64,2026-06-22 09:45,2026-06-25 15:00,64,ok,
002062,main_sz,64,2026-06-22 09:45,2026-06-25 15:00,64,ok,
002063,main_sz,64,2026-06-22 09:45,2026-06-25 15:00,64,ok,
002064,main_sz,64,2026-06-22 09:45,2026-06-25 15:00,64,ok,
002065,main_sz,64,2026-06-22 10:00,2026-06-26 09:45,64,ok,15m bar数异常: 2026-06-22 count=15 (期望16)
002066,main_sz,64,2026-06-22 10:00,2026-06-26 09:45,64,ok,15m bar数异常: 2026-06-22 count=15 (期望16)
002067,main_sz,64,2026-06-22 09:45,2026-06-25 15:00,64,ok,
002068,main_sz,64,2026-06-22 09:45,2026-06-25 15:00,64,ok,
002069,main_sz,64,2026-06-22 10:00,2026-06-26 09:45,64,ok,15m bar数异常: 2026-06-22 count=15 (期望16)
002072,main_sz,64,2026-06-22 09:45,2026-06-25 15:00,64,ok,
002073,main_sz,64,2026-06-22 10:00,2026-06-26 09:45,64,ok,15m bar数异常: 2026-06-22 count=15 (期望16)
002074,main_sz,64,2026-06-22 10:00,2026-06-26 09:45,64,ok,15m bar数异常: 2026-06-22 count=15 (期望16)
002075,main_sz,64,2026-06-22 09:45,2026-06-25 15:00,64,ok,
002076,main_sz,64,2026-06-22 10:00,2026-06-26 09:45,64,ok,15m bar数异常: 2026-06-22 count=15 (期望16)
002077,main_sz,64,2026-06-22 10:00,2026-06-26 09:45,64,ok,15m bar数异常: 2026-06-22 count=15 (期望16)
002078,main_sz,64,2026-06-22 09:45,2026-06-25 15:00,64,ok,
002079,main_sz,64,2026-06-22 09:45,2026-06-25 15:00,64,ok,
002080,main_sz,64,2026-06-22 09:45,2026-06-25 15:00,64,ok,
002081,main_sz,64,2026-06-22 09:45,2026-06-25 15:00,64,ok,
002082,main_sz,64,2026-06-22 10:00,2026-06-26 09:45,64,ok,15m bar数异常: 2026-06-22 count=15 (期望16)
002083,main_sz,64,2026-06-22 10:00,2026-06-26 09:45,64,ok,15m bar数异常: 2026-06-22 count=15 (期望16)
002084,main_sz,64,2026-06-22 10:00,2026-06-26 09:45,64,ok,15m bar数异常: 2026-06-22 count=15 (期望16)
002085,main_sz,64,2026-06-22 10:00,2026-06-26 09:45,64,ok,15m bar数异常: 2026-06-22 count=15 (期望16)
002086,main_sz,64,2026-06-22 10:00,2026-06-26 09:45,64,ok,15m bar数异常: 2026-06-22 count=15 (期望16)
002088,main_sz,64,2026-06-22 10:00,2026-06-26 09:45,64,ok,15m bar数异常: 2026-06-22 count=15 (期望16)
002090,main_sz,64,2026-06-22 10:00,2026-06-26 09:45,64,ok,15m bar数异常: 2026-06-22 count=15 (期望16)
002091,main_sz,64,2026-06-22 10:00,2026-06-26 09:45,64,ok,15m bar数异常: 2026-06-22 count=15 (期望16)
002092,main_sz,64,2026-06-22 09:45,2026-06-25 15:00,64,ok,
002093,main_sz,64,2026-06-22 09:45,2026-06-25 15:00,64,ok,
002094,main_sz,64,2026-06-22 09:45,2026-06-25 15:00,64,ok,
002095,main_sz,64,2026-06-22 09:45,2026-06-25 15:00,64,ok,
002096,main_sz,64,2026-06-22 09:45,2026-06-25 15:00,64,ok,
002097,main_sz,64,2026-06-22 09:45,2026-06-25 15:00,64,ok,
002098,main_sz,64,2026-06-22 09:45,2026-06-25 15:00,64,ok,
002099,main_sz,64,2026-06-22 09:45,2026-06-25 15:00,64,ok,
002100,main_sz,64,2026-06-22 09:45,2026-06-25 15:00,64,ok,
002101,main_sz,64,2026-06-22 09:45,2026-06-25 15:00,64,ok,
002102,main_sz,64,2026-06-22 09:45,2026-06-25 15:00,64,ok,
002103,main_sz,64,2026-06-22 09:45,2026-06-25 15:00,64,ok,
002104,main_sz,64,2026-06-22 09:45,2026-06-25 15:00,64,ok,
002105,main_sz,64,2026-06-22 09:45,2026-06-25 15:00,64,ok,
002106,main_sz,64,2026-06-22 09:45,2026-06-25 15:00,64,ok,
002107,main_sz,64,2026-06-22 09:45,2026-06-25 15:00,64,ok,
002108,main_sz,64,2026-06-22 10:00,2026-06-26 09:45,64,ok,15m bar数异常: 2026-06-22 count=15 (期望16)
002109,main_sz,64,2026-06-22 10:00,2026-06-26 09:45,64,ok,15m bar数异常: 2026-06-22 count=15 (期望16)
002110,main_sz,64,2026-06-22 09:45,2026-06-25 15:00,64,ok,
002111,main_sz,64,2026-06-22 09:45,2026-06-25 15:00,64,ok,
002112,main_sz,64,2026-06-22 10:00,2026-06-26 09:45,64,ok,15m bar数异常: 2026-06-22 count=15 (期望16)
002114,main_sz,64,2026-06-22 10:00,2026-06-26 09:45,64,ok,15m bar数异常: 2026-06-22 count=15 (期望16)
002115,main_sz,64,2026-06-22 10:00,2026-06-26 09:45,64,ok,15m bar数异常: 2026-06-22 count=15 (期望16)
002116,main_sz,64,2026-06-22 10:00,2026-06-26 09:45,64,ok,15m bar数异常: 2026-06-22 count=15 (期望16)
002117,main_sz,64,2026-06-22 10:00,2026-06-26 09:45,64,ok,15m bar数异常: 2026-06-22 count=15 (期望16)
002119,main_sz,64,2026-06-22 10:00,2026-06-26 09:45,64,ok,15m bar数异常: 2026-06-22 count=15 (期望16)
002120,main_sz,64,2026-06-22 09:45,2026-06-25 15:00,64,ok,
002121,main_sz,64,2026-06-22 09:45,2026-06-25 15:00,64,ok,
002122,main_sz,64,2026-06-22 09:45,2026-06-25 15:00,64,ok,
002123,main_sz,64,2026-06-22 09:45,2026-06-25 15:00,64,ok,
002124,main_sz,64,2026-06-22 09:45,2026-06-25 15:00,64,ok,
002125,main_sz,64,2026-06-22 09:45,2026-06-25 15:00,64,ok,
002126,main_sz,64,2026-06-22 09:45,2026-06-25 15:00,64,ok,
002127,main_sz,64,2026-06-22 09:45,2026-06-25 15:00,64,ok,
002128,main_sz,64,2026-06-22 09:45,2026-06-25 15:00,64,ok,
002129,main_sz,64,2026-06-22 09:45,2026-06-25 15:00,64,ok,
002130,main_sz,64,2026-06-22 09:45,2026-06-25 15:00,64,ok,
002131,main_sz,64,2026-06-22 09:45,2026-06-25 15:00,64,ok,
002132,main_sz,64,2026-06-22 09:45,2026-06-25 15:00,64,ok,
002133,main_sz,64,2026-06-22 09:45,2026-06-25 15:00,64,ok,
002134,main_sz,64,2026-06-22 09:45,2026-06-25 15:00,64,ok,
002135,main_sz,64,2026-06-22 10:00,2026-06-26 09:45,64,ok,15m bar数异常: 2026-06-22 count=15 (期望16)
002136,main_sz,64,2026-06-22 10:00,2026-06-26 09:45,64,ok,15m bar数异常: 2026-06-22 count=15 (期望16)
002137,main_sz,64,2026-06-22 09:45,2026-06-25 15:00,64,ok,
002138,main_sz,64,2026-06-22 09:45,2026-06-25 15:00,64,ok,
002139,main_sz,64,2026-06-22 09:45,2026-06-25 15:00,64,ok,
002140,main_sz,64,2026-06-22 09:45,2026-06-25 15:00,64,ok,
002141,main_sz,64,2026-06-22 10:00,2026-06-26 09:45,64,ok,15m bar数异常: 2026-06-22 count=15 (期望16)
002142,main_sz,64,2026-06-22 10:00,2026-06-26 09:45,64,ok,15m bar数异常: 2026-06-22 count=15 (期望16)
002144,main_sz,64,2026-06-22 09:45,2026-06-25 15:00,64,ok,
002145,main_sz,64,2026-06-22 09:45,2026-06-25 15:00,64,ok,
002146,main_sz,64,2026-06-22 09:45,2026-06-25 15:00,64,ok,
002148,main_sz,64,2026-06-22 09:45,2026-06-25 15:00,64,ok,
002149,main_sz,64,2026-06-22 10:00,2026-06-26 09:45,64,ok,15m bar数异常: 2026-06-22 count=15 (期望16)
002150,main_sz,64,2026-06-22 09:45,2026-06-25 15:00,64,ok,
002151,main_sz,64,2026-06-22 10:00,2026-06-26 09:45,64,ok,15m bar数异常: 2026-06-22 count=15 (期望16)
002152,main_sz,64,2026-06-22 10:00,2026-06-26 09:45,64,ok,15m bar数异常: 2026-06-22 count=15 (期望16)
002153,main_sz,64,2026-06-22 09:45,2026-06-25 15:00,64,ok,
002154,main_sz,64,2026-06-22 10:00,2026-06-26 09:45,64,ok,15m bar数异常: 2026-06-22 count=15 (期望16)
002155,main_sz,64,2026-06-22 09:45,2026-06-25 15:00,64,ok,
002156,main_sz,64,2026-06-22 09:45,2026-06-25 15:00,64,ok,
002157,main_sz,64,2026-06-22 09:45,2026-06-25 15:00,64,ok,
002158,main_sz,64,2026-06-22 09:45,2026-06-25 15:00,64,ok,
002159,main_sz,64,2026-06-22 09:45,2026-06-25 15:00,64,ok,
002160,main_sz,64,2026-06-22 09:45,2026-06-25 15:00,64,ok,
002161,main_sz,64,2026-06-22 09:45,2026-06-25 15:00,64,ok,
002162,main_sz,64,2026-06-22 09:45,2026-06-25 15:00,64,ok,
002163,main_sz,64,2026-06-22 09:45,2026-06-25 15:00,64,ok,
002164,main_sz,64,2026-06-22 09:45,2026-06-25 15:00,64,ok,
002165,main_sz,64,2026-06-22 10:00,2026-06-26 09:45,64,ok,15m bar数异常: 2026-06-22 count=15 (期望16)
002166,main_sz,64,2026-06-22 10:00,2026-06-26 09:45,64,ok,15m bar数异常: 2026-06-22 count=15 (期望16)
002167,main_sz,64,2026-06-22 09:45,2026-06-25 15:00,64,ok,
002168,main_sz,64,2026-06-22 10:00,2026-06-26 09:45,64,ok,15m bar数异常: 2026-06-22 count=15 (期望16)
002169,main_sz,64,2026-06-22 09:45,2026-06-25 15:00,64,ok,
002170,main_sz,64,2026-06-22 09:45,2026-06-25 15:00,64,ok,
002171,main_sz,64,2026-06-22 09:45,2026-06-25 15:00,64,ok,
002172,main_sz,64,2026-06-22 10:00,2026-06-26 09:45,64,ok,15m bar数异常: 2026-06-22 count=15 (期望16)
002173,main_sz,64,2026-06-22 09:45,2026-06-25 15:00,64,ok,
002174,main_sz,64,2026-06-22 09:45,2026-06-25 15:00,64,ok,
002175,main_sz,16,2026-06-22 09:45,2026-06-22 15:00,16,ok,尾部缺失 3 天: 2026-06-22 → 2026-06-26
002176,main_sz,64,2026-06-22 09:45,2026-06-25 15:00,64,ok,
002177,main_sz,64,2026-06-22 09:45,2026-06-25 15:00,64,ok,
002257,main_sz,0,,,0,no_data,无数据
002178,main_sz,64,2026-06-22 10:00,2026-06-26 09:45,64,ok,15m bar数异常: 2026-06-22 count=15 (期望16)
002179,main_sz,64,2026-06-22 09:45,2026-06-25 15:00,64,ok,
002180,main_sz,64,2026-06-22 10:00,2026-06-26 09:45,64,ok,15m bar数异常: 2026-06-22 count=15 (期望16)
002181,main_sz,64,2026-06-22 09:45,2026-06-25 15:00,64,ok,
002182,main_sz,64,2026-06-22 10:00,2026-06-26 09:45,64,ok,15m bar数异常: 2026-06-22 count=15 (期望16)
002183,main_sz,64,2026-06-22 09:45,2026-06-25 15:00,64,ok,
002184,main_sz,64,2026-06-22 09:45,2026-06-25 15:00,64,ok,
002185,main_sz,64,2026-06-22 09:45,2026-06-25 15:00,64,ok,
002186,main_sz,64,2026-06-22 09:45,2026-06-25 15:00,64,ok,
002187,main_sz,64,2026-06-22 09:45,2026-06-25 15:00,64,ok,
002188,main_sz,64,2026-06-22 10:00,2026-06-26 09:45,64,ok,15m bar数异常: 2026-06-22 count=15 (期望16)
002189,main_sz,64,2026-06-22 10:00,2026-06-26 09:45,64,ok,15m bar数异常: 2026-06-22 count=15 (期望16)
002190,main_sz,64,2026-06-22 10:00,2026-06-26 09:45,64,ok,15m bar数异常: 2026-06-22 count=15 (期望16)
002191,main_sz,64,2026-06-22 10:00,2026-06-26 09:45,64,ok,15m bar数异常: 2026-06-22 count=15 (期望16)
002192,main_sz,64,2026-06-22 10:00,2026-06-26 09:45,64,ok,15m bar数异常: 2026-06-22 count=15 (期望16)
002193,main_sz,64,2026-06-22 10:00,2026-06-26 09:45,64,ok,15m bar数异常: 2026-06-22 count=15 (期望16)
002194,main_sz,64,2026-06-22 10:00,2026-06-26 09:45,64,ok,15m bar数异常: 2026-06-22 count=15 (期望16)
002195,main_sz,64,2026-06-22 10:00,2026-06-26 09:45,64,ok,15m bar数异常: 2026-06-22 count=15 (期望16)
002196,main_sz,64,2026-06-22 09:45,2026-06-25 15:00,64,ok,
002197,main_sz,64,2026-06-22 09:45,2026-06-25 15:00,64,ok,
002198,main_sz,64,2026-06-22 09:45,2026-06-25 15:00,64,ok,
002199,main_sz,64,2026-06-22 09:45,2026-06-25 15:00,64,ok,
002200,main_sz,64,2026-06-22 09:45,2026-06-25 15:00,64,ok,
002201,main_sz,64,2026-06-22 09:45,2026-06-25 15:00,64,ok,
002202,main_sz,64,2026-06-22 09:45,2026-06-25 15:00,64,ok,
002203,main_sz,64,2026-06-22 09:45,2026-06-25 15:00,64,ok,
002204,main_sz,64,2026-06-22 09:45,2026-06-25 15:00,64,ok,
002205,main_sz,64,2026-06-22 09:45,2026-06-25 15:00,64,ok,
002206,main_sz,64,2026-06-22 09:45,2026-06-25 15:00,64,ok,
002207,main_sz,64,2026-06-22 09:45,2026-06-25 15:00,64,ok,
002208,main_sz,64,2026-06-22 09:45,2026-06-25 15:00,64,ok,
002209,main_sz,64,2026-06-22 09:45,2026-06-25 15:00,64,ok,
002210,main_sz,64,2026-06-22 09:45,2026-06-25 15:00,64,ok,
002211,main_sz,64,2026-06-22 09:45,2026-06-25 15:00,64,ok,
002212,main_sz,64,2026-06-22 10:00,2026-06-26 09:45,64,ok,15m bar数异常: 2026-06-22 count=15 (期望16)
002213,main_sz,64,2026-06-22 09:45,2026-06-25 15:00,64,ok,
002214,main_sz,64,2026-06-22 10:00,2026-06-26 09:45,64,ok,15m bar数异常: 2026-06-22 count=15 (期望16)
002215,main_sz,64,2026-06-22 10:00,2026-06-26 09:45,64,ok,15m bar数异常: 2026-06-22 count=15 (期望16)
002216,main_sz,64,2026-06-22 09:45,2026-06-25 15:00,64,ok,
002217,main_sz,48,2026-06-23 09:45,2026-06-25 15:00,48,ok,
002218,main_sz,64,2026-06-22 10:00,2026-06-26 09:45,64,ok,15m bar数异常: 2026-06-22 count=15 (期望16)
002219,main_sz,64,2026-06-22 10:00,2026-06-26 09:45,64,ok,15m bar数异常: 2026-06-22 count=15 (期望16)
002221,main_sz,64,2026-06-22 10:00,2026-06-26 09:45,64,ok,15m bar数异常: 2026-06-22 count=15 (期望16)
002222,main_sz,64,2026-06-22 09:45,2026-06-25 15:00,64,ok,
002223,main_sz,64,2026-06-22 10:00,2026-06-26 09:45,64,ok,15m bar数异常: 2026-06-22 count=15 (期望16)
002224,main_sz,64,2026-06-22 10:00,2026-06-26 09:45,64,ok,15m bar数异常: 2026-06-22 count=15 (期望16)
002225,main_sz,64,2026-06-22 09:45,2026-06-25 15:00,64,ok,
002226,main_sz,64,2026-06-22 09:45,2026-06-25 15:00,64,ok,
002227,main_sz,64,2026-06-22 09:45,2026-06-25 15:00,64,ok,
002228,main_sz,64,2026-06-22 09:45,2026-06-25 15:00,64,ok,
002229,main_sz,64,2026-06-22 09:45,2026-06-25 15:00,64,ok,
002230,main_sz,64,2026-06-22 09:45,2026-06-25 15:00,64,ok,
002232,main_sz,64,2026-06-22 09:45,2026-06-25 15:00,64,ok,
002233,main_sz,64,2026-06-22 09:45,2026-06-25 15:00,64,ok,
002234,main_sz,64,2026-06-22 09:45,2026-06-25 15:00,64,ok,
002235,main_sz,64,2026-06-22 09:45,2026-06-25 15:00,64,ok,
002236,main_sz,64,2026-06-22 09:45,2026-06-25 15:00,64,ok,
002237,main_sz,64,2026-06-22 09:45,2026-06-25 15:00,64,ok,
002238,main_sz,64,2026-06-22 09:45,2026-06-25 15:00,64,ok,
002239,main_sz,64,2026-06-22 09:45,2026-06-25 15:00,64,ok,
002240,main_sz,64,2026-06-22 10:00,2026-06-26 09:45,64,ok,15m bar数异常: 2026-06-22 count=15 (期望16)
002241,main_sz,64,2026-06-22 09:45,2026-06-25 15:00,64,ok,
002242,main_sz,64,2026-06-22 10:00,2026-06-26 09:45,64,ok,15m bar数异常: 2026-06-22 count=15 (期望16)
002243,main_sz,64,2026-06-22 09:45,2026-06-25 15:00,64,ok,
002244,main_sz,64,2026-06-22 10:00,2026-06-26 09:45,64,ok,15m bar数异常: 2026-06-22 count=15 (期望16)
002245,main_sz,64,2026-06-22 10:00,2026-06-26 09:45,64,ok,15m bar数异常: 2026-06-22 count=15 (期望16)
002246,main_sz,64,2026-06-22 09:45,2026-06-25 15:00,64,ok,
002247,main_sz,64,2026-06-22 09:45,2026-06-25 15:00,64,ok,
002248,main_sz,64,2026-06-22 10:00,2026-06-26 09:45,64,ok,15m bar数异常: 2026-06-22 count=15 (期望16)
002249,main_sz,64,2026-06-22 10:00,2026-06-26 09:45,64,ok,15m bar数异常: 2026-06-22 count=15 (期望16)
002250,main_sz,64,2026-06-22 09:45,2026-06-25 15:00,64,ok,
002251,main_sz,64,2026-06-22 09:45,2026-06-25 15:00,64,ok,
002252,main_sz,64,2026-06-22 09:45,2026-06-25 15:00,64,ok,
002253,main_sz,48,2026-06-22 09:45,2026-06-24 15:00,48,ok,尾部缺失 1 天: 2026-06-24 → 2026-06-26
002254,main_sz,64,2026-06-22 10:00,2026-06-26 09:45,64,ok,15m bar数异常: 2026-06-22 count=15 (期望16)
002255,main_sz,64,2026-06-22 10:00,2026-06-26 09:45,64,ok,15m bar数异常: 2026-06-22 count=15 (期望16)
002256,main_sz,64,2026-06-22 09:45,2026-06-25 15:00,64,ok,
002258,main_sz,64,2026-06-22 10:00,2026-06-26 09:45,64,ok,15m bar数异常: 2026-06-22 count=15 (期望16)
002259,main_sz,64,2026-06-22 09:45,2026-06-25 15:00,64,ok,
002261,main_sz,64,2026-06-22 09:45,2026-06-25 15:00,64,ok,
002262,main_sz,64,2026-06-22 09:45,2026-06-25 15:00,64,ok,
002263,main_sz,64,2026-06-22 10:00,2026-06-26 09:45,64,ok,15m bar数异常: 2026-06-22 count=15 (期望16)
002264,main_sz,64,2026-06-22 09:45,2026-06-25 15:00,64,ok,
002265,main_sz,64,2026-06-22 09:45,2026-06-25 15:00,64,ok,
002266,main_sz,64,2026-06-22 10:00,2026-06-26 09:45,64,ok,15m bar数异常: 2026-06-22 count=15 (期望16)
002267,main_sz,64,2026-06-22 09:45,2026-06-25 15:00,64,ok,
002268,main_sz,64,2026-06-22 09:45,2026-06-25 15:00,64,ok,
002269,main_sz,64,2026-06-22 09:45,2026-06-25 15:00,64,ok,
002270,main_sz,64,2026-06-22 09:45,2026-06-25 15:00,64,ok,
002271,main_sz,64,2026-06-22 10:00,2026-06-26 09:45,64,ok,15m bar数异常: 2026-06-22 count=15 (期望16)
002272,main_sz,64,2026-06-22 09:45,2026-06-25 15:00,64,ok,
002273,main_sz,64,2026-06-22 10:00,2026-06-26 09:45,64,ok,15m bar数异常: 2026-06-22 count=15 (期望16)
002274,main_sz,64,2026-06-22 09:45,2026-06-25 15:00,64,ok,
002275,main_sz,64,2026-06-22 10:00,2026-06-26 09:45,64,ok,15m bar数异常: 2026-06-22 count=15 (期望16)
002276,main_sz,64,2026-06-22 09:45,2026-06-25 15:00,64,ok,
002277,main_sz,64,2026-06-22 09:45,2026-06-25 15:00,64,ok,
002278,main_sz,64,2026-06-22 09:45,2026-06-25 15:00,64,ok,
002279,main_sz,64,2026-06-22 09:45,2026-06-25 15:00,64,ok,
002281,main_sz,64,2026-06-22 09:45,2026-06-25 15:00,64,ok,
002282,main_sz,64,2026-06-22 09:45,2026-06-25 15:00,64,ok,
002283,main_sz,64,2026-06-22 10:00,2026-06-26 09:45,64,ok,15m bar数异常: 2026-06-22 count=15 (期望16)
002284,main_sz,64,2026-06-22 09:45,2026-06-25 15:00,64,ok,
002285,main_sz,64,2026-06-22 09:45,2026-06-25 15:00,64,ok,
002286,main_sz,64,2026-06-22 09:45,2026-06-25 15:00,64,ok,
002287,main_sz,64,2026-06-22 09:45,2026-06-25 15:00,64,ok,
002289,main_sz,48,2026-06-22 09:45,2026-06-24 15:00,48,ok,尾部缺失 1 天: 2026-06-24 → 2026-06-26
002290,main_sz,64,2026-06-22 09:45,2026-06-25 15:00,64,ok,
002291,main_sz,64,2026-06-22 09:45,2026-06-25 15:00,64,ok,
002292,main_sz,64,2026-06-22 09:45,2026-06-25 15:00,64,ok,
002293,main_sz,64,2026-06-22 10:00,2026-06-26 09:45,64,ok,15m bar数异常: 2026-06-22 count=15 (期望16)
002294,main_sz,64,2026-06-22 10:00,2026-06-26 09:45,64,ok,15m bar数异常: 2026-06-22 count=15 (期望16)
002295,main_sz,64,2026-06-22 10:00,2026-06-26 09:45,64,ok,15m bar数异常: 2026-06-22 count=15 (期望16)
002296,main_sz,64,2026-06-22 10:00,2026-06-26 09:45,64,ok,15m bar数异常: 2026-06-22 count=15 (期望16)
002297,main_sz,64,2026-06-22 10:00,2026-06-26 09:45,64,ok,15m bar数异常: 2026-06-22 count=15 (期望16)
002298,main_sz,64,2026-06-22 10:00,2026-06-26 09:45,64,ok,15m bar数异常: 2026-06-22 count=15 (期望16)
002299,main_sz,64,2026-06-22 10:00,2026-06-26 09:45,64,ok,15m bar数异常: 2026-06-22 count=15 (期望16)
002300,main_sz,64,2026-06-22 10:00,2026-06-26 09:45,64,ok,15m bar数异常: 2026-06-22 count=15 (期望16)
002301,main_sz,64,2026-06-22 09:45,2026-06-25 15:00,64,ok,
002302,main_sz,64,2026-06-22 09:45,2026-06-25 15:00,64,ok,
002303,main_sz,64,2026-06-22 09:45,2026-06-25 15:00,64,ok,
002304,main_sz,64,2026-06-22 09:45,2026-06-25 15:00,64,ok,
002305,main_sz,64,2026-06-22 09:45,2026-06-25 15:00,64,ok,
002306,main_sz,64,2026-06-22 09:45,2026-06-25 15:00,64,ok,
002307,main_sz,64,2026-06-22 09:45,2026-06-25 15:00,64,ok,
002309,main_sz,64,2026-06-22 09:45,2026-06-25 15:00,64,ok,
002310,main_sz,64,2026-06-22 09:45,2026-06-25 15:00,64,ok,
002311,main_sz,64,2026-06-22 09:45,2026-06-25 15:00,64,ok,
002312,main_sz,64,2026-06-22 09:45,2026-06-25 15:00,64,ok,
002313,main_sz,64,2026-06-22 09:45,2026-06-25 15:00,64,ok,
002314,main_sz,64,2026-06-22 09:45,2026-06-25 15:00,64,ok,
002315,main_sz,64,2026-06-22 09:45,2026-06-25 15:00,64,ok,
002316,main_sz,64,2026-06-22 09:45,2026-06-25 15:00,64,ok,
002317,main_sz,64,2026-06-22 09:45,2026-06-25 15:00,64,ok,
002318,main_sz,64,2026-06-22 10:00,2026-06-26 09:45,64,ok,15m bar数异常: 2026-06-22 count=15 (期望16)
002319,main_sz,64,2026-06-22 09:45,2026-06-25 15:00,64,ok,
002320,main_sz,64,2026-06-22 09:45,2026-06-25 15:00,64,ok,
002321,main_sz,64,2026-06-22 10:00,2026-06-26 09:45,64,ok,15m bar数异常: 2026-06-22 count=15 (期望16)
002322,main_sz,64,2026-06-22 09:45,2026-06-25 15:00,64,ok,
002323,main_sz,64,2026-06-22 09:45,2026-06-25 15:00,64,ok,
002324,main_sz,64,2026-06-22 10:00,2026-06-26 09:45,64,ok,15m bar数异常: 2026-06-22 count=15 (期望16)
002326,main_sz,64,2026-06-22 10:00,2026-06-26 09:45,64,ok,15m bar数异常: 2026-06-22 count=15 (期望16)
002327,main_sz,64,2026-06-22 10:00,2026-06-26 09:45,64,ok,15m bar数异常: 2026-06-22 count=15 (期望16)
002328,main_sz,64,2026-06-22 10:00,2026-06-26 09:45,64,ok,15m bar数异常: 2026-06-22 count=15 (期望16)
002329,main_sz,64,2026-06-22 10:00,2026-06-26 09:45,64,ok,15m bar数异常: 2026-06-22 count=15 (期望16)
002330,main_sz,64,2026-06-22 10:00,2026-06-26 09:45,64,ok,15m bar数异常: 2026-06-22 count=15 (期望16)
002331,main_sz,64,2026-06-22 09:45,2026-06-25 15:00,64,ok,
002332,main_sz,64,2026-06-22 09:45,2026-06-25 15:00,64,ok,
002333,main_sz,64,2026-06-22 09:45,2026-06-25 15:00,64,ok,
002334,main_sz,64,2026-06-22 09:45,2026-06-25 15:00,64,ok,
002335,main_sz,64,2026-06-22 09:45,2026-06-25 15:00,64,ok,
002337,main_sz,64,2026-06-22 09:45,2026-06-25 15:00,64,ok,
002338,main_sz,64,2026-06-22 09:45,2026-06-25 15:00,64,ok,
002339,main_sz,64,2026-06-22 09:45,2026-06-25 15:00,64,ok,
002340,main_sz,64,2026-06-22 09:45,2026-06-25 15:00,64,ok,
002342,main_sz,64,2026-06-22 09:45,2026-06-25 15:00,64,ok,
002343,main_sz,64,2026-06-22 09:45,2026-06-25 15:00,64,ok,
002344,main_sz,64,2026-06-22 09:45,2026-06-25 15:00,64,ok,
002345,main_sz,64,2026-06-22 09:45,2026-06-25 15:00,64,ok,
002346,main_sz,64,2026-06-22 09:45,2026-06-25 15:00,64,ok,
002347,main_sz,64,2026-06-22 09:45,2026-06-25 15:00,64,ok,
002348,main_sz,64,2026-06-22 09:45,2026-06-25 15:00,64,ok,
002349,main_sz,64,2026-06-22 09:45,2026-06-25 15:00,64,ok,
002350,main_sz,64,2026-06-22 09:45,2026-06-25 15:00,64,ok,
002351,main_sz,64,2026-06-22 10:00,2026-06-26 09:45,64,ok,15m bar数异常: 2026-06-22 count=15 (期望16)
002352,main_sz,64,2026-06-22 10:00,2026-06-26 09:45,64,ok,15m bar数异常: 2026-06-22 count=15 (期望16)
002353,main_sz,64,2026-06-22 10:00,2026-06-26 09:45,64,ok,15m bar数异常: 2026-06-22 count=15 (期望16)
002354,main_sz,64,2026-06-22 09:45,2026-06-25 15:00,64,ok,
002355,main_sz,64,2026-06-22 09:45,2026-06-25 15:00,64,ok,
002356,main_sz,64,2026-06-22 10:00,2026-06-26 09:45,64,ok,15m bar数异常: 2026-06-22 count=15 (期望16)
002357,main_sz,64,2026-06-22 10:00,2026-06-26 09:45,64,ok,15m bar数异常: 2026-06-22 count=15 (期望16)
002358,main_sz,64,2026-06-22 10:00,2026-06-26 09:45,64,ok,15m bar数异常: 2026-06-22 count=15 (期望16)
002360,main_sz,64,2026-06-22 09:45,2026-06-25 15:00,64,ok,
002361,main_sz,64,2026-06-22 10:00,2026-06-26 09:45,64,ok,15m bar数异常: 2026-06-22 count=15 (期望16)
002362,main_sz,64,2026-06-22 09:45,2026-06-25 15:00,64,ok,
002363,main_sz,64,2026-06-22 09:45,2026-06-25 15:00,64,ok,
002364,main_sz,64,2026-06-22 09:45,2026-06-25 15:00,64,ok,
002365,main_sz,64,2026-06-22 09:45,2026-06-25 15:00,64,ok,
002366,main_sz,64,2026-06-22 09:45,2026-06-25 15:00,64,ok,
002367,main_sz,64,2026-06-22 10:00,2026-06-26 09:45,64,ok,15m bar数异常: 2026-06-22 count=15 (期望16)
002368,main_sz,64,2026-06-22 09:45,2026-06-25 15:00,64,ok,
002369,main_sz,64,2026-06-22 09:45,2026-06-25 15:00,64,ok,
002370,main_sz,64,2026-06-22 09:45,2026-06-25 15:00,64,ok,
002371,main_sz,64,2026-06-22 09:45,2026-06-25 15:00,64,ok,
002372,main_sz,64,2026-06-22 09:45,2026-06-25 15:00,64,ok,
002373,main_sz,64,2026-06-22 09:45,2026-06-25 15:00,64,ok,
002374,main_sz,64,2026-06-22 09:45,2026-06-25 15:00,64,ok,
002375,main_sz,64,2026-06-22 09:45,2026-06-25 15:00,64,ok,
002376,main_sz,64,2026-06-22 09:45,2026-06-25 15:00,64,ok,
002377,main_sz,64,2026-06-22 10:00,2026-06-26 09:45,64,ok,15m bar数异常: 2026-06-22 count=15 (期望16)
002378,main_sz,64,2026-06-22 10:00,2026-06-26 09:45,64,ok,15m bar数异常: 2026-06-22 count=15 (期望16)
002379,main_sz,64,2026-06-22 10:00,2026-06-26 09:45,64,ok,15m bar数异常: 2026-06-22 count=15 (期望16)
002380,main_sz,64,2026-06-22 09:45,2026-06-25 15:00,64,ok,
002381,main_sz,64,2026-06-22 09:45,2026-06-25 15:00,64,ok,
002382,main_sz,64,2026-06-22 10:00,2026-06-26 09:45,64,ok,15m bar数异常: 2026-06-22 count=15 (期望16)
002383,main_sz,64,2026-06-22 10:00,2026-06-26 09:45,64,ok,15m bar数异常: 2026-06-22 count=15 (期望16)
002384,main_sz,64,2026-06-22 09:45,2026-06-25 15:00,64,ok,
002385,main_sz,64,2026-06-22 10:00,2026-06-26 09:45,64,ok,15m bar数异常: 2026-06-22 count=15 (期望16)
002386,main_sz,64,2026-06-22 10:00,2026-06-26 09:45,64,ok,15m bar数异常: 2026-06-22 count=15 (期望16)
002387,main_sz,64,2026-06-22 09:45,2026-06-25 15:00,64,ok,
002388,main_sz,64,2026-06-22 09:45,2026-06-25 15:00,64,ok,
002389,main_sz,64,2026-06-22 10:00,2026-06-26 09:45,64,ok,15m bar数异常: 2026-06-22 count=15 (期望16)
002390,main_sz,64,2026-06-22 09:45,2026-06-25 15:00,64,ok,
002391,main_sz,64,2026-06-22 10:00,2026-06-26 09:45,64,ok,15m bar数异常: 2026-06-22 count=15 (期望16)
002392,main_sz,64,2026-06-22 10:00,2026-06-26 09:45,64,ok,15m bar数异常: 2026-06-22 count=15 (期望16)
002393,main_sz,64,2026-06-22 09:45,2026-06-25 15:00,64,ok,
002394,main_sz,64,2026-06-22 09:45,2026-06-25 15:00,64,ok,
002395,main_sz,64,2026-06-22 09:45,2026-06-25 15:00,64,ok,
002396,main_sz,64,2026-06-22 09:45,2026-06-25 15:00,64,ok,
002397,main_sz,64,2026-06-22 09:45,2026-06-25 15:00,64,ok,
002398,main_sz,64,2026-06-22 10:00,2026-06-26 09:45,64,ok,15m bar数异常: 2026-06-22 count=15 (期望16)
002399,main_sz,64,2026-06-22 10:00,2026-06-26 09:45,64,ok,15m bar数异常: 2026-06-22 count=15 (期望16)
002400,main_sz,64,2026-06-22 10:00,2026-06-26 09:45,64,ok,15m bar数异常: 2026-06-22 count=15 (期望16)
002401,main_sz,64,2026-06-22 10:00,2026-06-26 09:45,64,ok,15m bar数异常: 2026-06-22 count=15 (期望16)
002402,main_sz,64,2026-06-22 10:00,2026-06-26 09:45,64,ok,15m bar数异常: 2026-06-22 count=15 (期望16)
002403,main_sz,64,2026-06-22 10:00,2026-06-26 09:45,64,ok,15m bar数异常: 2026-06-22 count=15 (期望16)
002404,main_sz,64,2026-06-22 10:00,2026-06-26 09:45,64,ok,15m bar数异常: 2026-06-22 count=15 (期望16)
002405,main_sz,64,2026-06-22 10:00,2026-06-26 09:45,64,ok,15m bar数异常: 2026-06-22 count=15 (期望16)
002406,main_sz,64,2026-06-22 09:45,2026-06-25 15:00,64,ok,
002407,main_sz,64,2026-06-22 09:45,2026-06-25 15:00,64,ok,
002408,main_sz,64,2026-06-22 09:45,2026-06-25 15:00,64,ok,
002409,main_sz,64,2026-06-22 09:45,2026-06-25 15:00,64,ok,
002410,main_sz,64,2026-06-22 09:45,2026-06-25 15:00,64,ok,
002412,main_sz,64,2026-06-22 09:45,2026-06-25 15:00,64,ok,
002413,main_sz,64,2026-06-22 09:45,2026-06-25 15:00,64,ok,
002414,main_sz,64,2026-06-22 09:45,2026-06-25 15:00,64,ok,
002415,main_sz,64,2026-06-22 09:45,2026-06-25 15:00,64,ok,
002416,main_sz,64,2026-06-22 09:45,2026-06-25 15:00,64,ok,
002418,main_sz,64,2026-06-22 09:45,2026-06-25 15:00,64,ok,
002419,main_sz,64,2026-06-22 09:45,2026-06-25 15:00,64,ok,
002420,main_sz,64,2026-06-22 09:45,2026-06-25 15:00,64,ok,
002421,main_sz,64,2026-06-22 09:45,2026-06-25 15:00,64,ok,
002422,main_sz,64,2026-06-22 09:45,2026-06-25 15:00,64,ok,
002423,main_sz,64,2026-06-22 09:45,2026-06-25 15:00,64,ok,
002424,main_sz,64,2026-06-22 09:45,2026-06-25 15:00,64,ok,
002425,main_sz,64,2026-06-22 10:00,2026-06-26 09:45,64,ok,15m bar数异常: 2026-06-22 count=15 (期望16)
002426,main_sz,64,2026-06-22 10:00,2026-06-26 09:45,64,ok,15m bar数异常: 2026-06-22 count=15 (期望16)
002427,main_sz,64,2026-06-22 09:45,2026-06-25 15:00,64,ok,
002428,main_sz,64,2026-06-22 09:45,2026-06-25 15:00,64,ok,
002429,main_sz,64,2026-06-22 10:00,2026-06-26 09:45,64,ok,15m bar数异常: 2026-06-22 count=15 (期望16)
002430,main_sz,64,2026-06-22 10:00,2026-06-26 09:45,64,ok,15m bar数异常: 2026-06-22 count=15 (期望16)
002431,main_sz,64,2026-06-22 09:45,2026-06-25 15:00,64,ok,
002432,main_sz,64,2026-06-22 10:00,2026-06-26 09:45,64,ok,15m bar数异常: 2026-06-22 count=15 (期望16)
002434,main_sz,64,2026-06-22 10:00,2026-06-26 09:45,64,ok,15m bar数异常: 2026-06-22 count=15 (期望16)
002436,main_sz,64,2026-06-22 10:00,2026-06-26 09:45,64,ok,15m bar数异常: 2026-06-22 count=15 (期望16)
002437,main_sz,64,2026-06-22 10:00,2026-06-26 09:45,64,ok,15m bar数异常: 2026-06-22 count=15 (期望16)
002438,main_sz,64,2026-06-22 09:45,2026-06-25 15:00,64,ok,
002439,main_sz,64,2026-06-22 09:45,2026-06-25 15:00,64,ok,
002440,main_sz,64,2026-06-22 09:45,2026-06-25 15:00,64,ok,
002441,main_sz,64,2026-06-22 09:45,2026-06-25 15:00,64,ok,
002442,main_sz,64,2026-06-22 09:45,2026-06-25 15:00,64,ok,
002443,main_sz,64,2026-06-22 09:45,2026-06-25 15:00,64,ok,
002444,main_sz,64,2026-06-22 09:45,2026-06-25 15:00,64,ok,
002445,main_sz,64,2026-06-22 09:45,2026-06-25 15:00,64,ok,
002446,main_sz,64,2026-06-22 09:45,2026-06-25 15:00,64,ok,
002448,main_sz,64,2026-06-22 09:45,2026-06-25 15:00,64,ok,
002449,main_sz,64,2026-06-22 09:45,2026-06-25 15:00,64,ok,
002451,main_sz,64,2026-06-22 09:45,2026-06-25 15:00,64,ok,
002452,main_sz,64,2026-06-22 09:45,2026-06-25 15:00,64,ok,
002453,main_sz,64,2026-06-22 09:45,2026-06-25 15:00,64,ok,
002454,main_sz,64,2026-06-22 10:00,2026-06-26 09:45,64,ok,15m bar数异常: 2026-06-22 count=15 (期望16)
002455,main_sz,64,2026-06-22 10:00,2026-06-26 09:45,64,ok,15m bar数异常: 2026-06-22 count=15 (期望16)
002456,main_sz,64,2026-06-22 09:45,2026-06-25 15:00,64,ok,
002457,main_sz,64,2026-06-22 09:45,2026-06-25 15:00,64,ok,
002458,main_sz,64,2026-06-22 10:00,2026-06-26 09:45,64,ok,15m bar数异常: 2026-06-22 count=15 (期望16)
002459,main_sz,64,2026-06-22 09:45,2026-06-25 15:00,64,ok,
002460,main_sz,64,2026-06-22 10:00,2026-06-26 09:45,64,ok,15m bar数异常: 2026-06-22 count=15 (期望16)
002461,main_sz,64,2026-06-22 09:45,2026-06-25 15:00,64,ok,
002462,main_sz,64,2026-06-22 10:00,2026-06-26 09:45,64,ok,15m bar数异常: 2026-06-22 count=15 (期望16)
002463,main_sz,64,2026-06-22 10:00,2026-06-26 09:45,64,ok,15m bar数异常: 2026-06-22 count=15 (期望16)
002465,main_sz,64,2026-06-22 09:45,2026-06-25 15:00,64,ok,
002466,main_sz,64,2026-06-22 10:00,2026-06-26 09:45,64,ok,15m bar数异常: 2026-06-22 count=15 (期望16)
002467,main_sz,64,2026-06-22 10:00,2026-06-26 09:45,64,ok,15m bar数异常: 2026-06-22 count=15 (期望16)
002468,main_sz,64,2026-06-22 10:00,2026-06-26 09:45,64,ok,15m bar数异常: 2026-06-22 count=15 (期望16)
002469,main_sz,64,2026-06-22 10:00,2026-06-26 09:45,64,ok,15m bar数异常: 2026-06-22 count=15 (期望16)
002470,main_sz,64,2026-06-22 10:00,2026-06-26 09:45,64,ok,15m bar数异常: 2026-06-22 count=15 (期望16)
002471,main_sz,64,2026-06-22 09:45,2026-06-25 15:00,64,ok,
002472,main_sz,64,2026-06-22 09:45,2026-06-25 15:00,64,ok,
002474,main_sz,64,2026-06-22 09:45,2026-06-25 15:00,64,ok,
002475,main_sz,64,2026-06-22 09:45,2026-06-25 15:00,64,ok,
002476,main_sz,64,2026-06-22 09:45,2026-06-25 15:00,64,ok,
002478,main_sz,64,2026-06-22 09:45,2026-06-25 15:00,64,ok,
002479,main_sz,64,2026-06-22 09:45,2026-06-25 15:00,64,ok,
002480,main_sz,64,2026-06-22 09:45,2026-06-25 15:00,64,ok,
002481,main_sz,64,2026-06-22 09:45,2026-06-25 15:00,64,ok,
002482,main_sz,64,2026-06-22 09:45,2026-06-25 15:00,64,ok,
002483,main_sz,64,2026-06-22 10:00,2026-06-26 09:45,64,ok,15m bar数异常: 2026-06-22 count=15 (期望16)
002484,main_sz,64,2026-06-22 09:45,2026-06-25 15:00,64,ok,
002485,main_sz,64,2026-06-22 09:45,2026-06-25 15:00,64,ok,
002486,main_sz,64,2026-06-22 09:45,2026-06-25 15:00,64,ok,
002487,main_sz,64,2026-06-22 09:45,2026-06-25 15:00,64,ok,
002488,main_sz,64,2026-06-22 09:45,2026-06-25 15:00,64,ok,
002489,main_sz,64,2026-06-22 09:45,2026-06-25 15:00,64,ok,
002490,main_sz,64,2026-06-22 09:45,2026-06-25 15:00,64,ok,
002491,main_sz,64,2026-06-22 10:00,2026-06-26 09:45,64,ok,15m bar数异常: 2026-06-22 count=15 (期望16)
002492,main_sz,64,2026-06-22 10:00,2026-06-26 09:45,64,ok,15m bar数异常: 2026-06-22 count=15 (期望16)
002493,main_sz,64,2026-06-22 09:45,2026-06-25 15:00,64,ok,
002494,main_sz,64,2026-06-22 10:00,2026-06-26 09:45,64,ok,15m bar数异常: 2026-06-22 count=15 (期望16)
002495,main_sz,64,2026-06-22 09:45,2026-06-25 15:00,64,ok,
002496,main_sz,64,2026-06-22 10:00,2026-06-26 09:45,64,ok,15m bar数异常: 2026-06-22 count=15 (期望16)
002525,main_sz,0,,,0,no_data,无数据
002497,main_sz,64,2026-06-22 10:00,2026-06-26 09:45,64,ok,15m bar数异常: 2026-06-22 count=15 (期望16)
002498,main_sz,64,2026-06-22 10:00,2026-06-26 09:45,64,ok,15m bar数异常: 2026-06-22 count=15 (期望16)
002500,main_sz,64,2026-06-22 09:45,2026-06-25 15:00,64,ok,
002501,main_sz,64,2026-06-22 09:45,2026-06-25 15:00,64,ok,
002506,main_sz,64,2026-06-22 09:45,2026-06-25 15:00,64,ok,
002507,main_sz,64,2026-06-22 09:45,2026-06-25 15:00,64,ok,
002508,main_sz,64,2026-06-22 09:45,2026-06-25 15:00,64,ok,
002510,main_sz,64,2026-06-22 09:45,2026-06-25 15:00,64,ok,
002511,main_sz,64,2026-06-22 09:45,2026-06-25 15:00,64,ok,
002512,main_sz,64,2026-06-22 09:45,2026-06-25 15:00,64,ok,
002513,main_sz,64,2026-06-22 10:00,2026-06-26 09:45,64,ok,15m bar数异常: 2026-06-22 count=15 (期望16)
002514,main_sz,64,2026-06-22 10:00,2026-06-26 09:45,64,ok,15m bar数异常: 2026-06-22 count=15 (期望16)
002515,main_sz,64,2026-06-22 10:00,2026-06-26 09:45,64,ok,15m bar数异常: 2026-06-22 count=15 (期望16)
002516,main_sz,64,2026-06-22 10:00,2026-06-26 09:45,64,ok,15m bar数异常: 2026-06-22 count=15 (期望16)
002517,main_sz,64,2026-06-22 10:00,2026-06-26 09:45,64,ok,15m bar数异常: 2026-06-22 count=15 (期望16)
002518,main_sz,64,2026-06-22 10:00,2026-06-26 09:45,64,ok,15m bar数异常: 2026-06-22 count=15 (期望16)
002519,main_sz,64,2026-06-22 10:00,2026-06-26 09:45,64,ok,15m bar数异常: 2026-06-22 count=15 (期望16)
002520,main_sz,64,2026-06-22 10:00,2026-06-26 09:45,64,ok,15m bar数异常: 2026-06-22 count=15 (期望16)
002521,main_sz,64,2026-06-22 09:45,2026-06-25 15:00,64,ok,
002522,main_sz,64,2026-06-22 09:45,2026-06-25 15:00,64,ok,
002523,main_sz,64,2026-06-22 09:45,2026-06-25 15:00,64,ok,
002524,main_sz,64,2026-06-22 09:45,2026-06-25 15:00,64,ok,
002526,main_sz,64,2026-06-22 09:45,2026-06-25 15:00,64,ok,
002527,main_sz,64,2026-06-22 09:45,2026-06-25 15:00,64,ok,
002528,main_sz,64,2026-06-22 09:45,2026-06-25 15:00,64,ok,
002529,main_sz,64,2026-06-22 09:45,2026-06-25 15:00,64,ok,
002530,main_sz,64,2026-06-22 09:45,2026-06-25 15:00,64,ok,
002531,main_sz,64,2026-06-22 09:45,2026-06-25 15:00,64,ok,
002532,main_sz,64,2026-06-22 09:45,2026-06-25 15:00,64,ok,
002533,main_sz,64,2026-06-22 09:45,2026-06-25 15:00,64,ok,
002534,main_sz,64,2026-06-22 09:45,2026-06-25 15:00,64,ok,
002535,main_sz,64,2026-06-22 09:45,2026-06-25 15:00,64,ok,
002536,main_sz,64,2026-06-22 09:45,2026-06-25 15:00,64,ok,
002537,main_sz,64,2026-06-22 10:00,2026-06-26 09:45,64,ok,15m bar数异常: 2026-06-22 count=15 (期望16)
002538,main_sz,64,2026-06-22 10:00,2026-06-26 09:45,64,ok,15m bar数异常: 2026-06-22 count=15 (期望16)
002539,main_sz,64,2026-06-22 09:45,2026-06-25 15:00,64,ok,
002540,main_sz,64,2026-06-22 10:00,2026-06-26 09:45,64,ok,15m bar数异常: 2026-06-22 count=15 (期望16)
002541,main_sz,64,2026-06-22 09:45,2026-06-25 15:00,64,ok,
002542,main_sz,64,2026-06-22 10:00,2026-06-26 09:45,64,ok,15m bar数异常: 2026-06-22 count=15 (期望16)
002543,main_sz,64,2026-06-22 09:45,2026-06-25 15:00,64,ok,
002544,main_sz,64,2026-06-22 10:00,2026-06-26 09:45,64,ok,15m bar数异常: 2026-06-22 count=15 (期望16)
002545,main_sz,64,2026-06-22 09:45,2026-06-25 15:00,64,ok,
002546,main_sz,64,2026-06-22 10:00,2026-06-26 09:45,64,ok,15m bar数异常: 2026-06-22 count=15 (期望16)
002547,main_sz,64,2026-06-22 10:00,2026-06-26 09:45,64,ok,15m bar数异常: 2026-06-22 count=15 (期望16)
002548,main_sz,64,2026-06-22 10:00,2026-06-26 09:45,64,ok,15m bar数异常: 2026-06-22 count=15 (期望16)
002549,main_sz,64,2026-06-22 09:45,2026-06-25 15:00,64,ok,
002550,main_sz,64,2026-06-22 09:45,2026-06-25 15:00,64,ok,
002551,main_sz,64,2026-06-22 09:45,2026-06-25 15:00,64,ok,
002552,main_sz,64,2026-06-22 09:45,2026-06-25 15:00,64,ok,
002553,main_sz,64,2026-06-22 09:45,2026-06-25 15:00,64,ok,
002554,main_sz,64,2026-06-22 09:45,2026-06-25 15:00,64,ok,
002555,main_sz,64,2026-06-22 09:45,2026-06-25 15:00,64,ok,
002556,main_sz,64,2026-06-22 09:45,2026-06-25 15:00,64,ok,
002557,main_sz,64,2026-06-22 09:45,2026-06-25 15:00,64,ok,
002558,main_sz,64,2026-06-22 09:45,2026-06-25 15:00,64,ok,
002559,main_sz,64,2026-06-22 09:45,2026-06-25 15:00,64,ok,
002560,main_sz,64,2026-06-22 09:45,2026-06-25 15:00,64,ok,
002561,main_sz,64,2026-06-22 09:45,2026-06-25 15:00,64,ok,
002562,main_sz,64,2026-06-22 09:45,2026-06-25 15:00,64,ok,
002563,main_sz,64,2026-06-22 10:00,2026-06-26 09:45,64,ok,15m bar数异常: 2026-06-22 count=15 (期望16)
002564,main_sz,64,2026-06-22 10:00,2026-06-26 09:45,64,ok,15m bar数异常: 2026-06-22 count=15 (期望16)
002565,main_sz,64,2026-06-22 10:00,2026-06-26 09:45,64,ok,15m bar数异常: 2026-06-22 count=15 (期望16)
002566,main_sz,64,2026-06-22 09:45,2026-06-25 15:00,64,ok,
002567,main_sz,64,2026-06-22 10:00,2026-06-26 09:45,64,ok,15m bar数异常: 2026-06-22 count=15 (期望16)
002568,main_sz,64,2026-06-22 09:45,2026-06-25 15:00,64,ok,
002569,main_sz,64,2026-06-22 10:00,2026-06-26 09:45,64,ok,15m bar数异常: 2026-06-22 count=15 (期望16)
002570,main_sz,64,2026-06-22 09:45,2026-06-25 15:00,64,ok,
002571,main_sz,64,2026-06-22 09:45,2026-06-25 15:00,64,ok,
002572,main_sz,64,2026-06-22 10:00,2026-06-26 09:45,64,ok,15m bar数异常: 2026-06-22 count=15 (期望16)
002573,main_sz,64,2026-06-22 09:45,2026-06-25 15:00,64,ok,
002574,main_sz,64,2026-06-22 09:45,2026-06-25 15:00,64,ok,
002575,main_sz,64,2026-06-22 09:45,2026-06-25 15:00,64,ok,
002576,main_sz,64,2026-06-22 10:00,2026-06-26 09:45,64,ok,15m bar数异常: 2026-06-22 count=15 (期望16)
002577,main_sz,64,2026-06-22 10:00,2026-06-26 09:45,64,ok,15m bar数异常: 2026-06-22 count=15 (期望16)
002578,main_sz,64,2026-06-22 10:00,2026-06-26 09:45,64,ok,15m bar数异常: 2026-06-22 count=15 (期望16)
002579,main_sz,64,2026-06-22 10:00,2026-06-26 09:45,64,ok,15m bar数异常: 2026-06-22 count=15 (期望16)
002580,main_sz,64,2026-06-22 10:00,2026-06-26 09:45,64,ok,15m bar数异常: 2026-06-22 count=15 (期望16)
002581,main_sz,64,2026-06-22 09:45,2026-06-25 15:00,64,ok,
002582,main_sz,64,2026-06-22 09:45,2026-06-25 15:00,64,ok,
002583,main_sz,64,2026-06-22 09:45,2026-06-25 15:00,64,ok,
002584,main_sz,64,2026-06-22 09:45,2026-06-25 15:00,64,ok,
002585,main_sz,64,2026-06-22 09:45,2026-06-25 15:00,64,ok,
002586,main_sz,64,2026-06-22 09:45,2026-06-25 15:00,64,ok,
002587,main_sz,64,2026-06-22 09:45,2026-06-25 15:00,64,ok,
002588,main_sz,64,2026-06-22 09:45,2026-06-25 15:00,64,ok,
002589,main_sz,64,2026-06-22 09:45,2026-06-25 15:00,64,ok,
002590,main_sz,64,2026-06-22 09:45,2026-06-25 15:00,64,ok,
002591,main_sz,64,2026-06-22 10:00,2026-06-26 09:45,64,ok,15m bar数异常: 2026-06-22 count=15 (期望16)
002592,main_sz,64,2026-06-22 10:00,2026-06-26 09:45,64,ok,15m bar数异常: 2026-06-22 count=15 (期望16)
002593,main_sz,64,2026-06-22 09:45,2026-06-25 15:00,64,ok,
002594,main_sz,64,2026-06-22 09:45,2026-06-25 15:00,64,ok,
002595,main_sz,64,2026-06-22 09:45,2026-06-25 15:00,64,ok,
002596,main_sz,64,2026-06-22 10:00,2026-06-26 09:45,64,ok,15m bar数异常: 2026-06-22 count=15 (期望16)
002597,main_sz,64,2026-06-22 10:00,2026-06-26 09:45,64,ok,15m bar数异常: 2026-06-22 count=15 (期望16)
002598,main_sz,64,2026-06-22 09:45,2026-06-25 15:00,64,ok,
002599,main_sz,64,2026-06-22 09:45,2026-06-25 15:00,64,ok,
002600,main_sz,64,2026-06-22 10:00,2026-06-26 09:45,64,ok,15m bar数异常: 2026-06-22 count=15 (期望16)
002601,main_sz,64,2026-06-22 09:45,2026-06-25 15:00,64,ok,
002602,main_sz,64,2026-06-22 09:45,2026-06-25 15:00,64,ok,
002710,main_sz,0,,,0,no_data,无数据
002603,main_sz,64,2026-06-22 09:45,2026-06-25 15:00,64,ok,
002605,main_sz,64,2026-06-22 09:45,2026-06-25 15:00,64,ok,
002606,main_sz,64,2026-06-22 09:45,2026-06-25 15:00,64,ok,
002607,main_sz,64,2026-06-22 09:45,2026-06-25 15:00,64,ok,
002608,main_sz,64,2026-06-22 09:45,2026-06-25 15:00,64,ok,
002609,main_sz,64,2026-06-22 09:45,2026-06-25 15:00,64,ok,
002611,main_sz,64,2026-06-22 09:45,2026-06-25 15:00,64,ok,
002612,main_sz,64,2026-06-22 09:45,2026-06-25 15:00,64,ok,
002613,main_sz,64,2026-06-22 09:45,2026-06-25 15:00,64,ok,
002614,main_sz,64,2026-06-22 09:45,2026-06-25 15:00,64,ok,
002615,main_sz,64,2026-06-22 10:00,2026-06-26 09:45,64,ok,15m bar数异常: 2026-06-22 count=15 (期望16)
002616,main_sz,64,2026-06-22 10:00,2026-06-26 09:45,64,ok,15m bar数异常: 2026-06-22 count=15 (期望16)
002617,main_sz,64,2026-06-22 10:00,2026-06-26 09:45,64,ok,15m bar数异常: 2026-06-22 count=15 (期望16)
002620,main_sz,64,2026-06-22 10:00,2026-06-26 09:45,64,ok,15m bar数异常: 2026-06-22 count=15 (期望16)
002622,main_sz,64,2026-06-22 10:00,2026-06-26 09:45,64,ok,15m bar数异常: 2026-06-22 count=15 (期望16)
002623,main_sz,64,2026-06-22 10:00,2026-06-26 09:45,64,ok,15m bar数异常: 2026-06-22 count=15 (期望16)
002624,main_sz,64,2026-06-22 10:00,2026-06-26 09:45,64,ok,15m bar数异常: 2026-06-22 count=15 (期望16)
002625,main_sz,64,2026-06-22 10:00,2026-06-26 09:45,64,ok,15m bar数异常: 2026-06-22 count=15 (期望16)
002626,main_sz,64,2026-06-22 09:45,2026-06-25 15:00,64,ok,
002627,main_sz,64,2026-06-22 09:45,2026-06-25 15:00,64,ok,
002628,main_sz,64,2026-06-22 09:45,2026-06-25 15:00,64,ok,
002629,main_sz,64,2026-06-22 09:45,2026-06-25 15:00,64,ok,
002630,main_sz,64,2026-06-22 09:45,2026-06-25 15:00,64,ok,
002631,main_sz,64,2026-06-22 09:45,2026-06-25 15:00,64,ok,
002632,main_sz,64,2026-06-22 09:45,2026-06-25 15:00,64,ok,
002633,main_sz,64,2026-06-22 09:45,2026-06-25 15:00,64,ok,
002634,main_sz,64,2026-06-22 09:45,2026-06-25 15:00,64,ok,
002635,main_sz,64,2026-06-22 09:45,2026-06-25 15:00,64,ok,
002636,main_sz,64,2026-06-22 09:45,2026-06-25 15:00,64,ok,
002637,main_sz,64,2026-06-22 09:45,2026-06-25 15:00,64,ok,
002638,main_sz,64,2026-06-22 09:45,2026-06-25 15:00,64,ok,
002639,main_sz,64,2026-06-22 09:45,2026-06-25 15:00,64,ok,
002640,main_sz,64,2026-06-22 09:45,2026-06-25 15:00,64,ok,
002641,main_sz,64,2026-06-22 09:45,2026-06-25 15:00,64,ok,
002642,main_sz,64,2026-06-22 09:45,2026-06-25 15:00,64,ok,
002643,main_sz,64,2026-06-22 10:00,2026-06-26 09:45,64,ok,15m bar数异常: 2026-06-22 count=15 (期望16)
002644,main_sz,64,2026-06-22 10:00,2026-06-26 09:45,64,ok,15m bar数异常: 2026-06-22 count=15 (期望16)
002645,main_sz,64,2026-06-22 10:00,2026-06-26 09:45,64,ok,15m bar数异常: 2026-06-22 count=15 (期望16)
002646,main_sz,64,2026-06-22 10:00,2026-06-26 09:45,64,ok,15m bar数异常: 2026-06-22 count=15 (期望16)
002647,main_sz,64,2026-06-22 10:00,2026-06-26 09:45,64,ok,15m bar数异常: 2026-06-22 count=15 (期望16)
002648,main_sz,64,2026-06-22 10:00,2026-06-26 09:45,64,ok,15m bar数异常: 2026-06-22 count=15 (期望16)
002649,main_sz,64,2026-06-22 10:00,2026-06-26 09:45,64,ok,15m bar数异常: 2026-06-22 count=15 (期望16)
002650,main_sz,64,2026-06-22 09:45,2026-06-25 15:00,64,ok,
002651,main_sz,64,2026-06-22 09:45,2026-06-25 15:00,64,ok,
002652,main_sz,64,2026-06-22 09:45,2026-06-25 15:00,64,ok,
002653,main_sz,64,2026-06-22 10:00,2026-06-26 09:45,64,ok,15m bar数异常: 2026-06-22 count=15 (期望16)
002654,main_sz,64,2026-06-22 09:45,2026-06-25 15:00,64,ok,
002655,main_sz,64,2026-06-22 09:45,2026-06-25 15:00,64,ok,
002656,main_sz,64,2026-06-22 09:45,2026-06-25 15:00,64,ok,
002657,main_sz,64,2026-06-22 09:45,2026-06-25 15:00,64,ok,
002658,main_sz,64,2026-06-22 09:45,2026-06-25 15:00,64,ok,
002659,main_sz,64,2026-06-22 09:45,2026-06-25 15:00,64,ok,
002660,main_sz,64,2026-06-22 10:00,2026-06-26 09:45,64,ok,15m bar数异常: 2026-06-22 count=15 (期望16)
002661,main_sz,64,2026-06-22 10:00,2026-06-26 09:45,64,ok,15m bar数异常: 2026-06-22 count=15 (期望16)
002662,main_sz,64,2026-06-22 10:00,2026-06-26 09:45,64,ok,15m bar数异常: 2026-06-22 count=15 (期望16)
002663,main_sz,64,2026-06-22 10:00,2026-06-26 09:45,64,ok,15m bar数异常: 2026-06-22 count=15 (期望16)
002664,main_sz,64,2026-06-22 09:45,2026-06-25 15:00,64,ok,
002666,main_sz,64,2026-06-22 09:45,2026-06-25 15:00,64,ok,
002667,main_sz,64,2026-06-22 10:00,2026-06-26 09:45,64,ok,15m bar数异常: 2026-06-22 count=15 (期望16)
002668,main_sz,64,2026-06-22 09:45,2026-06-25 15:00,64,ok,
002669,main_sz,64,2026-06-22 10:00,2026-06-26 09:45,64,ok,15m bar数异常: 2026-06-22 count=15 (期望16)
002670,main_sz,64,2026-06-22 10:00,2026-06-26 09:45,64,ok,15m bar数异常: 2026-06-22 count=15 (期望16)
002671,main_sz,64,2026-06-22 09:45,2026-06-25 15:00,64,ok,
002672,main_sz,64,2026-06-22 09:45,2026-06-25 15:00,64,ok,
002673,main_sz,64,2026-06-22 10:00,2026-06-26 09:45,64,ok,15m bar数异常: 2026-06-22 count=15 (期望16)
002674,main_sz,64,2026-06-22 10:00,2026-06-26 09:45,64,ok,15m bar数异常: 2026-06-22 count=15 (期望16)
002675,main_sz,64,2026-06-22 10:00,2026-06-26 09:45,64,ok,15m bar数异常: 2026-06-22 count=15 (期望16)
002676,main_sz,64,2026-06-22 10:00,2026-06-26 09:45,64,ok,15m bar数异常: 2026-06-22 count=15 (期望16)
002677,main_sz,64,2026-06-22 09:45,2026-06-25 15:00,64,ok,
002678,main_sz,64,2026-06-22 09:45,2026-06-25 15:00,64,ok,
002679,main_sz,64,2026-06-22 10:00,2026-06-26 09:45,64,ok,15m bar数异常: 2026-06-22 count=15 (期望16)
002681,main_sz,64,2026-06-22 09:45,2026-06-25 15:00,64,ok,
002682,main_sz,64,2026-06-22 09:45,2026-06-25 15:00,64,ok,
002683,main_sz,64,2026-06-22 09:45,2026-06-25 15:00,64,ok,
002685,main_sz,64,2026-06-22 09:45,2026-06-25 15:00,64,ok,
002686,main_sz,64,2026-06-22 09:45,2026-06-25 15:00,64,ok,
002687,main_sz,64,2026-06-22 09:45,2026-06-25 15:00,64,ok,
002688,main_sz,64,2026-06-22 09:45,2026-06-25 15:00,64,ok,
002689,main_sz,64,2026-06-22 09:45,2026-06-25 15:00,64,ok,
002690,main_sz,64,2026-06-22 09:45,2026-06-25 15:00,64,ok,
002691,main_sz,64,2026-06-22 09:45,2026-06-25 15:00,64,ok,
002692,main_sz,64,2026-06-22 09:45,2026-06-25 15:00,64,ok,
002693,main_sz,64,2026-06-22 09:45,2026-06-25 15:00,64,ok,
002694,main_sz,64,2026-06-22 09:45,2026-06-25 15:00,64,ok,
002695,main_sz,64,2026-06-22 09:45,2026-06-25 15:00,64,ok,
002696,main_sz,64,2026-06-22 10:00,2026-06-26 09:45,64,ok,15m bar数异常: 2026-06-22 count=15 (期望16)
002697,main_sz,64,2026-06-22 10:00,2026-06-26 09:45,64,ok,15m bar数异常: 2026-06-22 count=15 (期望16)
002698,main_sz,64,2026-06-22 10:00,2026-06-26 09:45,64,ok,15m bar数异常: 2026-06-22 count=15 (期望16)
002700,main_sz,64,2026-06-22 09:45,2026-06-25 15:00,64,ok,
002701,main_sz,64,2026-06-22 10:00,2026-06-26 09:45,64,ok,15m bar数异常: 2026-06-22 count=15 (期望16)
002702,main_sz,64,2026-06-22 09:45,2026-06-25 15:00,64,ok,
002703,main_sz,64,2026-06-22 10:00,2026-06-26 09:45,64,ok,15m bar数异常: 2026-06-22 count=15 (期望16)
002705,main_sz,64,2026-06-22 10:00,2026-06-26 09:45,64,ok,15m bar数异常: 2026-06-22 count=15 (期望16)
002706,main_sz,64,2026-06-22 10:00,2026-06-26 09:45,64,ok,15m bar数异常: 2026-06-22 count=15 (期望16)
002707,main_sz,64,2026-06-22 10:00,2026-06-26 09:45,64,ok,15m bar数异常: 2026-06-22 count=15 (期望16)
002708,main_sz,64,2026-06-22 09:45,2026-06-25 15:00,64,ok,
002709,main_sz,64,2026-06-22 09:45,2026-06-25 15:00,64,ok,
002712,main_sz,64,2026-06-22 09:45,2026-06-25 15:00,64,ok,
002713,main_sz,64,2026-06-22 09:45,2026-06-25 15:00,64,ok,
002720,main_sz,0,,,0,no_data,无数据
002731,main_sz,1,2026-06-26 09:45,2026-06-26 09:45,0,error,数据覆盖率不足: 0/1 (0.0%) < 80%
002714,main_sz,64,2026-06-22 09:45,2026-06-25 15:00,64,ok,
002715,main_sz,64,2026-06-22 09:45,2026-06-25 15:00,64,ok,
002716,main_sz,64,2026-06-22 09:45,2026-06-25 15:00,64,ok,
002717,main_sz,64,2026-06-22 09:45,2026-06-25 15:00,64,ok,
002718,main_sz,64,2026-06-22 10:00,2026-06-26 09:45,64,ok,15m bar数异常: 2026-06-22 count=15 (期望16)
002719,main_sz,64,2026-06-22 10:00,2026-06-26 09:45,64,ok,15m bar数异常: 2026-06-22 count=15 (期望16)
002721,main_sz,64,2026-06-22 09:45,2026-06-25 15:00,64,ok,
002722,main_sz,64,2026-06-22 09:45,2026-06-25 15:00,64,ok,
002723,main_sz,64,2026-06-22 09:45,2026-06-25 15:00,64,ok,
002724,main_sz,64,2026-06-22 10:00,2026-06-26 09:45,64,ok,15m bar数异常: 2026-06-22 count=15 (期望16)
002725,main_sz,64,2026-06-22 10:00,2026-06-26 09:45,64,ok,15m bar数异常: 2026-06-22 count=15 (期望16)
002726,main_sz,64,2026-06-22 10:00,2026-06-26 09:45,64,ok,15m bar数异常: 2026-06-22 count=15 (期望16)
002727,main_sz,64,2026-06-22 10:00,2026-06-26 09:45,64,ok,15m bar数异常: 2026-06-22 count=15 (期望16)
002728,main_sz,64,2026-06-22 10:00,2026-06-26 09:45,64,ok,15m bar数异常: 2026-06-22 count=15 (期望16)
002729,main_sz,64,2026-06-22 10:00,2026-06-26 09:45,64,ok,15m bar数异常: 2026-06-22 count=15 (期望16)
002730,main_sz,64,2026-06-22 10:00,2026-06-26 09:45,64,ok,15m bar数异常: 2026-06-22 count=15 (期望16)
002732,main_sz,64,2026-06-22 09:45,2026-06-25 15:00,64,ok,
002733,main_sz,64,2026-06-22 09:45,2026-06-25 15:00,64,ok,
002734,main_sz,64,2026-06-22 09:45,2026-06-25 15:00,64,ok,
002735,main_sz,64,2026-06-22 09:45,2026-06-25 15:00,64,ok,
002736,main_sz,64,2026-06-22 09:45,2026-06-25 15:00,64,ok,
002737,main_sz,64,2026-06-22 09:45,2026-06-25 15:00,64,ok,
002738,main_sz,64,2026-06-22 09:45,2026-06-25 15:00,64,ok,
002739,main_sz,64,2026-06-22 09:45,2026-06-25 15:00,64,ok,
002741,main_sz,64,2026-06-22 09:45,2026-06-25 15:00,64,ok,
002742,main_sz,64,2026-06-22 09:45,2026-06-25 15:00,64,ok,
002743,main_sz,64,2026-06-22 09:45,2026-06-25 15:00,64,ok,
002745,main_sz,64,2026-06-22 09:45,2026-06-25 15:00,64,ok,
002746,main_sz,64,2026-06-22 09:45,2026-06-25 15:00,64,ok,
002747,main_sz,64,2026-06-22 09:45,2026-06-25 15:00,64,ok,
002748,main_sz,64,2026-06-22 09:45,2026-06-25 15:00,64,ok,
002749,main_sz,64,2026-06-22 09:45,2026-06-25 15:00,64,ok,
002752,main_sz,64,2026-06-22 10:00,2026-06-26 09:45,64,ok,15m bar数异常: 2026-06-22 count=15 (期望16)
002753,main_sz,64,2026-06-22 09:45,2026-06-25 15:00,64,ok,
002755,main_sz,64,2026-06-22 09:45,2026-06-25 15:00,64,ok,
002756,main_sz,64,2026-06-22 09:45,2026-06-25 15:00,64,ok,
002757,main_sz,64,2026-06-22 10:00,2026-06-26 09:45,64,ok,15m bar数异常: 2026-06-22 count=15 (期望16)
002758,main_sz,64,2026-06-22 10:00,2026-06-26 09:45,64,ok,15m bar数异常: 2026-06-22 count=15 (期望16)
002759,main_sz,64,2026-06-22 09:45,2026-06-25 15:00,64,ok,
002760,main_sz,64,2026-06-22 10:00,2026-06-26 09:45,64,ok,15m bar数异常: 2026-06-22 count=15 (期望16)
002761,main_sz,64,2026-06-22 10:00,2026-06-26 09:45,64,ok,15m bar数异常: 2026-06-22 count=15 (期望16)
002762,main_sz,64,2026-06-22 10:00,2026-06-26 09:45,64,ok,15m bar数异常: 2026-06-22 count=15 (期望16)
002763,main_sz,64,2026-06-22 10:00,2026-06-26 09:45,64,ok,15m bar数异常: 2026-06-22 count=15 (期望16)
002765,main_sz,64,2026-06-22 10:00,2026-06-26 09:45,64,ok,15m bar数异常: 2026-06-22 count=15 (期望16)
002766,main_sz,64,2026-06-22 09:45,2026-06-25 15:00,64,ok,
002767,main_sz,64,2026-06-22 09:45,2026-06-25 15:00,64,ok,
002768,main_sz,64,2026-06-22 09:45,2026-06-25 15:00,64,ok,
002769,main_sz,64,2026-06-22 09:45,2026-06-25 15:00,64,ok,
002771,main_sz,64,2026-06-22 09:45,2026-06-25 15:00,64,ok,
002772,main_sz,64,2026-06-22 09:45,2026-06-25 15:00,64,ok,
002773,main_sz,64,2026-06-22 09:45,2026-06-25 15:00,64,ok,
002774,main_sz,64,2026-06-22 09:45,2026-06-25 15:00,64,ok,
002775,main_sz,64,2026-06-22 09:45,2026-06-25 15:00,64,ok,
002777,main_sz,64,2026-06-22 09:45,2026-06-25 15:00,64,ok,
002778,main_sz,64,2026-06-22 09:45,2026-06-25 15:00,64,ok,
002779,main_sz,64,2026-06-22 09:45,2026-06-25 15:00,64,ok,
002780,main_sz,64,2026-06-22 09:45,2026-06-25 15:00,64,ok,
002782,main_sz,64,2026-06-22 09:45,2026-06-25 15:00,64,ok,
002783,main_sz,64,2026-06-22 09:45,2026-06-25 15:00,64,ok,
002785,main_sz,64,2026-06-22 09:45,2026-06-25 15:00,64,ok,
002786,main_sz,64,2026-06-22 10:00,2026-06-26 09:45,64,ok,15m bar数异常: 2026-06-22 count=15 (期望16)
002787,main_sz,64,2026-06-22 10:00,2026-06-26 09:45,64,ok,15m bar数异常: 2026-06-22 count=15 (期望16)
002788,main_sz,64,2026-06-22 10:00,2026-06-26 09:45,64,ok,15m bar数异常: 2026-06-22 count=15 (期望16)
002789,main_sz,64,2026-06-22 09:45,2026-06-25 15:00,64,ok,
002790,main_sz,64,2026-06-22 10:00,2026-06-26 09:45,64,ok,15m bar数异常: 2026-06-22 count=15 (期望16)
002791,main_sz,64,2026-06-22 10:00,2026-06-26 09:45,64,ok,15m bar数异常: 2026-06-22 count=15 (期望16)
002792,main_sz,64,2026-06-22 10:00,2026-06-26 09:45,64,ok,15m bar数异常: 2026-06-22 count=15 (期望16)
002793,main_sz,64,2026-06-22 10:00,2026-06-26 09:45,64,ok,15m bar数异常: 2026-06-22 count=15 (期望16)
002795,main_sz,64,2026-06-22 09:45,2026-06-25 15:00,64,ok,
002796,main_sz,64,2026-06-22 10:00,2026-06-26 09:45,64,ok,15m bar数异常: 2026-06-22 count=15 (期望16)
002797,main_sz,64,2026-06-22 10:00,2026-06-26 09:45,64,ok,15m bar数异常: 2026-06-22 count=15 (期望16)
002798,main_sz,64,2026-06-22 10:00,2026-06-26 09:45,64,ok,15m bar数异常: 2026-06-22 count=15 (期望16)
002799,main_sz,64,2026-06-22 10:00,2026-06-26 09:45,64,ok,15m bar数异常: 2026-06-22 count=15 (期望16)
002800,main_sz,64,2026-06-22 09:45,2026-06-25 15:00,64,ok,
002801,main_sz,64,2026-06-22 10:00,2026-06-26 09:45,64,ok,15m bar数异常: 2026-06-22 count=15 (期望16)
002802,main_sz,64,2026-06-22 09:45,2026-06-25 15:00,64,ok,
002803,main_sz,64,2026-06-22 09:45,2026-06-25 15:00,64,ok,
002805,main_sz,64,2026-06-22 09:45,2026-06-25 15:00,64,ok,
002806,main_sz,64,2026-06-22 09:45,2026-06-25 15:00,64,ok,
002807,main_sz,64,2026-06-22 09:45,2026-06-25 15:00,64,ok,
002808,main_sz,48,2026-04-30 09:45,2026-06-25 15:00,48,ok,
002809,main_sz,64,2026-06-22 09:45,2026-06-25 15:00,64,ok,
002810,main_sz,64,2026-06-22 09:45,2026-06-25 15:00,64,ok,
002811,main_sz,64,2026-06-22 09:45,2026-06-25 15:00,64,ok,
002812,main_sz,64,2026-06-22 09:45,2026-06-25 15:00,64,ok,
002813,main_sz,64,2026-06-22 10:00,2026-06-26 09:45,64,ok,15m bar数异常: 2026-06-22 count=15 (期望16)
002815,main_sz,64,2026-06-22 09:45,2026-06-25 15:00,64,ok,
002816,main_sz,64,2026-06-22 09:45,2026-06-25 15:00,64,ok,
002817,main_sz,64,2026-06-22 09:45,2026-06-25 15:00,64,ok,
002818,main_sz,64,2026-06-22 10:00,2026-06-26 09:45,64,ok,15m bar数异常: 2026-06-22 count=15 (期望16)
002819,main_sz,64,2026-06-22 09:45,2026-06-25 15:00,64,ok,
002820,main_sz,64,2026-06-22 09:45,2026-06-25 15:00,64,ok,
002821,main_sz,64,2026-06-22 09:45,2026-06-25 15:00,64,ok,
002822,main_sz,62,2026-06-22 09:45,2026-06-25 15:00,62,ok,15m bar数异常: 2026-06-24 count=15 (期望16)
002823,main_sz,64,2026-06-22 10:00,2026-06-26 09:45,64,ok,15m bar数异常: 2026-06-22 count=15 (期望16)
002824,main_sz,64,2026-06-22 09:45,2026-06-25 15:00,64,ok,
002825,main_sz,64,2026-06-22 10:00,2026-06-26 09:45,64,ok,15m bar数异常: 2026-06-22 count=15 (期望16)
002826,main_sz,64,2026-06-22 10:00,2026-06-26 09:45,64,ok,15m bar数异常: 2026-06-22 count=15 (期望16)
002898,main_sz,1,2026-06-26 09:45,2026-06-26 09:45,0,error,数据覆盖率不足: 0/1 (0.0%) < 80%
002827,main_sz,64,2026-06-22 10:00,2026-06-26 09:45,64,ok,15m bar数异常: 2026-06-22 count=15 (期望16)
002828,main_sz,64,2026-06-22 09:45,2026-06-25 15:00,64,ok,
002829,main_sz,64,2026-06-22 09:45,2026-06-25 15:00,64,ok,
002830,main_sz,64,2026-06-22 09:45,2026-06-25 15:00,64,ok,
002831,main_sz,64,2026-06-22 09:45,2026-06-25 15:00,64,ok,
002832,main_sz,64,2026-06-22 09:45,2026-06-25 15:00,64,ok,
002833,main_sz,64,2026-06-22 09:45,2026-06-25 15:00,64,ok,
002835,main_sz,64,2026-06-22 09:45,2026-06-25 15:00,64,ok,
002836,main_sz,64,2026-06-22 09:45,2026-06-25 15:00,64,ok,
002837,main_sz,64,2026-06-22 09:45,2026-06-25 15:00,64,ok,
002838,main_sz,64,2026-06-22 10:00,2026-06-26 09:45,64,ok,15m bar数异常: 2026-06-22 count=15 (期望16)
002839,main_sz,64,2026-06-22 10:00,2026-06-26 09:45,64,ok,15m bar数异常: 2026-06-22 count=15 (期望16)
002840,main_sz,64,2026-06-22 10:00,2026-06-26 09:45,64,ok,15m bar数异常: 2026-06-22 count=15 (期望16)
002841,main_sz,64,2026-06-22 10:00,2026-06-26 09:45,64,ok,15m bar数异常: 2026-06-22 count=15 (期望16)
002842,main_sz,64,2026-06-22 10:00,2026-06-26 09:45,64,ok,15m bar数异常: 2026-06-22 count=15 (期望16)
002843,main_sz,64,2026-06-22 10:00,2026-06-26 09:45,64,ok,15m bar数异常: 2026-06-22 count=15 (期望16)
002845,main_sz,64,2026-06-22 10:00,2026-06-26 09:45,64,ok,15m bar数异常: 2026-06-22 count=15 (期望16)
002846,main_sz,64,2026-06-22 10:00,2026-06-26 09:45,64,ok,15m bar数异常: 2026-06-22 count=15 (期望16)
002847,main_sz,64,2026-06-22 09:45,2026-06-25 15:00,64,ok,
002848,main_sz,64,2026-06-22 09:45,2026-06-25 15:00,64,ok,
002849,main_sz,64,2026-06-22 09:45,2026-06-25 15:00,64,ok,
002850,main_sz,64,2026-06-22 09:45,2026-06-25 15:00,64,ok,
002851,main_sz,64,2026-06-22 09:45,2026-06-25 15:00,64,ok,
002852,main_sz,64,2026-06-22 09:45,2026-06-25 15:00,64,ok,
002853,main_sz,64,2026-06-22 09:45,2026-06-25 15:00,64,ok,
002855,main_sz,64,2026-06-22 09:45,2026-06-25 15:00,64,ok,
002856,main_sz,64,2026-06-22 09:45,2026-06-25 15:00,64,ok,
002857,main_sz,64,2026-06-22 09:45,2026-06-25 15:00,64,ok,
002858,main_sz,64,2026-06-22 09:45,2026-06-25 15:00,64,ok,
002859,main_sz,64,2026-06-22 09:45,2026-06-25 15:00,64,ok,
002860,main_sz,64,2026-06-22 09:45,2026-06-25 15:00,64,ok,
002861,main_sz,64,2026-06-22 09:45,2026-06-25 15:00,64,ok,
002862,main_sz,64,2026-06-22 09:45,2026-06-25 15:00,64,ok,
002863,main_sz,64,2026-06-22 09:45,2026-06-25 15:00,64,ok,
002864,main_sz,64,2026-06-22 10:00,2026-06-26 09:45,64,ok,15m bar数异常: 2026-06-22 count=15 (期望16)
002865,main_sz,64,2026-06-22 10:00,2026-06-26 09:45,64,ok,15m bar数异常: 2026-06-22 count=15 (期望16)
002866,main_sz,64,2026-06-22 09:45,2026-06-25 15:00,64,ok,
002867,main_sz,64,2026-06-22 10:00,2026-06-26 09:45,64,ok,15m bar数异常: 2026-06-22 count=15 (期望16)
002868,main_sz,64,2026-06-22 10:00,2026-06-26 09:45,64,ok,15m bar数异常: 2026-06-22 count=15 (期望16)
002869,main_sz,64,2026-06-22 10:00,2026-06-26 09:45,64,ok,15m bar数异常: 2026-06-22 count=15 (期望16)
002870,main_sz,64,2026-06-22 10:00,2026-06-26 09:45,64,ok,15m bar数异常: 2026-06-22 count=15 (期望16)
002871,main_sz,64,2026-06-22 10:00,2026-06-26 09:45,64,ok,15m bar数异常: 2026-06-22 count=15 (期望16)
002872,main_sz,64,2026-06-22 10:00,2026-06-26 09:45,64,ok,15m bar数异常: 2026-06-22 count=15 (期望16)
002873,main_sz,64,2026-06-22 09:45,2026-06-25 15:00,64,ok,
002875,main_sz,64,2026-06-22 09:45,2026-06-25 15:00,64,ok,
002876,main_sz,64,2026-06-22 09:45,2026-06-25 15:00,64,ok,
002877,main_sz,64,2026-06-22 10:00,2026-06-26 09:45,64,ok,15m bar数异常: 2026-06-22 count=15 (期望16)
002878,main_sz,64,2026-06-22 09:45,2026-06-25 15:00,64,ok,
002879,main_sz,64,2026-06-22 09:45,2026-06-25 15:00,64,ok,
002880,main_sz,64,2026-06-22 09:45,2026-06-25 15:00,64,ok,
002881,main_sz,64,2026-06-22 09:45,2026-06-25 15:00,64,ok,
002882,main_sz,64,2026-06-22 09:45,2026-06-25 15:00,64,ok,
002883,main_sz,64,2026-06-22 09:45,2026-06-25 15:00,64,ok,
002884,main_sz,64,2026-06-22 09:45,2026-06-25 15:00,64,ok,
002885,main_sz,64,2026-06-22 09:45,2026-06-25 15:00,64,ok,
002886,main_sz,64,2026-06-22 09:45,2026-06-25 15:00,64,ok,
002887,main_sz,64,2026-06-22 09:45,2026-06-25 15:00,64,ok,
002888,main_sz,64,2026-06-22 09:45,2026-06-25 15:00,64,ok,
002889,main_sz,64,2026-06-22 09:45,2026-06-25 15:00,64,ok,
002890,main_sz,64,2026-06-22 09:45,2026-06-25 15:00,64,ok,
002891,main_sz,64,2026-06-22 09:45,2026-06-25 15:00,64,ok,
002892,main_sz,64,2026-06-22 09:45,2026-06-25 15:00,64,ok,
002893,main_sz,64,2026-06-22 09:45,2026-06-25 15:00,64,ok,
002895,main_sz,64,2026-06-22 09:45,2026-06-25 15:00,64,ok,
002896,main_sz,64,2026-06-22 10:00,2026-06-26 09:45,64,ok,15m bar数异常: 2026-06-22 count=15 (期望16)
002897,main_sz,64,2026-06-22 10:00,2026-06-26 09:45,64,ok,15m bar数异常: 2026-06-22 count=15 (期望16)
002899,main_sz,64,2026-06-22 10:00,2026-06-26 09:45,64,ok,15m bar数异常: 2026-06-22 count=15 (期望16)
002900,main_sz,64,2026-06-22 10:00,2026-06-26 09:45,64,ok,15m bar数异常: 2026-06-22 count=15 (期望16)
002901,main_sz,64,2026-06-22 10:00,2026-06-26 09:45,64,ok,15m bar数异常: 2026-06-22 count=15 (期望16)
002902,main_sz,64,2026-06-22 09:45,2026-06-25 15:00,64,ok,
002903,main_sz,64,2026-06-22 09:45,2026-06-25 15:00,64,ok,
002905,main_sz,64,2026-06-22 09:45,2026-06-25 15:00,64,ok,
002906,main_sz,64,2026-06-22 09:45,2026-06-25 15:00,64,ok,
002907,main_sz,64,2026-06-22 09:45,2026-06-25 15:00,64,ok,
002908,main_sz,64,2026-06-22 09:45,2026-06-25 15:00,64,ok,
002909,main_sz,64,2026-06-22 10:00,2026-06-26 09:45,64,ok,15m bar数异常: 2026-06-22 count=15 (期望16)
002910,main_sz,64,2026-06-22 09:45,2026-06-25 15:00,64,ok,
002911,main_sz,64,2026-06-22 09:45,2026-06-25 15:00,64,ok,
002912,main_sz,64,2026-06-22 10:00,2026-06-26 09:45,64,ok,15m bar数异常: 2026-06-22 count=15 (期望16)
002913,main_sz,64,2026-06-22 09:45,2026-06-25 15:00,64,ok,
002915,main_sz,64,2026-06-22 09:45,2026-06-25 15:00,64,ok,
002916,main_sz,64,2026-06-22 09:45,2026-06-25 15:00,64,ok,
002917,main_sz,64,2026-06-22 10:00,2026-06-26 09:45,64,ok,15m bar数异常: 2026-06-22 count=15 (期望16)
002918,main_sz,64,2026-06-22 09:45,2026-06-25 15:00,64,ok,
002919,main_sz,64,2026-06-22 09:45,2026-06-25 15:00,64,ok,
002920,main_sz,64,2026-06-22 09:45,2026-06-25 15:00,64,ok,
002921,main_sz,64,2026-06-22 09:45,2026-06-25 15:00,64,ok,
002922,main_sz,64,2026-06-22 09:45,2026-06-25 15:00,64,ok,
002923,main_sz,64,2026-06-22 10:00,2026-06-26 09:45,64,ok,15m bar数异常: 2026-06-22 count=15 (期望16)
002925,main_sz,64,2026-06-22 10:00,2026-06-26 09:45,64,ok,15m bar数异常: 2026-06-22 count=15 (期望16)
002926,main_sz,64,2026-06-22 10:00,2026-06-26 09:45,64,ok,15m bar数异常: 2026-06-22 count=15 (期望16)
002927,main_sz,64,2026-06-22 10:00,2026-06-26 09:45,64,ok,15m bar数异常: 2026-06-22 count=15 (期望16)
002928,main_sz,64,2026-06-22 10:00,2026-06-26 09:45,64,ok,15m bar数异常: 2026-06-22 count=15 (期望16)
002929,main_sz,64,2026-06-22 09:45,2026-06-25 15:00,64,ok,
002930,main_sz,64,2026-06-22 09:45,2026-06-25 15:00,64,ok,
002931,main_sz,64,2026-06-22 09:45,2026-06-25 15:00,64,ok,
002932,main_sz,64,2026-06-22 09:45,2026-06-25 15:00,64,ok,
002933,main_sz,64,2026-06-22 09:45,2026-06-25 15:00,64,ok,
002935,main_sz,64,2026-06-22 09:45,2026-06-25 15:00,64,ok,
002936,main_sz,64,2026-06-22 10:00,2026-06-26 09:45,64,ok,15m bar数异常: 2026-06-22 count=15 (期望16)
002937,main_sz,64,2026-06-22 09:45,2026-06-25 15:00,64,ok,
002938,main_sz,64,2026-06-22 10:00,2026-06-26 09:45,64,ok,15m bar数异常: 2026-06-22 count=15 (期望16)
002939,main_sz,64,2026-06-22 09:45,2026-06-25 15:00,64,ok,
002940,main_sz,64,2026-06-22 10:00,2026-06-26 09:45,64,ok,15m bar数异常: 2026-06-22 count=15 (期望16)
002941,main_sz,64,2026-06-22 09:45,2026-06-25 15:00,64,ok,
002942,main_sz,64,2026-06-22 09:45,2026-06-25 15:00,64,ok,
002943,main_sz,64,2026-06-22 09:45,2026-06-25 15:00,64,ok,
002945,main_sz,64,2026-06-22 09:45,2026-06-25 15:00,64,ok,
002946,main_sz,64,2026-06-22 09:45,2026-06-25 15:00,64,ok,
002947,main_sz,64,2026-06-22 10:00,2026-06-26 09:45,64,ok,15m bar数异常: 2026-06-22 count=15 (期望16)
002948,main_sz,64,2026-06-22 10:00,2026-06-26 09:45,64,ok,15m bar数异常: 2026-06-22 count=15 (期望16)
002949,main_sz,64,2026-06-22 10:00,2026-06-26 09:45,64,ok,15m bar数异常: 2026-06-22 count=15 (期望16)
002950,main_sz,64,2026-06-22 10:00,2026-06-26 09:45,64,ok,15m bar数异常: 2026-06-22 count=15 (期望16)
002951,main_sz,64,2026-06-22 10:00,2026-06-26 09:45,64,ok,15m bar数异常: 2026-06-22 count=15 (期望16)
002952,main_sz,64,2026-06-22 10:00,2026-06-26 09:45,64,ok,15m bar数异常: 2026-06-22 count=15 (期望16)
002953,main_sz,64,2026-06-22 10:00,2026-06-26 09:45,64,ok,15m bar数异常: 2026-06-22 count=15 (期望16)
002955,main_sz,64,2026-06-22 10:00,2026-06-26 09:45,64,ok,15m bar数异常: 2026-06-22 count=15 (期望16)
002956,main_sz,64,2026-06-22 09:45,2026-06-25 15:00,64,ok,
002957,main_sz,64,2026-06-22 09:45,2026-06-25 15:00,64,ok,
002958,main_sz,64,2026-06-22 09:45,2026-06-25 15:00,64,ok,
002959,main_sz,64,2026-06-22 09:45,2026-06-25 15:00,64,ok,
002960,main_sz,64,2026-06-22 09:45,2026-06-25 15:00,64,ok,
002961,main_sz,64,2026-06-22 09:45,2026-06-25 15:00,64,ok,
002962,main_sz,64,2026-06-22 09:45,2026-06-25 15:00,64,ok,
002963,main_sz,64,2026-06-22 09:45,2026-06-25 15:00,64,ok,
002965,main_sz,64,2026-06-22 09:45,2026-06-25 15:00,64,ok,
002966,main_sz,64,2026-06-22 09:45,2026-06-25 15:00,64,ok,
002967,main_sz,64,2026-06-22 09:45,2026-06-25 15:00,64,ok,
002968,main_sz,64,2026-06-22 09:45,2026-06-25 15:00,64,ok,
002969,main_sz,64,2026-06-22 09:45,2026-06-25 15:00,64,ok,
002970,main_sz,64,2026-06-22 09:45,2026-06-25 15:00,64,ok,
002971,main_sz,64,2026-06-22 09:45,2026-06-25 15:00,64,ok,
002972,main_sz,64,2026-06-22 09:45,2026-06-25 15:00,64,ok,
002973,main_sz,64,2026-06-22 10:00,2026-06-26 09:45,64,ok,15m bar数异常: 2026-06-22 count=15 (期望16)
002975,main_sz,64,2026-06-22 10:00,2026-06-26 09:45,64,ok,15m bar数异常: 2026-06-22 count=15 (期望16)
002976,main_sz,64,2026-06-22 10:00,2026-06-26 09:45,64,ok,15m bar数异常: 2026-06-22 count=15 (期望16)
002977,main_sz,64,2026-06-22 09:45,2026-06-25 15:00,64,ok,
002978,main_sz,64,2026-06-22 09:45,2026-06-25 15:00,64,ok,
002979,main_sz,64,2026-06-22 10:00,2026-06-26 09:45,64,ok,15m bar数异常: 2026-06-22 count=15 (期望16)
002980,main_sz,64,2026-06-22 09:45,2026-06-25 15:00,64,ok,
002981,main_sz,64,2026-06-22 10:00,2026-06-26 09:45,64,ok,15m bar数异常: 2026-06-22 count=15 (期望16)
002982,main_sz,64,2026-06-22 10:00,2026-06-26 09:45,64,ok,15m bar数异常: 2026-06-22 count=15 (期望16)
002983,main_sz,64,2026-06-22 09:45,2026-06-25 15:00,64,ok,
002984,main_sz,64,2026-06-22 10:00,2026-06-26 09:45,64,ok,15m bar数异常: 2026-06-22 count=15 (期望16)
002985,main_sz,64,2026-06-22 09:45,2026-06-25 15:00,64,ok,
002986,main_sz,64,2026-06-22 09:45,2026-06-25 15:00,64,ok,
002987,main_sz,64,2026-06-22 09:45,2026-06-25 15:00,64,ok,
002988,main_sz,64,2026-06-22 09:45,2026-06-25 15:00,64,ok,
002989,main_sz,64,2026-06-22 09:45,2026-06-25 15:00,64,ok,
002990,main_sz,64,2026-06-22 10:00,2026-06-26 09:45,64,ok,15m bar数异常: 2026-06-22 count=15 (期望16)
002991,main_sz,64,2026-06-22 09:45,2026-06-25 15:00,64,ok,
002992,main_sz,64,2026-06-22 09:45,2026-06-25 15:00,64,ok,
002993,main_sz,64,2026-06-22 09:45,2026-06-25 15:00,64,ok,
002995,main_sz,64,2026-06-22 09:45,2026-06-25 15:00,64,ok,
002996,main_sz,64,2026-06-22 09:45,2026-06-25 15:00,64,ok,
002997,main_sz,64,2026-06-22 09:45,2026-06-25 15:00,64,ok,
002998,main_sz,64,2026-06-22 10:00,2026-06-26 09:45,64,ok,15m bar数异常: 2026-06-22 count=15 (期望16)
002999,main_sz,64,2026-06-22 10:00,2026-06-26 09:45,64,ok,15m bar数异常: 2026-06-22 count=15 (期望16)
003000,main_sz,64,2026-06-22 10:00,2026-06-26 09:45,64,ok,15m bar数异常: 2026-06-22 count=15 (期望16)
003001,main_sz,64,2026-06-22 09:45,2026-06-25 15:00,64,ok,
003002,main_sz,64,2026-06-22 09:45,2026-06-25 15:00,64,ok,
003003,main_sz,64,2026-06-22 09:45,2026-06-25 15:00,64,ok,
003004,main_sz,64,2026-06-22 09:45,2026-06-25 15:00,64,ok,
003005,main_sz,64,2026-06-22 10:00,2026-06-26 09:45,64,ok,15m bar数异常: 2026-06-22 count=15 (期望16)
003006,main_sz,64,2026-06-22 10:00,2026-06-26 09:45,64,ok,15m bar数异常: 2026-06-22 count=15 (期望16)
003007,main_sz,64,2026-06-22 09:45,2026-06-25 15:00,64,ok,
003008,main_sz,64,2026-06-22 10:00,2026-06-26 09:45,64,ok,15m bar数异常: 2026-06-22 count=15 (期望16)
003009,main_sz,64,2026-06-22 09:45,2026-06-25 15:00,64,ok,
003010,main_sz,64,2026-06-22 10:00,2026-06-26 09:45,64,ok,15m bar数异常: 2026-06-22 count=15 (期望16)
003011,main_sz,64,2026-06-22 10:00,2026-06-26 09:45,64,ok,15m bar数异常: 2026-06-22 count=15 (期望16)
003012,main_sz,64,2026-06-22 10:00,2026-06-26 09:45,64,ok,15m bar数异常: 2026-06-22 count=15 (期望16)
003013,main_sz,64,2026-06-22 09:45,2026-06-25 15:00,64,ok,
003015,main_sz,64,2026-06-22 09:45,2026-06-25 15:00,64,ok,
003016,main_sz,64,2026-06-22 10:00,2026-06-26 09:45,64,ok,15m bar数异常: 2026-06-22 count=15 (期望16)
003017,main_sz,64,2026-06-22 09:45,2026-06-25 15:00,64,ok,
003018,main_sz,64,2026-06-22 09:45,2026-06-25 15:00,64,ok,
003019,main_sz,64,2026-06-22 09:45,2026-06-25 15:00,64,ok,
003020,main_sz,64,2026-06-22 09:45,2026-06-25 15:00,64,ok,
003021,main_sz,64,2026-06-22 10:00,2026-06-26 09:45,64,ok,15m bar数异常: 2026-06-22 count=15 (期望16)
003022,main_sz,64,2026-06-22 09:45,2026-06-25 15:00,64,ok,
003023,main_sz,64,2026-06-22 10:00,2026-06-26 09:45,64,ok,15m bar数异常: 2026-06-22 count=15 (期望16)
003025,main_sz,64,2026-06-22 10:00,2026-06-26 09:45,64,ok,15m bar数异常: 2026-06-22 count=15 (期望16)
003026,main_sz,64,2026-06-22 09:45,2026-06-25 15:00,64,ok,
003027,main_sz,64,2026-06-22 09:45,2026-06-25 15:00,64,ok,
003028,main_sz,64,2026-06-22 09:45,2026-06-25 15:00,64,ok,
003029,main_sz,64,2026-06-22 09:45,2026-06-25 15:00,64,ok,
003030,main_sz,64,2026-06-22 09:45,2026-06-25 15:00,64,ok,
003031,main_sz,64,2026-06-22 10:00,2026-06-26 09:45,64,ok,15m bar数异常: 2026-06-22 count=15 (期望16)
003032,main_sz,64,2026-06-22 09:45,2026-06-25 15:00,64,ok,
003033,main_sz,64,2026-06-22 09:45,2026-06-25 15:00,64,ok,
003035,main_sz,64,2026-06-22 09:45,2026-06-25 15:00,64,ok,
003036,main_sz,64,2026-06-22 09:45,2026-06-25 15:00,64,ok,
003037,main_sz,64,2026-06-22 10:00,2026-06-26 09:45,64,ok,15m bar数异常: 2026-06-22 count=15 (期望16)
003038,main_sz,64,2026-06-22 10:00,2026-06-26 09:45,64,ok,15m bar数异常: 2026-06-22 count=15 (期望16)
003039,main_sz,64,2026-06-22 09:45,2026-06-25 15:00,64,ok,
003040,main_sz,64,2026-06-22 10:00,2026-06-26 09:45,64,ok,15m bar数异常: 2026-06-22 count=15 (期望16)
003041,main_sz,64,2026-06-22 09:45,2026-06-25 15:00,64,ok,
003042,main_sz,64,2026-06-22 09:45,2026-06-25 15:00,64,ok,
003043,main_sz,64,2026-06-22 09:45,2026-06-25 15:00,64,ok,
003816,main_sz,64,2026-06-22 10:00,2026-06-26 09:45,64,ok,15m bar数异常: 2026-06-22 count=15 (期望16)
300001,gem,64,2026-06-22 10:00,2026-06-26 09:45,64,ok,15m bar数异常: 2026-06-22 count=15 (期望16)
300002,gem,64,2026-06-22 09:45,2026-06-25 15:00,64,ok,
300003,gem,64,2026-06-22 09:45,2026-06-25 15:00,64,ok,
300004,gem,64,2026-06-22 09:45,2026-06-25 15:00,64,ok,
300005,gem,64,2026-06-22 09:45,2026-06-25 15:00,64,ok,
300006,gem,64,2026-06-22 09:45,2026-06-25 15:00,64,ok,
300007,gem,64,2026-06-22 09:45,2026-06-25 15:00,64,ok,
300008,gem,64,2026-06-22 09:45,2026-06-25 15:00,64,ok,
300009,gem,64,2026-06-22 09:45,2026-06-25 15:00,64,ok,
300010,gem,64,2026-06-22 10:00,2026-06-26 09:45,64,ok,15m bar数异常: 2026-06-22 count=15 (期望16)
300011,gem,64,2026-06-22 10:00,2026-06-26 09:45,64,ok,15m bar数异常: 2026-06-22 count=15 (期望16)
300012,gem,64,2026-06-22 10:00,2026-06-26 09:45,64,ok,15m bar数异常: 2026-06-22 count=15 (期望16)
300013,gem,64,2026-06-22 10:00,2026-06-26 09:45,64,ok,15m bar数异常: 2026-06-22 count=15 (期望16)
300014,gem,64,2026-06-22 10:00,2026-06-26 09:45,64,ok,15m bar数异常: 2026-06-22 count=15 (期望16)
300015,gem,64,2026-06-22 10:00,2026-06-26 09:45,64,ok,15m bar数异常: 2026-06-22 count=15 (期望16)
300016,gem,64,2026-06-22 10:00,2026-06-26 09:45,64,ok,15m bar数异常: 2026-06-22 count=15 (期望16)
300017,gem,64,2026-06-22 10:00,2026-06-26 09:45,64,ok,15m bar数异常: 2026-06-22 count=15 (期望16)
300018,gem,64,2026-06-22 09:45,2026-06-25 15:00,64,ok,
300019,gem,64,2026-06-22 09:45,2026-06-25 15:00,64,ok,
300020,gem,64,2026-06-22 09:45,2026-06-25 15:00,64,ok,
300021,gem,64,2026-06-22 09:45,2026-06-25 15:00,64,ok,
300022,gem,64,2026-06-22 09:45,2026-06-25 15:00,64,ok,
300024,gem,64,2026-06-22 09:45,2026-06-25 15:00,64,ok,
300025,gem,64,2026-06-22 09:45,2026-06-25 15:00,64,ok,
300026,gem,64,2026-06-22 09:45,2026-06-25 15:00,64,ok,
300027,gem,64,2026-06-22 09:45,2026-06-25 15:00,64,ok,
300029,gem,64,2026-06-22 09:45,2026-06-25 15:00,64,ok,
300030,gem,64,2026-06-22 09:45,2026-06-25 15:00,64,ok,
300031,gem,64,2026-06-22 09:45,2026-06-25 15:00,64,ok,
300032,gem,64,2026-06-22 09:45,2026-06-25 15:00,64,ok,
300033,gem,64,2026-06-22 09:45,2026-06-25 15:00,64,ok,
300034,gem,64,2026-06-22 09:45,2026-06-25 15:00,64,ok,
300035,gem,64,2026-06-22 09:45,2026-06-25 15:00,64,ok,
300036,gem,64,2026-06-22 10:00,2026-06-26 09:45,64,ok,15m bar数异常: 2026-06-22 count=15 (期望16)
300037,gem,64,2026-06-22 10:00,2026-06-26 09:45,64,ok,15m bar数异常: 2026-06-22 count=15 (期望16)
300039,gem,64,2026-06-22 10:00,2026-06-26 09:45,64,ok,15m bar数异常: 2026-06-22 count=15 (期望16)
300040,gem,64,2026-06-22 09:45,2026-06-25 15:00,64,ok,
300041,gem,64,2026-06-22 10:00,2026-06-26 09:45,64,ok,15m bar数异常: 2026-06-22 count=15 (期望16)
300042,gem,64,2026-06-22 09:45,2026-06-25 15:00,64,ok,
300043,gem,64,2026-06-22 10:00,2026-06-26 09:45,64,ok,15m bar数异常: 2026-06-22 count=15 (期望16)
300044,gem,64,2026-06-22 10:00,2026-06-26 09:45,64,ok,15m bar数异常: 2026-06-22 count=15 (期望16)
300045,gem,64,2026-06-22 09:45,2026-06-25 15:00,64,ok,
300046,gem,64,2026-06-22 10:00,2026-06-26 09:45,64,ok,15m bar数异常: 2026-06-22 count=15 (期望16)
300047,gem,64,2026-06-22 09:45,2026-06-25 15:00,64,ok,
300048,gem,64,2026-06-22 10:00,2026-06-26 09:45,64,ok,15m bar数异常: 2026-06-22 count=15 (期望16)
300049,gem,64,2026-06-22 09:45,2026-06-25 15:00,64,ok,
300050,gem,64,2026-06-22 09:45,2026-06-25 15:00,64,ok,
300051,gem,64,2026-06-22 09:45,2026-06-25 15:00,64,ok,
300052,gem,64,2026-06-22 09:45,2026-06-25 15:00,64,ok,
300053,gem,64,2026-06-22 09:45,2026-06-25 15:00,64,ok,
300054,gem,64,2026-06-22 09:45,2026-06-25 15:00,64,ok,
300055,gem,64,2026-06-22 09:45,2026-06-25 15:00,64,ok,
300056,gem,64,2026-06-22 09:45,2026-06-25 15:00,64,ok,
300057,gem,64,2026-06-22 09:45,2026-06-25 15:00,64,ok,
300058,gem,64,2026-06-22 09:45,2026-06-25 15:00,64,ok,
300059,gem,64,2026-06-22 09:45,2026-06-25 15:00,64,ok,
300061,gem,64,2026-06-22 09:45,2026-06-25 15:00,64,ok,
300062,gem,64,2026-06-22 09:45,2026-06-25 15:00,64,ok,
300063,gem,64,2026-06-22 10:00,2026-06-26 09:45,64,ok,15m bar数异常: 2026-06-22 count=15 (期望16)
300065,gem,64,2026-06-22 10:00,2026-06-26 09:45,64,ok,15m bar数异常: 2026-06-22 count=15 (期望16)
300066,gem,64,2026-06-22 09:45,2026-06-25 15:00,64,ok,
300067,gem,64,2026-06-22 10:00,2026-06-26 09:45,64,ok,15m bar数异常: 2026-06-22 count=15 (期望16)
300068,gem,64,2026-06-22 10:00,2026-06-26 09:45,64,ok,15m bar数异常: 2026-06-22 count=15 (期望16)
300069,gem,64,2026-06-22 09:45,2026-06-25 15:00,64,ok,
300070,gem,64,2026-06-22 09:45,2026-06-25 15:00,64,ok,
300071,gem,64,2026-06-22 10:00,2026-06-26 09:45,64,ok,15m bar数异常: 2026-06-22 count=15 (期望16)
300072,gem,64,2026-06-22 10:00,2026-06-26 09:45,64,ok,15m bar数异常: 2026-06-22 count=15 (期望16)
300073,gem,64,2026-06-22 09:45,2026-06-25 15:00,64,ok,
300074,gem,64,2026-06-22 10:00,2026-06-26 09:45,64,ok,15m bar数异常: 2026-06-22 count=15 (期望16)
300075,gem,64,2026-06-22 09:45,2026-06-25 15:00,64,ok,
300076,gem,64,2026-06-22 09:45,2026-06-25 15:00,64,ok,
300077,gem,64,2026-06-22 09:45,2026-06-25 15:00,64,ok,
300078,gem,64,2026-06-22 10:00,2026-06-26 09:45,64,ok,15m bar数异常: 2026-06-22 count=15 (期望16)
300079,gem,64,2026-06-22 10:00,2026-06-26 09:45,64,ok,15m bar数异常: 2026-06-22 count=15 (期望16)
300080,gem,64,2026-06-22 10:00,2026-06-26 09:45,64,ok,15m bar数异常: 2026-06-22 count=15 (期望16)
300081,gem,64,2026-06-22 10:00,2026-06-26 09:45,64,ok,15m bar数异常: 2026-06-22 count=15 (期望16)
300082,gem,64,2026-06-22 10:00,2026-06-26 09:45,64,ok,15m bar数异常: 2026-06-22 count=15 (期望16)
300083,gem,64,2026-06-22 09:45,2026-06-25 15:00,64,ok,
300084,gem,64,2026-06-22 09:45,2026-06-25 15:00,64,ok,
300085,gem,64,2026-06-22 09:45,2026-06-25 15:00,64,ok,
300086,gem,64,2026-06-22 09:45,2026-06-25 15:00,64,ok,
300087,gem,64,2026-06-22 09:45,2026-06-25 15:00,64,ok,
300088,gem,64,2026-06-22 09:45,2026-06-25 15:00,64,ok,
300091,gem,64,2026-06-22 09:45,2026-06-25 15:00,64,ok,
300092,gem,64,2026-06-22 09:45,2026-06-25 15:00,64,ok,
300093,gem,64,2026-06-22 10:00,2026-06-26 09:45,64,ok,15m bar数异常: 2026-06-22 count=15 (期望16)
300094,gem,64,2026-06-22 10:00,2026-06-26 09:45,64,ok,15m bar数异常: 2026-06-22 count=15 (期望16)
300095,gem,64,2026-06-22 10:00,2026-06-26 09:45,64,ok,15m bar数异常: 2026-06-22 count=15 (期望16)
300096,gem,64,2026-06-22 09:45,2026-06-25 15:00,64,ok,
300097,gem,64,2026-06-22 10:00,2026-06-26 09:45,64,ok,15m bar数异常: 2026-06-22 count=15 (期望16)
300098,gem,64,2026-06-22 09:45,2026-06-25 15:00,64,ok,
300099,gem,64,2026-06-22 10:00,2026-06-26 09:45,64,ok,15m bar数异常: 2026-06-22 count=15 (期望16)
300100,gem,64,2026-06-22 09:45,2026-06-25 15:00,64,ok,
300101,gem,64,2026-06-22 09:45,2026-06-25 15:00,64,ok,
300102,gem,64,2026-06-22 10:00,2026-06-26 09:45,64,ok,15m bar数异常: 2026-06-22 count=15 (期望16)
300103,gem,64,2026-06-22 09:45,2026-06-25 15:00,64,ok,
300105,gem,64,2026-06-22 09:45,2026-06-25 15:00,64,ok,
300106,gem,64,2026-06-22 09:45,2026-06-25 15:00,64,ok,
300107,gem,64,2026-06-22 09:45,2026-06-25 15:00,64,ok,
300109,gem,64,2026-06-22 10:00,2026-06-26 09:45,64,ok,15m bar数异常: 2026-06-22 count=15 (期望16)
300110,gem,64,2026-06-22 10:00,2026-06-26 09:45,64,ok,15m bar数异常: 2026-06-22 count=15 (期望16)
300111,gem,64,2026-06-22 09:45,2026-06-25 15:00,64,ok,
300112,gem,64,2026-06-22 09:45,2026-06-25 15:00,64,ok,
300113,gem,64,2026-06-22 10:00,2026-06-26 09:45,64,ok,15m bar数异常: 2026-06-22 count=15 (期望16)
300115,gem,64,2026-06-22 09:45,2026-06-25 15:00,64,ok,
300118,gem,64,2026-06-22 09:45,2026-06-25 15:00,64,ok,
300119,gem,64,2026-06-22 09:45,2026-06-25 15:00,64,ok,
300120,gem,64,2026-06-22 09:45,2026-06-25 15:00,64,ok,
300121,gem,64,2026-06-22 09:45,2026-06-25 15:00,64,ok,
300122,gem,64,2026-06-22 10:00,2026-06-26 09:45,64,ok,15m bar数异常: 2026-06-22 count=15 (期望16)
300123,gem,64,2026-06-22 10:00,2026-06-26 09:45,64,ok,15m bar数异常: 2026-06-22 count=15 (期望16)
300124,gem,64,2026-06-22 10:00,2026-06-26 09:45,64,ok,15m bar数异常: 2026-06-22 count=15 (期望16)
300125,gem,64,2026-06-22 10:00,2026-06-26 09:45,64,ok,15m bar数异常: 2026-06-22 count=15 (期望16)
300126,gem,64,2026-06-22 10:00,2026-06-26 09:45,64,ok,15m bar数异常: 2026-06-22 count=15 (期望16)
300127,gem,64,2026-06-22 10:00,2026-06-26 09:45,64,ok,15m bar数异常: 2026-06-22 count=15 (期望16)
300128,gem,64,2026-06-22 10:00,2026-06-26 09:45,64,ok,15m bar数异常: 2026-06-22 count=15 (期望16)
300129,gem,64,2026-06-22 10:00,2026-06-26 09:45,64,ok,15m bar数异常: 2026-06-22 count=15 (期望16)
300130,gem,64,2026-06-22 09:45,2026-06-25 15:00,64,ok,
300131,gem,64,2026-06-22 09:45,2026-06-25 15:00,64,ok,
300132,gem,64,2026-06-22 09:45,2026-06-25 15:00,64,ok,
300133,gem,64,2026-06-22 09:45,2026-06-25 15:00,64,ok,
300134,gem,64,2026-06-22 09:45,2026-06-25 15:00,64,ok,
300135,gem,64,2026-06-22 09:45,2026-06-25 15:00,64,ok,
300136,gem,64,2026-06-22 09:45,2026-06-25 15:00,64,ok,
300137,gem,64,2026-06-22 09:45,2026-06-25 15:00,64,ok,
300138,gem,64,2026-06-22 09:45,2026-06-25 15:00,64,ok,
300139,gem,64,2026-06-22 09:45,2026-06-25 15:00,64,ok,
300140,gem,64,2026-06-22 09:45,2026-06-25 15:00,64,ok,
300141,gem,64,2026-06-22 09:45,2026-06-25 15:00,64,ok,
300142,gem,64,2026-06-22 09:45,2026-06-25 15:00,64,ok,
300143,gem,64,2026-06-22 09:45,2026-06-25 15:00,64,ok,
300144,gem,64,2026-06-22 09:45,2026-06-25 15:00,64,ok,
300145,gem,64,2026-06-22 09:45,2026-06-25 15:00,64,ok,
300146,gem,64,2026-06-22 10:00,2026-06-26 09:45,64,ok,15m bar数异常: 2026-06-22 count=15 (期望16)
300147,gem,64,2026-06-22 09:45,2026-06-25 15:00,64,ok,
300148,gem,64,2026-06-22 10:00,2026-06-26 09:45,64,ok,15m bar数异常: 2026-06-22 count=15 (期望16)
300149,gem,64,2026-06-22 09:45,2026-06-25 15:00,64,ok,
300150,gem,64,2026-06-22 09:45,2026-06-25 15:00,64,ok,
300151,gem,64,2026-06-22 09:45,2026-06-25 15:00,64,ok,
300152,gem,64,2026-06-22 10:00,2026-06-26 09:45,64,ok,15m bar数异常: 2026-06-22 count=15 (期望16)
300153,gem,64,2026-06-22 10:00,2026-06-26 09:45,64,ok,15m bar数异常: 2026-06-22 count=15 (期望16)
300154,gem,64,2026-06-22 10:00,2026-06-26 09:45,64,ok,15m bar数异常: 2026-06-22 count=15 (期望16)
300155,gem,64,2026-06-22 10:00,2026-06-26 09:45,64,ok,15m bar数异常: 2026-06-22 count=15 (期望16)
300157,gem,64,2026-06-22 10:00,2026-06-26 09:45,64,ok,15m bar数异常: 2026-06-22 count=15 (期望16)
300158,gem,64,2026-06-22 09:45,2026-06-25 15:00,64,ok,
300159,gem,64,2026-06-22 09:45,2026-06-25 15:00,64,ok,
300160,gem,64,2026-06-22 09:45,2026-06-25 15:00,64,ok,
300161,gem,64,2026-06-22 09:45,2026-06-25 15:00,64,ok,
300162,gem,64,2026-06-22 09:45,2026-06-25 15:00,64,ok,
300163,gem,64,2026-06-22 09:45,2026-06-25 15:00,64,ok,
300164,gem,64,2026-06-22 10:00,2026-06-26 09:45,64,ok,15m bar数异常: 2026-06-22 count=15 (期望16)
300165,gem,64,2026-06-22 09:45,2026-06-25 15:00,64,ok,
300166,gem,64,2026-06-22 09:45,2026-06-25 15:00,64,ok,
300167,gem,64,2026-06-22 09:45,2026-06-25 15:00,64,ok,
300168,gem,64,2026-06-22 09:45,2026-06-25 15:00,64,ok,
300169,gem,64,2026-06-22 09:45,2026-06-25 15:00,64,ok,
300170,gem,64,2026-06-22 09:45,2026-06-25 15:00,64,ok,
300171,gem,64,2026-06-22 09:45,2026-06-25 15:00,64,ok,
300172,gem,64,2026-06-22 09:45,2026-06-25 15:00,64,ok,
300173,gem,64,2026-06-22 09:45,2026-06-25 15:00,64,ok,
300174,gem,64,2026-06-22 09:45,2026-06-25 15:00,64,ok,
300175,gem,64,2026-06-22 10:00,2026-06-26 09:45,64,ok,15m bar数异常: 2026-06-22 count=15 (期望16)
300176,gem,64,2026-06-22 09:45,2026-06-25 15:00,64,ok,
300177,gem,64,2026-06-22 09:45,2026-06-25 15:00,64,ok,
300179,gem,64,2026-06-22 10:00,2026-06-26 09:45,64,ok,15m bar数异常: 2026-06-22 count=15 (期望16)
300180,gem,64,2026-06-22 09:45,2026-06-25 15:00,64,ok,
300181,gem,64,2026-06-22 09:45,2026-06-25 15:00,64,ok,
300182,gem,64,2026-06-22 10:00,2026-06-26 09:45,64,ok,15m bar数异常: 2026-06-22 count=15 (期望16)
300183,gem,64,2026-06-22 10:00,2026-06-26 09:45,64,ok,15m bar数异常: 2026-06-22 count=15 (期望16)
300184,gem,64,2026-06-22 09:45,2026-06-25 15:00,64,ok,
300185,gem,64,2026-06-22 09:45,2026-06-25 15:00,64,ok,
300187,gem,64,2026-06-22 10:00,2026-06-26 09:45,64,ok,15m bar数异常: 2026-06-22 count=15 (期望16)
300188,gem,64,2026-06-22 10:00,2026-06-26 09:45,64,ok,15m bar数异常: 2026-06-22 count=15 (期望16)
300189,gem,64,2026-06-22 09:45,2026-06-25 15:00,64,ok,
300190,gem,64,2026-06-22 10:00,2026-06-26 09:45,64,ok,15m bar数异常: 2026-06-22 count=15 (期望16)
300191,gem,64,2026-06-22 09:45,2026-06-25 15:00,64,ok,
300192,gem,64,2026-06-22 09:45,2026-06-25 15:00,64,ok,
300193,gem,64,2026-06-22 09:45,2026-06-25 15:00,64,ok,
300194,gem,64,2026-06-22 09:45,2026-06-25 15:00,64,ok,
300195,gem,64,2026-06-22 10:00,2026-06-26 09:45,64,ok,15m bar数异常: 2026-06-22 count=15 (期望16)
300196,gem,64,2026-06-22 09:45,2026-06-25 15:00,64,ok,
300197,gem,64,2026-06-22 09:45,2026-06-25 15:00,64,ok,
300198,gem,64,2026-06-22 09:45,2026-06-25 15:00,64,ok,
300199,gem,64,2026-06-22 09:45,2026-06-25 15:00,64,ok,
300200,gem,64,2026-06-22 09:45,2026-06-25 15:00,64,ok,
300201,gem,64,2026-06-22 09:45,2026-06-25 15:00,64,ok,
300203,gem,64,2026-06-22 09:45,2026-06-25 15:00,64,ok,
300204,gem,64,2026-06-22 09:45,2026-06-25 15:00,64,ok,
300205,gem,64,2026-06-22 10:00,2026-06-26 09:45,64,ok,15m bar数异常: 2026-06-22 count=15 (期望16)
300206,gem,64,2026-06-22 09:45,2026-06-25 15:00,64,ok,
300207,gem,64,2026-06-22 09:45,2026-06-25 15:00,64,ok,
300209,gem,64,2026-06-22 10:00,2026-06-26 09:45,64,ok,15m bar数异常: 2026-06-22 count=15 (期望16)
300210,gem,64,2026-06-22 10:00,2026-06-26 09:45,64,ok,15m bar数异常: 2026-06-22 count=15 (期望16)
300211,gem,64,2026-06-22 10:00,2026-06-26 09:45,64,ok,15m bar数异常: 2026-06-22 count=15 (期望16)
300212,gem,64,2026-06-22 10:00,2026-06-26 09:45,64,ok,15m bar数异常: 2026-06-22 count=15 (期望16)
300213,gem,64,2026-06-22 09:45,2026-06-25 15:00,64,ok,
300214,gem,64,2026-06-22 09:45,2026-06-25 15:00,64,ok,
300215,gem,64,2026-06-22 09:45,2026-06-25 15:00,64,ok,
300217,gem,64,2026-06-22 09:45,2026-06-25 15:00,64,ok,
300218,gem,64,2026-06-22 09:45,2026-06-25 15:00,64,ok,
300219,gem,64,2026-06-22 10:00,2026-06-26 09:45,64,ok,15m bar数异常: 2026-06-22 count=15 (期望16)
300220,gem,64,2026-06-22 10:00,2026-06-26 09:45,64,ok,15m bar数异常: 2026-06-22 count=15 (期望16)
300221,gem,64,2026-06-22 09:45,2026-06-25 15:00,64,ok,
300222,gem,64,2026-06-22 10:00,2026-06-26 09:45,64,ok,15m bar数异常: 2026-06-22 count=15 (期望16)
300223,gem,64,2026-06-22 10:00,2026-06-26 09:45,64,ok,15m bar数异常: 2026-06-22 count=15 (期望16)
300224,gem,64,2026-06-22 09:45,2026-06-25 15:00,64,ok,
300225,gem,64,2026-06-22 09:45,2026-06-25 15:00,64,ok,
300226,gem,64,2026-06-22 09:45,2026-06-25 15:00,64,ok,
300227,gem,64,2026-06-22 09:45,2026-06-25 15:00,64,ok,
300228,gem,64,2026-06-22 10:00,2026-06-26 09:45,64,ok,15m bar数异常: 2026-06-22 count=15 (期望16)
300229,gem,64,2026-06-22 10:00,2026-06-26 09:45,64,ok,15m bar数异常: 2026-06-22 count=15 (期望16)
300230,gem,64,2026-06-22 10:00,2026-06-26 09:45,64,ok,15m bar数异常: 2026-06-22 count=15 (期望16)
300231,gem,64,2026-06-22 10:00,2026-06-26 09:45,64,ok,15m bar数异常: 2026-06-22 count=15 (期望16)
300232,gem,64,2026-06-22 10:00,2026-06-26 09:45,64,ok,15m bar数异常: 2026-06-22 count=15 (期望16)
300233,gem,64,2026-06-22 10:00,2026-06-26 09:45,64,ok,15m bar数异常: 2026-06-22 count=15 (期望16)
300234,gem,64,2026-06-22 10:00,2026-06-26 09:45,64,ok,15m bar数异常: 2026-06-22 count=15 (期望16)
300235,gem,64,2026-06-22 10:00,2026-06-26 09:45,64,ok,15m bar数异常: 2026-06-22 count=15 (期望16)
300236,gem,64,2026-06-22 09:45,2026-06-25 15:00,64,ok,
300237,gem,64,2026-06-22 09:45,2026-06-25 15:00,64,ok,
300238,gem,64,2026-06-22 09:45,2026-06-25 15:00,64,ok,
300239,gem,64,2026-06-22 09:45,2026-06-25 15:00,64,ok,
300240,gem,64,2026-06-22 09:45,2026-06-25 15:00,64,ok,
300241,gem,64,2026-06-22 09:45,2026-06-25 15:00,64,ok,
300242,gem,64,2026-06-22 09:45,2026-06-25 15:00,64,ok,
300243,gem,64,2026-06-22 09:45,2026-06-25 15:00,64,ok,
300244,gem,64,2026-06-22 09:45,2026-06-25 15:00,64,ok,
300245,gem,64,2026-06-22 09:45,2026-06-25 15:00,64,ok,
300246,gem,64,2026-06-22 09:45,2026-06-25 15:00,64,ok,
300247,gem,64,2026-06-22 09:45,2026-06-25 15:00,64,ok,
300248,gem,64,2026-06-22 09:45,2026-06-25 15:00,64,ok,
300249,gem,64,2026-06-22 09:45,2026-06-25 15:00,64,ok,
300250,gem,64,2026-06-22 09:45,2026-06-25 15:00,64,ok,
300251,gem,64,2026-06-22 09:45,2026-06-25 15:00,64,ok,
300252,gem,64,2026-06-22 10:00,2026-06-26 09:45,64,ok,15m bar数异常: 2026-06-22 count=15 (期望16)
300253,gem,64,2026-06-22 09:45,2026-06-25 15:00,64,ok,
300254,gem,64,2026-06-22 10:00,2026-06-26 09:45,64,ok,15m bar数异常: 2026-06-22 count=15 (期望16)
300255,gem,64,2026-06-22 09:45,2026-06-25 15:00,64,ok,
300256,gem,64,2026-06-22 10:00,2026-06-26 09:45,64,ok,15m bar数异常: 2026-06-22 count=15 (期望16)
300257,gem,64,2026-06-22 10:00,2026-06-26 09:45,64,ok,15m bar数异常: 2026-06-22 count=15 (期望16)
300258,gem,64,2026-06-22 09:45,2026-06-25 15:00,64,ok,
300259,gem,64,2026-06-22 10:00,2026-06-26 09:45,64,ok,15m bar数异常: 2026-06-22 count=15 (期望16)
300260,gem,64,2026-06-22 09:45,2026-06-25 15:00,64,ok,
300261,gem,64,2026-06-22 10:00,2026-06-26 09:45,64,ok,15m bar数异常: 2026-06-22 count=15 (期望16)
300263,gem,64,2026-06-22 10:00,2026-06-26 09:45,64,ok,15m bar数异常: 2026-06-22 count=15 (期望16)
300264,gem,64,2026-06-22 10:00,2026-06-26 09:45,64,ok,15m bar数异常: 2026-06-22 count=15 (期望16)
300265,gem,64,2026-06-22 09:45,2026-06-25 15:00,64,ok,
300266,gem,64,2026-06-22 09:45,2026-06-25 15:00,64,ok,
300267,gem,64,2026-06-22 09:45,2026-06-25 15:00,64,ok,
300268,gem,64,2026-06-22 09:45,2026-06-25 15:00,64,ok,
300269,gem,64,2026-06-22 09:45,2026-06-25 15:00,64,ok,
300270,gem,64,2026-06-22 09:45,2026-06-25 15:00,64,ok,
300271,gem,64,2026-06-22 09:45,2026-06-25 15:00,64,ok,
300272,gem,64,2026-06-22 09:45,2026-06-25 15:00,64,ok,
300274,gem,64,2026-06-22 09:45,2026-06-25 15:00,64,ok,
300275,gem,64,2026-06-22 09:45,2026-06-25 15:00,64,ok,
300276,gem,64,2026-06-22 09:45,2026-06-25 15:00,64,ok,
300277,gem,64,2026-06-22 09:45,2026-06-25 15:00,64,ok,
300278,gem,64,2026-06-22 09:45,2026-06-25 15:00,64,ok,
300279,gem,64,2026-06-22 10:00,2026-06-26 09:45,64,ok,15m bar数异常: 2026-06-22 count=15 (期望16)
300281,gem,64,2026-06-22 10:00,2026-06-26 09:45,64,ok,15m bar数异常: 2026-06-22 count=15 (期望16)
300283,gem,64,2026-06-22 09:45,2026-06-25 15:00,64,ok,
300284,gem,64,2026-06-22 10:00,2026-06-26 09:45,64,ok,15m bar数异常: 2026-06-22 count=15 (期望16)
300285,gem,64,2026-06-22 09:45,2026-06-25 15:00,64,ok,
300286,gem,64,2026-06-22 09:45,2026-06-25 15:00,64,ok,
300287,gem,64,2026-06-22 10:00,2026-06-26 09:45,64,ok,15m bar数异常: 2026-06-22 count=15 (期望16)
300288,gem,64,2026-06-22 09:45,2026-06-25 15:00,64,ok,
300289,gem,64,2026-06-22 10:00,2026-06-26 09:45,64,ok,15m bar数异常: 2026-06-22 count=15 (期望16)
300290,gem,64,2026-06-22 10:00,2026-06-26 09:45,64,ok,15m bar数异常: 2026-06-22 count=15 (期望16)
300291,gem,64,2026-06-22 10:00,2026-06-26 09:45,64,ok,15m bar数异常: 2026-06-22 count=15 (期望16)
300292,gem,64,2026-06-22 10:00,2026-06-26 09:45,64,ok,15m bar数异常: 2026-06-22 count=15 (期望16)
300293,gem,64,2026-06-22 10:00,2026-06-26 09:45,64,ok,15m bar数异常: 2026-06-22 count=15 (期望16)
300294,gem,64,2026-06-22 09:45,2026-06-25 15:00,64,ok,
300295,gem,64,2026-06-22 10:00,2026-06-26 09:45,64,ok,15m bar数异常: 2026-06-22 count=15 (期望16)
300296,gem,64,2026-06-22 09:45,2026-06-25 15:00,64,ok,
300298,gem,64,2026-06-22 10:00,2026-06-26 09:45,64,ok,15m bar数异常: 2026-06-22 count=15 (期望16)
300299,gem,64,2026-06-22 10:00,2026-06-26 09:45,64,ok,15m bar数异常: 2026-06-22 count=15 (期望16)
300300,gem,64,2026-06-22 09:45,2026-06-25 15:00,64,ok,
300301,gem,64,2026-06-22 09:45,2026-06-25 15:00,64,ok,
300302,gem,64,2026-06-22 09:45,2026-06-25 15:00,64,ok,
300303,gem,64,2026-06-22 09:45,2026-06-25 15:00,64,ok,
300304,gem,64,2026-06-22 09:45,2026-06-25 15:00,64,ok,
300305,gem,64,2026-06-22 09:45,2026-06-25 15:00,64,ok,
300306,gem,64,2026-06-22 09:45,2026-06-25 15:00,64,ok,
300307,gem,64,2026-06-22 09:45,2026-06-25 15:00,64,ok,
300308,gem,64,2026-06-22 09:45,2026-06-25 15:00,64,ok,
300310,gem,64,2026-06-22 10:00,2026-06-26 09:45,64,ok,15m bar数异常: 2026-06-22 count=15 (期望16)
300311,gem,64,2026-06-22 10:00,2026-06-26 09:45,64,ok,15m bar数异常: 2026-06-22 count=15 (期望16)
300313,gem,64,2026-06-22 09:45,2026-06-25 15:00,64,ok,
300314,gem,64,2026-06-22 09:45,2026-06-25 15:00,64,ok,
300315,gem,64,2026-06-22 10:00,2026-06-26 09:45,64,ok,15m bar数异常: 2026-06-22 count=15 (期望16)
300316,gem,64,2026-06-22 09:45,2026-06-25 15:00,64,ok,
300317,gem,64,2026-06-22 09:45,2026-06-25 15:00,64,ok,
300318,gem,64,2026-06-22 09:45,2026-06-25 15:00,64,ok,
300319,gem,64,2026-06-22 09:45,2026-06-25 15:00,64,ok,
300320,gem,64,2026-06-22 09:45,2026-06-25 15:00,64,ok,
300321,gem,64,2026-06-22 09:45,2026-06-25 15:00,64,ok,
300322,gem,64,2026-06-22 10:00,2026-06-26 09:45,64,ok,15m bar数异常: 2026-06-22 count=15 (期望16)
300323,gem,64,2026-06-22 09:45,2026-06-25 15:00,64,ok,
300324,gem,64,2026-06-22 09:45,2026-06-25 15:00,64,ok,
300326,gem,64,2026-06-22 10:00,2026-06-26 09:45,64,ok,15m bar数异常: 2026-06-22 count=15 (期望16)
300327,gem,64,2026-06-22 09:45,2026-06-25 15:00,64,ok,
300328,gem,64,2026-06-22 09:45,2026-06-25 15:00,64,ok,
300329,gem,64,2026-06-22 09:45,2026-06-25 15:00,64,ok,
300331,gem,64,2026-06-22 09:45,2026-06-25 15:00,64,ok,
300332,gem,64,2026-06-22 09:45,2026-06-25 15:00,64,ok,
300333,gem,64,2026-06-22 09:45,2026-06-25 15:00,64,ok,
300334,gem,64,2026-06-22 09:45,2026-06-25 15:00,64,ok,
300335,gem,64,2026-06-22 09:45,2026-06-25 15:00,64,ok,
300337,gem,64,2026-06-22 09:45,2026-06-25 15:00,64,ok,
300338,gem,64,2026-06-22 10:00,2026-06-26 09:45,64,ok,15m bar数异常: 2026-06-22 count=15 (期望16)
300339,gem,64,2026-06-22 10:00,2026-06-26 09:45,64,ok,15m bar数异常: 2026-06-22 count=15 (期望16)
300340,gem,64,2026-06-22 10:00,2026-06-26 09:45,64,ok,15m bar数异常: 2026-06-22 count=15 (期望16)
300341,gem,64,2026-06-22 10:00,2026-06-26 09:45,64,ok,15m bar数异常: 2026-06-22 count=15 (期望16)
300342,gem,64,2026-06-22 10:00,2026-06-26 09:45,64,ok,15m bar数异常: 2026-06-22 count=15 (期望16)
300343,gem,64,2026-06-22 10:00,2026-06-26 09:45,64,ok,15m bar数异常: 2026-06-22 count=15 (期望16)
300345,gem,64,2026-06-22 10:00,2026-06-26 09:45,64,ok,15m bar数异常: 2026-06-22 count=15 (期望16)
300346,gem,64,2026-06-22 10:00,2026-06-26 09:45,64,ok,15m bar数异常: 2026-06-22 count=15 (期望16)
300347,gem,64,2026-06-22 09:45,2026-06-25 15:00,64,ok,
300348,gem,64,2026-06-22 09:45,2026-06-25 15:00,64,ok,
300349,gem,64,2026-06-22 09:45,2026-06-25 15:00,64,ok,
300350,gem,64,2026-06-22 09:45,2026-06-25 15:00,64,ok,
300351,gem,64,2026-06-22 09:45,2026-06-25 15:00,64,ok,
300352,gem,64,2026-06-22 09:45,2026-06-25 15:00,64,ok,
300353,gem,64,2026-06-22 09:45,2026-06-25 15:00,64,ok,
300354,gem,64,2026-06-22 09:45,2026-06-25 15:00,64,ok,
300355,gem,64,2026-06-22 09:45,2026-06-25 15:00,64,ok,
300357,gem,64,2026-06-22 09:45,2026-06-25 15:00,64,ok,
300358,gem,64,2026-06-22 09:45,2026-06-25 15:00,64,ok,
300359,gem,64,2026-06-22 09:45,2026-06-25 15:00,64,ok,
300360,gem,64,2026-06-22 09:45,2026-06-25 15:00,64,ok,
300363,gem,64,2026-06-22 09:45,2026-06-25 15:00,64,ok,
300364,gem,64,2026-06-22 09:45,2026-06-25 15:00,64,ok,
300365,gem,64,2026-06-22 09:45,2026-06-25 15:00,64,ok,
300366,gem,64,2026-06-22 10:00,2026-06-26 09:45,64,ok,15m bar数异常: 2026-06-22 count=15 (期望16)
300368,gem,64,2026-06-22 09:45,2026-06-25 15:00,64,ok,
300369,gem,64,2026-06-22 10:00,2026-06-26 09:45,64,ok,15m bar数异常: 2026-06-22 count=15 (期望16)
300370,gem,64,2026-06-22 10:00,2026-06-26 09:45,64,ok,15m bar数异常: 2026-06-22 count=15 (期望16)
300371,gem,64,2026-06-22 10:00,2026-06-26 09:45,64,ok,15m bar数异常: 2026-06-22 count=15 (期望16)
300373,gem,64,2026-06-22 10:00,2026-06-26 09:45,64,ok,15m bar数异常: 2026-06-22 count=15 (期望16)
300374,gem,64,2026-06-22 09:45,2026-06-25 15:00,64,ok,
300375,gem,64,2026-06-22 09:45,2026-06-25 15:00,64,ok,
300376,gem,64,2026-06-22 10:00,2026-06-26 09:45,64,ok,15m bar数异常: 2026-06-22 count=15 (期望16)
300377,gem,64,2026-06-22 10:00,2026-06-26 09:45,64,ok,15m bar数异常: 2026-06-22 count=15 (期望16)
300378,gem,64,2026-06-22 10:00,2026-06-26 09:45,64,ok,15m bar数异常: 2026-06-22 count=15 (期望16)
300380,gem,64,2026-06-22 09:45,2026-06-25 15:00,64,ok,
300381,gem,64,2026-06-22 09:45,2026-06-25 15:00,64,ok,
300382,gem,64,2026-06-22 09:45,2026-06-25 15:00,64,ok,
300383,gem,64,2026-06-22 09:45,2026-06-25 15:00,64,ok,
300384,gem,64,2026-06-22 09:45,2026-06-25 15:00,64,ok,
300385,gem,64,2026-06-22 09:45,2026-06-25 15:00,64,ok,
300386,gem,64,2026-06-22 09:45,2026-06-25 15:00,64,ok,
300387,gem,64,2026-06-22 09:45,2026-06-25 15:00,64,ok,
300388,gem,64,2026-06-22 09:45,2026-06-25 15:00,64,ok,
300389,gem,64,2026-06-22 09:45,2026-06-25 15:00,64,ok,
300390,gem,64,2026-06-22 09:45,2026-06-25 15:00,64,ok,
300393,gem,64,2026-06-22 09:45,2026-06-25 15:00,64,ok,
300394,gem,64,2026-06-22 10:00,2026-06-26 09:45,64,ok,15m bar数异常: 2026-06-22 count=15 (期望16)
300395,gem,64,2026-06-22 09:45,2026-06-25 15:00,64,ok,
300396,gem,64,2026-06-22 10:00,2026-06-26 09:45,64,ok,15m bar数异常: 2026-06-22 count=15 (期望16)
300397,gem,64,2026-06-22 10:00,2026-06-26 09:45,64,ok,15m bar数异常: 2026-06-22 count=15 (期望16)
300398,gem,64,2026-06-22 09:45,2026-06-25 15:00,64,ok,
300399,gem,64,2026-06-22 10:00,2026-06-26 09:45,64,ok,15m bar数异常: 2026-06-22 count=15 (期望16)
300400,gem,64,2026-06-22 10:00,2026-06-26 09:45,64,ok,15m bar数异常: 2026-06-22 count=15 (期望16)
300401,gem,64,2026-06-22 09:45,2026-06-25 15:00,64,ok,
300402,gem,64,2026-06-22 10:00,2026-06-26 09:45,64,ok,15m bar数异常: 2026-06-22 count=15 (期望16)
300403,gem,64,2026-06-22 10:00,2026-06-26 09:45,64,ok,15m bar数异常: 2026-06-22 count=15 (期望16)
300404,gem,64,2026-06-22 10:00,2026-06-26 09:45,64,ok,15m bar数异常: 2026-06-22 count=15 (期望16)
300405,gem,64,2026-06-22 10:00,2026-06-26 09:45,64,ok,15m bar数异常: 2026-06-22 count=15 (期望16)
300406,gem,64,2026-06-22 10:00,2026-06-26 09:45,64,ok,15m bar数异常: 2026-06-22 count=15 (期望16)
300407,gem,64,2026-06-22 10:00,2026-06-26 09:45,64,ok,15m bar数异常: 2026-06-22 count=15 (期望16)
300408,gem,64,2026-06-22 10:00,2026-06-26 09:45,64,ok,15m bar数异常: 2026-06-22 count=15 (期望16)
300409,gem,64,2026-06-22 10:00,2026-06-26 09:45,64,ok,15m bar数异常: 2026-06-22 count=15 (期望16)
300410,gem,64,2026-06-22 09:45,2026-06-25 15:00,64,ok,
300411,gem,64,2026-06-22 09:45,2026-06-25 15:00,64,ok,
300412,gem,64,2026-06-22 09:45,2026-06-25 15:00,64,ok,
300413,gem,64,2026-06-22 09:45,2026-06-25 15:00,64,ok,
300414,gem,64,2026-06-22 09:45,2026-06-25 15:00,64,ok,
300415,gem,64,2026-06-22 09:45,2026-06-25 15:00,64,ok,
300416,gem,64,2026-06-22 09:45,2026-06-25 15:00,64,ok,
300417,gem,64,2026-06-22 09:45,2026-06-25 15:00,64,ok,
300418,gem,64,2026-06-22 09:45,2026-06-25 15:00,64,ok,
300419,gem,64,2026-06-22 10:00,2026-06-26 09:45,64,ok,15m bar数异常: 2026-06-22 count=15 (期望16)
300420,gem,64,2026-06-22 09:45,2026-06-25 15:00,64,ok,
300421,gem,64,2026-06-22 09:45,2026-06-25 15:00,64,ok,
300422,gem,64,2026-06-22 09:45,2026-06-25 15:00,64,ok,
300423,gem,64,2026-06-22 09:45,2026-06-25 15:00,64,ok,
300424,gem,64,2026-06-22 10:00,2026-06-26 09:45,64,ok,15m bar数异常: 2026-06-22 count=15 (期望16)
300425,gem,64,2026-06-22 09:45,2026-06-25 15:00,64,ok,
300426,gem,64,2026-06-22 09:45,2026-06-25 15:00,64,ok,
300427,gem,64,2026-06-22 09:45,2026-06-25 15:00,64,ok,
300428,gem,64,2026-06-22 09:45,2026-06-25 15:00,64,ok,
300429,gem,64,2026-06-22 09:45,2026-06-25 15:00,64,ok,
300430,gem,64,2026-06-22 10:00,2026-06-26 09:45,64,ok,15m bar数异常: 2026-06-22 count=15 (期望16)
300432,gem,64,2026-06-22 10:00,2026-06-26 09:45,64,ok,15m bar数异常: 2026-06-22 count=15 (期望16)
300433,gem,64,2026-06-22 10:00,2026-06-26 09:45,64,ok,15m bar数异常: 2026-06-22 count=15 (期望16)
300434,gem,64,2026-06-22 10:00,2026-06-26 09:45,64,ok,15m bar数异常: 2026-06-22 count=15 (期望16)
300435,gem,64,2026-06-22 09:45,2026-06-25 15:00,64,ok,
300436,gem,64,2026-06-22 09:45,2026-06-25 15:00,64,ok,
300437,gem,64,2026-06-22 10:00,2026-06-26 09:45,64,ok,15m bar数异常: 2026-06-22 count=15 (期望16)
300438,gem,64,2026-06-22 09:45,2026-06-25 15:00,64,ok,
300439,gem,64,2026-06-22 09:45,2026-06-25 15:00,64,ok,
300440,gem,64,2026-06-22 09:45,2026-06-25 15:00,64,ok,
300441,gem,64,2026-06-22 09:45,2026-06-25 15:00,64,ok,
300442,gem,64,2026-06-22 09:45,2026-06-25 15:00,64,ok,
300443,gem,64,2026-06-22 09:45,2026-06-25 15:00,64,ok,
300444,gem,64,2026-06-22 09:45,2026-06-25 15:00,64,ok,
300445,gem,64,2026-06-22 09:45,2026-06-25 15:00,64,ok,
300446,gem,64,2026-06-22 09:45,2026-06-25 15:00,64,ok,
300447,gem,64,2026-06-22 09:45,2026-06-25 15:00,64,ok,
300448,gem,64,2026-06-22 10:00,2026-06-26 09:45,64,ok,15m bar数异常: 2026-06-22 count=15 (期望16)
300449,gem,64,2026-06-22 10:00,2026-06-26 09:45,64,ok,15m bar数异常: 2026-06-22 count=15 (期望16)
300450,gem,64,2026-06-22 10:00,2026-06-26 09:45,64,ok,15m bar数异常: 2026-06-22 count=15 (期望16)
300451,gem,64,2026-06-22 10:00,2026-06-26 09:45,64,ok,15m bar数异常: 2026-06-22 count=15 (期望16)
300452,gem,64,2026-06-22 10:00,2026-06-26 09:45,64,ok,15m bar数异常: 2026-06-22 count=15 (期望16)
300453,gem,64,2026-06-22 10:00,2026-06-26 09:45,64,ok,15m bar数异常: 2026-06-22 count=15 (期望16)
300454,gem,64,2026-06-22 10:00,2026-06-26 09:45,64,ok,15m bar数异常: 2026-06-22 count=15 (期望16)
300455,gem,64,2026-06-22 10:00,2026-06-26 09:45,64,ok,15m bar数异常: 2026-06-22 count=15 (期望16)
300456,gem,64,2026-06-22 09:45,2026-06-25 15:00,64,ok,
300457,gem,64,2026-06-22 09:45,2026-06-25 15:00,64,ok,
300458,gem,64,2026-06-22 09:45,2026-06-25 15:00,64,ok,
300459,gem,64,2026-06-22 09:45,2026-06-25 15:00,64,ok,
300460,gem,64,2026-06-22 09:45,2026-06-25 15:00,64,ok,
300461,gem,64,2026-06-22 09:45,2026-06-25 15:00,64,ok,
300462,gem,64,2026-06-22 09:45,2026-06-25 15:00,64,ok,
300463,gem,64,2026-06-22 09:45,2026-06-25 15:00,64,ok,
300464,gem,64,2026-06-22 09:45,2026-06-25 15:00,64,ok,
300465,gem,64,2026-06-22 09:45,2026-06-25 15:00,64,ok,
300466,gem,64,2026-06-22 09:45,2026-06-25 15:00,64,ok,
300467,gem,64,2026-06-22 09:45,2026-06-25 15:00,64,ok,
300468,gem,64,2026-06-22 09:45,2026-06-25 15:00,64,ok,
300469,gem,64,2026-06-22 09:45,2026-06-25 15:00,64,ok,
300470,gem,64,2026-06-22 09:45,2026-06-25 15:00,64,ok,
300471,gem,64,2026-06-22 09:45,2026-06-25 15:00,64,ok,
300472,gem,64,2026-06-22 10:00,2026-06-26 09:45,64,ok,15m bar数异常: 2026-06-22 count=15 (期望16)
300473,gem,64,2026-06-22 10:00,2026-06-26 09:45,64,ok,15m bar数异常: 2026-06-22 count=15 (期望16)
300474,gem,64,2026-06-22 10:00,2026-06-26 09:45,64,ok,15m bar数异常: 2026-06-22 count=15 (期望16)
300475,gem,64,2026-06-22 09:45,2026-06-25 15:00,64,ok,
300476,gem,64,2026-06-22 10:00,2026-06-26 09:45,64,ok,15m bar数异常: 2026-06-22 count=15 (期望16)
300477,gem,64,2026-06-22 10:00,2026-06-26 09:45,64,ok,15m bar数异常: 2026-06-22 count=15 (期望16)
300478,gem,64,2026-06-22 09:45,2026-06-25 15:00,64,ok,
300479,gem,64,2026-06-22 10:00,2026-06-26 09:45,64,ok,15m bar数异常: 2026-06-22 count=15 (期望16)
300480,gem,64,2026-06-22 09:45,2026-06-25 15:00,64,ok,
300481,gem,64,2026-06-22 10:00,2026-06-26 09:45,64,ok,15m bar数异常: 2026-06-22 count=15 (期望16)
300482,gem,64,2026-06-22 10:00,2026-06-26 09:45,64,ok,15m bar数异常: 2026-06-22 count=15 (期望16)
300483,gem,64,2026-06-22 09:45,2026-06-25 15:00,64,ok,
300484,gem,64,2026-06-22 09:45,2026-06-25 15:00,64,ok,
300485,gem,64,2026-06-22 09:45,2026-06-25 15:00,64,ok,
300486,gem,64,2026-06-22 09:45,2026-06-25 15:00,64,ok,
300487,gem,64,2026-06-22 09:45,2026-06-25 15:00,64,ok,
300488,gem,64,2026-06-22 09:45,2026-06-25 15:00,64,ok,
300489,gem,64,2026-06-22 09:45,2026-06-25 15:00,64,ok,
300490,gem,64,2026-06-22 09:45,2026-06-25 15:00,64,ok,
300491,gem,64,2026-06-22 09:45,2026-06-25 15:00,64,ok,
300492,gem,64,2026-06-22 09:45,2026-06-25 15:00,64,ok,
300493,gem,64,2026-06-22 09:45,2026-06-25 15:00,64,ok,
300494,gem,64,2026-06-22 09:45,2026-06-25 15:00,64,ok,
300496,gem,64,2026-06-22 09:45,2026-06-25 15:00,64,ok,
300497,gem,64,2026-06-22 09:45,2026-06-25 15:00,64,ok,
300498,gem,64,2026-06-22 10:00,2026-06-26 09:45,64,ok,15m bar数异常: 2026-06-22 count=15 (期望16)
300499,gem,64,2026-06-22 09:45,2026-06-25 15:00,64,ok,
300500,gem,64,2026-06-22 10:00,2026-06-26 09:45,64,ok,15m bar数异常: 2026-06-22 count=15 (期望16)
300501,gem,64,2026-06-22 09:45,2026-06-25 15:00,64,ok,
300502,gem,64,2026-06-22 10:00,2026-06-26 09:45,64,ok,15m bar数异常: 2026-06-22 count=15 (期望16)
300503,gem,64,2026-06-22 09:45,2026-06-25 15:00,64,ok,
300504,gem,64,2026-06-22 09:45,2026-06-25 15:00,64,ok,
300505,gem,64,2026-06-22 09:45,2026-06-25 15:00,64,ok,
300506,gem,64,2026-06-22 10:00,2026-06-26 09:45,64,ok,15m bar数异常: 2026-06-22 count=15 (期望16)
300507,gem,64,2026-06-22 09:45,2026-06-25 15:00,64,ok,
300508,gem,64,2026-06-22 10:00,2026-06-26 09:45,64,ok,15m bar数异常: 2026-06-22 count=15 (期望16)
300509,gem,64,2026-06-22 10:00,2026-06-26 09:45,64,ok,15m bar数异常: 2026-06-22 count=15 (期望16)
300510,gem,64,2026-06-22 10:00,2026-06-26 09:45,64,ok,15m bar数异常: 2026-06-22 count=15 (期望16)
300511,gem,64,2026-06-22 10:00,2026-06-26 09:45,64,ok,15m bar数异常: 2026-06-22 count=15 (期望16)
300512,gem,64,2026-06-22 09:45,2026-06-25 15:00,64,ok,
300513,gem,64,2026-06-22 09:45,2026-06-25 15:00,64,ok,
300514,gem,64,2026-06-22 09:45,2026-06-25 15:00,64,ok,
300515,gem,64,2026-06-22 09:45,2026-06-25 15:00,64,ok,
300516,gem,64,2026-06-22 09:45,2026-06-25 15:00,64,ok,
300517,gem,64,2026-06-22 09:45,2026-06-25 15:00,64,ok,
300518,gem,64,2026-06-22 09:45,2026-06-25 15:00,64,ok,
300519,gem,64,2026-06-22 10:00,2026-06-26 09:45,64,ok,15m bar数异常: 2026-06-22 count=15 (期望16)
300520,gem,64,2026-06-22 09:45,2026-06-25 15:00,64,ok,
300521,gem,64,2026-06-22 09:45,2026-06-25 15:00,64,ok,
300522,gem,64,2026-06-22 09:45,2026-06-25 15:00,64,ok,
300523,gem,64,2026-06-22 10:00,2026-06-26 09:45,64,ok,15m bar数异常: 2026-06-22 count=15 (期望16)
300525,gem,64,2026-06-22 09:45,2026-06-25 15:00,64,ok,
300527,gem,64,2026-06-22 10:00,2026-06-26 09:45,64,ok,15m bar数异常: 2026-06-22 count=15 (期望16)
300528,gem,64,2026-06-22 09:45,2026-06-25 15:00,64,ok,
300529,gem,64,2026-06-22 09:45,2026-06-25 15:00,64,ok,
300530,gem,64,2026-06-22 09:45,2026-06-25 15:00,64,ok,
300531,gem,64,2026-06-22 10:00,2026-06-26 09:45,64,ok,15m bar数异常: 2026-06-22 count=15 (期望16)
300532,gem,64,2026-06-22 09:45,2026-06-25 15:00,64,ok,
300533,gem,64,2026-06-22 09:45,2026-06-25 15:00,64,ok,
300534,gem,64,2026-06-22 09:45,2026-06-25 15:00,64,ok,
300535,gem,64,2026-06-22 09:45,2026-06-25 15:00,64,ok,
300536,gem,64,2026-06-22 09:45,2026-06-25 15:00,64,ok,
300537,gem,64,2026-06-22 10:00,2026-06-26 09:45,64,ok,15m bar数异常: 2026-06-22 count=15 (期望16)
300538,gem,64,2026-06-22 10:00,2026-06-26 09:45,64,ok,15m bar数异常: 2026-06-22 count=15 (期望16)
300539,gem,64,2026-06-22 10:00,2026-06-26 09:45,64,ok,15m bar数异常: 2026-06-22 count=15 (期望16)
300540,gem,64,2026-06-22 09:45,2026-06-25 15:00,64,ok,
300541,gem,64,2026-06-22 09:45,2026-06-25 15:00,64,ok,
300542,gem,64,2026-06-22 09:45,2026-06-25 15:00,64,ok,
300543,gem,64,2026-06-22 09:45,2026-06-25 15:00,64,ok,
300545,gem,64,2026-06-22 10:00,2026-06-26 09:45,64,ok,15m bar数异常: 2026-06-22 count=15 (期望16)
300546,gem,64,2026-06-22 09:45,2026-06-25 15:00,64,ok,
300547,gem,64,2026-06-22 09:45,2026-06-25 15:00,64,ok,
300548,gem,64,2026-06-22 09:45,2026-06-25 15:00,64,ok,
300549,gem,64,2026-06-22 09:45,2026-06-25 15:00,64,ok,
300550,gem,64,2026-06-22 09:45,2026-06-25 15:00,64,ok,
300551,gem,64,2026-06-22 09:45,2026-06-25 15:00,64,ok,
300552,gem,64,2026-06-22 10:00,2026-06-26 09:45,64,ok,15m bar数异常: 2026-06-22 count=15 (期望16)
300553,gem,64,2026-06-22 10:00,2026-06-26 09:45,64,ok,15m bar数异常: 2026-06-22 count=15 (期望16)
300554,gem,64,2026-06-22 10:00,2026-06-26 09:45,64,ok,15m bar数异常: 2026-06-22 count=15 (期望16)
300555,gem,64,2026-06-22 10:00,2026-06-26 09:45,64,ok,15m bar数异常: 2026-06-22 count=15 (期望16)
300556,gem,64,2026-06-22 10:00,2026-06-26 09:45,64,ok,15m bar数异常: 2026-06-22 count=15 (期望16)
300557,gem,64,2026-06-22 10:00,2026-06-26 09:45,64,ok,15m bar数异常: 2026-06-22 count=15 (期望16)
300558,gem,64,2026-06-22 10:00,2026-06-26 09:45,64,ok,15m bar数异常: 2026-06-22 count=15 (期望16)
300559,gem,64,2026-06-22 10:00,2026-06-26 09:45,64,ok,15m bar数异常: 2026-06-22 count=15 (期望16)
300560,gem,64,2026-06-22 09:45,2026-06-25 15:00,64,ok,
300561,gem,64,2026-06-22 09:45,2026-06-25 15:00,64,ok,
300562,gem,64,2026-06-22 09:45,2026-06-25 15:00,64,ok,
300563,gem,64,2026-06-22 09:45,2026-06-25 15:00,64,ok,
300564,gem,64,2026-06-22 09:45,2026-06-25 15:00,64,ok,
300565,gem,64,2026-06-22 09:45,2026-06-25 15:00,64,ok,
300566,gem,64,2026-06-22 09:45,2026-06-25 15:00,64,ok,
300567,gem,64,2026-06-22 09:45,2026-06-25 15:00,64,ok,
300568,gem,64,2026-06-22 09:45,2026-06-25 15:00,64,ok,
300569,gem,64,2026-06-22 09:45,2026-06-25 15:00,64,ok,
300570,gem,64,2026-06-22 09:45,2026-06-25 15:00,64,ok,
300571,gem,64,2026-06-22 09:45,2026-06-25 15:00,64,ok,
300572,gem,64,2026-06-22 09:45,2026-06-25 15:00,64,ok,
300573,gem,64,2026-06-22 09:45,2026-06-25 15:00,64,ok,
300575,gem,64,2026-06-22 09:45,2026-06-25 15:00,64,ok,
300576,gem,64,2026-06-22 09:45,2026-06-25 15:00,64,ok,
300577,gem,64,2026-06-22 10:00,2026-06-26 09:45,64,ok,15m bar数异常: 2026-06-22 count=15 (期望16)
300578,gem,64,2026-06-22 10:00,2026-06-26 09:45,64,ok,15m bar数异常: 2026-06-22 count=15 (期望16)
300579,gem,64,2026-06-22 10:00,2026-06-26 09:45,64,ok,15m bar数异常: 2026-06-22 count=15 (期望16)
300580,gem,64,2026-06-22 09:45,2026-06-25 15:00,64,ok,
300581,gem,64,2026-06-22 10:00,2026-06-26 09:45,64,ok,15m bar数异常: 2026-06-22 count=15 (期望16)
300582,gem,64,2026-06-22 09:45,2026-06-25 15:00,64,ok,
300583,gem,64,2026-06-22 10:00,2026-06-26 09:45,64,ok,15m bar数异常: 2026-06-22 count=15 (期望16)
300584,gem,64,2026-06-22 10:00,2026-06-26 09:45,64,ok,15m bar数异常: 2026-06-22 count=15 (期望16)
300585,gem,64,2026-06-22 09:45,2026-06-25 15:00,64,ok,
300586,gem,64,2026-06-22 10:00,2026-06-26 09:45,64,ok,15m bar数异常: 2026-06-22 count=15 (期望16)
300587,gem,64,2026-06-22 09:45,2026-06-25 15:00,64,ok,
300588,gem,64,2026-06-22 09:45,2026-06-25 15:00,64,ok,
300589,gem,64,2026-06-22 09:45,2026-06-25 15:00,64,ok,
300590,gem,64,2026-06-22 09:45,2026-06-25 15:00,64,ok,
300591,gem,64,2026-06-22 09:45,2026-06-25 15:00,64,ok,
300592,gem,64,2026-06-22 09:45,2026-06-25 15:00,64,ok,
300593,gem,64,2026-06-22 09:45,2026-06-25 15:00,64,ok,
300594,gem,64,2026-06-22 09:45,2026-06-25 15:00,64,ok,
300595,gem,64,2026-06-22 09:45,2026-06-25 15:00,64,ok,
300596,gem,64,2026-06-22 09:45,2026-06-25 15:00,64,ok,
300597,gem,64,2026-06-22 09:45,2026-06-25 15:00,64,ok,
300598,gem,64,2026-06-22 09:45,2026-06-25 15:00,64,ok,
300599,gem,64,2026-06-22 10:00,2026-06-26 09:45,64,ok,15m bar数异常: 2026-06-22 count=15 (期望16)
300600,gem,64,2026-06-22 09:45,2026-06-25 15:00,64,ok,
300601,gem,64,2026-06-22 09:45,2026-06-25 15:00,64,ok,
300602,gem,64,2026-06-22 09:45,2026-06-25 15:00,64,ok,
300603,gem,64,2026-06-22 09:45,2026-06-25 15:00,64,ok,
300604,gem,64,2026-06-22 09:45,2026-06-25 15:00,64,ok,
300605,gem,64,2026-06-22 09:45,2026-06-25 15:00,64,ok,
300606,gem,64,2026-06-22 09:45,2026-06-25 15:00,64,ok,
300607,gem,64,2026-06-22 10:00,2026-06-26 09:45,64,ok,15m bar数异常: 2026-06-22 count=15 (期望16)
300608,gem,64,2026-06-22 10:00,2026-06-26 09:45,64,ok,15m bar数异常: 2026-06-22 count=15 (期望16)
300609,gem,64,2026-06-22 09:45,2026-06-25 15:00,64,ok,
300610,gem,64,2026-06-22 10:00,2026-06-26 09:45,64,ok,15m bar数异常: 2026-06-22 count=15 (期望16)
300611,gem,64,2026-06-22 09:45,2026-06-25 15:00,64,ok,
300612,gem,64,2026-06-22 09:45,2026-06-25 15:00,64,ok,
300613,gem,64,2026-06-22 10:00,2026-06-26 09:45,64,ok,15m bar数异常: 2026-06-22 count=15 (期望16)
300614,gem,64,2026-06-22 10:00,2026-06-26 09:45,64,ok,15m bar数异常: 2026-06-22 count=15 (期望16)
300615,gem,64,2026-06-22 10:00,2026-06-26 09:45,64,ok,15m bar数异常: 2026-06-22 count=15 (期望16)
300616,gem,64,2026-06-22 09:45,2026-06-25 15:00,64,ok,
300617,gem,64,2026-06-22 09:45,2026-06-25 15:00,64,ok,
300618,gem,64,2026-06-22 09:45,2026-06-25 15:00,64,ok,
300619,gem,64,2026-06-22 09:45,2026-06-25 15:00,64,ok,
300620,gem,64,2026-06-22 09:45,2026-06-25 15:00,64,ok,
300621,gem,64,2026-06-22 09:45,2026-06-25 15:00,64,ok,
300622,gem,64,2026-06-22 10:00,2026-06-26 09:45,64,ok,15m bar数异常: 2026-06-22 count=15 (期望16)
300623,gem,64,2026-06-22 09:45,2026-06-25 15:00,64,ok,
300624,gem,64,2026-06-22 09:45,2026-06-25 15:00,64,ok,
300625,gem,64,2026-06-22 09:45,2026-06-25 15:00,64,ok,
300626,gem,64,2026-06-22 09:45,2026-06-25 15:00,64,ok,
300627,gem,64,2026-06-22 09:45,2026-06-25 15:00,64,ok,
300628,gem,64,2026-06-22 09:45,2026-06-25 15:00,64,ok,
300629,gem,64,2026-06-22 09:45,2026-06-25 15:00,64,ok,
300631,gem,64,2026-06-22 10:00,2026-06-26 09:45,64,ok,15m bar数异常: 2026-06-22 count=15 (期望16)
300632,gem,64,2026-06-22 10:00,2026-06-26 09:45,64,ok,15m bar数异常: 2026-06-22 count=15 (期望16)
300633,gem,64,2026-06-22 09:45,2026-06-25 15:00,64,ok,
300634,gem,64,2026-06-22 09:45,2026-06-25 15:00,64,ok,
300635,gem,64,2026-06-22 09:45,2026-06-25 15:00,64,ok,
300636,gem,64,2026-06-22 09:45,2026-06-25 15:00,64,ok,
300637,gem,64,2026-06-22 09:45,2026-06-25 15:00,64,ok,
300638,gem,64,2026-06-22 09:45,2026-06-25 15:00,64,ok,
300639,gem,64,2026-06-22 10:00,2026-06-26 09:45,64,ok,15m bar数异常: 2026-06-22 count=15 (期望16)
300640,gem,64,2026-06-22 10:00,2026-06-26 09:45,64,ok,15m bar数异常: 2026-06-22 count=15 (期望16)
300641,gem,64,2026-06-22 09:45,2026-06-25 15:00,64,ok,
300642,gem,64,2026-06-22 10:00,2026-06-26 09:45,64,ok,15m bar数异常: 2026-06-22 count=15 (期望16)
300643,gem,64,2026-06-22 10:00,2026-06-26 09:45,64,ok,15m bar数异常: 2026-06-22 count=15 (期望16)
300728,gem,0,,,0,no_data,无数据
300644,gem,64,2026-06-22 10:00,2026-06-26 09:45,64,ok,15m bar数异常: 2026-06-22 count=15 (期望16)
300645,gem,64,2026-06-22 10:00,2026-06-26 09:45,64,ok,15m bar数异常: 2026-06-22 count=15 (期望16)
300647,gem,64,2026-06-22 09:45,2026-06-25 15:00,64,ok,
300648,gem,64,2026-06-22 09:45,2026-06-25 15:00,64,ok,
300649,gem,64,2026-06-22 09:45,2026-06-25 15:00,64,ok,
300650,gem,64,2026-06-22 09:45,2026-06-25 15:00,64,ok,
300651,gem,64,2026-06-22 09:45,2026-06-25 15:00,64,ok,
300652,gem,64,2026-06-22 09:45,2026-06-25 15:00,64,ok,
300653,gem,64,2026-06-22 09:45,2026-06-25 15:00,64,ok,
300654,gem,64,2026-06-22 09:45,2026-06-25 15:00,64,ok,
300655,gem,64,2026-06-22 10:00,2026-06-26 09:45,64,ok,15m bar数异常: 2026-06-22 count=15 (期望16)
300656,gem,64,2026-06-22 10:00,2026-06-26 09:45,64,ok,15m bar数异常: 2026-06-22 count=15 (期望16)
300657,gem,64,2026-06-22 10:00,2026-06-26 09:45,64,ok,15m bar数异常: 2026-06-22 count=15 (期望16)
300658,gem,64,2026-06-22 10:00,2026-06-26 09:45,64,ok,15m bar数异常: 2026-06-22 count=15 (期望16)
300659,gem,64,2026-06-22 10:00,2026-06-26 09:45,64,ok,15m bar数异常: 2026-06-22 count=15 (期望16)
300660,gem,64,2026-06-22 10:00,2026-06-26 09:45,64,ok,15m bar数异常: 2026-06-22 count=15 (期望16)
300661,gem,64,2026-06-22 10:00,2026-06-26 09:45,64,ok,15m bar数异常: 2026-06-22 count=15 (期望16)
300662,gem,64,2026-06-22 10:00,2026-06-26 09:45,64,ok,15m bar数异常: 2026-06-22 count=15 (期望16)
300663,gem,64,2026-06-22 09:45,2026-06-25 15:00,64,ok,
300664,gem,64,2026-06-22 09:45,2026-06-25 15:00,64,ok,
300665,gem,48,2026-06-15 09:45,2026-06-25 15:00,48,ok,
300666,gem,64,2026-06-22 09:45,2026-06-25 15:00,64,ok,
300667,gem,64,2026-06-22 09:45,2026-06-25 15:00,64,ok,
300668,gem,64,2026-06-22 09:45,2026-06-25 15:00,64,ok,
300669,gem,64,2026-06-22 09:45,2026-06-25 15:00,64,ok,
300670,gem,64,2026-06-22 09:45,2026-06-25 15:00,64,ok,
300671,gem,64,2026-06-22 09:45,2026-06-25 15:00,64,ok,
300672,gem,64,2026-06-22 09:45,2026-06-25 15:00,64,ok,
300673,gem,64,2026-06-22 09:45,2026-06-25 15:00,64,ok,
300674,gem,64,2026-06-22 09:45,2026-06-25 15:00,64,ok,
300675,gem,64,2026-06-22 09:45,2026-06-25 15:00,64,ok,
300676,gem,64,2026-06-22 09:45,2026-06-25 15:00,64,ok,
300677,gem,64,2026-06-22 09:45,2026-06-25 15:00,64,ok,
300678,gem,64,2026-06-22 09:45,2026-06-25 15:00,64,ok,
300679,gem,64,2026-06-22 10:00,2026-06-26 09:45,64,ok,15m bar数异常: 2026-06-22 count=15 (期望16)
300680,gem,64,2026-06-22 10:00,2026-06-26 09:45,64,ok,15m bar数异常: 2026-06-22 count=15 (期望16)
300681,gem,64,2026-06-22 10:00,2026-06-26 09:45,64,ok,15m bar数异常: 2026-06-22 count=15 (期望16)
300682,gem,64,2026-06-22 10:00,2026-06-26 09:45,64,ok,15m bar数异常: 2026-06-22 count=15 (期望16)
300683,gem,64,2026-06-22 09:45,2026-06-25 15:00,64,ok,
300684,gem,64,2026-06-22 10:00,2026-06-26 09:45,64,ok,15m bar数异常: 2026-06-22 count=15 (期望16)
300685,gem,64,2026-06-22 10:00,2026-06-26 09:45,64,ok,15m bar数异常: 2026-06-22 count=15 (期望16)
300686,gem,64,2026-06-22 10:00,2026-06-26 09:45,64,ok,15m bar数异常: 2026-06-22 count=15 (期望16)
300687,gem,64,2026-06-22 09:45,2026-06-25 15:00,64,ok,
300688,gem,64,2026-06-22 09:45,2026-06-25 15:00,64,ok,
300689,gem,64,2026-06-22 09:45,2026-06-25 15:00,64,ok,
300690,gem,64,2026-06-22 09:45,2026-06-25 15:00,64,ok,
300691,gem,64,2026-06-22 09:45,2026-06-25 15:00,64,ok,
300692,gem,64,2026-06-22 10:00,2026-06-26 09:45,64,ok,15m bar数异常: 2026-06-22 count=15 (期望16)
300693,gem,64,2026-06-22 09:45,2026-06-25 15:00,64,ok,
300694,gem,64,2026-06-22 09:45,2026-06-25 15:00,64,ok,
300695,gem,64,2026-06-22 09:45,2026-06-25 15:00,64,ok,
300696,gem,64,2026-06-22 09:45,2026-06-25 15:00,64,ok,
300697,gem,64,2026-06-22 09:45,2026-06-25 15:00,64,ok,
300698,gem,64,2026-06-22 09:45,2026-06-25 15:00,64,ok,
300699,gem,64,2026-06-22 09:45,2026-06-25 15:00,64,ok,
300700,gem,64,2026-06-22 09:45,2026-06-25 15:00,64,ok,
300701,gem,64,2026-06-22 09:45,2026-06-25 15:00,64,ok,
300702,gem,64,2026-06-22 09:45,2026-06-25 15:00,64,ok,
300703,gem,64,2026-06-22 09:45,2026-06-25 15:00,64,ok,
300705,gem,64,2026-06-22 09:45,2026-06-25 15:00,64,ok,
300706,gem,64,2026-06-22 09:45,2026-06-25 15:00,64,ok,
300707,gem,64,2026-06-22 09:45,2026-06-25 15:00,64,ok,
300708,gem,64,2026-06-22 09:45,2026-06-25 15:00,64,ok,
300709,gem,64,2026-06-22 09:45,2026-06-25 15:00,64,ok,
300710,gem,64,2026-06-22 09:45,2026-06-25 15:00,64,ok,
300711,gem,64,2026-06-22 09:45,2026-06-25 15:00,64,ok,
300712,gem,64,2026-06-22 10:00,2026-06-26 09:45,64,ok,15m bar数异常: 2026-06-22 count=15 (期望16)
300713,gem,64,2026-06-22 10:00,2026-06-26 09:45,64,ok,15m bar数异常: 2026-06-22 count=15 (期望16)
300715,gem,64,2026-06-22 10:00,2026-06-26 09:45,64,ok,15m bar数异常: 2026-06-22 count=15 (期望16)
300716,gem,64,2026-06-22 10:00,2026-06-26 09:45,64,ok,15m bar数异常: 2026-06-22 count=15 (期望16)
300717,gem,64,2026-06-22 10:00,2026-06-26 09:45,64,ok,15m bar数异常: 2026-06-22 count=15 (期望16)
300718,gem,64,2026-06-22 09:45,2026-06-25 15:00,64,ok,
300719,gem,64,2026-06-22 10:00,2026-06-26 09:45,64,ok,15m bar数异常: 2026-06-22 count=15 (期望16)
300720,gem,64,2026-06-22 10:00,2026-06-26 09:45,64,ok,15m bar数异常: 2026-06-22 count=15 (期望16)
300721,gem,64,2026-06-22 09:45,2026-06-25 15:00,64,ok,
300722,gem,64,2026-06-22 10:00,2026-06-26 09:45,64,ok,15m bar数异常: 2026-06-22 count=15 (期望16)
300723,gem,64,2026-06-22 09:45,2026-06-25 15:00,64,ok,
300724,gem,64,2026-06-22 09:45,2026-06-25 15:00,64,ok,
300725,gem,64,2026-06-22 09:45,2026-06-25 15:00,64,ok,
300726,gem,64,2026-06-22 09:45,2026-06-25 15:00,64,ok,
300727,gem,64,2026-06-22 09:45,2026-06-25 15:00,64,ok,
300729,gem,64,2026-06-22 09:45,2026-06-25 15:00,64,ok,
300730,gem,64,2026-06-22 09:45,2026-06-25 15:00,64,ok,
300731,gem,64,2026-06-22 09:45,2026-06-25 15:00,64,ok,
300732,gem,64,2026-06-22 10:00,2026-06-26 09:45,64,ok,15m bar数异常: 2026-06-22 count=15 (期望16)
300733,gem,64,2026-06-22 09:45,2026-06-25 15:00,64,ok,
300735,gem,64,2026-06-22 09:45,2026-06-25 15:00,64,ok,
300736,gem,64,2026-06-22 10:00,2026-06-26 09:45,64,ok,15m bar数异常: 2026-06-22 count=15 (期望16)
300737,gem,64,2026-06-22 10:00,2026-06-26 09:45,64,ok,15m bar数异常: 2026-06-22 count=15 (期望16)
300738,gem,64,2026-06-22 09:45,2026-06-25 15:00,64,ok,
300739,gem,64,2026-06-22 09:45,2026-06-25 15:00,64,ok,
300740,gem,64,2026-06-22 09:45,2026-06-25 15:00,64,ok,
300741,gem,64,2026-06-22 09:45,2026-06-25 15:00,64,ok,
300743,gem,64,2026-06-22 10:00,2026-06-26 09:45,64,ok,15m bar数异常: 2026-06-22 count=15 (期望16)
300745,gem,64,2026-06-22 10:00,2026-06-26 09:45,64,ok,15m bar数异常: 2026-06-22 count=15 (期望16)
300746,gem,64,2026-06-22 10:00,2026-06-26 09:45,64,ok,15m bar数异常: 2026-06-22 count=15 (期望16)
300747,gem,64,2026-06-22 10:00,2026-06-26 09:45,64,ok,15m bar数异常: 2026-06-22 count=15 (期望16)
300748,gem,64,2026-06-22 10:00,2026-06-26 09:45,64,ok,15m bar数异常: 2026-06-22 count=15 (期望16)
300749,gem,64,2026-06-22 10:00,2026-06-26 09:45,64,ok,15m bar数异常: 2026-06-22 count=15 (期望16)
300750,gem,64,2026-06-22 09:45,2026-06-25 15:00,64,ok,
300751,gem,64,2026-06-22 09:45,2026-06-25 15:00,64,ok,
300752,gem,64,2026-06-22 10:00,2026-06-26 09:45,64,ok,15m bar数异常: 2026-06-22 count=15 (期望16)
300753,gem,64,2026-06-22 09:45,2026-06-25 15:00,64,ok,
300755,gem,64,2026-06-22 09:45,2026-06-25 15:00,64,ok,
300756,gem,64,2026-06-22 10:00,2026-06-26 09:45,64,ok,15m bar数异常: 2026-06-22 count=15 (期望16)
300757,gem,64,2026-06-22 09:45,2026-06-25 15:00,64,ok,
300758,gem,64,2026-06-22 09:45,2026-06-25 15:00,64,ok,
300759,gem,64,2026-06-22 09:45,2026-06-25 15:00,64,ok,
300760,gem,64,2026-06-22 09:45,2026-06-25 15:00,64,ok,
300761,gem,64,2026-06-22 10:00,2026-06-26 09:45,64,ok,15m bar数异常: 2026-06-22 count=15 (期望16)
300762,gem,64,2026-06-22 10:00,2026-06-26 09:45,64,ok,15m bar数异常: 2026-06-22 count=15 (期望16)
300763,gem,64,2026-06-22 10:00,2026-06-26 09:45,64,ok,15m bar数异常: 2026-06-22 count=15 (期望16)
300765,gem,64,2026-06-22 10:00,2026-06-26 09:45,64,ok,15m bar数异常: 2026-06-22 count=15 (期望16)
300766,gem,64,2026-06-22 10:00,2026-06-26 09:45,64,ok,15m bar数异常: 2026-06-22 count=15 (期望16)
300767,gem,64,2026-06-22 10:00,2026-06-26 09:45,64,ok,15m bar数异常: 2026-06-22 count=15 (期望16)
300768,gem,64,2026-06-22 10:00,2026-06-26 09:45,64,ok,15m bar数异常: 2026-06-22 count=15 (期望16)
300769,gem,64,2026-06-22 10:00,2026-06-26 09:45,64,ok,15m bar数异常: 2026-06-22 count=15 (期望16)
300770,gem,64,2026-06-22 09:45,2026-06-25 15:00,64,ok,
300771,gem,64,2026-06-22 09:45,2026-06-25 15:00,64,ok,
300772,gem,64,2026-06-22 09:45,2026-06-25 15:00,64,ok,
300773,gem,64,2026-06-22 09:45,2026-06-25 15:00,64,ok,
300774,gem,64,2026-06-22 09:45,2026-06-25 15:00,64,ok,
300775,gem,64,2026-06-22 09:45,2026-06-25 15:00,64,ok,
300776,gem,64,2026-06-22 09:45,2026-06-25 15:00,64,ok,
300777,gem,64,2026-06-22 09:45,2026-06-25 15:00,64,ok,
300778,gem,64,2026-06-22 09:45,2026-06-25 15:00,64,ok,
300779,gem,64,2026-06-22 09:45,2026-06-25 15:00,64,ok,
300780,gem,64,2026-06-22 09:45,2026-06-25 15:00,64,ok,
300781,gem,64,2026-06-22 09:45,2026-06-25 15:00,64,ok,
300782,gem,64,2026-06-22 09:45,2026-06-25 15:00,64,ok,
300783,gem,64,2026-06-22 09:45,2026-06-25 15:00,64,ok,
300784,gem,64,2026-06-22 09:45,2026-06-25 15:00,64,ok,
300785,gem,64,2026-06-22 09:45,2026-06-25 15:00,64,ok,
300786,gem,64,2026-06-22 10:00,2026-06-26 09:45,64,ok,15m bar数异常: 2026-06-22 count=15 (期望16)
300787,gem,64,2026-06-22 10:00,2026-06-26 09:45,64,ok,15m bar数异常: 2026-06-22 count=15 (期望16)
300788,gem,64,2026-06-22 10:00,2026-06-26 09:45,64,ok,15m bar数异常: 2026-06-22 count=15 (期望16)
300789,gem,64,2026-06-22 09:45,2026-06-25 15:00,64,ok,
300790,gem,64,2026-06-22 10:00,2026-06-26 09:45,64,ok,15m bar数异常: 2026-06-22 count=15 (期望16)
300791,gem,64,2026-06-22 10:00,2026-06-26 09:45,64,ok,15m bar数异常: 2026-06-22 count=15 (期望16)
300792,gem,64,2026-06-22 09:45,2026-06-25 15:00,64,ok,
300793,gem,64,2026-06-22 09:45,2026-06-25 15:00,64,ok,
300795,gem,64,2026-06-22 10:00,2026-06-26 09:45,64,ok,15m bar数异常: 2026-06-22 count=15 (期望16)
300796,gem,64,2026-06-22 10:00,2026-06-26 09:45,64,ok,15m bar数异常: 2026-06-22 count=15 (期望16)
300797,gem,64,2026-06-22 09:45,2026-06-25 15:00,64,ok,
300798,gem,64,2026-06-22 10:00,2026-06-26 09:45,64,ok,15m bar数异常: 2026-06-22 count=15 (期望16)
300800,gem,64,2026-06-22 09:45,2026-06-25 15:00,64,ok,
300801,gem,64,2026-06-22 09:45,2026-06-25 15:00,64,ok,
300802,gem,64,2026-06-22 09:45,2026-06-25 15:00,64,ok,
300803,gem,64,2026-06-22 09:45,2026-06-25 15:00,64,ok,
300804,gem,64,2026-06-22 09:45,2026-06-25 15:00,64,ok,
300805,gem,64,2026-06-22 09:45,2026-06-25 15:00,64,ok,
300806,gem,64,2026-06-22 09:45,2026-06-25 15:00,64,ok,
300807,gem,64,2026-06-22 09:45,2026-06-25 15:00,64,ok,
300808,gem,64,2026-06-22 09:45,2026-06-25 15:00,64,ok,
300809,gem,64,2026-06-22 09:45,2026-06-25 15:00,64,ok,
300810,gem,64,2026-06-22 09:45,2026-06-25 15:00,64,ok,
300811,gem,64,2026-06-22 09:45,2026-06-25 15:00,64,ok,
300812,gem,64,2026-06-22 09:45,2026-06-25 15:00,64,ok,
300813,gem,64,2026-06-22 10:00,2026-06-26 09:45,64,ok,15m bar数异常: 2026-06-22 count=15 (期望16)
300814,gem,64,2026-06-22 09:45,2026-06-25 15:00,64,ok,
300815,gem,64,2026-06-22 10:00,2026-06-26 09:45,64,ok,15m bar数异常: 2026-06-22 count=15 (期望16)
300816,gem,64,2026-06-22 10:00,2026-06-26 09:45,64,ok,15m bar数异常: 2026-06-22 count=15 (期望16)
300817,gem,64,2026-06-22 10:00,2026-06-26 09:45,64,ok,15m bar数异常: 2026-06-22 count=15 (期望16)
300818,gem,64,2026-06-22 09:45,2026-06-25 15:00,64,ok,
300819,gem,64,2026-06-22 09:45,2026-06-25 15:00,64,ok,
300820,gem,64,2026-06-22 09:45,2026-06-25 15:00,64,ok,
300821,gem,64,2026-06-22 10:00,2026-06-26 09:45,64,ok,15m bar数异常: 2026-06-22 count=15 (期望16)
300822,gem,64,2026-06-22 10:00,2026-06-26 09:45,64,ok,15m bar数异常: 2026-06-22 count=15 (期望16)
300823,gem,64,2026-06-22 10:00,2026-06-26 09:45,64,ok,15m bar数异常: 2026-06-22 count=15 (期望16)
300824,gem,64,2026-06-22 10:00,2026-06-26 09:45,64,ok,15m bar数异常: 2026-06-22 count=15 (期望16)
300825,gem,64,2026-06-22 10:00,2026-06-26 09:45,64,ok,15m bar数异常: 2026-06-22 count=15 (期望16)
300826,gem,64,2026-06-22 10:00,2026-06-26 09:45,64,ok,15m bar数异常: 2026-06-22 count=15 (期望16)
300827,gem,64,2026-06-22 09:45,2026-06-25 15:00,64,ok,
300828,gem,64,2026-06-22 10:00,2026-06-26 09:45,64,ok,15m bar数异常: 2026-06-22 count=15 (期望16)
300829,gem,64,2026-06-22 09:45,2026-06-25 15:00,64,ok,
300830,gem,64,2026-06-22 09:45,2026-06-25 15:00,64,ok,
300831,gem,64,2026-06-22 09:45,2026-06-25 15:00,64,ok,
300832,gem,64,2026-06-22 09:45,2026-06-25 15:00,64,ok,
300833,gem,64,2026-06-22 09:45,2026-06-25 15:00,64,ok,
300834,gem,64,2026-06-22 09:45,2026-06-25 15:00,64,ok,
300835,gem,64,2026-06-22 09:45,2026-06-25 15:00,64,ok,
300836,gem,64,2026-06-22 09:45,2026-06-25 15:00,64,ok,
300837,gem,64,2026-06-22 09:45,2026-06-25 15:00,64,ok,
300838,gem,64,2026-06-22 09:45,2026-06-25 15:00,64,ok,
300839,gem,64,2026-06-22 09:45,2026-06-25 15:00,64,ok,
300840,gem,64,2026-06-22 09:45,2026-06-25 15:00,64,ok,
300841,gem,64,2026-06-22 10:00,2026-06-26 09:45,64,ok,15m bar数异常: 2026-06-22 count=15 (期望16)
300842,gem,64,2026-06-22 10:00,2026-06-26 09:45,64,ok,15m bar数异常: 2026-06-22 count=15 (期望16)
300843,gem,64,2026-06-22 10:00,2026-06-26 09:45,64,ok,15m bar数异常: 2026-06-22 count=15 (期望16)
300844,gem,64,2026-06-22 09:45,2026-06-25 15:00,64,ok,
300845,gem,64,2026-06-22 10:00,2026-06-26 09:45,64,ok,15m bar数异常: 2026-06-22 count=15 (期望16)
300846,gem,64,2026-06-22 09:45,2026-06-25 15:00,64,ok,
300847,gem,64,2026-06-22 09:45,2026-06-25 15:00,64,ok,
300848,gem,64,2026-06-22 09:45,2026-06-25 15:00,64,ok,
300849,gem,64,2026-06-22 09:45,2026-06-25 15:00,64,ok,
300850,gem,64,2026-06-22 10:00,2026-06-26 09:45,64,ok,15m bar数异常: 2026-06-22 count=15 (期望16)
300851,gem,64,2026-06-22 09:45,2026-06-25 15:00,64,ok,
300852,gem,64,2026-06-22 09:45,2026-06-25 15:00,64,ok,
300853,gem,64,2026-06-22 10:00,2026-06-26 09:45,64,ok,15m bar数异常: 2026-06-22 count=15 (期望16)
300854,gem,64,2026-06-22 09:45,2026-06-25 15:00,64,ok,
300855,gem,64,2026-06-22 09:45,2026-06-25 15:00,64,ok,
300856,gem,64,2026-06-22 09:45,2026-06-25 15:00,64,ok,
300857,gem,64,2026-06-22 09:45,2026-06-25 15:00,64,ok,
300858,gem,64,2026-06-22 10:00,2026-06-26 09:45,64,ok,15m bar数异常: 2026-06-22 count=15 (期望16)
300859,gem,64,2026-06-22 09:45,2026-06-25 15:00,64,ok,
300860,gem,64,2026-06-22 09:45,2026-06-25 15:00,64,ok,
300861,gem,64,2026-06-22 09:45,2026-06-25 15:00,64,ok,
300862,gem,64,2026-06-22 09:45,2026-06-25 15:00,64,ok,
300863,gem,64,2026-06-22 09:45,2026-06-25 15:00,64,ok,
300864,gem,64,2026-06-22 10:00,2026-06-26 09:45,64,ok,15m bar数异常: 2026-06-22 count=15 (期望16)
300865,gem,64,2026-06-22 10:00,2026-06-26 09:45,64,ok,15m bar数异常: 2026-06-22 count=15 (期望16)
300866,gem,64,2026-06-22 10:00,2026-06-26 09:45,64,ok,15m bar数异常: 2026-06-22 count=15 (期望16)
300867,gem,64,2026-06-22 10:00,2026-06-26 09:45,64,ok,15m bar数异常: 2026-06-22 count=15 (期望16)
300868,gem,64,2026-06-22 10:00,2026-06-26 09:45,64,ok,15m bar数异常: 2026-06-22 count=15 (期望16)
300869,gem,64,2026-06-22 10:00,2026-06-26 09:45,64,ok,15m bar数异常: 2026-06-22 count=15 (期望16)
300870,gem,64,2026-06-22 10:00,2026-06-26 09:45,64,ok,15m bar数异常: 2026-06-22 count=15 (期望16)
300871,gem,64,2026-06-22 10:00,2026-06-26 09:45,64,ok,15m bar数异常: 2026-06-22 count=15 (期望16)
300872,gem,64,2026-06-22 09:45,2026-06-25 15:00,64,ok,
300873,gem,64,2026-06-22 09:45,2026-06-25 15:00,64,ok,
300875,gem,64,2026-06-22 09:45,2026-06-25 15:00,64,ok,
300876,gem,64,2026-06-22 09:45,2026-06-25 15:00,64,ok,
300877,gem,64,2026-06-22 09:45,2026-06-25 15:00,64,ok,
300878,gem,64,2026-06-22 09:45,2026-06-25 15:00,64,ok,
300879,gem,64,2026-06-22 09:45,2026-06-25 15:00,64,ok,
300880,gem,64,2026-06-22 09:45,2026-06-25 15:00,64,ok,
300881,gem,64,2026-06-22 09:45,2026-06-25 15:00,64,ok,
300882,gem,64,2026-06-22 09:45,2026-06-25 15:00,64,ok,
300883,gem,64,2026-06-22 09:45,2026-06-25 15:00,64,ok,
300884,gem,64,2026-06-22 09:45,2026-06-25 15:00,64,ok,
300885,gem,64,2026-06-22 09:45,2026-06-25 15:00,64,ok,
300886,gem,64,2026-06-22 09:45,2026-06-25 15:00,64,ok,
300887,gem,64,2026-06-22 09:45,2026-06-25 15:00,64,ok,
300888,gem,64,2026-06-22 09:45,2026-06-25 15:00,64,ok,
300889,gem,64,2026-06-22 10:00,2026-06-26 09:45,64,ok,15m bar数异常: 2026-06-22 count=15 (期望16)
300890,gem,64,2026-06-22 10:00,2026-06-26 09:45,64,ok,15m bar数异常: 2026-06-22 count=15 (期望16)
300891,gem,64,2026-06-22 10:00,2026-06-26 09:45,64,ok,15m bar数异常: 2026-06-22 count=15 (期望16)
300892,gem,64,2026-06-22 10:00,2026-06-26 09:45,64,ok,15m bar数异常: 2026-06-22 count=15 (期望16)
300893,gem,64,2026-06-22 10:00,2026-06-26 09:45,64,ok,15m bar数异常: 2026-06-22 count=15 (期望16)
300894,gem,64,2026-06-22 10:00,2026-06-26 09:45,64,ok,15m bar数异常: 2026-06-22 count=15 (期望16)
300895,gem,64,2026-06-22 10:00,2026-06-26 09:45,64,ok,15m bar数异常: 2026-06-22 count=15 (期望16)
300896,gem,64,2026-06-22 10:00,2026-06-26 09:45,64,ok,15m bar数异常: 2026-06-22 count=15 (期望16)
300897,gem,64,2026-06-22 09:45,2026-06-25 15:00,64,ok,
300898,gem,64,2026-06-22 09:45,2026-06-25 15:00,64,ok,
300899,gem,64,2026-06-22 09:45,2026-06-25 15:00,64,ok,
300900,gem,64,2026-06-22 09:45,2026-06-25 15:00,64,ok,
300901,gem,64,2026-06-22 09:45,2026-06-25 15:00,64,ok,
300902,gem,64,2026-06-22 10:00,2026-06-26 09:45,64,ok,15m bar数异常: 2026-06-22 count=15 (期望16)
300903,gem,64,2026-06-22 10:00,2026-06-26 09:45,64,ok,15m bar数异常: 2026-06-22 count=15 (期望16)
300904,gem,64,2026-06-22 09:45,2026-06-25 15:00,64,ok,
300905,gem,64,2026-06-22 10:00,2026-06-26 09:45,64,ok,15m bar数异常: 2026-06-22 count=15 (期望16)
300906,gem,64,2026-06-22 09:45,2026-06-25 15:00,64,ok,
300907,gem,64,2026-06-22 09:45,2026-06-25 15:00,64,ok,
300908,gem,64,2026-06-22 09:45,2026-06-25 15:00,64,ok,
300909,gem,64,2026-06-22 09:45,2026-06-25 15:00,64,ok,
300910,gem,64,2026-06-22 09:45,2026-06-25 15:00,64,ok,
300911,gem,64,2026-06-22 09:45,2026-06-25 15:00,64,ok,
300912,gem,64,2026-06-22 09:45,2026-06-25 15:00,64,ok,
300913,gem,64,2026-06-22 10:00,2026-06-26 09:45,64,ok,15m bar数异常: 2026-06-22 count=15 (期望16)
300915,gem,64,2026-06-22 09:45,2026-06-25 15:00,64,ok,
300916,gem,64,2026-06-22 09:45,2026-06-25 15:00,64,ok,
300917,gem,64,2026-06-22 09:45,2026-06-25 15:00,64,ok,
300918,gem,64,2026-06-22 09:45,2026-06-25 15:00,64,ok,
300919,gem,64,2026-06-22 09:45,2026-06-25 15:00,64,ok,
300920,gem,64,2026-06-22 09:45,2026-06-25 15:00,64,ok,
300921,gem,64,2026-06-22 09:45,2026-06-25 15:00,64,ok,
300922,gem,64,2026-06-22 10:00,2026-06-26 09:45,64,ok,15m bar数异常: 2026-06-22 count=15 (期望16)
300923,gem,64,2026-06-22 10:00,2026-06-26 09:45,64,ok,15m bar数异常: 2026-06-22 count=15 (期望16)
300925,gem,64,2026-06-22 10:00,2026-06-26 09:45,64,ok,15m bar数异常: 2026-06-22 count=15 (期望16)
300926,gem,64,2026-06-22 10:00,2026-06-26 09:45,64,ok,15m bar数异常: 2026-06-22 count=15 (期望16)
300927,gem,64,2026-06-22 10:00,2026-06-26 09:45,64,ok,15m bar数异常: 2026-06-22 count=15 (期望16)
300928,gem,64,2026-06-22 09:45,2026-06-25 15:00,64,ok,
300929,gem,64,2026-06-22 10:00,2026-06-26 09:45,64,ok,15m bar数异常: 2026-06-22 count=15 (期望16)
300930,gem,64,2026-06-22 09:45,2026-06-25 15:00,64,ok,
300931,gem,64,2026-06-22 09:45,2026-06-25 15:00,64,ok,
300932,gem,64,2026-06-22 09:45,2026-06-25 15:00,64,ok,
300933,gem,64,2026-06-22 09:45,2026-06-25 15:00,64,ok,
300935,gem,64,2026-06-22 09:45,2026-06-25 15:00,64,ok,
300936,gem,64,2026-06-22 10:00,2026-06-26 09:45,64,ok,15m bar数异常: 2026-06-22 count=15 (期望16)
300937,gem,64,2026-06-22 09:45,2026-06-25 15:00,64,ok,
300938,gem,64,2026-06-22 09:45,2026-06-25 15:00,64,ok,
300939,gem,64,2026-06-22 09:45,2026-06-25 15:00,64,ok,
300940,gem,64,2026-06-22 10:00,2026-06-26 09:45,64,ok,15m bar数异常: 2026-06-22 count=15 (期望16)
300941,gem,64,2026-06-22 09:45,2026-06-25 15:00,64,ok,
300942,gem,64,2026-06-22 09:45,2026-06-25 15:00,64,ok,
300943,gem,64,2026-06-22 09:45,2026-06-25 15:00,64,ok,
300945,gem,64,2026-06-22 09:45,2026-06-25 15:00,64,ok,
300946,gem,64,2026-06-22 09:45,2026-06-25 15:00,64,ok,
300947,gem,64,2026-06-22 09:45,2026-06-25 15:00,64,ok,
300948,gem,64,2026-06-22 09:45,2026-06-25 15:00,64,ok,
300949,gem,64,2026-06-22 09:45,2026-06-25 15:00,64,ok,
300950,gem,64,2026-06-22 09:45,2026-06-25 15:00,64,ok,
300951,gem,64,2026-06-22 10:00,2026-06-26 09:45,64,ok,15m bar数异常: 2026-06-22 count=15 (期望16)
300952,gem,64,2026-06-22 10:00,2026-06-26 09:45,64,ok,15m bar数异常: 2026-06-22 count=15 (期望16)
300953,gem,64,2026-06-22 10:00,2026-06-26 09:45,64,ok,15m bar数异常: 2026-06-22 count=15 (期望16)
300955,gem,64,2026-06-22 10:00,2026-06-26 09:45,64,ok,15m bar数异常: 2026-06-22 count=15 (期望16)
300956,gem,64,2026-06-22 10:00,2026-06-26 09:45,64,ok,15m bar数异常: 2026-06-22 count=15 (期望16)
300957,gem,64,2026-06-22 10:00,2026-06-26 09:45,64,ok,15m bar数异常: 2026-06-22 count=15 (期望16)
300958,gem,64,2026-06-22 09:45,2026-06-25 15:00,64,ok,
300959,gem,64,2026-06-22 09:45,2026-06-25 15:00,64,ok,
300960,gem,64,2026-06-22 09:45,2026-06-25 15:00,64,ok,
300961,gem,64,2026-06-22 09:45,2026-06-25 15:00,64,ok,
300962,gem,64,2026-06-22 09:45,2026-06-25 15:00,64,ok,
300963,gem,64,2026-06-22 09:45,2026-06-25 15:00,64,ok,
300964,gem,64,2026-06-22 10:00,2026-06-26 09:45,64,ok,15m bar数异常: 2026-06-22 count=15 (期望16)
300965,gem,64,2026-06-22 09:45,2026-06-25 15:00,64,ok,
300966,gem,64,2026-06-22 09:45,2026-06-25 15:00,64,ok,
300967,gem,64,2026-06-22 09:45,2026-06-25 15:00,64,ok,
300968,gem,64,2026-06-22 09:45,2026-06-25 15:00,64,ok,
300969,gem,64,2026-06-22 09:45,2026-06-25 15:00,64,ok,
300970,gem,64,2026-06-22 10:00,2026-06-26 09:45,64,ok,15m bar数异常: 2026-06-22 count=15 (期望16)
300971,gem,64,2026-06-22 10:00,2026-06-26 09:45,64,ok,15m bar数异常: 2026-06-22 count=15 (期望16)
300972,gem,64,2026-06-22 10:00,2026-06-26 09:45,64,ok,15m bar数异常: 2026-06-22 count=15 (期望16)
300973,gem,64,2026-06-22 10:00,2026-06-26 09:45,64,ok,15m bar数异常: 2026-06-22 count=15 (期望16)
300975,gem,64,2026-06-22 10:00,2026-06-26 09:45,64,ok,15m bar数异常: 2026-06-22 count=15 (期望16)
300976,gem,64,2026-06-22 10:00,2026-06-26 09:45,64,ok,15m bar数异常: 2026-06-22 count=15 (期望16)
300977,gem,64,2026-06-22 10:00,2026-06-26 09:45,64,ok,15m bar数异常: 2026-06-22 count=15 (期望16)
300978,gem,64,2026-06-22 10:00,2026-06-26 09:45,64,ok,15m bar数异常: 2026-06-22 count=15 (期望16)
300979,gem,64,2026-06-22 09:45,2026-06-25 15:00,64,ok,
300980,gem,64,2026-06-22 09:45,2026-06-25 15:00,64,ok,
300981,gem,64,2026-06-22 09:45,2026-06-25 15:00,64,ok,
300982,gem,64,2026-06-22 09:45,2026-06-25 15:00,64,ok,
300983,gem,64,2026-06-22 09:45,2026-06-25 15:00,64,ok,
300984,gem,64,2026-06-22 09:45,2026-06-25 15:00,64,ok,
300985,gem,64,2026-06-22 09:45,2026-06-25 15:00,64,ok,
300986,gem,64,2026-06-22 09:45,2026-06-25 15:00,64,ok,
300987,gem,64,2026-06-22 09:45,2026-06-25 15:00,64,ok,
300988,gem,64,2026-06-22 09:45,2026-06-25 15:00,64,ok,
300989,gem,64,2026-06-22 09:45,2026-06-25 15:00,64,ok,
300990,gem,64,2026-06-22 09:45,2026-06-25 15:00,64,ok,
300991,gem,64,2026-06-22 09:45,2026-06-25 15:00,64,ok,
300992,gem,64,2026-06-22 09:45,2026-06-25 15:00,64,ok,
300993,gem,64,2026-06-22 09:45,2026-06-25 15:00,64,ok,
300994,gem,64,2026-06-22 09:45,2026-06-25 15:00,64,ok,
300995,gem,64,2026-06-22 10:00,2026-06-26 09:45,64,ok,15m bar数异常: 2026-06-22 count=15 (期望16)
300996,gem,64,2026-06-22 10:00,2026-06-26 09:45,64,ok,15m bar数异常: 2026-06-22 count=15 (期望16)
300997,gem,64,2026-06-22 09:45,2026-06-25 15:00,64,ok,
300998,gem,64,2026-06-22 10:00,2026-06-26 09:45,64,ok,15m bar数异常: 2026-06-22 count=15 (期望16)
300999,gem,64,2026-06-22 09:45,2026-06-25 15:00,64,ok,
301000,gem,64,2026-06-22 10:00,2026-06-26 09:45,64,ok,15m bar数异常: 2026-06-22 count=15 (期望16)
301001,gem,64,2026-06-22 10:00,2026-06-26 09:45,64,ok,15m bar数异常: 2026-06-22 count=15 (期望16)
301002,gem,64,2026-06-22 09:45,2026-06-25 15:00,64,ok,
301003,gem,64,2026-06-22 10:00,2026-06-26 09:45,64,ok,15m bar数异常: 2026-06-22 count=15 (期望16)
301004,gem,64,2026-06-22 10:00,2026-06-26 09:45,64,ok,15m bar数异常: 2026-06-22 count=15 (期望16)
301005,gem,64,2026-06-22 09:45,2026-06-25 15:00,64,ok,
301006,gem,64,2026-06-22 10:00,2026-06-26 09:45,64,ok,15m bar数异常: 2026-06-22 count=15 (期望16)
301007,gem,64,2026-06-22 09:45,2026-06-25 15:00,64,ok,
301008,gem,64,2026-06-22 09:45,2026-06-25 15:00,64,ok,
301009,gem,64,2026-06-22 09:45,2026-06-25 15:00,64,ok,
301010,gem,64,2026-06-22 09:45,2026-06-25 15:00,64,ok,
301011,gem,64,2026-06-22 09:45,2026-06-25 15:00,64,ok,
301012,gem,64,2026-06-22 09:45,2026-06-25 15:00,64,ok,
301013,gem,64,2026-06-22 09:45,2026-06-25 15:00,64,ok,
301015,gem,64,2026-06-22 09:45,2026-06-25 15:00,64,ok,
301016,gem,64,2026-06-22 09:45,2026-06-25 15:00,64,ok,
301017,gem,64,2026-06-22 09:45,2026-06-25 15:00,64,ok,
301018,gem,64,2026-06-22 09:45,2026-06-25 15:00,64,ok,
301019,gem,64,2026-06-22 09:45,2026-06-25 15:00,64,ok,
301020,gem,64,2026-06-22 09:45,2026-06-25 15:00,64,ok,
301021,gem,64,2026-06-22 09:45,2026-06-25 15:00,64,ok,
301022,gem,64,2026-06-22 09:45,2026-06-25 15:00,64,ok,
301023,gem,64,2026-06-22 09:45,2026-06-25 15:00,64,ok,
301024,gem,64,2026-06-22 09:45,2026-06-25 15:00,64,ok,
301025,gem,64,2026-06-22 09:45,2026-06-25 15:00,64,ok,
301026,gem,64,2026-06-22 10:00,2026-06-26 09:45,64,ok,15m bar数异常: 2026-06-22 count=15 (期望16)
301027,gem,64,2026-06-22 10:00,2026-06-26 09:45,64,ok,15m bar数异常: 2026-06-22 count=15 (期望16)
301028,gem,64,2026-06-22 10:00,2026-06-26 09:45,64,ok,15m bar数异常: 2026-06-22 count=15 (期望16)
301029,gem,64,2026-06-22 10:00,2026-06-26 09:45,64,ok,15m bar数异常: 2026-06-22 count=15 (期望16)
301030,gem,64,2026-06-22 10:00,2026-06-26 09:45,64,ok,15m bar数异常: 2026-06-22 count=15 (期望16)
301031,gem,64,2026-06-22 09:45,2026-06-25 15:00,64,ok,
301032,gem,64,2026-06-22 10:00,2026-06-26 09:45,64,ok,15m bar数异常: 2026-06-22 count=15 (期望16)
301033,gem,64,2026-06-22 10:00,2026-06-26 09:45,64,ok,15m bar数异常: 2026-06-22 count=15 (期望16)
301035,gem,64,2026-06-22 09:45,2026-06-25 15:00,64,ok,
301036,gem,64,2026-06-22 09:45,2026-06-25 15:00,64,ok,
301037,gem,64,2026-06-22 09:45,2026-06-25 15:00,64,ok,
301038,gem,64,2026-06-22 09:45,2026-06-25 15:00,64,ok,
301039,gem,64,2026-06-22 10:00,2026-06-26 09:45,64,ok,15m bar数异常: 2026-06-22 count=15 (期望16)
301040,gem,64,2026-06-22 09:45,2026-06-25 15:00,64,ok,
301041,gem,64,2026-06-22 09:45,2026-06-25 15:00,64,ok,
301042,gem,64,2026-06-22 09:45,2026-06-25 15:00,64,ok,
301043,gem,64,2026-06-22 09:45,2026-06-25 15:00,64,ok,
301045,gem,64,2026-06-22 09:45,2026-06-25 15:00,64,ok,
301046,gem,64,2026-06-22 09:45,2026-06-25 15:00,64,ok,
301047,gem,64,2026-06-22 09:45,2026-06-25 15:00,64,ok,
301048,gem,64,2026-06-22 09:45,2026-06-25 15:00,64,ok,
301049,gem,64,2026-06-22 09:45,2026-06-25 15:00,64,ok,
301050,gem,64,2026-06-22 09:45,2026-06-25 15:00,64,ok,
301051,gem,64,2026-06-22 09:45,2026-06-25 15:00,64,ok,
301052,gem,64,2026-06-22 09:45,2026-06-25 15:00,64,ok,
301053,gem,64,2026-06-22 09:45,2026-06-25 15:00,64,ok,
301055,gem,64,2026-06-22 10:00,2026-06-26 09:45,64,ok,15m bar数异常: 2026-06-22 count=15 (期望16)
301056,gem,64,2026-06-22 10:00,2026-06-26 09:45,64,ok,15m bar数异常: 2026-06-22 count=15 (期望16)
301057,gem,64,2026-06-22 10:00,2026-06-26 09:45,64,ok,15m bar数异常: 2026-06-22 count=15 (期望16)
301058,gem,64,2026-06-22 10:00,2026-06-26 09:45,64,ok,15m bar数异常: 2026-06-22 count=15 (期望16)
301059,gem,64,2026-06-22 10:00,2026-06-26 09:45,64,ok,15m bar数异常: 2026-06-22 count=15 (期望16)
301060,gem,64,2026-06-22 10:00,2026-06-26 09:45,64,ok,15m bar数异常: 2026-06-22 count=15 (期望16)
301061,gem,64,2026-06-22 10:00,2026-06-26 09:45,64,ok,15m bar数异常: 2026-06-22 count=15 (期望16)
301062,gem,64,2026-06-22 09:45,2026-06-25 15:00,64,ok,
301063,gem,64,2026-06-22 09:45,2026-06-25 15:00,64,ok,
301065,gem,64,2026-06-22 09:45,2026-06-25 15:00,64,ok,
301066,gem,64,2026-06-22 10:00,2026-06-26 09:45,64,ok,15m bar数异常: 2026-06-22 count=15 (期望16)
301067,gem,64,2026-06-22 09:45,2026-06-25 15:00,64,ok,
301068,gem,64,2026-06-22 09:45,2026-06-25 15:00,64,ok,
301069,gem,64,2026-06-22 10:00,2026-06-26 09:45,64,ok,15m bar数异常: 2026-06-22 count=15 (期望16)
301070,gem,64,2026-06-22 10:00,2026-06-26 09:45,64,ok,15m bar数异常: 2026-06-22 count=15 (期望16)
301071,gem,64,2026-06-22 09:45,2026-06-25 15:00,64,ok,
301072,gem,64,2026-06-22 09:45,2026-06-25 15:00,64,ok,
301073,gem,64,2026-06-22 09:45,2026-06-25 15:00,64,ok,
301075,gem,64,2026-06-22 09:45,2026-06-25 15:00,64,ok,
301076,gem,64,2026-06-22 09:45,2026-06-25 15:00,64,ok,
301077,gem,64,2026-06-22 10:00,2026-06-26 09:45,64,ok,15m bar数异常: 2026-06-22 count=15 (期望16)
301078,gem,64,2026-06-22 10:00,2026-06-26 09:45,64,ok,15m bar数异常: 2026-06-22 count=15 (期望16)
301079,gem,64,2026-06-22 10:00,2026-06-26 09:45,64,ok,15m bar数异常: 2026-06-22 count=15 (期望16)
301080,gem,64,2026-06-22 10:00,2026-06-26 09:45,64,ok,15m bar数异常: 2026-06-22 count=15 (期望16)
301081,gem,64,2026-06-22 10:00,2026-06-26 09:45,64,ok,15m bar数异常: 2026-06-22 count=15 (期望16)
301082,gem,64,2026-06-22 10:00,2026-06-26 09:45,64,ok,15m bar数异常: 2026-06-22 count=15 (期望16)
301083,gem,64,2026-06-22 10:00,2026-06-26 09:45,64,ok,15m bar数异常: 2026-06-22 count=15 (期望16)
301085,gem,64,2026-06-22 10:00,2026-06-26 09:45,64,ok,15m bar数异常: 2026-06-22 count=15 (期望16)
301086,gem,64,2026-06-22 09:45,2026-06-25 15:00,64,ok,
301087,gem,64,2026-06-22 09:45,2026-06-25 15:00,64,ok,
301088,gem,64,2026-06-22 09:45,2026-06-25 15:00,64,ok,
301089,gem,64,2026-06-22 09:45,2026-06-25 15:00,64,ok,
301090,gem,64,2026-06-22 09:45,2026-06-25 15:00,64,ok,
301091,gem,64,2026-06-22 09:45,2026-06-25 15:00,64,ok,
301092,gem,64,2026-06-22 09:45,2026-06-25 15:00,64,ok,
301093,gem,64,2026-06-22 09:45,2026-06-25 15:00,64,ok,
301095,gem,64,2026-06-22 09:45,2026-06-25 15:00,64,ok,
301096,gem,64,2026-06-22 09:45,2026-06-25 15:00,64,ok,
301097,gem,64,2026-06-22 09:45,2026-06-25 15:00,64,ok,
301098,gem,64,2026-06-22 09:45,2026-06-25 15:00,64,ok,
301099,gem,64,2026-06-22 09:45,2026-06-25 15:00,64,ok,
301100,gem,64,2026-06-22 09:45,2026-06-25 15:00,64,ok,
301101,gem,64,2026-06-22 09:45,2026-06-25 15:00,64,ok,
301102,gem,64,2026-06-22 09:45,2026-06-25 15:00,64,ok,
301103,gem,64,2026-06-22 10:00,2026-06-26 09:45,64,ok,15m bar数异常: 2026-06-22 count=15 (期望16)
301105,gem,64,2026-06-22 10:00,2026-06-26 09:45,64,ok,15m bar数异常: 2026-06-22 count=15 (期望16)
301106,gem,64,2026-06-22 09:45,2026-06-25 15:00,64,ok,
301107,gem,64,2026-06-22 10:00,2026-06-26 09:45,64,ok,15m bar数异常: 2026-06-22 count=15 (期望16)
301108,gem,64,2026-06-22 09:45,2026-06-25 15:00,64,ok,
301109,gem,64,2026-06-22 09:45,2026-06-25 15:00,64,ok,
301110,gem,64,2026-06-22 10:00,2026-06-26 09:45,64,ok,15m bar数异常: 2026-06-22 count=15 (期望16)
301111,gem,64,2026-06-22 10:00,2026-06-26 09:45,64,ok,15m bar数异常: 2026-06-22 count=15 (期望16)
301112,gem,64,2026-06-22 09:45,2026-06-25 15:00,64,ok,
301113,gem,64,2026-06-22 10:00,2026-06-26 09:45,64,ok,15m bar数异常: 2026-06-22 count=15 (期望16)
301115,gem,64,2026-06-22 10:00,2026-06-26 09:45,64,ok,15m bar数异常: 2026-06-22 count=15 (期望16)
301116,gem,64,2026-06-22 10:00,2026-06-26 09:45,64,ok,15m bar数异常: 2026-06-22 count=15 (期望16)
301117,gem,64,2026-06-22 09:45,2026-06-25 15:00,64,ok,
301118,gem,64,2026-06-22 09:45,2026-06-25 15:00,64,ok,
301119,gem,64,2026-06-22 09:45,2026-06-25 15:00,64,ok,
301120,gem,64,2026-06-22 09:45,2026-06-25 15:00,64,ok,
301121,gem,64,2026-06-22 09:45,2026-06-25 15:00,64,ok,
301122,gem,64,2026-06-22 09:45,2026-06-25 15:00,64,ok,
301123,gem,64,2026-06-22 09:45,2026-06-25 15:00,64,ok,
301125,gem,64,2026-06-22 09:45,2026-06-25 15:00,64,ok,
301126,gem,64,2026-06-22 09:45,2026-06-25 15:00,64,ok,
301127,gem,64,2026-06-22 09:45,2026-06-25 15:00,64,ok,
301128,gem,64,2026-06-22 09:45,2026-06-25 15:00,64,ok,
301129,gem,64,2026-06-22 09:45,2026-06-25 15:00,64,ok,
301130,gem,64,2026-06-22 09:45,2026-06-25 15:00,64,ok,
301131,gem,64,2026-06-22 10:00,2026-06-26 09:45,64,ok,15m bar数异常: 2026-06-22 count=15 (期望16)
301132,gem,64,2026-06-22 10:00,2026-06-26 09:45,64,ok,15m bar数异常: 2026-06-22 count=15 (期望16)
301133,gem,64,2026-06-22 10:00,2026-06-26 09:45,64,ok,15m bar数异常: 2026-06-22 count=15 (期望16)
301135,gem,64,2026-06-22 09:45,2026-06-25 15:00,64,ok,
301136,gem,64,2026-06-22 09:45,2026-06-25 15:00,64,ok,
301137,gem,64,2026-06-22 10:00,2026-06-26 09:45,64,ok,15m bar数异常: 2026-06-22 count=15 (期望16)
301138,gem,64,2026-06-22 09:45,2026-06-25 15:00,64,ok,
301139,gem,64,2026-06-22 09:45,2026-06-25 15:00,64,ok,
301141,gem,64,2026-06-22 10:00,2026-06-26 09:45,64,ok,15m bar数异常: 2026-06-22 count=15 (期望16)
301148,gem,64,2026-06-22 10:00,2026-06-26 09:45,64,ok,15m bar数异常: 2026-06-22 count=15 (期望16)
301149,gem,64,2026-06-22 10:00,2026-06-26 09:45,64,ok,15m bar数异常: 2026-06-22 count=15 (期望16)
301150,gem,64,2026-06-22 10:00,2026-06-26 09:45,64,ok,15m bar数异常: 2026-06-22 count=15 (期望16)
301151,gem,64,2026-06-22 10:00,2026-06-26 09:45,64,ok,15m bar数异常: 2026-06-22 count=15 (期望16)
301152,gem,64,2026-06-22 10:00,2026-06-26 09:45,64,ok,15m bar数异常: 2026-06-22 count=15 (期望16)
301153,gem,64,2026-06-22 09:45,2026-06-25 15:00,64,ok,
301155,gem,64,2026-06-22 10:00,2026-06-26 09:45,64,ok,15m bar数异常: 2026-06-22 count=15 (期望16)
301156,gem,64,2026-06-22 09:45,2026-06-25 15:00,64,ok,
301157,gem,64,2026-06-22 10:00,2026-06-26 09:45,64,ok,15m bar数异常: 2026-06-22 count=15 (期望16)
301158,gem,64,2026-06-22 10:00,2026-06-26 09:45,64,ok,15m bar数异常: 2026-06-22 count=15 (期望16)
301159,gem,64,2026-06-22 09:45,2026-06-25 15:00,64,ok,
301160,gem,64,2026-06-22 09:45,2026-06-25 15:00,64,ok,
301161,gem,64,2026-06-22 09:45,2026-06-25 15:00,64,ok,
301162,gem,64,2026-06-22 09:45,2026-06-25 15:00,64,ok,
301163,gem,64,2026-06-22 09:45,2026-06-25 15:00,64,ok,
301165,gem,64,2026-06-22 09:45,2026-06-25 15:00,64,ok,
301166,gem,64,2026-06-22 09:45,2026-06-25 15:00,64,ok,
301167,gem,64,2026-06-22 09:45,2026-06-25 15:00,64,ok,
301168,gem,64,2026-06-22 10:00,2026-06-26 09:45,64,ok,15m bar数异常: 2026-06-22 count=15 (期望16)
301169,gem,64,2026-06-22 10:00,2026-06-26 09:45,64,ok,15m bar数异常: 2026-06-22 count=15 (期望16)
301170,gem,64,2026-06-22 10:00,2026-06-26 09:45,64,ok,15m bar数异常: 2026-06-22 count=15 (期望16)
301171,gem,64,2026-06-22 09:45,2026-06-25 15:00,64,ok,
301172,gem,64,2026-06-22 09:45,2026-06-25 15:00,64,ok,
301173,gem,64,2026-06-22 09:45,2026-06-25 15:00,64,ok,
301175,gem,64,2026-06-22 10:00,2026-06-26 09:45,64,ok,15m bar数异常: 2026-06-22 count=15 (期望16)
301176,gem,64,2026-06-22 09:45,2026-06-25 15:00,64,ok,
301177,gem,64,2026-06-22 09:45,2026-06-25 15:00,64,ok,
301178,gem,64,2026-06-22 09:45,2026-06-25 15:00,64,ok,
301179,gem,64,2026-06-22 09:45,2026-06-25 15:00,64,ok,
301180,gem,64,2026-06-22 09:45,2026-06-25 15:00,64,ok,
301181,gem,64,2026-06-22 09:45,2026-06-25 15:00,64,ok,
301182,gem,64,2026-06-22 10:00,2026-06-26 09:45,64,ok,15m bar数异常: 2026-06-22 count=15 (期望16)
301183,gem,64,2026-06-22 09:45,2026-06-25 15:00,64,ok,
301185,gem,64,2026-06-22 09:45,2026-06-25 15:00,64,ok,
301186,gem,64,2026-06-22 09:45,2026-06-25 15:00,64,ok,
301187,gem,64,2026-06-22 09:45,2026-06-25 15:00,64,ok,
301188,gem,64,2026-06-22 09:45,2026-06-25 15:00,64,ok,
301189,gem,64,2026-06-22 09:45,2026-06-25 15:00,64,ok,
301190,gem,64,2026-06-22 09:45,2026-06-25 15:00,64,ok,
301191,gem,64,2026-06-22 09:45,2026-06-25 15:00,64,ok,
301192,gem,64,2026-06-22 09:45,2026-06-25 15:00,64,ok,
301193,gem,64,2026-06-22 09:45,2026-06-25 15:00,64,ok,
301195,gem,64,2026-06-22 10:00,2026-06-26 09:45,64,ok,15m bar数异常: 2026-06-22 count=15 (期望16)
301196,gem,64,2026-06-22 10:00,2026-06-26 09:45,64,ok,15m bar数异常: 2026-06-22 count=15 (期望16)
301197,gem,64,2026-06-22 10:00,2026-06-26 09:45,64,ok,15m bar数异常: 2026-06-22 count=15 (期望16)
301198,gem,64,2026-06-22 10:00,2026-06-26 09:45,64,ok,15m bar数异常: 2026-06-22 count=15 (期望16)
301199,gem,64,2026-06-22 10:00,2026-06-26 09:45,64,ok,15m bar数异常: 2026-06-22 count=15 (期望16)
301200,gem,64,2026-06-22 10:00,2026-06-26 09:45,64,ok,15m bar数异常: 2026-06-22 count=15 (期望16)
301201,gem,64,2026-06-22 10:00,2026-06-26 09:45,64,ok,15m bar数异常: 2026-06-22 count=15 (期望16)
301202,gem,64,2026-06-22 10:00,2026-06-26 09:45,64,ok,15m bar数异常: 2026-06-22 count=15 (期望16)
301203,gem,64,2026-06-22 09:45,2026-06-25 15:00,64,ok,
301205,gem,64,2026-06-22 09:45,2026-06-25 15:00,64,ok,
301206,gem,64,2026-06-22 09:45,2026-06-25 15:00,64,ok,
301207,gem,64,2026-06-22 09:45,2026-06-25 15:00,64,ok,
301208,gem,64,2026-06-22 09:45,2026-06-25 15:00,64,ok,
301209,gem,64,2026-06-22 09:45,2026-06-25 15:00,64,ok,
301210,gem,64,2026-06-22 09:45,2026-06-25 15:00,64,ok,
301211,gem,64,2026-06-22 09:45,2026-06-25 15:00,64,ok,
301212,gem,64,2026-06-22 09:45,2026-06-25 15:00,64,ok,
301213,gem,64,2026-06-22 09:45,2026-06-25 15:00,64,ok,
301215,gem,64,2026-06-22 09:45,2026-06-25 15:00,64,ok,
301216,gem,64,2026-06-22 09:45,2026-06-25 15:00,64,ok,
301217,gem,64,2026-06-22 09:45,2026-06-25 15:00,64,ok,
301218,gem,64,2026-06-22 09:45,2026-06-25 15:00,64,ok,
301219,gem,64,2026-06-22 09:45,2026-06-25 15:00,64,ok,
301220,gem,64,2026-06-22 09:45,2026-06-25 15:00,64,ok,
301221,gem,64,2026-06-22 09:45,2026-06-25 15:00,64,ok,
301222,gem,64,2026-06-22 09:45,2026-06-25 15:00,64,ok,
301223,gem,64,2026-06-22 10:00,2026-06-26 09:45,64,ok,15m bar数异常: 2026-06-22 count=15 (期望16)
301225,gem,64,2026-06-22 09:45,2026-06-25 15:00,64,ok,
301226,gem,64,2026-06-22 10:00,2026-06-26 09:45,64,ok,15m bar数异常: 2026-06-22 count=15 (期望16)
301227,gem,64,2026-06-22 09:45,2026-06-25 15:00,64,ok,
301228,gem,64,2026-06-22 10:00,2026-06-26 09:45,64,ok,15m bar数异常: 2026-06-22 count=15 (期望16)
301229,gem,64,2026-06-22 10:00,2026-06-26 09:45,64,ok,15m bar数异常: 2026-06-22 count=15 (期望16)
301230,gem,64,2026-06-22 10:00,2026-06-26 09:45,64,ok,15m bar数异常: 2026-06-22 count=15 (期望16)
301231,gem,64,2026-06-22 10:00,2026-06-26 09:45,64,ok,15m bar数异常: 2026-06-22 count=15 (期望16)
301232,gem,64,2026-06-22 10:00,2026-06-26 09:45,64,ok,15m bar数异常: 2026-06-22 count=15 (期望16)
301233,gem,64,2026-06-22 09:45,2026-06-25 15:00,64,ok,
301234,gem,64,2026-06-22 09:45,2026-06-25 15:00,64,ok,
301235,gem,64,2026-06-22 09:45,2026-06-25 15:00,64,ok,
301236,gem,64,2026-06-22 09:45,2026-06-25 15:00,64,ok,
301237,gem,64,2026-06-22 09:45,2026-06-25 15:00,64,ok,
301238,gem,64,2026-06-22 09:45,2026-06-25 15:00,64,ok,
301239,gem,64,2026-06-22 09:45,2026-06-25 15:00,64,ok,
301246,gem,64,2026-06-22 09:45,2026-06-25 15:00,64,ok,
301248,gem,64,2026-06-22 09:45,2026-06-25 15:00,64,ok,
301251,gem,64,2026-06-22 09:45,2026-06-25 15:00,64,ok,
301252,gem,64,2026-06-22 09:45,2026-06-25 15:00,64,ok,
301255,gem,64,2026-06-22 10:00,2026-06-26 09:45,64,ok,15m bar数异常: 2026-06-22 count=15 (期望16)
301256,gem,64,2026-06-22 10:00,2026-06-26 09:45,64,ok,15m bar数异常: 2026-06-22 count=15 (期望16)
301257,gem,64,2026-06-22 09:45,2026-06-25 15:00,64,ok,
301258,gem,64,2026-06-22 10:00,2026-06-26 09:45,64,ok,15m bar数异常: 2026-06-22 count=15 (期望16)
301259,gem,64,2026-06-22 09:45,2026-06-25 15:00,64,ok,
301260,gem,64,2026-06-22 09:45,2026-06-25 15:00,64,ok,
301261,gem,64,2026-06-22 10:00,2026-06-26 09:45,64,ok,15m bar数异常: 2026-06-22 count=15 (期望16)
301262,gem,64,2026-06-22 10:00,2026-06-26 09:45,64,ok,15m bar数异常: 2026-06-22 count=15 (期望16)
301263,gem,64,2026-06-22 10:00,2026-06-26 09:45,64,ok,15m bar数异常: 2026-06-22 count=15 (期望16)
301265,gem,64,2026-06-22 10:00,2026-06-26 09:45,64,ok,15m bar数异常: 2026-06-22 count=15 (期望16)
301266,gem,64,2026-06-22 09:45,2026-06-25 15:00,64,ok,
301267,gem,64,2026-06-22 10:00,2026-06-26 09:45,64,ok,15m bar数异常: 2026-06-22 count=15 (期望16)
301268,gem,64,2026-06-22 09:45,2026-06-25 15:00,64,ok,
301269,gem,64,2026-06-22 09:45,2026-06-25 15:00,64,ok,
301270,gem,64,2026-06-22 10:00,2026-06-26 09:45,64,ok,15m bar数异常: 2026-06-22 count=15 (期望16)
301272,gem,64,2026-06-22 09:45,2026-06-25 15:00,64,ok,
301273,gem,64,2026-06-22 09:45,2026-06-25 15:00,64,ok,
301275,gem,64,2026-06-22 09:45,2026-06-25 15:00,64,ok,
301276,gem,64,2026-06-22 10:00,2026-06-26 09:45,64,ok,15m bar数异常: 2026-06-22 count=15 (期望16)
301277,gem,64,2026-06-22 09:45,2026-06-25 15:00,64,ok,
301278,gem,64,2026-06-22 09:45,2026-06-25 15:00,64,ok,
301279,gem,64,2026-06-22 09:45,2026-06-25 15:00,64,ok,
301280,gem,64,2026-06-22 09:45,2026-06-25 15:00,64,ok,
301281,gem,64,2026-06-22 09:45,2026-06-25 15:00,64,ok,
301282,gem,64,2026-06-22 09:45,2026-06-25 15:00,64,ok,
301283,gem,64,2026-06-22 09:45,2026-06-25 15:00,64,ok,
301285,gem,64,2026-06-22 09:45,2026-06-25 15:00,64,ok,
301286,gem,64,2026-06-22 09:45,2026-06-25 15:00,64,ok,
301287,gem,64,2026-06-22 10:00,2026-06-26 09:45,64,ok,15m bar数异常: 2026-06-22 count=15 (期望16)
301288,gem,64,2026-06-22 10:00,2026-06-26 09:45,64,ok,15m bar数异常: 2026-06-22 count=15 (期望16)
301289,gem,64,2026-06-22 10:00,2026-06-26 09:45,64,ok,15m bar数异常: 2026-06-22 count=15 (期望16)
301290,gem,64,2026-06-22 10:00,2026-06-26 09:45,64,ok,15m bar数异常: 2026-06-22 count=15 (期望16)
301291,gem,64,2026-06-22 10:00,2026-06-26 09:45,64,ok,15m bar数异常: 2026-06-22 count=15 (期望16)
301292,gem,64,2026-06-22 09:45,2026-06-25 15:00,64,ok,
301293,gem,64,2026-06-22 09:45,2026-06-25 15:00,64,ok,
301295,gem,64,2026-06-22 09:45,2026-06-25 15:00,64,ok,
301296,gem,64,2026-06-22 09:45,2026-06-25 15:00,64,ok,
301297,gem,64,2026-06-22 09:45,2026-06-25 15:00,64,ok,
301298,gem,64,2026-06-22 10:00,2026-06-26 09:45,64,ok,15m bar数异常: 2026-06-22 count=15 (期望16)
301299,gem,64,2026-06-22 10:00,2026-06-26 09:45,64,ok,15m bar数异常: 2026-06-22 count=15 (期望16)
301300,gem,64,2026-06-22 09:45,2026-06-25 15:00,64,ok,
301301,gem,64,2026-06-22 09:45,2026-06-25 15:00,64,ok,
301302,gem,64,2026-06-22 09:45,2026-06-25 15:00,64,ok,
301303,gem,64,2026-06-22 10:00,2026-06-26 09:45,64,ok,15m bar数异常: 2026-06-22 count=15 (期望16)
301305,gem,64,2026-06-22 10:00,2026-06-26 09:45,64,ok,15m bar数异常: 2026-06-22 count=15 (期望16)
301306,gem,64,2026-06-22 09:45,2026-06-25 15:00,64,ok,
301307,gem,64,2026-06-22 10:00,2026-06-26 09:45,64,ok,15m bar数异常: 2026-06-22 count=15 (期望16)
301308,gem,64,2026-06-22 09:45,2026-06-25 15:00,64,ok,
301309,gem,64,2026-06-22 09:45,2026-06-25 15:00,64,ok,
301310,gem,64,2026-06-22 09:45,2026-06-25 15:00,64,ok,
301311,gem,64,2026-06-22 09:45,2026-06-25 15:00,64,ok,
301312,gem,64,2026-06-22 09:45,2026-06-25 15:00,64,ok,
301313,gem,64,2026-06-22 09:45,2026-06-25 15:00,64,ok,
301314,gem,64,2026-06-22 09:45,2026-06-25 15:00,64,ok,
301315,gem,64,2026-06-22 10:00,2026-06-26 09:45,64,ok,15m bar数异常: 2026-06-22 count=15 (期望16)
301316,gem,64,2026-06-22 10:00,2026-06-26 09:45,64,ok,15m bar数异常: 2026-06-22 count=15 (期望16)
301317,gem,64,2026-06-22 10:00,2026-06-26 09:45,64,ok,15m bar数异常: 2026-06-22 count=15 (期望16)
301318,gem,64,2026-06-22 10:00,2026-06-26 09:45,64,ok,15m bar数异常: 2026-06-22 count=15 (期望16)
301319,gem,64,2026-06-22 10:00,2026-06-26 09:45,64,ok,15m bar数异常: 2026-06-22 count=15 (期望16)
301320,gem,64,2026-06-22 10:00,2026-06-26 09:45,64,ok,15m bar数异常: 2026-06-22 count=15 (期望16)
301321,gem,64,2026-06-22 10:00,2026-06-26 09:45,64,ok,15m bar数异常: 2026-06-22 count=15 (期望16)
301322,gem,64,2026-06-22 10:00,2026-06-26 09:45,64,ok,15m bar数异常: 2026-06-22 count=15 (期望16)
301323,gem,64,2026-06-22 09:45,2026-06-25 15:00,64,ok,
301325,gem,64,2026-06-22 09:45,2026-06-25 15:00,64,ok,
301326,gem,64,2026-06-22 09:45,2026-06-25 15:00,64,ok,
301327,gem,64,2026-06-22 09:45,2026-06-25 15:00,64,ok,
301328,gem,64,2026-06-22 09:45,2026-06-25 15:00,64,ok,
301329,gem,64,2026-06-22 09:45,2026-06-25 15:00,64,ok,
301330,gem,64,2026-06-22 09:45,2026-06-25 15:00,64,ok,
301331,gem,64,2026-06-22 09:45,2026-06-25 15:00,64,ok,
301332,gem,64,2026-06-22 09:45,2026-06-25 15:00,64,ok,
301333,gem,64,2026-06-22 09:45,2026-06-25 15:00,64,ok,
301335,gem,64,2026-06-22 09:45,2026-06-25 15:00,64,ok,
301336,gem,64,2026-06-22 09:45,2026-06-25 15:00,64,ok,
301337,gem,64,2026-06-22 09:45,2026-06-25 15:00,64,ok,
301338,gem,64,2026-06-22 09:45,2026-06-25 15:00,64,ok,
301339,gem,64,2026-06-22 09:45,2026-06-25 15:00,64,ok,
301345,gem,64,2026-06-22 09:45,2026-06-25 15:00,64,ok,
301348,gem,64,2026-06-22 10:00,2026-06-26 09:45,64,ok,15m bar数异常: 2026-06-22 count=15 (期望16)
301349,gem,64,2026-06-22 09:45,2026-06-25 15:00,64,ok,
301353,gem,64,2026-06-22 09:45,2026-06-25 15:00,64,ok,
301355,gem,64,2026-06-22 10:00,2026-06-26 09:45,64,ok,15m bar数异常: 2026-06-22 count=15 (期望16)
301356,gem,64,2026-06-22 09:45,2026-06-25 15:00,64,ok,
301357,gem,64,2026-06-22 10:00,2026-06-26 09:45,64,ok,15m bar数异常: 2026-06-22 count=15 (期望16)
301358,gem,64,2026-06-22 10:00,2026-06-26 09:45,64,ok,15m bar数异常: 2026-06-22 count=15 (期望16)
301359,gem,64,2026-06-22 09:45,2026-06-25 15:00,64,ok,
301360,gem,64,2026-06-22 10:00,2026-06-26 09:45,64,ok,15m bar数异常: 2026-06-22 count=15 (期望16)
301361,gem,64,2026-06-22 10:00,2026-06-26 09:45,64,ok,15m bar数异常: 2026-06-22 count=15 (期望16)
301362,gem,64,2026-06-22 10:00,2026-06-26 09:45,64,ok,15m bar数异常: 2026-06-22 count=15 (期望16)
301363,gem,64,2026-06-22 10:00,2026-06-26 09:45,64,ok,15m bar数异常: 2026-06-22 count=15 (期望16)
301365,gem,64,2026-06-22 09:45,2026-06-25 15:00,64,ok,
301366,gem,64,2026-06-22 09:45,2026-06-25 15:00,64,ok,
301367,gem,64,2026-06-22 09:45,2026-06-25 15:00,64,ok,
301368,gem,64,2026-06-22 09:45,2026-06-25 15:00,64,ok,
301369,gem,64,2026-06-22 09:45,2026-06-25 15:00,64,ok,
301370,gem,64,2026-06-22 09:45,2026-06-25 15:00,64,ok,
301371,gem,64,2026-06-22 10:00,2026-06-26 09:45,64,ok,15m bar数异常: 2026-06-22 count=15 (期望16)
301372,gem,64,2026-06-22 09:45,2026-06-25 15:00,64,ok,
301373,gem,64,2026-06-22 09:45,2026-06-25 15:00,64,ok,
301376,gem,64,2026-06-22 09:45,2026-06-25 15:00,64,ok,
301377,gem,64,2026-06-22 09:45,2026-06-25 15:00,64,ok,
301378,gem,64,2026-06-22 09:45,2026-06-25 15:00,64,ok,
301379,gem,64,2026-06-22 10:00,2026-06-26 09:45,64,ok,15m bar数异常: 2026-06-22 count=15 (期望16)
301380,gem,64,2026-06-22 09:45,2026-06-25 15:00,64,ok,
301381,gem,64,2026-06-22 09:45,2026-06-25 15:00,64,ok,
301382,gem,64,2026-06-22 09:45,2026-06-25 15:00,64,ok,
301383,gem,64,2026-06-22 10:00,2026-06-26 09:45,64,ok,15m bar数异常: 2026-06-22 count=15 (期望16)
301386,gem,64,2026-06-22 10:00,2026-06-26 09:45,64,ok,15m bar数异常: 2026-06-22 count=15 (期望16)
301387,gem,64,2026-06-22 10:00,2026-06-26 09:45,64,ok,15m bar数异常: 2026-06-22 count=15 (期望16)
301388,gem,64,2026-06-22 10:00,2026-06-26 09:45,64,ok,15m bar数异常: 2026-06-22 count=15 (期望16)
301389,gem,64,2026-06-22 09:45,2026-06-25 15:00,64,ok,
301390,gem,64,2026-06-22 10:00,2026-06-26 09:45,64,ok,15m bar数异常: 2026-06-22 count=15 (期望16)
301391,gem,64,2026-06-22 09:45,2026-06-25 15:00,64,ok,
301392,gem,64,2026-06-22 09:45,2026-06-25 15:00,64,ok,
301393,gem,64,2026-06-22 09:45,2026-06-25 15:00,64,ok,
301395,gem,64,2026-06-22 09:45,2026-06-25 15:00,64,ok,
301396,gem,64,2026-06-22 10:00,2026-06-26 09:45,64,ok,15m bar数异常: 2026-06-22 count=15 (期望16)
301397,gem,64,2026-06-22 10:00,2026-06-26 09:45,64,ok,15m bar数异常: 2026-06-22 count=15 (期望16)
301398,gem,64,2026-06-22 10:00,2026-06-26 09:45,64,ok,15m bar数异常: 2026-06-22 count=15 (期望16)
301399,gem,64,2026-06-22 10:00,2026-06-26 09:45,64,ok,15m bar数异常: 2026-06-22 count=15 (期望16)
301408,gem,64,2026-06-22 10:00,2026-06-26 09:45,64,ok,15m bar数异常: 2026-06-22 count=15 (期望16)
301413,gem,64,2026-06-22 09:45,2026-06-25 15:00,64,ok,
301418,gem,64,2026-06-22 09:45,2026-06-25 15:00,64,ok,
301419,gem,64,2026-06-22 09:45,2026-06-25 15:00,64,ok,
301421,gem,64,2026-06-22 09:45,2026-06-25 15:00,64,ok,
301428,gem,64,2026-06-22 09:45,2026-06-25 15:00,64,ok,
301429,gem,64,2026-06-22 10:00,2026-06-26 09:45,64,ok,15m bar数异常: 2026-06-22 count=15 (期望16)
301439,gem,64,2026-06-22 10:00,2026-06-26 09:45,64,ok,15m bar数异常: 2026-06-22 count=15 (期望16)
301446,gem,64,2026-06-22 09:45,2026-06-25 15:00,64,ok,
301448,gem,64,2026-06-22 09:45,2026-06-25 15:00,64,ok,
301449,gem,64,2026-06-22 09:45,2026-06-25 15:00,64,ok,
301456,gem,64,2026-06-22 09:45,2026-06-25 15:00,64,ok,
301458,gem,64,2026-06-22 09:45,2026-06-25 15:00,64,ok,
301459,gem,64,2026-06-22 10:00,2026-06-26 09:45,64,ok,15m bar数异常: 2026-06-22 count=15 (期望16)
301468,gem,64,2026-06-22 09:45,2026-06-25 15:00,64,ok,
301469,gem,64,2026-06-22 09:45,2026-06-25 15:00,64,ok,
301479,gem,64,2026-06-22 09:45,2026-06-25 15:00,64,ok,
301486,gem,64,2026-06-22 09:45,2026-06-25 15:00,64,ok,
301487,gem,64,2026-06-22 09:45,2026-06-25 15:00,64,ok,
301488,gem,64,2026-06-22 09:45,2026-06-25 15:00,64,ok,
301489,gem,64,2026-06-22 10:00,2026-06-26 09:45,64,ok,15m bar数异常: 2026-06-22 count=15 (期望16)
301491,gem,64,2026-06-22 09:45,2026-06-25 15:00,64,ok,
301498,gem,64,2026-06-22 10:00,2026-06-26 09:45,64,ok,15m bar数异常: 2026-06-22 count=15 (期望16)
301499,gem,64,2026-06-22 10:00,2026-06-26 09:45,64,ok,15m bar数异常: 2026-06-22 count=15 (期望16)
301583,gem,0,,,0,no_data,无数据
301500,gem,64,2026-06-22 09:45,2026-06-25 15:00,64,ok,
301501,gem,64,2026-06-22 09:45,2026-06-25 15:00,64,ok,
301502,gem,64,2026-06-22 09:45,2026-06-25 15:00,64,ok,
301503,gem,64,2026-06-22 10:00,2026-06-26 09:45,64,ok,15m bar数异常: 2026-06-22 count=15 (期望16)
301505,gem,64,2026-06-22 09:45,2026-06-25 15:00,64,ok,
301507,gem,64,2026-06-22 10:00,2026-06-26 09:45,64,ok,15m bar数异常: 2026-06-22 count=15 (期望16)
301508,gem,64,2026-06-22 09:45,2026-06-25 15:00,64,ok,
301509,gem,64,2026-06-22 09:45,2026-06-25 15:00,64,ok,
301510,gem,64,2026-06-22 09:45,2026-06-25 15:00,64,ok,
301511,gem,64,2026-06-22 09:45,2026-06-25 15:00,64,ok,
301512,gem,64,2026-06-22 10:00,2026-06-26 09:45,64,ok,15m bar数异常: 2026-06-22 count=15 (期望16)
301513,gem,64,2026-06-22 10:00,2026-06-26 09:45,64,ok,15m bar数异常: 2026-06-22 count=15 (期望16)
301515,gem,64,2026-06-22 10:00,2026-06-26 09:45,64,ok,15m bar数异常: 2026-06-22 count=15 (期望16)
301516,gem,64,2026-06-22 10:00,2026-06-26 09:45,64,ok,15m bar数异常: 2026-06-22 count=15 (期望16)
301517,gem,64,2026-06-22 10:00,2026-06-26 09:45,64,ok,15m bar数异常: 2026-06-22 count=15 (期望16)
301518,gem,64,2026-06-22 10:00,2026-06-26 09:45,64,ok,15m bar数异常: 2026-06-22 count=15 (期望16)
301519,gem,64,2026-06-22 10:00,2026-06-26 09:45,64,ok,15m bar数异常: 2026-06-22 count=15 (期望16)
301520,gem,64,2026-06-22 10:00,2026-06-26 09:45,64,ok,15m bar数异常: 2026-06-22 count=15 (期望16)
301522,gem,64,2026-06-22 09:45,2026-06-25 15:00,64,ok,
301525,gem,64,2026-06-22 09:45,2026-06-25 15:00,64,ok,
301526,gem,64,2026-06-22 09:45,2026-06-25 15:00,64,ok,
301528,gem,64,2026-06-22 09:45,2026-06-25 15:00,64,ok,
301529,gem,64,2026-06-22 09:45,2026-06-25 15:00,64,ok,
301531,gem,64,2026-06-22 09:45,2026-06-25 15:00,64,ok,
301533,gem,64,2026-06-22 09:45,2026-06-25 15:00,64,ok,
301535,gem,64,2026-06-22 09:45,2026-06-25 15:00,64,ok,
301536,gem,64,2026-06-22 09:45,2026-06-25 15:00,64,ok,
301538,gem,64,2026-06-22 09:45,2026-06-25 15:00,64,ok,
301539,gem,64,2026-06-22 09:45,2026-06-25 15:00,64,ok,
301548,gem,64,2026-06-22 09:45,2026-06-25 15:00,64,ok,
301550,gem,64,2026-06-22 09:45,2026-06-25 15:00,64,ok,
301551,gem,64,2026-06-22 09:45,2026-06-25 15:00,64,ok,
301552,gem,64,2026-06-22 09:45,2026-06-25 15:00,64,ok,
301555,gem,64,2026-06-22 09:45,2026-06-25 15:00,64,ok,
301556,gem,64,2026-06-22 10:00,2026-06-26 09:45,64,ok,15m bar数异常: 2026-06-22 count=15 (期望16)
301557,gem,64,2026-06-22 10:00,2026-06-26 09:45,64,ok,15m bar数异常: 2026-06-22 count=15 (期望16)
301558,gem,64,2026-06-22 09:45,2026-06-25 15:00,64,ok,
301559,gem,64,2026-06-22 10:00,2026-06-26 09:45,64,ok,15m bar数异常: 2026-06-22 count=15 (期望16)
301560,gem,64,2026-06-22 09:45,2026-06-25 15:00,64,ok,
301563,gem,64,2026-06-22 10:00,2026-06-26 09:45,64,ok,15m bar数异常: 2026-06-22 count=15 (期望16)
301565,gem,64,2026-06-22 10:00,2026-06-26 09:45,64,ok,15m bar数异常: 2026-06-22 count=15 (期望16)
301566,gem,64,2026-06-22 09:45,2026-06-25 15:00,64,ok,
301567,gem,64,2026-06-22 10:00,2026-06-26 09:45,64,ok,15m bar数异常: 2026-06-22 count=15 (期望16)
301568,gem,64,2026-06-22 09:45,2026-06-25 15:00,64,ok,
301571,gem,64,2026-06-22 10:00,2026-06-26 09:45,64,ok,15m bar数异常: 2026-06-22 count=15 (期望16)
301575,gem,64,2026-06-22 10:00,2026-06-26 09:45,64,ok,15m bar数异常: 2026-06-22 count=15 (期望16)
301577,gem,64,2026-06-22 09:45,2026-06-25 15:00,64,ok,
301578,gem,64,2026-06-22 09:45,2026-06-25 15:00,64,ok,
301580,gem,64,2026-06-22 09:45,2026-06-25 15:00,64,ok,
301581,gem,64,2026-06-22 09:45,2026-06-25 15:00,64,ok,
301584,gem,64,2026-06-22 09:45,2026-06-25 15:00,64,ok,
301585,gem,64,2026-06-22 09:45,2026-06-25 15:00,64,ok,
301586,gem,64,2026-06-22 09:45,2026-06-25 15:00,64,ok,
301587,gem,64,2026-06-22 09:45,2026-06-25 15:00,64,ok,
301588,gem,64,2026-06-22 09:45,2026-06-25 15:00,64,ok,
301589,gem,64,2026-06-22 09:45,2026-06-25 15:00,64,ok,
301590,gem,64,2026-06-22 09:45,2026-06-25 15:00,64,ok,
301591,gem,64,2026-06-22 09:45,2026-06-25 15:00,64,ok,
301592,gem,64,2026-06-22 10:00,2026-06-26 09:45,64,ok,15m bar数异常: 2026-06-22 count=15 (期望16)
301595,gem,64,2026-06-22 09:45,2026-06-25 15:00,64,ok,
301596,gem,64,2026-06-22 10:00,2026-06-26 09:45,64,ok,15m bar数异常: 2026-06-22 count=15 (期望16)
301598,gem,64,2026-06-22 09:45,2026-06-25 15:00,64,ok,
301599,gem,64,2026-06-22 10:00,2026-06-26 09:45,64,ok,15m bar数异常: 2026-06-22 count=15 (期望16)
301600,gem,64,2026-06-22 09:45,2026-06-25 15:00,64,ok,
301601,gem,64,2026-06-22 09:45,2026-06-25 15:00,64,ok,
301602,gem,64,2026-06-22 10:00,2026-06-26 09:45,64,ok,15m bar数异常: 2026-06-22 count=15 (期望16)
301603,gem,64,2026-06-22 09:45,2026-06-25 15:00,64,ok,
301606,gem,64,2026-06-22 10:00,2026-06-26 09:45,64,ok,15m bar数异常: 2026-06-22 count=15 (期望16)
301607,gem,64,2026-06-22 10:00,2026-06-26 09:45,64,ok,15m bar数异常: 2026-06-22 count=15 (期望16)
301608,gem,64,2026-06-22 10:00,2026-06-26 09:45,64,ok,15m bar数异常: 2026-06-22 count=15 (期望16)
301609,gem,64,2026-06-22 09:45,2026-06-25 15:00,64,ok,
301611,gem,64,2026-06-22 09:45,2026-06-25 15:00,64,ok,
301613,gem,64,2026-06-22 09:45,2026-06-25 15:00,64,ok,
301616,gem,64,2026-06-22 10:00,2026-06-26 09:45,64,ok,15m bar数异常: 2026-06-22 count=15 (期望16)
301617,gem,64,2026-06-22 09:45,2026-06-25 15:00,64,ok,
301618,gem,64,2026-06-22 10:00,2026-06-26 09:45,64,ok,15m bar数异常: 2026-06-22 count=15 (期望16)
301622,gem,64,2026-06-22 09:45,2026-06-25 15:00,64,ok,
301626,gem,64,2026-06-22 09:45,2026-06-25 15:00,64,ok,
301628,gem,64,2026-06-22 09:45,2026-06-25 15:00,64,ok,
301629,gem,64,2026-06-22 09:45,2026-06-25 15:00,64,ok,
301630,gem,64,2026-06-22 09:45,2026-06-25 15:00,64,ok,
301631,gem,64,2026-06-22 09:45,2026-06-25 15:00,64,ok,
301632,gem,64,2026-06-22 09:45,2026-06-25 15:00,64,ok,
301633,gem,64,2026-06-22 09:45,2026-06-25 15:00,64,ok,
301636,gem,64,2026-06-22 10:00,2026-06-26 09:45,64,ok,15m bar数异常: 2026-06-22 count=15 (期望16)
301638,gem,64,2026-06-22 10:00,2026-06-26 09:45,64,ok,15m bar数异常: 2026-06-22 count=15 (期望16)
301656,gem,64,2026-06-22 10:00,2026-06-26 09:45,64,ok,15m bar数异常: 2026-06-22 count=15 (期望16)
301658,gem,64,2026-06-22 09:45,2026-06-25 15:00,64,ok,
301662,gem,64,2026-06-22 09:45,2026-06-25 15:00,64,ok,
301665,gem,64,2026-06-22 09:45,2026-06-25 15:00,64,ok,
301666,gem,64,2026-06-22 10:00,2026-06-26 09:45,64,ok,15m bar数异常: 2026-06-22 count=15 (期望16)
301667,gem,64,2026-06-22 09:45,2026-06-25 15:00,64,ok,
301668,gem,64,2026-06-22 09:45,2026-06-25 15:00,64,ok,
301669,gem,64,2026-06-22 09:45,2026-06-25 15:00,64,ok,
301678,gem,64,2026-06-22 10:00,2026-06-26 09:45,64,ok,15m bar数异常: 2026-06-22 count=15 (期望16)
301680,gem,64,2026-06-22 09:45,2026-06-25 15:00,64,ok,
301682,gem,64,2026-06-22 09:45,2026-06-25 15:00,64,ok,
301683,gem,64,2026-06-22 09:45,2026-06-25 15:00,64,ok,
301687,gem,64,2026-06-22 09:45,2026-06-25 15:00,64,ok,
301696,gem,64,2026-06-22 09:45,2026-06-25 15:00,64,ok,
600000,main_sh,64,2026-06-22 09:45,2026-06-25 15:00,64,ok,
600004,main_sh,64,2026-06-22 09:45,2026-06-25 15:00,64,ok,
600006,main_sh,64,2026-06-22 09:45,2026-06-25 15:00,64,ok,
600007,main_sh,64,2026-06-22 09:45,2026-06-25 15:00,64,ok,
600008,main_sh,64,2026-06-22 09:45,2026-06-25 15:00,64,ok,
600009,main_sh,64,2026-06-22 09:45,2026-06-25 15:00,64,ok,
600010,main_sh,64,2026-06-22 09:45,2026-06-25 15:00,64,ok,
600011,main_sh,64,2026-06-22 09:45,2026-06-25 15:00,64,ok,
600012,main_sh,64,2026-06-22 09:45,2026-06-25 15:00,64,ok,
600015,main_sh,64,2026-06-22 09:45,2026-06-25 15:00,64,ok,
600016,main_sh,64,2026-06-22 09:45,2026-06-25 15:00,64,ok,
600017,main_sh,64,2026-06-22 09:45,2026-06-25 15:00,64,ok,
600018,main_sh,64,2026-06-22 09:45,2026-06-25 15:00,64,ok,
600019,main_sh,64,2026-06-22 09:45,2026-06-25 15:00,64,ok,
600020,main_sh,64,2026-06-22 09:45,2026-06-25 15:00,64,ok,
600021,main_sh,64,2026-06-22 09:45,2026-06-25 15:00,64,ok,
600022,main_sh,64,2026-06-22 09:45,2026-06-25 15:00,64,ok,
600023,main_sh,64,2026-06-22 09:45,2026-06-25 15:00,64,ok,
600025,main_sh,64,2026-06-22 09:45,2026-06-25 15:00,64,ok,
600026,main_sh,64,2026-06-22 09:45,2026-06-25 15:00,64,ok,
600027,main_sh,64,2026-06-22 09:45,2026-06-25 15:00,64,ok,
600028,main_sh,64,2026-06-22 09:45,2026-06-25 15:00,64,ok,
600029,main_sh,64,2026-06-22 09:45,2026-06-25 15:00,64,ok,
600030,main_sh,64,2026-06-22 09:45,2026-06-25 15:00,64,ok,
600031,main_sh,64,2026-06-22 09:45,2026-06-25 15:00,64,ok,
600032,main_sh,64,2026-06-22 09:45,2026-06-25 15:00,64,ok,
600033,main_sh,64,2026-06-22 09:45,2026-06-25 15:00,64,ok,
600035,main_sh,64,2026-06-22 09:45,2026-06-25 15:00,64,ok,
600036,main_sh,64,2026-06-22 09:45,2026-06-25 15:00,64,ok,
600037,main_sh,64,2026-06-22 09:45,2026-06-25 15:00,64,ok,
600038,main_sh,64,2026-06-22 09:45,2026-06-25 15:00,64,ok,
600039,main_sh,64,2026-06-22 09:45,2026-06-25 15:00,64,ok,
600048,main_sh,64,2026-06-22 09:45,2026-06-25 15:00,64,ok,
600050,main_sh,64,2026-06-22 09:45,2026-06-25 15:00,64,ok,
600051,main_sh,64,2026-06-22 09:45,2026-06-25 15:00,64,ok,
600052,main_sh,64,2026-06-22 09:45,2026-06-25 15:00,64,ok,
600053,main_sh,64,2026-06-22 09:45,2026-06-25 15:00,64,ok,
600054,main_sh,64,2026-06-22 09:45,2026-06-25 15:00,64,ok,
600055,main_sh,64,2026-06-22 09:45,2026-06-25 15:00,64,ok,
600056,main_sh,64,2026-06-22 09:45,2026-06-25 15:00,64,ok,
600057,main_sh,64,2026-06-22 09:45,2026-06-25 15:00,64,ok,
600058,main_sh,64,2026-06-22 09:45,2026-06-25 15:00,64,ok,
600059,main_sh,64,2026-06-22 09:45,2026-06-25 15:00,64,ok,
600060,main_sh,64,2026-06-22 09:45,2026-06-25 15:00,64,ok,
600061,main_sh,64,2026-06-22 09:45,2026-06-25 15:00,64,ok,
600062,main_sh,64,2026-06-22 09:45,2026-06-25 15:00,64,ok,
600063,main_sh,64,2026-06-22 09:45,2026-06-25 15:00,64,ok,
600064,main_sh,64,2026-06-22 09:45,2026-06-25 15:00,64,ok,
600066,main_sh,64,2026-06-22 09:45,2026-06-25 15:00,64,ok,
600067,main_sh,64,2026-06-22 09:45,2026-06-25 15:00,64,ok,
600071,main_sh,64,2026-06-22 09:45,2026-06-25 15:00,64,ok,
600072,main_sh,64,2026-06-22 09:45,2026-06-25 15:00,64,ok,
600073,main_sh,64,2026-06-22 09:45,2026-06-25 15:00,64,ok,
600075,main_sh,64,2026-06-22 09:45,2026-06-25 15:00,64,ok,
600076,main_sh,64,2026-06-22 09:45,2026-06-25 15:00,64,ok,
600078,main_sh,64,2026-06-22 09:45,2026-06-25 15:00,64,ok,
600079,main_sh,64,2026-06-22 09:45,2026-06-25 15:00,64,ok,
600080,main_sh,64,2026-06-22 09:45,2026-06-25 15:00,64,ok,
600081,main_sh,64,2026-06-22 09:45,2026-06-25 15:00,64,ok,
600082,main_sh,64,2026-06-22 09:45,2026-06-25 15:00,64,ok,
600084,main_sh,64,2026-06-22 09:45,2026-06-25 15:00,64,ok,
600085,main_sh,64,2026-06-22 09:45,2026-06-25 15:00,64,ok,
600088,main_sh,64,2026-06-22 09:45,2026-06-25 15:00,64,ok,
600089,main_sh,64,2026-06-22 09:45,2026-06-25 15:00,64,ok,
600094,main_sh,64,2026-06-22 09:45,2026-06-25 15:00,64,ok,
600095,main_sh,64,2026-06-22 09:45,2026-06-25 15:00,64,ok,
600096,main_sh,64,2026-06-22 09:45,2026-06-25 15:00,64,ok,
600097,main_sh,64,2026-06-22 09:45,2026-06-25 15:00,64,ok,
600098,main_sh,64,2026-06-22 09:45,2026-06-25 15:00,64,ok,
600099,main_sh,64,2026-06-22 09:45,2026-06-25 15:00,64,ok,
600100,main_sh,64,2026-06-22 09:45,2026-06-25 15:00,64,ok,
600101,main_sh,64,2026-06-22 09:45,2026-06-25 15:00,64,ok,
600103,main_sh,64,2026-06-22 09:45,2026-06-25 15:00,64,ok,
600104,main_sh,64,2026-06-22 09:45,2026-06-25 15:00,64,ok,
600105,main_sh,64,2026-06-22 09:45,2026-06-25 15:00,64,ok,
600106,main_sh,64,2026-06-22 09:45,2026-06-25 15:00,64,ok,
600107,main_sh,64,2026-06-22 09:45,2026-06-25 15:00,64,ok,
600108,main_sh,64,2026-06-22 09:45,2026-06-25 15:00,64,ok,
600109,main_sh,64,2026-06-22 09:45,2026-06-25 15:00,64,ok,
600110,main_sh,64,2026-06-22 09:45,2026-06-25 15:00,64,ok,
600111,main_sh,64,2026-06-22 09:45,2026-06-25 15:00,64,ok,
600113,main_sh,64,2026-06-22 09:45,2026-06-25 15:00,64,ok,
600114,main_sh,64,2026-06-22 09:45,2026-06-25 15:00,64,ok,
600115,main_sh,64,2026-06-22 09:45,2026-06-25 15:00,64,ok,
600116,main_sh,64,2026-06-22 09:45,2026-06-25 15:00,64,ok,
600117,main_sh,64,2026-06-22 09:45,2026-06-25 15:00,64,ok,
600118,main_sh,64,2026-06-22 09:45,2026-06-25 15:00,64,ok,
600119,main_sh,64,2026-06-22 09:45,2026-06-25 15:00,64,ok,
600120,main_sh,64,2026-06-22 09:45,2026-06-25 15:00,64,ok,
600121,main_sh,64,2026-06-22 09:45,2026-06-25 15:00,64,ok,
600123,main_sh,64,2026-06-22 09:45,2026-06-25 15:00,64,ok,
600125,main_sh,64,2026-06-22 09:45,2026-06-25 15:00,64,ok,
600126,main_sh,64,2026-06-22 09:45,2026-06-25 15:00,64,ok,
600127,main_sh,64,2026-06-22 09:45,2026-06-25 15:00,64,ok,
600128,main_sh,64,2026-06-22 09:45,2026-06-25 15:00,64,ok,
600129,main_sh,64,2026-06-22 09:45,2026-06-25 15:00,64,ok,
600130,main_sh,64,2026-06-22 09:45,2026-06-25 15:00,64,ok,
600131,main_sh,64,2026-06-22 09:45,2026-06-25 15:00,64,ok,
600132,main_sh,64,2026-06-22 09:45,2026-06-25 15:00,64,ok,
600133,main_sh,64,2026-06-22 09:45,2026-06-25 15:00,64,ok,
600135,main_sh,64,2026-06-22 09:45,2026-06-25 15:00,64,ok,
600136,main_sh,64,2026-06-22 09:45,2026-06-25 15:00,64,ok,
600137,main_sh,64,2026-06-22 09:45,2026-06-25 15:00,64,ok,
600138,main_sh,64,2026-06-22 09:45,2026-06-25 15:00,64,ok,
600141,main_sh,64,2026-06-22 09:45,2026-06-25 15:00,64,ok,
600143,main_sh,64,2026-06-22 09:45,2026-06-25 15:00,64,ok,
600148,main_sh,64,2026-06-22 09:45,2026-06-25 15:00,64,ok,
600149,main_sh,64,2026-06-22 09:45,2026-06-25 15:00,64,ok,
600150,main_sh,64,2026-06-22 09:45,2026-06-25 15:00,64,ok,
600151,main_sh,64,2026-06-22 09:45,2026-06-25 15:00,64,ok,
600152,main_sh,64,2026-06-22 09:45,2026-06-25 15:00,64,ok,
600153,main_sh,64,2026-06-22 09:45,2026-06-25 15:00,64,ok,
600155,main_sh,64,2026-06-22 09:45,2026-06-25 15:00,64,ok,
600156,main_sh,64,2026-06-22 09:45,2026-06-25 15:00,64,ok,
600157,main_sh,64,2026-06-22 09:45,2026-06-25 15:00,64,ok,
600158,main_sh,64,2026-06-22 09:45,2026-06-25 15:00,64,ok,
600159,main_sh,64,2026-06-22 09:45,2026-06-25 15:00,64,ok,
600160,main_sh,64,2026-06-22 09:45,2026-06-25 15:00,64,ok,
600161,main_sh,64,2026-06-22 09:45,2026-06-25 15:00,64,ok,
600162,main_sh,64,2026-06-22 09:45,2026-06-25 15:00,64,ok,
600163,main_sh,64,2026-06-22 09:45,2026-06-25 15:00,64,ok,
600165,main_sh,64,2026-06-22 09:45,2026-06-25 15:00,64,ok,
600166,main_sh,64,2026-06-22 09:45,2026-06-25 15:00,64,ok,
600167,main_sh,64,2026-06-22 09:45,2026-06-25 15:00,64,ok,
600168,main_sh,64,2026-06-22 09:45,2026-06-25 15:00,64,ok,
600169,main_sh,64,2026-06-22 09:45,2026-06-25 15:00,64,ok,
600170,main_sh,64,2026-06-22 09:45,2026-06-25 15:00,64,ok,
600171,main_sh,64,2026-06-22 09:45,2026-06-25 15:00,64,ok,
600172,main_sh,64,2026-06-22 09:45,2026-06-25 15:00,64,ok,
600173,main_sh,64,2026-06-22 09:45,2026-06-25 15:00,64,ok,
600176,main_sh,64,2026-06-22 09:45,2026-06-25 15:00,64,ok,
600177,main_sh,64,2026-06-22 09:45,2026-06-25 15:00,64,ok,
600178,main_sh,64,2026-06-22 09:45,2026-06-25 15:00,64,ok,
600179,main_sh,64,2026-06-22 09:45,2026-06-25 15:00,64,ok,
600180,main_sh,64,2026-06-22 09:45,2026-06-25 15:00,64,ok,
600182,main_sh,64,2026-06-22 09:45,2026-06-25 15:00,64,ok,
600183,main_sh,64,2026-06-22 09:45,2026-06-25 15:00,64,ok,
600184,main_sh,64,2026-06-22 09:45,2026-06-25 15:00,64,ok,
600185,main_sh,64,2026-06-22 09:45,2026-06-25 15:00,64,ok,
600186,main_sh,64,2026-06-22 09:45,2026-06-25 15:00,64,ok,
600187,main_sh,64,2026-06-22 09:45,2026-06-25 15:00,64,ok,
600188,main_sh,64,2026-06-22 09:45,2026-06-25 15:00,64,ok,
600189,main_sh,64,2026-06-22 09:45,2026-06-25 15:00,64,ok,
600191,main_sh,64,2026-06-22 09:45,2026-06-25 15:00,64,ok,
600192,main_sh,64,2026-06-22 09:45,2026-06-25 15:00,64,ok,
600193,main_sh,64,2026-06-22 09:45,2026-06-25 15:00,64,ok,
600195,main_sh,64,2026-06-22 09:45,2026-06-25 15:00,64,ok,
600196,main_sh,64,2026-06-22 09:45,2026-06-25 15:00,64,ok,
600197,main_sh,64,2026-06-22 09:45,2026-06-25 15:00,64,ok,
600198,main_sh,64,2026-06-22 09:45,2026-06-25 15:00,64,ok,
600199,main_sh,64,2026-06-22 09:45,2026-06-25 15:00,64,ok,
600201,main_sh,64,2026-06-22 09:45,2026-06-25 15:00,64,ok,
600202,main_sh,64,2026-06-22 09:45,2026-06-25 15:00,64,ok,
600203,main_sh,64,2026-06-22 09:45,2026-06-25 15:00,64,ok,
600206,main_sh,64,2026-06-22 09:45,2026-06-25 15:00,64,ok,
600207,main_sh,64,2026-06-22 09:45,2026-06-25 15:00,64,ok,
600208,main_sh,64,2026-06-22 09:45,2026-06-25 15:00,64,ok,
600210,main_sh,64,2026-06-22 09:45,2026-06-25 15:00,64,ok,
600211,main_sh,64,2026-06-22 09:45,2026-06-25 15:00,64,ok,
600212,main_sh,64,2026-06-22 09:45,2026-06-25 15:00,64,ok,
600215,main_sh,64,2026-06-22 09:45,2026-06-25 15:00,64,ok,
600216,main_sh,64,2026-06-22 09:45,2026-06-25 15:00,64,ok,
600217,main_sh,64,2026-06-22 09:45,2026-06-25 15:00,64,ok,
600218,main_sh,64,2026-06-22 09:45,2026-06-25 15:00,64,ok,
600219,main_sh,64,2026-06-22 09:45,2026-06-25 15:00,64,ok,
600221,main_sh,64,2026-06-22 09:45,2026-06-25 15:00,64,ok,
600222,main_sh,64,2026-06-22 09:45,2026-06-25 15:00,64,ok,
600223,main_sh,64,2026-06-22 09:45,2026-06-25 15:00,64,ok,
600226,main_sh,64,2026-06-22 09:45,2026-06-25 15:00,64,ok,
600227,main_sh,64,2026-06-22 09:45,2026-06-25 15:00,64,ok,
600228,main_sh,16,2026-06-12 09:45,2026-06-25 15:00,16,ok,
600229,main_sh,64,2026-06-22 09:45,2026-06-25 15:00,64,ok,
600230,main_sh,64,2026-06-22 09:45,2026-06-25 15:00,64,ok,
600231,main_sh,64,2026-06-22 09:45,2026-06-25 15:00,64,ok,
600232,main_sh,64,2026-06-22 09:45,2026-06-25 15:00,64,ok,
600233,main_sh,64,2026-06-22 09:45,2026-06-25 15:00,64,ok,
600234,main_sh,64,2026-06-22 09:45,2026-06-25 15:00,64,ok,
600235,main_sh,64,2026-06-22 09:45,2026-06-25 15:00,64,ok,
600236,main_sh,64,2026-06-22 09:45,2026-06-25 15:00,64,ok,
600237,main_sh,64,2026-06-22 09:45,2026-06-25 15:00,64,ok,
600238,main_sh,64,2026-06-22 09:45,2026-06-25 15:00,64,ok,
600239,main_sh,64,2026-06-22 09:45,2026-06-25 15:00,64,ok,
600241,main_sh,64,2026-06-22 09:45,2026-06-25 15:00,64,ok,
600243,main_sh,64,2026-06-22 09:45,2026-06-25 15:00,64,ok,
600246,main_sh,64,2026-06-22 09:45,2026-06-25 15:00,64,ok,
600248,main_sh,64,2026-06-22 09:45,2026-06-25 15:00,64,ok,
600249,main_sh,64,2026-06-22 09:45,2026-06-25 15:00,64,ok,
600250,main_sh,64,2026-06-22 09:45,2026-06-25 15:00,64,ok,
600251,main_sh,64,2026-06-22 09:45,2026-06-25 15:00,64,ok,
600252,main_sh,64,2026-06-22 09:45,2026-06-25 15:00,64,ok,
600255,main_sh,64,2026-06-22 09:45,2026-06-25 15:00,64,ok,
600256,main_sh,64,2026-06-22 09:45,2026-06-25 15:00,64,ok,
600257,main_sh,64,2026-06-22 09:45,2026-06-25 15:00,64,ok,
600258,main_sh,64,2026-06-22 09:45,2026-06-25 15:00,64,ok,
600259,main_sh,64,2026-06-22 09:45,2026-06-25 15:00,64,ok,
600261,main_sh,64,2026-06-22 09:45,2026-06-25 15:00,64,ok,
600262,main_sh,64,2026-06-22 09:45,2026-06-25 15:00,64,ok,
600265,main_sh,64,2026-06-22 09:45,2026-06-25 15:00,64,ok,
600266,main_sh,64,2026-06-22 09:45,2026-06-25 15:00,64,ok,
600267,main_sh,64,2026-06-22 09:45,2026-06-25 15:00,64,ok,
600268,main_sh,64,2026-06-22 09:45,2026-06-25 15:00,64,ok,
600269,main_sh,64,2026-06-22 09:45,2026-06-25 15:00,64,ok,
600271,main_sh,64,2026-06-22 09:45,2026-06-25 15:00,64,ok,
600272,main_sh,64,2026-06-22 09:45,2026-06-25 15:00,64,ok,
600273,main_sh,64,2026-06-22 09:45,2026-06-25 15:00,64,ok,
600276,main_sh,64,2026-06-22 09:45,2026-06-25 15:00,64,ok,
600278,main_sh,64,2026-06-22 09:45,2026-06-25 15:00,64,ok,
600279,main_sh,64,2026-06-22 09:45,2026-06-25 15:00,64,ok,
600280,main_sh,64,2026-06-22 09:45,2026-06-25 15:00,64,ok,
600281,main_sh,64,2026-06-22 09:45,2026-06-25 15:00,64,ok,
600282,main_sh,64,2026-06-22 09:45,2026-06-25 15:00,64,ok,
600283,main_sh,64,2026-06-22 09:45,2026-06-25 15:00,64,ok,
600284,main_sh,64,2026-06-22 09:45,2026-06-25 15:00,64,ok,
600285,main_sh,64,2026-06-22 09:45,2026-06-25 15:00,64,ok,
600287,main_sh,64,2026-06-22 09:45,2026-06-25 15:00,64,ok,
600288,main_sh,64,2026-06-22 09:45,2026-06-25 15:00,64,ok,
600289,main_sh,64,2026-06-22 09:45,2026-06-25 15:00,64,ok,
600292,main_sh,64,2026-06-22 09:45,2026-06-25 15:00,64,ok,
600293,main_sh,64,2026-06-22 09:45,2026-06-25 15:00,64,ok,
600295,main_sh,64,2026-06-22 09:45,2026-06-25 15:00,64,ok,
600298,main_sh,64,2026-06-22 09:45,2026-06-25 15:00,64,ok,
600299,main_sh,64,2026-06-22 09:45,2026-06-25 15:00,64,ok,
600300,main_sh,64,2026-06-22 09:45,2026-06-25 15:00,64,ok,
600301,main_sh,64,2026-06-22 09:45,2026-06-25 15:00,64,ok,
600302,main_sh,64,2026-06-22 09:45,2026-06-25 15:00,64,ok,
600303,main_sh,64,2026-06-22 09:45,2026-06-25 15:00,64,ok,
600305,main_sh,64,2026-06-22 09:45,2026-06-25 15:00,64,ok,
600307,main_sh,64,2026-06-22 09:45,2026-06-25 15:00,64,ok,
600308,main_sh,64,2026-06-22 09:45,2026-06-25 15:00,64,ok,
600309,main_sh,64,2026-06-22 09:45,2026-06-25 15:00,64,ok,
600310,main_sh,64,2026-06-22 09:45,2026-06-25 15:00,64,ok,
600312,main_sh,64,2026-06-22 09:45,2026-06-25 15:00,64,ok,
600313,main_sh,64,2026-06-22 09:45,2026-06-25 15:00,64,ok,
600315,main_sh,64,2026-06-22 09:45,2026-06-25 15:00,64,ok,
600316,main_sh,64,2026-06-22 09:45,2026-06-25 15:00,64,ok,
600318,main_sh,64,2026-06-22 09:45,2026-06-25 15:00,64,ok,
600319,main_sh,64,2026-06-22 09:45,2026-06-25 15:00,64,ok,
600320,main_sh,64,2026-06-22 09:45,2026-06-25 15:00,64,ok,
600322,main_sh,64,2026-06-22 09:45,2026-06-25 15:00,64,ok,
600323,main_sh,64,2026-06-22 09:45,2026-06-25 15:00,64,ok,
600325,main_sh,64,2026-06-22 09:45,2026-06-25 15:00,64,ok,
600326,main_sh,64,2026-06-22 09:45,2026-06-25 15:00,64,ok,
600327,main_sh,64,2026-06-22 09:45,2026-06-25 15:00,64,ok,
600328,main_sh,64,2026-06-22 09:45,2026-06-25 15:00,64,ok,
600329,main_sh,64,2026-06-22 09:45,2026-06-25 15:00,64,ok,
600330,main_sh,64,2026-06-22 09:45,2026-06-25 15:00,64,ok,
600331,main_sh,64,2026-06-22 09:45,2026-06-25 15:00,64,ok,
600332,main_sh,64,2026-06-22 09:45,2026-06-25 15:00,64,ok,
600333,main_sh,64,2026-06-22 09:45,2026-06-25 15:00,64,ok,
600335,main_sh,64,2026-06-22 09:45,2026-06-25 15:00,64,ok,
600336,main_sh,64,2026-06-22 09:45,2026-06-25 15:00,64,ok,
600337,main_sh,64,2026-06-22 09:45,2026-06-25 15:00,64,ok,
600338,main_sh,64,2026-06-22 09:45,2026-06-25 15:00,64,ok,
600339,main_sh,64,2026-06-22 09:45,2026-06-25 15:00,64,ok,
600340,main_sh,64,2026-06-22 09:45,2026-06-25 15:00,64,ok,
600343,main_sh,64,2026-06-22 09:45,2026-06-25 15:00,64,ok,
600345,main_sh,64,2026-06-22 09:45,2026-06-25 15:00,64,ok,
600346,main_sh,64,2026-06-22 09:45,2026-06-25 15:00,64,ok,
600348,main_sh,64,2026-06-22 09:45,2026-06-25 15:00,64,ok,
600350,main_sh,64,2026-06-22 09:45,2026-06-25 15:00,64,ok,
600351,main_sh,64,2026-06-22 09:45,2026-06-25 15:00,64,ok,
600352,main_sh,64,2026-06-22 09:45,2026-06-25 15:00,64,ok,
600353,main_sh,64,2026-06-22 09:45,2026-06-25 15:00,64,ok,
600354,main_sh,64,2026-06-22 09:45,2026-06-25 15:00,64,ok,
600356,main_sh,64,2026-06-22 09:45,2026-06-25 15:00,64,ok,
600358,main_sh,64,2026-06-22 09:45,2026-06-25 15:00,64,ok,
600359,main_sh,64,2026-06-22 09:45,2026-06-25 15:00,64,ok,
600360,main_sh,64,2026-06-22 09:45,2026-06-25 15:00,64,ok,
600361,main_sh,64,2026-06-22 09:45,2026-06-25 15:00,64,ok,
600362,main_sh,64,2026-06-22 09:45,2026-06-25 15:00,64,ok,
600363,main_sh,64,2026-06-22 09:45,2026-06-25 15:00,64,ok,
600365,main_sh,63,2026-06-22 09:45,2026-06-25 15:00,63,ok,15m bar数异常: 2026-06-23 count=15 (期望16)
600366,main_sh,64,2026-06-22 09:45,2026-06-25 15:00,64,ok,
600367,main_sh,64,2026-06-22 09:45,2026-06-25 15:00,64,ok,
600368,main_sh,64,2026-06-22 09:45,2026-06-25 15:00,64,ok,
600369,main_sh,64,2026-06-22 09:45,2026-06-25 15:00,64,ok,
600370,main_sh,64,2026-06-22 09:45,2026-06-25 15:00,64,ok,
600371,main_sh,64,2026-06-22 09:45,2026-06-25 15:00,64,ok,
600372,main_sh,64,2026-06-22 09:45,2026-06-25 15:00,64,ok,
600373,main_sh,64,2026-06-22 09:45,2026-06-25 15:00,64,ok,
600375,main_sh,64,2026-06-22 09:45,2026-06-25 15:00,64,ok,
600376,main_sh,64,2026-06-22 09:45,2026-06-25 15:00,64,ok,
600377,main_sh,64,2026-06-22 09:45,2026-06-25 15:00,64,ok,
600378,main_sh,64,2026-06-22 09:45,2026-06-25 15:00,64,ok,
600379,main_sh,64,2026-06-22 09:45,2026-06-25 15:00,64,ok,
600380,main_sh,64,2026-06-22 09:45,2026-06-25 15:00,64,ok,
600381,main_sh,64,2026-06-22 09:45,2026-06-25 15:00,64,ok,
600382,main_sh,64,2026-06-22 09:45,2026-06-25 15:00,64,ok,
600383,main_sh,64,2026-06-22 09:45,2026-06-25 15:00,64,ok,
600386,main_sh,64,2026-06-22 09:45,2026-06-25 15:00,64,ok,
600388,main_sh,64,2026-06-22 09:45,2026-06-25 15:00,64,ok,
600389,main_sh,64,2026-06-22 09:45,2026-06-25 15:00,64,ok,
600390,main_sh,64,2026-06-22 09:45,2026-06-25 15:00,64,ok,
600391,main_sh,64,2026-06-22 09:45,2026-06-25 15:00,64,ok,
600392,main_sh,64,2026-06-22 09:45,2026-06-25 15:00,64,ok,
600395,main_sh,64,2026-06-22 09:45,2026-06-25 15:00,64,ok,
600396,main_sh,64,2026-06-22 09:45,2026-06-25 15:00,64,ok,
600397,main_sh,64,2026-06-22 09:45,2026-06-25 15:00,64,ok,
600398,main_sh,64,2026-06-22 09:45,2026-06-25 15:00,64,ok,
600399,main_sh,64,2026-06-22 09:45,2026-06-25 15:00,64,ok,
600400,main_sh,64,2026-06-22 09:45,2026-06-25 15:00,64,ok,
600403,main_sh,64,2026-06-22 09:45,2026-06-25 15:00,64,ok,
600405,main_sh,64,2026-06-22 09:45,2026-06-25 15:00,64,ok,
600406,main_sh,64,2026-06-22 09:45,2026-06-25 15:00,64,ok,
600408,main_sh,64,2026-06-22 09:45,2026-06-25 15:00,64,ok,
600409,main_sh,64,2026-06-22 09:45,2026-06-25 15:00,64,ok,
600410,main_sh,64,2026-06-22 09:45,2026-06-25 15:00,64,ok,
600415,main_sh,64,2026-06-22 09:45,2026-06-25 15:00,64,ok,
600416,main_sh,64,2026-06-22 09:45,2026-06-25 15:00,64,ok,
600418,main_sh,64,2026-06-22 09:45,2026-06-25 15:00,64,ok,
600419,main_sh,64,2026-06-22 09:45,2026-06-25 15:00,64,ok,
600420,main_sh,64,2026-06-22 09:45,2026-06-25 15:00,64,ok,
600421,main_sh,16,2026-06-22 09:45,2026-06-22 15:00,16,ok,尾部缺失 3 天: 2026-06-22 → 2026-06-26
600422,main_sh,64,2026-06-22 09:45,2026-06-25 15:00,64,ok,
600423,main_sh,64,2026-06-22 09:45,2026-06-25 15:00,64,ok,
600425,main_sh,64,2026-06-22 09:45,2026-06-25 15:00,64,ok,
600426,main_sh,64,2026-06-22 09:45,2026-06-25 15:00,64,ok,
600428,main_sh,64,2026-06-22 09:45,2026-06-25 15:00,64,ok,
600429,main_sh,64,2026-06-22 09:45,2026-06-25 15:00,64,ok,
600433,main_sh,64,2026-06-22 09:45,2026-06-25 15:00,64,ok,
600435,main_sh,64,2026-06-22 09:45,2026-06-25 15:00,64,ok,
600436,main_sh,64,2026-06-22 09:45,2026-06-25 15:00,64,ok,
600438,main_sh,64,2026-06-22 09:45,2026-06-25 15:00,64,ok,
600439,main_sh,64,2026-06-22 09:45,2026-06-25 15:00,64,ok,
600444,main_sh,64,2026-06-22 09:45,2026-06-25 15:00,64,ok,
600446,main_sh,64,2026-06-22 09:45,2026-06-25 15:00,64,ok,
600448,main_sh,64,2026-06-22 09:45,2026-06-25 15:00,64,ok,
600449,main_sh,64,2026-06-22 09:45,2026-06-25 15:00,64,ok,
600452,main_sh,64,2026-06-22 09:45,2026-06-25 15:00,64,ok,
600455,main_sh,64,2026-06-22 09:45,2026-06-25 15:00,64,ok,
600456,main_sh,64,2026-06-22 09:45,2026-06-25 15:00,64,ok,
600458,main_sh,64,2026-06-22 09:45,2026-06-25 15:00,64,ok,
600459,main_sh,64,2026-06-22 09:45,2026-06-25 15:00,64,ok,
600460,main_sh,64,2026-06-22 09:45,2026-06-25 15:00,64,ok,
600461,main_sh,64,2026-06-22 09:45,2026-06-25 15:00,64,ok,
600463,main_sh,64,2026-06-22 09:45,2026-06-25 15:00,64,ok,
600467,main_sh,64,2026-06-22 09:45,2026-06-25 15:00,64,ok,
600468,main_sh,64,2026-06-22 09:45,2026-06-25 15:00,64,ok,
600469,main_sh,64,2026-06-22 09:45,2026-06-25 15:00,64,ok,
600470,main_sh,64,2026-06-22 09:45,2026-06-25 15:00,64,ok,
600475,main_sh,64,2026-06-22 09:45,2026-06-25 15:00,64,ok,
600476,main_sh,64,2026-06-22 09:45,2026-06-25 15:00,64,ok,
600477,main_sh,64,2026-06-22 09:45,2026-06-25 15:00,64,ok,
600478,main_sh,64,2026-06-22 09:45,2026-06-25 15:00,64,ok,
600479,main_sh,64,2026-06-22 09:45,2026-06-25 15:00,64,ok,
600480,main_sh,64,2026-06-22 09:45,2026-06-25 15:00,64,ok,
600481,main_sh,64,2026-06-22 09:45,2026-06-25 15:00,64,ok,
600482,main_sh,64,2026-06-22 09:45,2026-06-25 15:00,64,ok,
600483,main_sh,64,2026-06-22 09:45,2026-06-25 15:00,64,ok,
600486,main_sh,64,2026-06-22 09:45,2026-06-25 15:00,64,ok,
600487,main_sh,64,2026-06-22 09:45,2026-06-25 15:00,64,ok,
600488,main_sh,64,2026-06-22 09:45,2026-06-25 15:00,64,ok,
600489,main_sh,64,2026-06-22 09:45,2026-06-25 15:00,64,ok,
600490,main_sh,64,2026-06-22 09:45,2026-06-25 15:00,64,ok,
600491,main_sh,64,2026-06-22 09:45,2026-06-25 15:00,64,ok,
600493,main_sh,64,2026-06-22 09:45,2026-06-25 15:00,64,ok,
600495,main_sh,64,2026-06-22 09:45,2026-06-25 15:00,64,ok,
600496,main_sh,64,2026-06-22 09:45,2026-06-25 15:00,64,ok,
600497,main_sh,64,2026-06-22 09:45,2026-06-25 15:00,64,ok,
600498,main_sh,64,2026-06-22 09:45,2026-06-25 15:00,64,ok,
600499,main_sh,64,2026-06-22 09:45,2026-06-25 15:00,64,ok,
600500,main_sh,64,2026-06-22 09:45,2026-06-25 15:00,64,ok,
600501,main_sh,64,2026-06-22 09:45,2026-06-25 15:00,64,ok,
600502,main_sh,64,2026-06-22 09:45,2026-06-25 15:00,64,ok,
600503,main_sh,64,2026-06-22 09:45,2026-06-25 15:00,64,ok,
600505,main_sh,64,2026-06-22 09:45,2026-06-25 15:00,64,ok,
600506,main_sh,64,2026-06-22 09:45,2026-06-25 15:00,64,ok,
600507,main_sh,64,2026-06-22 09:45,2026-06-25 15:00,64,ok,
600508,main_sh,64,2026-06-22 09:45,2026-06-25 15:00,64,ok,
600509,main_sh,64,2026-06-22 09:45,2026-06-25 15:00,64,ok,
600510,main_sh,64,2026-06-22 09:45,2026-06-25 15:00,64,ok,
600511,main_sh,64,2026-06-22 09:45,2026-06-25 15:00,64,ok,
600512,main_sh,64,2026-06-22 09:45,2026-06-25 15:00,64,ok,
600513,main_sh,64,2026-06-22 09:45,2026-06-25 15:00,64,ok,
600515,main_sh,64,2026-06-22 09:45,2026-06-25 15:00,64,ok,
600516,main_sh,64,2026-06-22 09:45,2026-06-25 15:00,64,ok,
600517,main_sh,64,2026-06-22 09:45,2026-06-25 15:00,64,ok,
600518,main_sh,64,2026-06-22 09:45,2026-06-25 15:00,64,ok,
600519,main_sh,64,2026-06-22 09:45,2026-06-25 15:00,64,ok,
600520,main_sh,64,2026-06-22 09:45,2026-06-25 15:00,64,ok,
600521,main_sh,64,2026-06-22 09:45,2026-06-25 15:00,64,ok,
600522,main_sh,64,2026-06-22 09:45,2026-06-25 15:00,64,ok,
600523,main_sh,64,2026-06-22 09:45,2026-06-25 15:00,64,ok,
600525,main_sh,64,2026-06-22 09:45,2026-06-25 15:00,64,ok,
600526,main_sh,64,2026-06-22 09:45,2026-06-25 15:00,64,ok,
600527,main_sh,64,2026-06-22 09:45,2026-06-25 15:00,64,ok,
600528,main_sh,64,2026-06-22 09:45,2026-06-25 15:00,64,ok,
600529,main_sh,64,2026-06-22 09:45,2026-06-25 15:00,64,ok,
600530,main_sh,64,2026-06-22 09:45,2026-06-25 15:00,64,ok,
600531,main_sh,64,2026-06-22 09:45,2026-06-25 15:00,64,ok,
600533,main_sh,64,2026-06-22 09:45,2026-06-25 15:00,64,ok,
600535,main_sh,64,2026-06-22 09:45,2026-06-25 15:00,64,ok,
600536,main_sh,64,2026-06-22 09:45,2026-06-25 15:00,64,ok,
600537,main_sh,64,2026-06-22 09:45,2026-06-25 15:00,64,ok,
600538,main_sh,64,2026-06-22 09:45,2026-06-25 15:00,64,ok,
600539,main_sh,64,2026-06-22 09:45,2026-06-25 15:00,64,ok,
600540,main_sh,64,2026-06-22 09:45,2026-06-25 15:00,64,ok,
600543,main_sh,64,2026-06-22 09:45,2026-06-25 15:00,64,ok,
600545,main_sh,64,2026-06-22 09:45,2026-06-25 15:00,64,ok,
600546,main_sh,64,2026-06-22 09:45,2026-06-25 15:00,64,ok,
600547,main_sh,64,2026-06-22 09:45,2026-06-25 15:00,64,ok,
600548,main_sh,64,2026-06-22 09:45,2026-06-25 15:00,64,ok,
600549,main_sh,64,2026-06-22 09:45,2026-06-25 15:00,64,ok,
600550,main_sh,64,2026-06-22 09:45,2026-06-25 15:00,64,ok,
600551,main_sh,64,2026-06-22 09:45,2026-06-25 15:00,64,ok,
600552,main_sh,64,2026-06-22 09:45,2026-06-25 15:00,64,ok,
600556,main_sh,64,2026-06-22 09:45,2026-06-25 15:00,64,ok,
600557,main_sh,64,2026-06-22 09:45,2026-06-25 15:00,64,ok,
600558,main_sh,64,2026-06-22 09:45,2026-06-25 15:00,64,ok,
600559,main_sh,64,2026-06-22 09:45,2026-06-25 15:00,64,ok,
600560,main_sh,64,2026-06-22 09:45,2026-06-25 15:00,64,ok,
600561,main_sh,64,2026-06-22 09:45,2026-06-25 15:00,64,ok,
600562,main_sh,64,2026-06-22 09:45,2026-06-25 15:00,64,ok,
600563,main_sh,64,2026-06-22 09:45,2026-06-25 15:00,64,ok,
600566,main_sh,64,2026-06-22 09:45,2026-06-25 15:00,64,ok,
600567,main_sh,64,2026-06-22 09:45,2026-06-25 15:00,64,ok,
600568,main_sh,64,2026-06-22 09:45,2026-06-25 15:00,64,ok,
600569,main_sh,64,2026-06-22 09:45,2026-06-25 15:00,64,ok,
600570,main_sh,64,2026-06-22 09:45,2026-06-25 15:00,64,ok,
600571,main_sh,64,2026-06-22 09:45,2026-06-25 15:00,64,ok,
600572,main_sh,64,2026-06-22 09:45,2026-06-25 15:00,64,ok,
600573,main_sh,64,2026-06-22 09:45,2026-06-25 15:00,64,ok,
600575,main_sh,64,2026-06-22 09:45,2026-06-25 15:00,64,ok,
600576,main_sh,64,2026-06-22 09:45,2026-06-25 15:00,64,ok,
600577,main_sh,64,2026-06-22 09:45,2026-06-25 15:00,64,ok,
600578,main_sh,64,2026-06-22 09:45,2026-06-25 15:00,64,ok,
600579,main_sh,64,2026-06-22 09:45,2026-06-25 15:00,64,ok,
600580,main_sh,64,2026-06-22 09:45,2026-06-25 15:00,64,ok,
600581,main_sh,64,2026-06-22 09:45,2026-06-25 15:00,64,ok,
600582,main_sh,64,2026-06-22 09:45,2026-06-25 15:00,64,ok,
600583,main_sh,64,2026-06-22 09:45,2026-06-25 15:00,64,ok,
600584,main_sh,64,2026-06-22 09:45,2026-06-25 15:00,64,ok,
600585,main_sh,64,2026-06-22 09:45,2026-06-25 15:00,64,ok,
600586,main_sh,64,2026-06-22 09:45,2026-06-25 15:00,64,ok,
600587,main_sh,64,2026-06-22 09:45,2026-06-25 15:00,64,ok,
600588,main_sh,64,2026-06-22 09:45,2026-06-25 15:00,64,ok,
600589,main_sh,64,2026-06-22 09:45,2026-06-25 15:00,64,ok,
600590,main_sh,64,2026-06-22 09:45,2026-06-25 15:00,64,ok,
600592,main_sh,64,2026-06-22 09:45,2026-06-25 15:00,64,ok,
600593,main_sh,64,2026-06-22 09:45,2026-06-25 15:00,64,ok,
600594,main_sh,64,2026-06-22 09:45,2026-06-25 15:00,64,ok,
600595,main_sh,64,2026-06-22 09:45,2026-06-25 15:00,64,ok,
600596,main_sh,64,2026-06-22 09:45,2026-06-25 15:00,64,ok,
600597,main_sh,64,2026-06-22 09:45,2026-06-25 15:00,64,ok,
600598,main_sh,64,2026-06-22 09:45,2026-06-25 15:00,64,ok,
600599,main_sh,16,2026-06-16 09:45,2026-06-22 15:00,16,ok,尾部缺失 3 天: 2026-06-22 → 2026-06-26
600600,main_sh,64,2026-06-22 09:45,2026-06-25 15:00,64,ok,
600601,main_sh,64,2026-06-22 09:45,2026-06-25 15:00,64,ok,
600602,main_sh,64,2026-06-22 09:45,2026-06-25 15:00,64,ok,
600603,main_sh,64,2026-06-22 09:45,2026-06-25 15:00,64,ok,
600604,main_sh,64,2026-06-22 09:45,2026-06-25 15:00,64,ok,
600605,main_sh,64,2026-06-22 09:45,2026-06-25 15:00,64,ok,
600606,main_sh,64,2026-06-22 09:45,2026-06-25 15:00,64,ok,
600608,main_sh,64,2026-06-22 09:45,2026-06-25 15:00,64,ok,
600609,main_sh,64,2026-06-22 09:45,2026-06-25 15:00,64,ok,
600610,main_sh,64,2026-06-22 09:45,2026-06-25 15:00,64,ok,
600611,main_sh,64,2026-06-22 09:45,2026-06-25 15:00,64,ok,
600612,main_sh,64,2026-06-22 09:45,2026-06-25 15:00,64,ok,
600613,main_sh,64,2026-06-22 09:45,2026-06-25 15:00,64,ok,
600615,main_sh,64,2026-06-22 09:45,2026-06-25 15:00,64,ok,
600616,main_sh,64,2026-06-22 09:45,2026-06-25 15:00,64,ok,
600617,main_sh,64,2026-06-22 09:45,2026-06-25 15:00,64,ok,
600618,main_sh,64,2026-06-22 09:45,2026-06-25 15:00,64,ok,
600619,main_sh,64,2026-06-22 09:45,2026-06-25 15:00,64,ok,
600620,main_sh,64,2026-06-22 09:45,2026-06-25 15:00,64,ok,
600621,main_sh,64,2026-06-22 09:45,2026-06-25 15:00,64,ok,
600622,main_sh,64,2026-06-22 09:45,2026-06-25 15:00,64,ok,
600623,main_sh,64,2026-06-22 09:45,2026-06-25 15:00,64,ok,
600624,main_sh,64,2026-06-22 09:45,2026-06-25 15:00,64,ok,
600626,main_sh,64,2026-06-22 09:45,2026-06-25 15:00,64,ok,
600628,main_sh,64,2026-06-22 09:45,2026-06-25 15:00,64,ok,
600629,main_sh,64,2026-06-22 09:45,2026-06-25 15:00,64,ok,
600630,main_sh,64,2026-06-22 09:45,2026-06-25 15:00,64,ok,
600633,main_sh,64,2026-06-22 09:45,2026-06-25 15:00,64,ok,
600635,main_sh,64,2026-06-22 09:45,2026-06-25 15:00,64,ok,
600636,main_sh,16,2026-06-16 09:45,2026-06-22 15:00,16,ok,尾部缺失 3 天: 2026-06-22 → 2026-06-26
600637,main_sh,64,2026-06-22 09:45,2026-06-25 15:00,64,ok,
600638,main_sh,64,2026-06-22 09:45,2026-06-25 15:00,64,ok,
600639,main_sh,64,2026-06-22 09:45,2026-06-25 15:00,64,ok,
600640,main_sh,64,2026-06-22 09:45,2026-06-25 15:00,64,ok,
600641,main_sh,64,2026-06-22 09:45,2026-06-25 15:00,64,ok,
600642,main_sh,64,2026-06-22 09:45,2026-06-25 15:00,64,ok,
600643,main_sh,64,2026-06-22 09:45,2026-06-25 15:00,64,ok,
600644,main_sh,64,2026-06-22 09:45,2026-06-25 15:00,64,ok,
600645,main_sh,64,2026-06-22 09:45,2026-06-25 15:00,64,ok,
600648,main_sh,64,2026-06-22 09:45,2026-06-25 15:00,64,ok,
600649,main_sh,64,2026-06-22 09:45,2026-06-25 15:00,64,ok,
600650,main_sh,64,2026-06-22 09:45,2026-06-25 15:00,64,ok,
600651,main_sh,64,2026-06-22 09:45,2026-06-25 15:00,64,ok,
600653,main_sh,64,2026-06-22 09:45,2026-06-25 15:00,64,ok,
600654,main_sh,64,2026-06-22 09:45,2026-06-25 15:00,64,ok,
600655,main_sh,64,2026-06-22 09:45,2026-06-25 15:00,64,ok,
600657,main_sh,64,2026-06-22 09:45,2026-06-25 15:00,64,ok,
600658,main_sh,64,2026-06-22 09:45,2026-06-25 15:00,64,ok,
600660,main_sh,64,2026-06-22 09:45,2026-06-25 15:00,64,ok,
600661,main_sh,64,2026-06-22 09:45,2026-06-25 15:00,64,ok,
600662,main_sh,64,2026-06-22 09:45,2026-06-25 15:00,64,ok,
600663,main_sh,64,2026-06-22 09:45,2026-06-25 15:00,64,ok,
600664,main_sh,64,2026-06-22 09:45,2026-06-25 15:00,64,ok,
600665,main_sh,64,2026-06-22 09:45,2026-06-25 15:00,64,ok,
600666,main_sh,64,2026-06-22 09:45,2026-06-25 15:00,64,ok,
600667,main_sh,64,2026-06-22 09:45,2026-06-25 15:00,64,ok,
600668,main_sh,64,2026-06-22 09:45,2026-06-25 15:00,64,ok,
600671,main_sh,64,2026-06-22 09:45,2026-06-25 15:00,64,ok,
600673,main_sh,64,2026-06-22 09:45,2026-06-25 15:00,64,ok,
600674,main_sh,64,2026-06-22 09:45,2026-06-25 15:00,64,ok,
600675,main_sh,64,2026-06-22 09:45,2026-06-25 15:00,64,ok,
600676,main_sh,64,2026-06-22 09:45,2026-06-25 15:00,64,ok,
600678,main_sh,64,2026-06-22 09:45,2026-06-25 15:00,64,ok,
600679,main_sh,64,2026-06-22 09:45,2026-06-25 15:00,64,ok,
600681,main_sh,64,2026-06-22 09:45,2026-06-25 15:00,64,ok,
600682,main_sh,64,2026-06-22 09:45,2026-06-25 15:00,64,ok,
600683,main_sh,64,2026-06-22 09:45,2026-06-25 15:00,64,ok,
600684,main_sh,64,2026-06-22 09:45,2026-06-25 15:00,64,ok,
600685,main_sh,64,2026-06-22 09:45,2026-06-25 15:00,64,ok,
600686,main_sh,64,2026-06-22 09:45,2026-06-25 15:00,64,ok,
600688,main_sh,64,2026-06-22 09:45,2026-06-25 15:00,64,ok,
600689,main_sh,64,2026-06-22 09:45,2026-06-25 15:00,64,ok,
600690,main_sh,64,2026-06-22 09:45,2026-06-25 15:00,64,ok,
600691,main_sh,64,2026-06-22 09:45,2026-06-25 15:00,64,ok,
600692,main_sh,64,2026-06-22 09:45,2026-06-25 15:00,64,ok,
600693,main_sh,64,2026-06-22 09:45,2026-06-25 15:00,64,ok,
600694,main_sh,64,2026-06-22 09:45,2026-06-25 15:00,64,ok,
600696,main_sh,16,2026-06-16 09:45,2026-06-22 15:00,16,ok,尾部缺失 3 天: 2026-06-22 → 2026-06-26
600697,main_sh,64,2026-06-22 09:45,2026-06-25 15:00,64,ok,
600698,main_sh,64,2026-06-22 09:45,2026-06-25 15:00,64,ok,
600699,main_sh,64,2026-06-22 09:45,2026-06-25 15:00,64,ok,
600702,main_sh,64,2026-06-22 09:45,2026-06-25 15:00,64,ok,
600703,main_sh,64,2026-06-22 09:45,2026-06-25 15:00,64,ok,
600704,main_sh,64,2026-06-22 09:45,2026-06-25 15:00,64,ok,
600706,main_sh,64,2026-06-22 09:45,2026-06-25 15:00,64,ok,
600707,main_sh,64,2026-06-22 09:45,2026-06-25 15:00,64,ok,
600708,main_sh,64,2026-06-22 09:45,2026-06-25 15:00,64,ok,
600710,main_sh,64,2026-06-22 09:45,2026-06-25 15:00,64,ok,
600711,main_sh,64,2026-06-22 09:45,2026-06-25 15:00,64,ok,
600712,main_sh,64,2026-06-22 09:45,2026-06-25 15:00,64,ok,
600713,main_sh,64,2026-06-22 09:45,2026-06-25 15:00,64,ok,
600714,main_sh,64,2026-06-22 09:45,2026-06-25 15:00,64,ok,
600715,main_sh,64,2026-06-22 09:45,2026-06-25 15:00,64,ok,
600716,main_sh,64,2026-06-22 09:45,2026-06-25 15:00,64,ok,
600717,main_sh,48,2026-06-23 09:45,2026-06-25 15:00,48,ok,
600718,main_sh,64,2026-06-22 09:45,2026-06-25 15:00,64,ok,
600719,main_sh,64,2026-06-22 09:45,2026-06-25 15:00,64,ok,
600720,main_sh,64,2026-06-22 09:45,2026-06-25 15:00,64,ok,
600721,main_sh,64,2026-06-22 09:45,2026-06-25 15:00,64,ok,
600722,main_sh,64,2026-06-22 09:45,2026-06-25 15:00,64,ok,
600724,main_sh,64,2026-06-22 09:45,2026-06-25 15:00,64,ok,
600725,main_sh,64,2026-06-22 09:45,2026-06-25 15:00,64,ok,
600726,main_sh,64,2026-06-22 09:45,2026-06-25 15:00,64,ok,
600727,main_sh,64,2026-06-22 09:45,2026-06-25 15:00,64,ok,
600728,main_sh,64,2026-06-22 09:45,2026-06-25 15:00,64,ok,
600729,main_sh,64,2026-06-22 09:45,2026-06-25 15:00,64,ok,
600730,main_sh,64,2026-06-22 09:45,2026-06-25 15:00,64,ok,
600731,main_sh,64,2026-06-22 09:45,2026-06-25 15:00,64,ok,
600732,main_sh,64,2026-06-22 09:45,2026-06-25 15:00,64,ok,
600733,main_sh,64,2026-06-22 09:45,2026-06-25 15:00,64,ok,
600734,main_sh,64,2026-06-22 09:45,2026-06-25 15:00,64,ok,
600735,main_sh,64,2026-06-22 09:45,2026-06-25 15:00,64,ok,
600736,main_sh,64,2026-06-22 09:45,2026-06-25 15:00,64,ok,
600737,main_sh,64,2026-06-22 09:45,2026-06-25 15:00,64,ok,
600738,main_sh,64,2026-06-22 09:45,2026-06-25 15:00,64,ok,
600739,main_sh,64,2026-06-22 09:45,2026-06-25 15:00,64,ok,
600740,main_sh,64,2026-06-22 09:45,2026-06-25 15:00,64,ok,
600741,main_sh,64,2026-06-22 09:45,2026-06-25 15:00,64,ok,
600742,main_sh,64,2026-06-22 09:45,2026-06-25 15:00,64,ok,
600743,main_sh,64,2026-06-22 09:45,2026-06-25 15:00,64,ok,
600744,main_sh,64,2026-06-22 09:45,2026-06-25 15:00,64,ok,
600745,main_sh,64,2026-06-22 09:45,2026-06-25 15:00,64,ok,
600746,main_sh,64,2026-06-22 09:45,2026-06-25 15:00,64,ok,
600748,main_sh,64,2026-06-22 09:45,2026-06-25 15:00,64,ok,
600749,main_sh,64,2026-06-22 09:45,2026-06-25 15:00,64,ok,
600750,main_sh,64,2026-06-22 09:45,2026-06-25 15:00,64,ok,
600751,main_sh,64,2026-06-22 09:45,2026-06-25 15:00,64,ok,
600753,main_sh,64,2026-06-22 09:45,2026-06-25 15:00,64,ok,
600754,main_sh,64,2026-06-22 09:45,2026-06-25 15:00,64,ok,
600755,main_sh,64,2026-06-22 09:45,2026-06-25 15:00,64,ok,
600756,main_sh,64,2026-06-22 09:45,2026-06-25 15:00,64,ok,
600757,main_sh,64,2026-06-22 09:45,2026-06-25 15:00,64,ok,
600758,main_sh,64,2026-06-22 09:45,2026-06-25 15:00,64,ok,
600759,main_sh,64,2026-06-22 09:45,2026-06-25 15:00,64,ok,
600760,main_sh,64,2026-06-22 09:45,2026-06-25 15:00,64,ok,
600761,main_sh,64,2026-06-22 09:45,2026-06-25 15:00,64,ok,
600763,main_sh,64,2026-06-22 09:45,2026-06-25 15:00,64,ok,
600764,main_sh,64,2026-06-22 09:45,2026-06-25 15:00,64,ok,
600765,main_sh,64,2026-06-22 09:45,2026-06-25 15:00,64,ok,
600768,main_sh,64,2026-06-22 09:45,2026-06-25 15:00,64,ok,
600769,main_sh,64,2026-06-22 09:45,2026-06-25 15:00,64,ok,
600770,main_sh,64,2026-06-22 09:45,2026-06-25 15:00,64,ok,
600771,main_sh,64,2026-06-22 09:45,2026-06-25 15:00,64,ok,
600773,main_sh,64,2026-06-22 09:45,2026-06-25 15:00,64,ok,
600774,main_sh,64,2026-06-22 09:45,2026-06-25 15:00,64,ok,
600775,main_sh,64,2026-06-22 09:45,2026-06-25 15:00,64,ok,
600776,main_sh,64,2026-06-22 09:45,2026-06-25 15:00,64,ok,
600777,main_sh,48,2026-06-18 09:45,2026-06-25 15:00,48,ok,
600778,main_sh,64,2026-06-22 09:45,2026-06-25 15:00,64,ok,
600779,main_sh,64,2026-06-22 09:45,2026-06-25 15:00,64,ok,
600780,main_sh,64,2026-06-22 09:45,2026-06-25 15:00,64,ok,
600782,main_sh,64,2026-06-22 09:45,2026-06-25 15:00,64,ok,
600783,main_sh,64,2026-06-22 09:45,2026-06-25 15:00,64,ok,
600784,main_sh,64,2026-06-22 09:45,2026-06-25 15:00,64,ok,
600785,main_sh,64,2026-06-22 09:45,2026-06-25 15:00,64,ok,
600787,main_sh,64,2026-06-22 09:45,2026-06-25 15:00,64,ok,
600789,main_sh,64,2026-06-22 09:45,2026-06-25 15:00,64,ok,
600790,main_sh,64,2026-06-22 09:45,2026-06-25 15:00,64,ok,
600791,main_sh,64,2026-06-22 09:45,2026-06-25 15:00,64,ok,
600792,main_sh,64,2026-06-22 09:45,2026-06-25 15:00,64,ok,
600793,main_sh,64,2026-06-22 09:45,2026-06-25 15:00,64,ok,
600794,main_sh,64,2026-06-22 09:45,2026-06-25 15:00,64,ok,
600795,main_sh,64,2026-06-22 09:45,2026-06-25 15:00,64,ok,
600796,main_sh,64,2026-06-22 09:45,2026-06-25 15:00,64,ok,
600797,main_sh,64,2026-06-22 09:45,2026-06-25 15:00,64,ok,
600798,main_sh,64,2026-06-22 09:45,2026-06-25 15:00,64,ok,
600800,main_sh,64,2026-06-22 09:45,2026-06-25 15:00,64,ok,
600801,main_sh,64,2026-06-22 09:45,2026-06-25 15:00,64,ok,
600802,main_sh,64,2026-06-22 09:45,2026-06-25 15:00,64,ok,
600803,main_sh,64,2026-06-22 09:45,2026-06-25 15:00,64,ok,
600805,main_sh,64,2026-06-22 09:45,2026-06-25 15:00,64,ok,
600807,main_sh,64,2026-06-22 09:45,2026-06-25 15:00,64,ok,
600808,main_sh,64,2026-06-22 09:45,2026-06-25 15:00,64,ok,
600809,main_sh,64,2026-06-22 09:45,2026-06-25 15:00,64,ok,
600810,main_sh,64,2026-06-22 09:45,2026-06-25 15:00,64,ok,
600812,main_sh,64,2026-06-22 09:45,2026-06-25 15:00,64,ok,
600814,main_sh,64,2026-06-22 09:45,2026-06-25 15:00,64,ok,
600815,main_sh,64,2026-06-22 09:45,2026-06-25 15:00,64,ok,
600816,main_sh,64,2026-06-22 09:45,2026-06-25 15:00,64,ok,
600817,main_sh,64,2026-06-22 09:45,2026-06-25 15:00,64,ok,
600818,main_sh,64,2026-06-22 09:45,2026-06-25 15:00,64,ok,
600819,main_sh,64,2026-06-22 09:45,2026-06-25 15:00,64,ok,
600820,main_sh,64,2026-06-22 09:45,2026-06-25 15:00,64,ok,
600821,main_sh,64,2026-06-22 09:45,2026-06-25 15:00,64,ok,
600822,main_sh,64,2026-06-22 09:45,2026-06-25 15:00,64,ok,
600824,main_sh,64,2026-06-22 09:45,2026-06-25 15:00,64,ok,
600825,main_sh,64,2026-06-22 09:45,2026-06-25 15:00,64,ok,
600826,main_sh,64,2026-06-22 09:45,2026-06-25 15:00,64,ok,
600827,main_sh,64,2026-06-22 09:45,2026-06-25 15:00,64,ok,
600828,main_sh,64,2026-06-22 09:45,2026-06-25 15:00,64,ok,
600829,main_sh,64,2026-06-22 09:45,2026-06-25 15:00,64,ok,
600830,main_sh,64,2026-06-22 09:45,2026-06-25 15:00,64,ok,
600831,main_sh,64,2026-06-22 09:45,2026-06-25 15:00,64,ok,
600833,main_sh,64,2026-06-22 09:45,2026-06-25 15:00,64,ok,
600834,main_sh,64,2026-06-22 09:45,2026-06-25 15:00,64,ok,
600835,main_sh,64,2026-06-22 09:45,2026-06-25 15:00,64,ok,
600838,main_sh,64,2026-06-22 09:45,2026-06-25 15:00,64,ok,
600839,main_sh,64,2026-06-22 09:45,2026-06-25 15:00,64,ok,
600841,main_sh,64,2026-06-22 09:45,2026-06-25 15:00,64,ok,
600843,main_sh,64,2026-06-22 09:45,2026-06-25 15:00,64,ok,
600844,main_sh,64,2026-06-22 09:45,2026-06-25 15:00,64,ok,
600845,main_sh,64,2026-06-22 09:45,2026-06-25 15:00,64,ok,
600846,main_sh,64,2026-06-22 09:45,2026-06-25 15:00,64,ok,
600847,main_sh,64,2026-06-22 09:45,2026-06-25 15:00,64,ok,
600848,main_sh,64,2026-06-22 09:45,2026-06-25 15:00,64,ok,
600850,main_sh,64,2026-06-22 09:45,2026-06-25 15:00,64,ok,
600851,main_sh,64,2026-06-22 09:45,2026-06-25 15:00,64,ok,
600853,main_sh,64,2026-06-22 09:45,2026-06-25 15:00,64,ok,
600854,main_sh,64,2026-06-22 09:45,2026-06-25 15:00,64,ok,
600855,main_sh,64,2026-06-22 09:45,2026-06-25 15:00,64,ok,
600857,main_sh,64,2026-06-22 09:45,2026-06-25 15:00,64,ok,
600858,main_sh,64,2026-06-22 09:45,2026-06-25 15:00,64,ok,
600859,main_sh,64,2026-06-22 09:45,2026-06-25 15:00,64,ok,
600860,main_sh,64,2026-06-22 09:45,2026-06-25 15:00,64,ok,
600861,main_sh,64,2026-06-22 09:45,2026-06-25 15:00,64,ok,
600862,main_sh,64,2026-06-22 09:45,2026-06-25 15:00,64,ok,
600863,main_sh,64,2026-06-22 09:45,2026-06-25 15:00,64,ok,
600864,main_sh,64,2026-06-22 09:45,2026-06-25 15:00,64,ok,
600865,main_sh,64,2026-06-22 09:45,2026-06-25 15:00,64,ok,
600866,main_sh,64,2026-06-22 09:45,2026-06-25 15:00,64,ok,
600867,main_sh,64,2026-06-22 09:45,2026-06-25 15:00,64,ok,
600868,main_sh,64,2026-06-22 09:45,2026-06-25 15:00,64,ok,
600869,main_sh,64,2026-06-22 09:45,2026-06-25 15:00,64,ok,
600871,main_sh,64,2026-06-22 09:45,2026-06-25 15:00,64,ok,
600872,main_sh,64,2026-06-22 09:45,2026-06-25 15:00,64,ok,
600873,main_sh,64,2026-06-22 09:45,2026-06-25 15:00,64,ok,
600874,main_sh,64,2026-06-22 09:45,2026-06-25 15:00,64,ok,
600875,main_sh,64,2026-06-22 09:45,2026-06-25 15:00,64,ok,
600876,main_sh,64,2026-06-22 09:45,2026-06-25 15:00,64,ok,
600877,main_sh,64,2026-06-22 09:45,2026-06-25 15:00,64,ok,
600879,main_sh,64,2026-06-22 09:45,2026-06-25 15:00,64,ok,
600880,main_sh,64,2026-06-22 09:45,2026-06-25 15:00,64,ok,
600881,main_sh,64,2026-06-22 09:45,2026-06-25 15:00,64,ok,
600882,main_sh,64,2026-06-22 09:45,2026-06-25 15:00,64,ok,
600883,main_sh,64,2026-06-22 09:45,2026-06-25 15:00,64,ok,
600884,main_sh,64,2026-06-22 09:45,2026-06-25 15:00,64,ok,
600885,main_sh,64,2026-06-22 09:45,2026-06-25 15:00,64,ok,
600886,main_sh,64,2026-06-22 09:45,2026-06-25 15:00,64,ok,
600887,main_sh,64,2026-06-22 09:45,2026-06-25 15:00,64,ok,
600888,main_sh,64,2026-06-22 09:45,2026-06-25 15:00,64,ok,
600889,main_sh,64,2026-06-22 09:45,2026-06-25 15:00,64,ok,
600892,main_sh,64,2026-06-22 09:45,2026-06-25 15:00,64,ok,
600893,main_sh,64,2026-06-22 09:45,2026-06-25 15:00,64,ok,
600894,main_sh,64,2026-06-22 09:45,2026-06-25 15:00,64,ok,
600895,main_sh,64,2026-06-22 09:45,2026-06-25 15:00,64,ok,
600897,main_sh,64,2026-06-22 09:45,2026-06-25 15:00,64,ok,
600900,main_sh,64,2026-06-22 09:45,2026-06-25 15:00,64,ok,
600901,main_sh,64,2026-06-22 09:45,2026-06-25 15:00,64,ok,
600903,main_sh,64,2026-06-22 09:45,2026-06-25 15:00,64,ok,
600905,main_sh,64,2026-06-22 09:45,2026-06-25 15:00,64,ok,
600906,main_sh,64,2026-06-22 09:45,2026-06-25 15:00,64,ok,
600908,main_sh,64,2026-06-22 09:45,2026-06-25 15:00,64,ok,
600909,main_sh,64,2026-06-22 09:45,2026-06-25 15:00,64,ok,
600916,main_sh,64,2026-06-22 09:45,2026-06-25 15:00,64,ok,
600917,main_sh,64,2026-06-22 09:45,2026-06-25 15:00,64,ok,
600918,main_sh,64,2026-06-22 09:45,2026-06-25 15:00,64,ok,
600919,main_sh,64,2026-06-22 09:45,2026-06-25 15:00,64,ok,
600925,main_sh,64,2026-06-22 09:45,2026-06-25 15:00,64,ok,
600926,main_sh,64,2026-06-22 09:45,2026-06-25 15:00,64,ok,
600927,main_sh,64,2026-06-22 09:45,2026-06-25 15:00,64,ok,
600928,main_sh,64,2026-06-22 09:45,2026-06-25 15:00,64,ok,
600929,main_sh,64,2026-06-22 09:45,2026-06-25 15:00,64,ok,
600930,main_sh,64,2026-06-22 09:45,2026-06-25 15:00,64,ok,
600933,main_sh,64,2026-06-22 09:45,2026-06-25 15:00,64,ok,
600935,main_sh,64,2026-06-22 09:45,2026-06-25 15:00,64,ok,
600936,main_sh,64,2026-06-22 09:45,2026-06-25 15:00,64,ok,
600938,main_sh,64,2026-06-22 09:45,2026-06-25 15:00,64,ok,
600939,main_sh,64,2026-06-22 09:45,2026-06-25 15:00,64,ok,
600941,main_sh,64,2026-06-22 09:45,2026-06-25 15:00,64,ok,
600955,main_sh,64,2026-06-22 09:45,2026-06-25 15:00,64,ok,
600956,main_sh,64,2026-06-22 09:45,2026-06-25 15:00,64,ok,
600958,main_sh,64,2026-06-22 09:45,2026-06-25 15:00,64,ok,
600959,main_sh,64,2026-06-22 09:45,2026-06-25 15:00,64,ok,
600960,main_sh,64,2026-06-22 09:45,2026-06-25 15:00,64,ok,
600961,main_sh,64,2026-06-22 09:45,2026-06-25 15:00,64,ok,
600962,main_sh,64,2026-06-22 09:45,2026-06-25 15:00,64,ok,
600963,main_sh,64,2026-06-22 09:45,2026-06-25 15:00,64,ok,
600965,main_sh,64,2026-06-22 09:45,2026-06-25 15:00,64,ok,
600966,main_sh,64,2026-06-22 09:45,2026-06-25 15:00,64,ok,
600967,main_sh,64,2026-06-22 09:45,2026-06-25 15:00,64,ok,
600968,main_sh,64,2026-06-22 09:45,2026-06-25 15:00,64,ok,
600969,main_sh,64,2026-06-22 09:45,2026-06-25 15:00,64,ok,
600970,main_sh,64,2026-06-22 09:45,2026-06-25 15:00,64,ok,
600971,main_sh,64,2026-06-22 09:45,2026-06-25 15:00,64,ok,
600973,main_sh,64,2026-06-22 09:45,2026-06-25 15:00,64,ok,
600975,main_sh,64,2026-06-22 09:45,2026-06-25 15:00,64,ok,
600976,main_sh,64,2026-06-22 09:45,2026-06-25 15:00,64,ok,
600977,main_sh,64,2026-06-22 09:45,2026-06-25 15:00,64,ok,
600979,main_sh,64,2026-06-22 09:45,2026-06-25 15:00,64,ok,
600980,main_sh,64,2026-06-22 09:45,2026-06-25 15:00,64,ok,
600981,main_sh,64,2026-06-22 09:45,2026-06-25 15:00,64,ok,
600982,main_sh,64,2026-06-22 09:45,2026-06-25 15:00,64,ok,
600983,main_sh,64,2026-06-22 09:45,2026-06-25 15:00,64,ok,
600984,main_sh,64,2026-06-22 09:45,2026-06-25 15:00,64,ok,
600985,main_sh,64,2026-06-22 09:45,2026-06-25 15:00,64,ok,
600986,main_sh,64,2026-06-22 09:45,2026-06-25 15:00,64,ok,
600987,main_sh,64,2026-06-22 09:45,2026-06-25 15:00,64,ok,
600988,main_sh,64,2026-06-22 09:45,2026-06-25 15:00,64,ok,
600989,main_sh,64,2026-06-22 09:45,2026-06-25 15:00,64,ok,
600990,main_sh,64,2026-06-22 09:45,2026-06-25 15:00,64,ok,
600992,main_sh,64,2026-06-22 09:45,2026-06-25 15:00,64,ok,
600993,main_sh,64,2026-06-22 09:45,2026-06-25 15:00,64,ok,
600995,main_sh,64,2026-06-22 09:45,2026-06-25 15:00,64,ok,
600996,main_sh,64,2026-06-22 09:45,2026-06-25 15:00,64,ok,
600997,main_sh,64,2026-06-22 09:45,2026-06-25 15:00,64,ok,
600998,main_sh,64,2026-06-22 09:45,2026-06-25 15:00,64,ok,
600999,main_sh,64,2026-06-22 09:45,2026-06-25 15:00,64,ok,
601000,main_sh,64,2026-06-22 09:45,2026-06-25 15:00,64,ok,
601001,main_sh,64,2026-06-22 09:45,2026-06-25 15:00,64,ok,
601002,main_sh,64,2026-06-22 09:45,2026-06-25 15:00,64,ok,
601003,main_sh,64,2026-06-22 09:45,2026-06-25 15:00,64,ok,
601005,main_sh,64,2026-06-22 09:45,2026-06-25 15:00,64,ok,
601006,main_sh,64,2026-06-22 09:45,2026-06-25 15:00,64,ok,
601007,main_sh,64,2026-06-22 09:45,2026-06-25 15:00,64,ok,
601008,main_sh,64,2026-06-22 09:45,2026-06-25 15:00,64,ok,
601009,main_sh,64,2026-06-22 09:45,2026-06-25 15:00,64,ok,
601010,main_sh,64,2026-06-22 09:45,2026-06-25 15:00,64,ok,
601011,main_sh,64,2026-06-22 09:45,2026-06-25 15:00,64,ok,
601012,main_sh,64,2026-06-22 09:45,2026-06-25 15:00,64,ok,
601015,main_sh,64,2026-06-22 09:45,2026-06-25 15:00,64,ok,
601016,main_sh,64,2026-06-22 09:45,2026-06-25 15:00,64,ok,
601018,main_sh,64,2026-06-22 09:45,2026-06-25 15:00,64,ok,
601019,main_sh,64,2026-06-22 09:45,2026-06-25 15:00,64,ok,
601020,main_sh,64,2026-06-22 09:45,2026-06-25 15:00,64,ok,
601021,main_sh,64,2026-06-22 09:45,2026-06-25 15:00,64,ok,
601022,main_sh,64,2026-06-22 09:45,2026-06-25 15:00,64,ok,
601026,main_sh,64,2026-06-22 09:45,2026-06-25 15:00,64,ok,
601033,main_sh,64,2026-06-22 09:45,2026-06-25 15:00,64,ok,
601038,main_sh,64,2026-06-22 09:45,2026-06-25 15:00,64,ok,
601058,main_sh,64,2026-06-22 09:45,2026-06-25 15:00,64,ok,
601059,main_sh,64,2026-06-22 09:45,2026-06-25 15:00,64,ok,
601061,main_sh,64,2026-06-22 09:45,2026-06-25 15:00,64,ok,
601065,main_sh,64,2026-06-22 09:45,2026-06-25 15:00,64,ok,
601066,main_sh,64,2026-06-22 09:45,2026-06-25 15:00,64,ok,
601068,main_sh,64,2026-06-22 09:45,2026-06-25 15:00,64,ok,
601069,main_sh,64,2026-06-22 09:45,2026-06-25 15:00,64,ok,
601077,main_sh,64,2026-06-22 09:45,2026-06-25 15:00,64,ok,
601083,main_sh,64,2026-06-22 09:45,2026-06-25 15:00,64,ok,
601086,main_sh,64,2026-06-22 09:45,2026-06-25 15:00,64,ok,
601088,main_sh,64,2026-06-22 09:45,2026-06-25 15:00,64,ok,
601089,main_sh,64,2026-06-22 09:45,2026-06-25 15:00,64,ok,
601096,main_sh,64,2026-06-22 09:45,2026-06-25 15:00,64,ok,
601098,main_sh,64,2026-06-22 09:45,2026-06-25 15:00,64,ok,
601099,main_sh,64,2026-06-22 09:45,2026-06-25 15:00,64,ok,
601100,main_sh,64,2026-06-22 09:45,2026-06-25 15:00,64,ok,
601101,main_sh,64,2026-06-22 09:45,2026-06-25 15:00,64,ok,
601106,main_sh,64,2026-06-22 09:45,2026-06-25 15:00,64,ok,
601107,main_sh,64,2026-06-22 09:45,2026-06-25 15:00,64,ok,
601108,main_sh,64,2026-06-22 09:45,2026-06-25 15:00,64,ok,
601111,main_sh,64,2026-06-22 09:45,2026-06-25 15:00,64,ok,
601112,main_sh,64,2026-06-22 09:45,2026-06-25 15:00,64,ok,
601113,main_sh,64,2026-06-22 09:45,2026-06-25 15:00,64,ok,
601116,main_sh,64,2026-06-22 09:45,2026-06-25 15:00,64,ok,
601206,main_sh,0,,,0,no_data,无数据
601117,main_sh,64,2026-06-22 09:45,2026-06-25 15:00,64,ok,
601118,main_sh,64,2026-06-22 09:45,2026-06-25 15:00,64,ok,
601121,main_sh,64,2026-06-22 09:45,2026-06-25 15:00,64,ok,
601126,main_sh,64,2026-06-22 09:45,2026-06-25 15:00,64,ok,
601127,main_sh,64,2026-06-22 09:45,2026-06-25 15:00,64,ok,
601128,main_sh,64,2026-06-22 09:45,2026-06-25 15:00,64,ok,
601133,main_sh,64,2026-06-22 09:45,2026-06-25 15:00,64,ok,
601136,main_sh,64,2026-06-22 09:45,2026-06-25 15:00,64,ok,
601137,main_sh,64,2026-06-22 09:45,2026-06-25 15:00,64,ok,
601138,main_sh,64,2026-06-22 09:45,2026-06-25 15:00,64,ok,
601139,main_sh,64,2026-06-22 09:45,2026-06-25 15:00,64,ok,
601155,main_sh,64,2026-06-22 09:45,2026-06-25 15:00,64,ok,
601156,main_sh,64,2026-06-22 09:45,2026-06-25 15:00,64,ok,
601158,main_sh,64,2026-06-22 09:45,2026-06-25 15:00,64,ok,
601162,main_sh,64,2026-06-22 09:45,2026-06-25 15:00,64,ok,
601163,main_sh,64,2026-06-22 09:45,2026-06-25 15:00,64,ok,
601166,main_sh,64,2026-06-22 09:45,2026-06-25 15:00,64,ok,
601168,main_sh,64,2026-06-22 09:45,2026-06-25 15:00,64,ok,
601169,main_sh,64,2026-06-22 09:45,2026-06-25 15:00,64,ok,
601177,main_sh,64,2026-06-22 09:45,2026-06-25 15:00,64,ok,
601179,main_sh,64,2026-06-22 09:45,2026-06-25 15:00,64,ok,
601186,main_sh,64,2026-06-22 09:45,2026-06-25 15:00,64,ok,
601187,main_sh,64,2026-06-22 09:45,2026-06-25 15:00,64,ok,
601188,main_sh,64,2026-06-22 09:45,2026-06-25 15:00,64,ok,
601198,main_sh,64,2026-06-22 09:45,2026-06-25 15:00,64,ok,
601199,main_sh,64,2026-06-22 09:45,2026-06-25 15:00,64,ok,
601200,main_sh,64,2026-06-22 09:45,2026-06-25 15:00,64,ok,
601208,main_sh,64,2026-06-22 09:45,2026-06-25 15:00,64,ok,
601211,main_sh,64,2026-06-22 09:45,2026-06-25 15:00,64,ok,
601212,main_sh,64,2026-06-22 09:45,2026-06-25 15:00,64,ok,
601216,main_sh,64,2026-06-22 09:45,2026-06-25 15:00,64,ok,
601218,main_sh,64,2026-06-22 09:45,2026-06-25 15:00,64,ok,
601222,main_sh,64,2026-06-22 09:45,2026-06-25 15:00,64,ok,
601225,main_sh,64,2026-06-22 09:45,2026-06-25 15:00,64,ok,
601226,main_sh,64,2026-06-22 09:45,2026-06-25 15:00,64,ok,
601228,main_sh,64,2026-06-22 09:45,2026-06-25 15:00,64,ok,
601229,main_sh,64,2026-06-22 09:45,2026-06-25 15:00,64,ok,
601231,main_sh,64,2026-06-22 09:45,2026-06-25 15:00,64,ok,
601233,main_sh,64,2026-06-22 09:45,2026-06-25 15:00,64,ok,
601236,main_sh,64,2026-06-22 09:45,2026-06-25 15:00,64,ok,
601238,main_sh,64,2026-06-22 09:45,2026-06-25 15:00,64,ok,
601279,main_sh,64,2026-06-22 09:45,2026-06-25 15:00,64,ok,
601288,main_sh,64,2026-06-22 09:45,2026-06-25 15:00,64,ok,
601298,main_sh,64,2026-06-22 09:45,2026-06-25 15:00,64,ok,
601311,main_sh,64,2026-06-22 09:45,2026-06-25 15:00,64,ok,
601318,main_sh,64,2026-06-22 09:45,2026-06-25 15:00,64,ok,
601319,main_sh,64,2026-06-22 09:45,2026-06-25 15:00,64,ok,
601326,main_sh,64,2026-06-22 09:45,2026-06-25 15:00,64,ok,
601328,main_sh,64,2026-06-22 09:45,2026-06-25 15:00,64,ok,
601330,main_sh,64,2026-06-22 09:45,2026-06-25 15:00,64,ok,
601333,main_sh,64,2026-06-22 09:45,2026-06-25 15:00,64,ok,
601336,main_sh,64,2026-06-22 09:45,2026-06-25 15:00,64,ok,
601339,main_sh,64,2026-06-22 09:45,2026-06-25 15:00,64,ok,
601360,main_sh,64,2026-06-22 09:45,2026-06-25 15:00,64,ok,
601366,main_sh,64,2026-06-22 09:45,2026-06-25 15:00,64,ok,
601368,main_sh,64,2026-06-22 09:45,2026-06-25 15:00,64,ok,
601369,main_sh,64,2026-06-22 09:45,2026-06-25 15:00,64,ok,
601375,main_sh,64,2026-06-22 09:45,2026-06-25 15:00,64,ok,
601377,main_sh,64,2026-06-22 09:45,2026-06-25 15:00,64,ok,
601388,main_sh,64,2026-06-22 09:45,2026-06-25 15:00,64,ok,
601390,main_sh,64,2026-06-22 09:45,2026-06-25 15:00,64,ok,
601398,main_sh,64,2026-06-22 09:45,2026-06-25 15:00,64,ok,
601399,main_sh,64,2026-06-22 09:45,2026-06-25 15:00,64,ok,
601456,main_sh,64,2026-06-22 09:45,2026-06-25 15:00,64,ok,
601500,main_sh,64,2026-06-22 09:45,2026-06-25 15:00,64,ok,
601512,main_sh,64,2026-06-22 09:45,2026-06-25 15:00,64,ok,
601515,main_sh,64,2026-06-22 09:45,2026-06-25 15:00,64,ok,
601518,main_sh,64,2026-06-22 09:45,2026-06-25 15:00,64,ok,
601519,main_sh,64,2026-06-22 09:45,2026-06-25 15:00,64,ok,
601528,main_sh,64,2026-06-22 09:45,2026-06-25 15:00,64,ok,
601555,main_sh,64,2026-06-22 09:45,2026-06-25 15:00,64,ok,
601566,main_sh,64,2026-06-22 09:45,2026-06-25 15:00,64,ok,
601567,main_sh,64,2026-06-22 09:45,2026-06-25 15:00,64,ok,
601568,main_sh,64,2026-06-22 09:45,2026-06-25 15:00,64,ok,
601577,main_sh,64,2026-06-22 09:45,2026-06-25 15:00,64,ok,
601579,main_sh,64,2026-06-22 09:45,2026-06-25 15:00,64,ok,
601588,main_sh,64,2026-06-22 09:45,2026-06-25 15:00,64,ok,
601595,main_sh,64,2026-06-22 09:45,2026-06-25 15:00,64,ok,
601598,main_sh,64,2026-06-22 09:45,2026-06-25 15:00,64,ok,
601599,main_sh,64,2026-06-22 09:45,2026-06-25 15:00,64,ok,
601600,main_sh,64,2026-06-22 09:45,2026-06-25 15:00,64,ok,
601601,main_sh,64,2026-06-22 09:45,2026-06-25 15:00,64,ok,
601606,main_sh,64,2026-06-22 09:45,2026-06-25 15:00,64,ok,
601607,main_sh,64,2026-06-22 09:45,2026-06-25 15:00,64,ok,
601608,main_sh,64,2026-06-22 09:45,2026-06-25 15:00,64,ok,
601609,main_sh,64,2026-06-22 09:45,2026-06-25 15:00,64,ok,
601611,main_sh,64,2026-06-22 09:45,2026-06-25 15:00,64,ok,
601615,main_sh,64,2026-06-22 09:45,2026-06-25 15:00,64,ok,
601616,main_sh,64,2026-06-22 09:45,2026-06-25 15:00,64,ok,
601618,main_sh,64,2026-06-22 09:45,2026-06-25 15:00,64,ok,
601619,main_sh,64,2026-06-22 09:45,2026-06-25 15:00,64,ok,
601628,main_sh,64,2026-06-22 09:45,2026-06-25 15:00,64,ok,
601633,main_sh,64,2026-06-22 09:45,2026-06-25 15:00,64,ok,
601636,main_sh,64,2026-06-22 09:45,2026-06-25 15:00,64,ok,
601658,main_sh,64,2026-06-22 09:45,2026-06-25 15:00,64,ok,
601665,main_sh,64,2026-06-22 09:45,2026-06-25 15:00,64,ok,
601666,main_sh,64,2026-06-22 09:45,2026-06-25 15:00,64,ok,
601668,main_sh,64,2026-06-22 09:45,2026-06-25 15:00,64,ok,
601669,main_sh,64,2026-06-22 09:45,2026-06-25 15:00,64,ok,
601677,main_sh,64,2026-06-22 09:45,2026-06-25 15:00,64,ok,
601678,main_sh,64,2026-06-22 09:45,2026-06-25 15:00,64,ok,
601686,main_sh,64,2026-06-22 09:45,2026-06-25 15:00,64,ok,
601688,main_sh,64,2026-06-22 09:45,2026-06-25 15:00,64,ok,
601689,main_sh,64,2026-06-22 09:45,2026-06-25 15:00,64,ok,
601696,main_sh,64,2026-06-22 09:45,2026-06-25 15:00,64,ok,
601698,main_sh,64,2026-06-22 09:45,2026-06-25 15:00,64,ok,
601699,main_sh,64,2026-06-22 09:45,2026-06-25 15:00,64,ok,
601700,main_sh,64,2026-06-22 09:45,2026-06-25 15:00,64,ok,
601702,main_sh,64,2026-06-22 09:45,2026-06-25 15:00,64,ok,
601717,main_sh,64,2026-06-22 09:45,2026-06-25 15:00,64,ok,
601718,main_sh,64,2026-06-22 09:45,2026-06-25 15:00,64,ok,
601727,main_sh,64,2026-06-22 09:45,2026-06-25 15:00,64,ok,
601728,main_sh,64,2026-06-22 09:45,2026-06-25 15:00,64,ok,
601766,main_sh,64,2026-06-22 09:45,2026-06-25 15:00,64,ok,
601777,main_sh,64,2026-06-22 09:45,2026-06-25 15:00,64,ok,
601778,main_sh,64,2026-06-22 09:45,2026-06-25 15:00,64,ok,
601788,main_sh,64,2026-06-22 09:45,2026-06-25 15:00,64,ok,
601789,main_sh,64,2026-06-22 09:45,2026-06-25 15:00,64,ok,
601798,main_sh,64,2026-06-22 09:45,2026-06-25 15:00,64,ok,
601799,main_sh,64,2026-06-22 09:45,2026-06-25 15:00,64,ok,
601800,main_sh,64,2026-06-22 09:45,2026-06-25 15:00,64,ok,
601801,main_sh,64,2026-06-22 09:45,2026-06-25 15:00,64,ok,
601808,main_sh,64,2026-06-22 09:45,2026-06-25 15:00,64,ok,
601811,main_sh,64,2026-06-22 09:45,2026-06-25 15:00,64,ok,
601816,main_sh,64,2026-06-22 09:45,2026-06-25 15:00,64,ok,
601818,main_sh,64,2026-06-22 09:45,2026-06-25 15:00,64,ok,
601825,main_sh,64,2026-06-22 09:45,2026-06-25 15:00,64,ok,
601827,main_sh,64,2026-06-22 09:45,2026-06-25 15:00,64,ok,
601828,main_sh,64,2026-06-22 09:45,2026-06-25 15:00,64,ok,
601838,main_sh,64,2026-06-22 09:45,2026-06-25 15:00,64,ok,
601857,main_sh,64,2026-06-22 09:45,2026-06-25 15:00,64,ok,
601858,main_sh,64,2026-06-22 09:45,2026-06-25 15:00,64,ok,
601860,main_sh,64,2026-06-22 09:45,2026-06-25 15:00,64,ok,
601865,main_sh,64,2026-06-22 09:45,2026-06-25 15:00,64,ok,
601866,main_sh,64,2026-06-22 09:45,2026-06-25 15:00,64,ok,
601868,main_sh,64,2026-06-22 09:45,2026-06-25 15:00,64,ok,
601869,main_sh,64,2026-06-22 09:45,2026-06-25 15:00,64,ok,
601872,main_sh,64,2026-06-22 09:45,2026-06-25 15:00,64,ok,
601877,main_sh,64,2026-06-22 09:45,2026-06-25 15:00,64,ok,
601878,main_sh,64,2026-06-22 09:45,2026-06-25 15:00,64,ok,
601880,main_sh,64,2026-06-22 09:45,2026-06-25 15:00,64,ok,
601881,main_sh,64,2026-06-22 09:45,2026-06-25 15:00,64,ok,
601882,main_sh,64,2026-06-22 09:45,2026-06-25 15:00,64,ok,
601886,main_sh,64,2026-06-22 09:45,2026-06-25 15:00,64,ok,
601888,main_sh,64,2026-06-22 09:45,2026-06-25 15:00,64,ok,
601890,main_sh,64,2026-06-22 09:45,2026-06-25 15:00,64,ok,
601898,main_sh,64,2026-06-22 09:45,2026-06-25 15:00,64,ok,
601899,main_sh,64,2026-06-22 09:45,2026-06-25 15:00,64,ok,
601900,main_sh,64,2026-06-22 09:45,2026-06-25 15:00,64,ok,
601901,main_sh,64,2026-06-22 09:45,2026-06-25 15:00,64,ok,
601908,main_sh,64,2026-06-22 09:45,2026-06-25 15:00,64,ok,
601916,main_sh,64,2026-06-22 09:45,2026-06-25 15:00,64,ok,
601918,main_sh,64,2026-06-22 09:45,2026-06-25 15:00,64,ok,
601919,main_sh,64,2026-06-22 09:45,2026-06-25 15:00,64,ok,
601921,main_sh,64,2026-06-22 09:45,2026-06-25 15:00,64,ok,
601928,main_sh,64,2026-06-22 09:45,2026-06-25 15:00,64,ok,
601929,main_sh,64,2026-06-22 09:45,2026-06-25 15:00,64,ok,
601933,main_sh,64,2026-06-22 09:45,2026-06-25 15:00,64,ok,
601939,main_sh,64,2026-06-22 09:45,2026-06-25 15:00,64,ok,
601949,main_sh,64,2026-06-22 09:45,2026-06-25 15:00,64,ok,
601952,main_sh,64,2026-06-22 09:45,2026-06-25 15:00,64,ok,
601956,main_sh,64,2026-06-22 09:45,2026-06-25 15:00,64,ok,
601958,main_sh,64,2026-06-22 09:45,2026-06-25 15:00,64,ok,
601963,main_sh,64,2026-06-22 09:45,2026-06-25 15:00,64,ok,
601965,main_sh,64,2026-06-22 09:45,2026-06-25 15:00,64,ok,
601966,main_sh,64,2026-06-22 09:45,2026-06-25 15:00,64,ok,
601968,main_sh,64,2026-06-22 09:45,2026-06-25 15:00,64,ok,
601969,main_sh,64,2026-06-22 09:45,2026-06-25 15:00,64,ok,
601975,main_sh,64,2026-06-22 09:45,2026-06-25 15:00,64,ok,
601985,main_sh,64,2026-06-22 09:45,2026-06-25 15:00,64,ok,
601988,main_sh,64,2026-06-22 09:45,2026-06-25 15:00,64,ok,
601990,main_sh,64,2026-06-22 09:45,2026-06-25 15:00,64,ok,
601991,main_sh,64,2026-06-22 09:45,2026-06-25 15:00,64,ok,
601992,main_sh,64,2026-06-22 09:45,2026-06-25 15:00,64,ok,
601995,main_sh,64,2026-06-22 09:45,2026-06-25 15:00,64,ok,
601996,main_sh,64,2026-06-22 09:45,2026-06-25 15:00,64,ok,
601997,main_sh,64,2026-06-22 09:45,2026-06-25 15:00,64,ok,
601998,main_sh,64,2026-06-22 09:45,2026-06-25 15:00,64,ok,
601999,main_sh,64,2026-06-22 09:45,2026-06-25 15:00,64,ok,
603000,main_sh,64,2026-06-22 09:45,2026-06-25 15:00,64,ok,
603001,main_sh,48,2026-06-18 09:45,2026-06-24 15:00,48,ok,尾部缺失 1 天: 2026-06-24 → 2026-06-26
603002,main_sh,64,2026-06-22 09:45,2026-06-25 15:00,64,ok,
603004,main_sh,64,2026-06-22 09:45,2026-06-25 15:00,64,ok,
603005,main_sh,64,2026-06-22 09:45,2026-06-25 15:00,64,ok,
603006,main_sh,64,2026-06-22 09:45,2026-06-25 15:00,64,ok,
603007,main_sh,64,2026-06-22 09:45,2026-06-25 15:00,64,ok,
603008,main_sh,64,2026-06-22 09:45,2026-06-25 15:00,64,ok,
603009,main_sh,64,2026-06-22 09:45,2026-06-25 15:00,64,ok,
603010,main_sh,64,2026-06-22 09:45,2026-06-25 15:00,64,ok,
603011,main_sh,64,2026-06-22 09:45,2026-06-25 15:00,64,ok,
603012,main_sh,64,2026-06-22 09:45,2026-06-25 15:00,64,ok,
603013,main_sh,64,2026-06-22 09:45,2026-06-25 15:00,64,ok,
603014,main_sh,64,2026-06-22 09:45,2026-06-25 15:00,64,ok,
603015,main_sh,64,2026-06-22 09:45,2026-06-25 15:00,64,ok,
603016,main_sh,64,2026-06-22 09:45,2026-06-25 15:00,64,ok,
603017,main_sh,64,2026-06-22 09:45,2026-06-25 15:00,64,ok,
603018,main_sh,64,2026-06-22 09:45,2026-06-25 15:00,64,ok,
603019,main_sh,64,2026-06-22 09:45,2026-06-25 15:00,64,ok,
603020,main_sh,64,2026-06-22 09:45,2026-06-25 15:00,64,ok,
603021,main_sh,64,2026-06-22 09:45,2026-06-25 15:00,64,ok,
603022,main_sh,64,2026-06-22 09:45,2026-06-25 15:00,64,ok,
603023,main_sh,64,2026-06-22 09:45,2026-06-25 15:00,64,ok,
603025,main_sh,64,2026-06-22 09:45,2026-06-25 15:00,64,ok,
603026,main_sh,64,2026-06-22 09:45,2026-06-25 15:00,64,ok,
603027,main_sh,64,2026-06-22 09:45,2026-06-25 15:00,64,ok,
603028,main_sh,64,2026-06-22 09:45,2026-06-25 15:00,64,ok,
603029,main_sh,64,2026-06-22 09:45,2026-06-25 15:00,64,ok,
603030,main_sh,64,2026-06-22 09:45,2026-06-25 15:00,64,ok,
603031,main_sh,64,2026-06-22 09:45,2026-06-25 15:00,64,ok,
603032,main_sh,64,2026-06-22 09:45,2026-06-25 15:00,64,ok,
603033,main_sh,64,2026-06-22 09:45,2026-06-25 15:00,64,ok,
603035,main_sh,64,2026-06-22 09:45,2026-06-25 15:00,64,ok,
603036,main_sh,64,2026-06-22 09:45,2026-06-25 15:00,64,ok,
603037,main_sh,64,2026-06-22 09:45,2026-06-25 15:00,64,ok,
603038,main_sh,64,2026-06-22 09:45,2026-06-25 15:00,64,ok,
603039,main_sh,64,2026-06-22 09:45,2026-06-25 15:00,64,ok,
603040,main_sh,64,2026-06-22 09:45,2026-06-25 15:00,64,ok,
603041,main_sh,64,2026-06-22 09:45,2026-06-25 15:00,64,ok,
603042,main_sh,64,2026-06-22 09:45,2026-06-25 15:00,64,ok,
603043,main_sh,64,2026-06-22 09:45,2026-06-25 15:00,64,ok,
603045,main_sh,64,2026-06-22 09:45,2026-06-25 15:00,64,ok,
603048,main_sh,64,2026-06-22 09:45,2026-06-25 15:00,64,ok,
603049,main_sh,64,2026-06-22 09:45,2026-06-25 15:00,64,ok,
603050,main_sh,64,2026-06-22 09:45,2026-06-25 15:00,64,ok,
603051,main_sh,64,2026-06-22 09:45,2026-06-25 15:00,64,ok,
603052,main_sh,64,2026-06-22 09:45,2026-06-25 15:00,64,ok,
603053,main_sh,64,2026-06-22 09:45,2026-06-25 15:00,64,ok,
603055,main_sh,64,2026-06-22 09:45,2026-06-25 15:00,64,ok,
603057,main_sh,64,2026-06-22 09:45,2026-06-25 15:00,64,ok,
603058,main_sh,64,2026-06-22 09:45,2026-06-25 15:00,64,ok,
603059,main_sh,64,2026-06-22 09:45,2026-06-25 15:00,64,ok,
603060,main_sh,64,2026-06-22 09:45,2026-06-25 15:00,64,ok,
603061,main_sh,64,2026-06-22 09:45,2026-06-25 15:00,64,ok,
603062,main_sh,64,2026-06-22 09:45,2026-06-25 15:00,64,ok,
603063,main_sh,64,2026-06-22 09:45,2026-06-25 15:00,64,ok,
603065,main_sh,64,2026-06-22 09:45,2026-06-25 15:00,64,ok,
603066,main_sh,64,2026-06-22 09:45,2026-06-25 15:00,64,ok,
603067,main_sh,64,2026-06-22 09:45,2026-06-25 15:00,64,ok,
603068,main_sh,64,2026-06-22 09:45,2026-06-25 15:00,64,ok,
603069,main_sh,64,2026-06-22 09:45,2026-06-25 15:00,64,ok,
603070,main_sh,64,2026-06-22 09:45,2026-06-25 15:00,64,ok,
603071,main_sh,64,2026-06-22 09:45,2026-06-25 15:00,64,ok,
603072,main_sh,64,2026-06-22 09:45,2026-06-25 15:00,64,ok,
603073,main_sh,64,2026-06-22 09:45,2026-06-25 15:00,64,ok,
603075,main_sh,64,2026-06-22 09:45,2026-06-25 15:00,64,ok,
603076,main_sh,64,2026-06-22 09:45,2026-06-25 15:00,64,ok,
603077,main_sh,64,2026-06-22 09:45,2026-06-25 15:00,64,ok,
603078,main_sh,64,2026-06-22 09:45,2026-06-25 15:00,64,ok,
603079,main_sh,64,2026-06-22 09:45,2026-06-25 15:00,64,ok,
603080,main_sh,64,2026-06-22 09:45,2026-06-25 15:00,64,ok,
603081,main_sh,64,2026-06-22 09:45,2026-06-25 15:00,64,ok,
603082,main_sh,64,2026-06-22 09:45,2026-06-25 15:00,64,ok,
603083,main_sh,64,2026-06-22 09:45,2026-06-25 15:00,64,ok,
603085,main_sh,64,2026-06-22 09:45,2026-06-25 15:00,64,ok,
603086,main_sh,64,2026-06-22 09:45,2026-06-25 15:00,64,ok,
603087,main_sh,64,2026-06-22 09:45,2026-06-25 15:00,64,ok,
603088,main_sh,64,2026-06-22 09:45,2026-06-25 15:00,64,ok,
603089,main_sh,64,2026-06-22 09:45,2026-06-25 15:00,64,ok,
603090,main_sh,64,2026-06-22 09:45,2026-06-25 15:00,64,ok,
603091,main_sh,64,2026-06-22 09:45,2026-06-25 15:00,64,ok,
603092,main_sh,64,2026-06-22 09:45,2026-06-25 15:00,64,ok,
603093,main_sh,64,2026-06-22 09:45,2026-06-25 15:00,64,ok,
603095,main_sh,64,2026-06-22 09:45,2026-06-25 15:00,64,ok,
603096,main_sh,64,2026-06-22 09:45,2026-06-25 15:00,64,ok,
603097,main_sh,64,2026-06-22 09:45,2026-06-25 15:00,64,ok,
603098,main_sh,64,2026-06-22 09:45,2026-06-25 15:00,64,ok,
603099,main_sh,64,2026-06-22 09:45,2026-06-25 15:00,64,ok,
603100,main_sh,64,2026-06-22 09:45,2026-06-25 15:00,64,ok,
603101,main_sh,64,2026-06-22 09:45,2026-06-25 15:00,64,ok,
603102,main_sh,64,2026-06-22 09:45,2026-06-25 15:00,64,ok,
603103,main_sh,64,2026-06-22 09:45,2026-06-25 15:00,64,ok,
603105,main_sh,64,2026-06-22 09:45,2026-06-25 15:00,64,ok,
603106,main_sh,64,2026-06-22 09:45,2026-06-25 15:00,64,ok,
603107,main_sh,64,2026-06-22 09:45,2026-06-25 15:00,64,ok,
603108,main_sh,64,2026-06-22 09:45,2026-06-25 15:00,64,ok,
603109,main_sh,64,2026-06-22 09:45,2026-06-25 15:00,64,ok,
603110,main_sh,64,2026-06-22 09:45,2026-06-25 15:00,64,ok,
603111,main_sh,64,2026-06-22 09:45,2026-06-25 15:00,64,ok,
603112,main_sh,64,2026-06-22 09:45,2026-06-25 15:00,64,ok,
603113,main_sh,64,2026-06-22 09:45,2026-06-25 15:00,64,ok,
603115,main_sh,64,2026-06-22 09:45,2026-06-25 15:00,64,ok,
603116,main_sh,64,2026-06-22 09:45,2026-06-25 15:00,64,ok,
603117,main_sh,64,2026-06-22 09:45,2026-06-25 15:00,64,ok,
603118,main_sh,64,2026-06-22 09:45,2026-06-25 15:00,64,ok,
603119,main_sh,64,2026-06-22 09:45,2026-06-25 15:00,64,ok,
603120,main_sh,64,2026-06-22 09:45,2026-06-25 15:00,64,ok,
603121,main_sh,64,2026-06-22 09:45,2026-06-25 15:00,64,ok,
603122,main_sh,64,2026-06-22 09:45,2026-06-25 15:00,64,ok,
603123,main_sh,64,2026-06-22 09:45,2026-06-25 15:00,64,ok,
603124,main_sh,64,2026-06-22 09:45,2026-06-25 15:00,64,ok,
603125,main_sh,64,2026-06-22 09:45,2026-06-25 15:00,64,ok,
603126,main_sh,64,2026-06-22 09:45,2026-06-25 15:00,64,ok,
603127,main_sh,64,2026-06-22 09:45,2026-06-25 15:00,64,ok,
603128,main_sh,64,2026-06-22 09:45,2026-06-25 15:00,64,ok,
603129,main_sh,64,2026-06-22 09:45,2026-06-25 15:00,64,ok,
603130,main_sh,64,2026-06-22 09:45,2026-06-25 15:00,64,ok,
603131,main_sh,64,2026-06-22 09:45,2026-06-25 15:00,64,ok,
603132,main_sh,64,2026-06-22 09:45,2026-06-25 15:00,64,ok,
603135,main_sh,64,2026-06-22 09:45,2026-06-25 15:00,64,ok,
603137,main_sh,64,2026-06-10 09:45,2026-06-15 15:00,0,no_data,转换后无有效记录
603136,main_sh,64,2026-06-22 09:45,2026-06-25 15:00,64,ok,
603138,main_sh,64,2026-06-22 09:45,2026-06-25 15:00,64,ok,
603139,main_sh,64,2026-06-22 09:45,2026-06-25 15:00,64,ok,
603150,main_sh,64,2026-06-22 09:45,2026-06-25 15:00,64,ok,
603151,main_sh,64,2026-06-22 09:45,2026-06-25 15:00,64,ok,
603153,main_sh,64,2026-06-22 09:45,2026-06-25 15:00,64,ok,
603155,main_sh,64,2026-06-22 09:45,2026-06-25 15:00,64,ok,
603156,main_sh,64,2026-06-22 09:45,2026-06-25 15:00,64,ok,
603158,main_sh,64,2026-06-22 09:45,2026-06-25 15:00,64,ok,
603159,main_sh,47,2026-06-23 09:45,2026-06-25 15:00,47,ok,15m bar数异常: 2026-06-24 count=15 (期望16)
603160,main_sh,64,2026-06-22 09:45,2026-06-25 15:00,64,ok,
603161,main_sh,64,2026-06-22 09:45,2026-06-25 15:00,64,ok,
603162,main_sh,64,2026-06-22 09:45,2026-06-25 15:00,64,ok,
603163,main_sh,64,2026-06-22 09:45,2026-06-25 15:00,64,ok,
603165,main_sh,64,2026-06-22 09:45,2026-06-25 15:00,64,ok,
603166,main_sh,64,2026-06-22 09:45,2026-06-25 15:00,64,ok,
603167,main_sh,64,2026-06-22 09:45,2026-06-25 15:00,64,ok,
603168,main_sh,64,2026-06-22 09:45,2026-06-25 15:00,64,ok,
603169,main_sh,64,2026-06-22 09:45,2026-06-25 15:00,64,ok,
603170,main_sh,64,2026-06-22 09:45,2026-06-25 15:00,64,ok,
603171,main_sh,64,2026-06-22 09:45,2026-06-25 15:00,64,ok,
603172,main_sh,64,2026-06-22 09:45,2026-06-25 15:00,64,ok,
603173,main_sh,64,2026-06-22 09:45,2026-06-25 15:00,64,ok,
603175,main_sh,64,2026-06-22 09:45,2026-06-25 15:00,64,ok,
603176,main_sh,64,2026-06-22 09:45,2026-06-25 15:00,64,ok,
603177,main_sh,64,2026-06-22 09:45,2026-06-25 15:00,64,ok,
603178,main_sh,64,2026-06-22 09:45,2026-06-25 15:00,64,ok,
603179,main_sh,64,2026-06-22 09:45,2026-06-25 15:00,64,ok,
603180,main_sh,64,2026-06-22 09:45,2026-06-25 15:00,64,ok,
603181,main_sh,64,2026-06-22 09:45,2026-06-25 15:00,64,ok,
603182,main_sh,64,2026-06-22 09:45,2026-06-25 15:00,64,ok,
603183,main_sh,64,2026-06-22 09:45,2026-06-25 15:00,64,ok,
603185,main_sh,64,2026-06-22 09:45,2026-06-25 15:00,64,ok,
603186,main_sh,64,2026-06-22 09:45,2026-06-25 15:00,64,ok,
603187,main_sh,64,2026-06-22 09:45,2026-06-25 15:00,64,ok,
603188,main_sh,64,2026-06-22 09:45,2026-06-25 15:00,64,ok,
603189,main_sh,64,2026-06-22 09:45,2026-06-25 15:00,64,ok,
603190,main_sh,64,2026-06-22 09:45,2026-06-25 15:00,64,ok,
603191,main_sh,64,2026-06-22 09:45,2026-06-25 15:00,64,ok,
603192,main_sh,64,2026-06-22 09:45,2026-06-25 15:00,64,ok,
603193,main_sh,64,2026-06-22 09:45,2026-06-25 15:00,64,ok,
603194,main_sh,64,2026-06-22 09:45,2026-06-25 15:00,64,ok,
603195,main_sh,64,2026-06-22 09:45,2026-06-25 15:00,64,ok,
603196,main_sh,64,2026-06-22 09:45,2026-06-25 15:00,64,ok,
603197,main_sh,64,2026-06-22 09:45,2026-06-25 15:00,64,ok,
603198,main_sh,64,2026-06-22 09:45,2026-06-25 15:00,64,ok,
603199,main_sh,64,2026-06-22 09:45,2026-06-25 15:00,64,ok,
603200,main_sh,64,2026-06-22 09:45,2026-06-25 15:00,64,ok,
603201,main_sh,64,2026-06-22 09:45,2026-06-25 15:00,64,ok,
603202,main_sh,64,2026-06-22 09:45,2026-06-25 15:00,64,ok,
603203,main_sh,64,2026-06-22 09:45,2026-06-25 15:00,64,ok,
603205,main_sh,64,2026-06-22 09:45,2026-06-25 15:00,64,ok,
603206,main_sh,64,2026-06-22 09:45,2026-06-25 15:00,64,ok,
603207,main_sh,64,2026-06-22 09:45,2026-06-25 15:00,64,ok,
603208,main_sh,64,2026-06-22 09:45,2026-06-25 15:00,64,ok,
603209,main_sh,64,2026-06-22 09:45,2026-06-25 15:00,64,ok,
603210,main_sh,64,2026-06-22 09:45,2026-06-25 15:00,64,ok,
603211,main_sh,64,2026-06-22 09:45,2026-06-25 15:00,64,ok,
603212,main_sh,64,2026-06-22 09:45,2026-06-25 15:00,64,ok,
603213,main_sh,64,2026-06-22 09:45,2026-06-25 15:00,64,ok,
603214,main_sh,64,2026-06-22 09:45,2026-06-25 15:00,64,ok,
603215,main_sh,64,2026-06-22 09:45,2026-06-25 15:00,64,ok,
603216,main_sh,64,2026-06-22 09:45,2026-06-25 15:00,64,ok,
603217,main_sh,64,2026-06-22 09:45,2026-06-25 15:00,64,ok,
603218,main_sh,64,2026-06-22 09:45,2026-06-25 15:00,64,ok,
603219,main_sh,64,2026-06-22 09:45,2026-06-25 15:00,64,ok,
603220,main_sh,64,2026-06-22 09:45,2026-06-25 15:00,64,ok,
603221,main_sh,64,2026-06-22 09:45,2026-06-25 15:00,64,ok,
603222,main_sh,64,2026-06-22 09:45,2026-06-25 15:00,64,ok,
603223,main_sh,64,2026-06-22 09:45,2026-06-25 15:00,64,ok,
603225,main_sh,64,2026-06-22 09:45,2026-06-25 15:00,64,ok,
603226,main_sh,64,2026-06-22 09:45,2026-06-25 15:00,64,ok,
603227,main_sh,64,2026-06-22 09:45,2026-06-25 15:00,64,ok,
603228,main_sh,64,2026-06-22 09:45,2026-06-25 15:00,64,ok,
603229,main_sh,64,2026-06-22 09:45,2026-06-25 15:00,64,ok,
603230,main_sh,64,2026-06-22 09:45,2026-06-25 15:00,64,ok,
603231,main_sh,64,2026-06-22 09:45,2026-06-25 15:00,64,ok,
603232,main_sh,64,2026-06-22 09:45,2026-06-25 15:00,64,ok,
603233,main_sh,64,2026-06-22 09:45,2026-06-25 15:00,64,ok,
603235,main_sh,64,2026-06-22 09:45,2026-06-25 15:00,64,ok,
603236,main_sh,64,2026-06-22 09:45,2026-06-25 15:00,64,ok,
603237,main_sh,64,2026-06-22 09:45,2026-06-25 15:00,64,ok,
603238,main_sh,64,2026-06-22 09:45,2026-06-25 15:00,64,ok,
603239,main_sh,64,2026-06-22 09:45,2026-06-25 15:00,64,ok,
603248,main_sh,64,2026-06-22 09:45,2026-06-25 15:00,64,ok,
603255,main_sh,64,2026-06-22 09:45,2026-06-25 15:00,64,ok,
603256,main_sh,64,2026-06-22 09:45,2026-06-25 15:00,64,ok,
603257,main_sh,64,2026-06-22 09:45,2026-06-25 15:00,64,ok,
603258,main_sh,64,2026-06-22 09:45,2026-06-25 15:00,64,ok,
603259,main_sh,64,2026-06-22 09:45,2026-06-25 15:00,64,ok,
603260,main_sh,64,2026-06-22 09:45,2026-06-25 15:00,64,ok,
603261,main_sh,64,2026-06-22 09:45,2026-06-25 15:00,64,ok,
603262,main_sh,64,2026-06-22 09:45,2026-06-25 15:00,64,ok,
603266,main_sh,64,2026-06-22 09:45,2026-06-25 15:00,64,ok,
603267,main_sh,64,2026-06-22 09:45,2026-06-25 15:00,64,ok,
603268,main_sh,64,2026-06-22 09:45,2026-06-25 15:00,64,ok,
603269,main_sh,64,2026-06-22 09:45,2026-06-25 15:00,64,ok,
603270,main_sh,64,2026-06-22 09:45,2026-06-25 15:00,64,ok,
603271,main_sh,64,2026-06-22 09:45,2026-06-25 15:00,64,ok,
603302,main_sh,0,,,0,no_data,无数据
603361,main_sh,0,,,0,no_data,无数据
603272,main_sh,64,2026-06-22 09:45,2026-06-25 15:00,64,ok,
603273,main_sh,64,2026-06-22 09:45,2026-06-25 15:00,64,ok,
603275,main_sh,64,2026-06-22 09:45,2026-06-25 15:00,64,ok,
603276,main_sh,64,2026-06-22 09:45,2026-06-25 15:00,64,ok,
603277,main_sh,64,2026-06-22 09:45,2026-06-25 15:00,64,ok,
603278,main_sh,64,2026-06-22 09:45,2026-06-25 15:00,64,ok,
603279,main_sh,64,2026-06-22 09:45,2026-06-25 15:00,64,ok,
603280,main_sh,64,2026-06-22 09:45,2026-06-25 15:00,64,ok,
603281,main_sh,64,2026-06-22 09:45,2026-06-25 15:00,64,ok,
603282,main_sh,64,2026-06-22 09:45,2026-06-25 15:00,64,ok,
603283,main_sh,64,2026-06-22 09:45,2026-06-25 15:00,64,ok,
603284,main_sh,64,2026-06-22 09:45,2026-06-25 15:00,64,ok,
603285,main_sh,64,2026-06-22 09:45,2026-06-25 15:00,64,ok,
603286,main_sh,64,2026-06-22 09:45,2026-06-25 15:00,64,ok,
603288,main_sh,64,2026-06-22 09:45,2026-06-25 15:00,64,ok,
603289,main_sh,64,2026-06-22 09:45,2026-06-25 15:00,64,ok,
603290,main_sh,64,2026-06-22 09:45,2026-06-25 15:00,64,ok,
603291,main_sh,64,2026-06-22 09:45,2026-06-25 15:00,64,ok,
603293,main_sh,64,2026-06-22 09:45,2026-06-25 15:00,64,ok,
603296,main_sh,64,2026-06-22 09:45,2026-06-25 15:00,64,ok,
603297,main_sh,64,2026-06-22 09:45,2026-06-25 15:00,64,ok,
603298,main_sh,64,2026-06-22 09:45,2026-06-25 15:00,64,ok,
603299,main_sh,64,2026-06-22 09:45,2026-06-25 15:00,64,ok,
603300,main_sh,64,2026-06-22 09:45,2026-06-25 15:00,64,ok,
603301,main_sh,64,2026-06-22 09:45,2026-06-25 15:00,64,ok,
603303,main_sh,64,2026-06-22 09:45,2026-06-25 15:00,64,ok,
603305,main_sh,64,2026-06-22 09:45,2026-06-25 15:00,64,ok,
603306,main_sh,64,2026-06-22 09:45,2026-06-25 15:00,64,ok,
603307,main_sh,64,2026-06-22 09:45,2026-06-25 15:00,64,ok,
603308,main_sh,64,2026-06-22 09:45,2026-06-25 15:00,64,ok,
603309,main_sh,64,2026-06-22 09:45,2026-06-25 15:00,64,ok,
603310,main_sh,64,2026-06-22 09:45,2026-06-25 15:00,64,ok,
603311,main_sh,64,2026-06-22 09:45,2026-06-25 15:00,64,ok,
603312,main_sh,64,2026-06-22 09:45,2026-06-25 15:00,64,ok,
603313,main_sh,64,2026-06-22 09:45,2026-06-25 15:00,64,ok,
603315,main_sh,64,2026-06-22 09:45,2026-06-25 15:00,64,ok,
603316,main_sh,64,2026-06-22 09:45,2026-06-25 15:00,64,ok,
603317,main_sh,64,2026-06-22 09:45,2026-06-25 15:00,64,ok,
603318,main_sh,64,2026-06-22 09:45,2026-06-25 15:00,64,ok,
603319,main_sh,64,2026-06-22 09:45,2026-06-25 15:00,64,ok,
603320,main_sh,64,2026-06-22 09:45,2026-06-25 15:00,64,ok,
603321,main_sh,64,2026-06-22 09:45,2026-06-25 15:00,64,ok,
603322,main_sh,64,2026-06-22 09:45,2026-06-25 15:00,64,ok,
603323,main_sh,64,2026-06-22 09:45,2026-06-25 15:00,64,ok,
603324,main_sh,64,2026-06-22 09:45,2026-06-25 15:00,64,ok,
603325,main_sh,64,2026-06-22 09:45,2026-06-25 15:00,64,ok,
603326,main_sh,64,2026-06-22 09:45,2026-06-25 15:00,64,ok,
603327,main_sh,64,2026-06-22 09:45,2026-06-25 15:00,64,ok,
603328,main_sh,64,2026-06-22 09:45,2026-06-25 15:00,64,ok,
603329,main_sh,64,2026-06-22 09:45,2026-06-25 15:00,64,ok,
603330,main_sh,64,2026-06-22 09:45,2026-06-25 15:00,64,ok,
603331,main_sh,64,2026-06-22 09:45,2026-06-25 15:00,64,ok,
603332,main_sh,64,2026-06-22 09:45,2026-06-25 15:00,64,ok,
603333,main_sh,64,2026-06-22 09:45,2026-06-25 15:00,64,ok,
603334,main_sh,64,2026-06-22 09:45,2026-06-25 15:00,64,ok,
603335,main_sh,64,2026-06-22 09:45,2026-06-25 15:00,64,ok,
603336,main_sh,64,2026-06-22 09:45,2026-06-25 15:00,64,ok,
603337,main_sh,64,2026-06-22 09:45,2026-06-25 15:00,64,ok,
603338,main_sh,64,2026-06-22 09:45,2026-06-25 15:00,64,ok,
603339,main_sh,64,2026-06-22 09:45,2026-06-25 15:00,64,ok,
603341,main_sh,64,2026-06-22 09:45,2026-06-25 15:00,64,ok,
603344,main_sh,64,2026-06-22 09:45,2026-06-25 15:00,64,ok,
603345,main_sh,64,2026-06-22 09:45,2026-06-25 15:00,64,ok,
603348,main_sh,64,2026-06-22 09:45,2026-06-25 15:00,64,ok,
603350,main_sh,64,2026-06-22 09:45,2026-06-25 15:00,64,ok,
603351,main_sh,64,2026-06-22 09:45,2026-06-25 15:00,64,ok,
603352,main_sh,64,2026-06-22 09:45,2026-06-25 15:00,64,ok,
603353,main_sh,64,2026-06-22 09:45,2026-06-25 15:00,64,ok,
603355,main_sh,64,2026-06-22 09:45,2026-06-25 15:00,64,ok,
603356,main_sh,64,2026-06-22 09:45,2026-06-25 15:00,64,ok,
603357,main_sh,64,2026-06-22 09:45,2026-06-25 15:00,64,ok,
603358,main_sh,64,2026-06-22 09:45,2026-06-25 15:00,64,ok,
603359,main_sh,64,2026-06-22 09:45,2026-06-25 15:00,64,ok,
603360,main_sh,64,2026-06-22 09:45,2026-06-25 15:00,64,ok,
603363,main_sh,64,2026-06-22 09:45,2026-06-25 15:00,64,ok,
603365,main_sh,64,2026-06-22 09:45,2026-06-25 15:00,64,ok,
603366,main_sh,64,2026-06-22 09:45,2026-06-25 15:00,64,ok,
603367,main_sh,64,2026-06-22 09:45,2026-06-25 15:00,64,ok,
603368,main_sh,64,2026-06-22 09:45,2026-06-25 15:00,64,ok,
603369,main_sh,64,2026-06-22 09:45,2026-06-25 15:00,64,ok,
603370,main_sh,64,2026-06-22 09:45,2026-06-25 15:00,64,ok,
603373,main_sh,64,2026-06-22 09:45,2026-06-25 15:00,64,ok,
603375,main_sh,64,2026-06-22 09:45,2026-06-25 15:00,64,ok,
603376,main_sh,64,2026-06-22 09:45,2026-06-25 15:00,64,ok,
603377,main_sh,64,2026-06-22 09:45,2026-06-25 15:00,64,ok,
603378,main_sh,64,2026-06-22 09:45,2026-06-25 15:00,64,ok,
603379,main_sh,64,2026-06-22 09:45,2026-06-25 15:00,64,ok,
603380,main_sh,64,2026-06-22 09:45,2026-06-25 15:00,64,ok,
603381,main_sh,64,2026-06-22 09:45,2026-06-25 15:00,64,ok,
603382,main_sh,64,2026-06-22 09:45,2026-06-25 15:00,64,ok,
603383,main_sh,64,2026-06-22 09:45,2026-06-25 15:00,64,ok,
603385,main_sh,64,2026-06-22 09:45,2026-06-25 15:00,64,ok,
603386,main_sh,64,2026-06-22 09:45,2026-06-25 15:00,64,ok,
603387,main_sh,64,2026-06-22 09:45,2026-06-25 15:00,64,ok,
603389,main_sh,64,2026-06-22 09:45,2026-06-25 15:00,64,ok,
603390,main_sh,64,2026-06-22 09:45,2026-06-25 15:00,64,ok,
603391,main_sh,64,2026-06-22 09:45,2026-06-25 15:00,64,ok,
603392,main_sh,64,2026-06-22 09:45,2026-06-25 15:00,64,ok,
603393,main_sh,64,2026-06-22 09:45,2026-06-25 15:00,64,ok,
603395,main_sh,64,2026-06-22 09:45,2026-06-25 15:00,64,ok,
603396,main_sh,64,2026-06-22 09:45,2026-06-25 15:00,64,ok,
603398,main_sh,64,2026-06-22 09:45,2026-06-25 15:00,64,ok,
603399,main_sh,64,2026-06-22 09:45,2026-06-25 15:00,64,ok,
603400,main_sh,64,2026-06-22 09:45,2026-06-25 15:00,64,ok,
603402,main_sh,64,2026-06-22 09:45,2026-06-25 15:00,64,ok,
603406,main_sh,64,2026-06-22 09:45,2026-06-25 15:00,64,ok,
603407,main_sh,64,2026-06-22 09:45,2026-06-25 15:00,64,ok,
603408,main_sh,64,2026-06-22 09:45,2026-06-25 15:00,64,ok,
603409,main_sh,64,2026-06-22 09:45,2026-06-25 15:00,64,ok,
603416,main_sh,64,2026-06-22 09:45,2026-06-25 15:00,64,ok,
603418,main_sh,64,2026-06-22 09:45,2026-06-25 15:00,64,ok,
603421,main_sh,64,2026-06-22 09:45,2026-06-25 15:00,64,ok,
603429,main_sh,64,2026-06-22 09:45,2026-06-25 15:00,64,ok,
603435,main_sh,64,2026-06-22 09:45,2026-06-25 15:00,64,ok,
603439,main_sh,64,2026-06-22 09:45,2026-06-25 15:00,64,ok,
603444,main_sh,64,2026-06-22 09:45,2026-06-25 15:00,64,ok,
603456,main_sh,64,2026-06-22 09:45,2026-06-25 15:00,64,ok,
603458,main_sh,64,2026-06-22 09:45,2026-06-25 15:00,64,ok,
603459,main_sh,64,2026-06-22 09:45,2026-06-25 15:00,64,ok,
603466,main_sh,64,2026-06-22 09:45,2026-06-25 15:00,64,ok,
603477,main_sh,64,2026-06-22 09:45,2026-06-25 15:00,64,ok,
603486,main_sh,64,2026-06-22 09:45,2026-06-25 15:00,64,ok,
603488,main_sh,64,2026-06-22 09:45,2026-06-25 15:00,64,ok,
603489,main_sh,64,2026-06-22 09:45,2026-06-25 15:00,64,ok,
603496,main_sh,64,2026-06-22 09:45,2026-06-25 15:00,64,ok,
603499,main_sh,64,2026-06-22 09:45,2026-06-25 15:00,64,ok,
603500,main_sh,64,2026-06-22 09:45,2026-06-25 15:00,64,ok,
603501,main_sh,64,2026-06-22 09:45,2026-06-25 15:00,64,ok,
603505,main_sh,64,2026-06-22 09:45,2026-06-25 15:00,64,ok,
603506,main_sh,64,2026-06-22 09:45,2026-06-25 15:00,64,ok,
603507,main_sh,64,2026-06-22 09:45,2026-06-25 15:00,64,ok,
603508,main_sh,64,2026-06-22 09:45,2026-06-25 15:00,64,ok,
603511,main_sh,64,2026-06-22 09:45,2026-06-25 15:00,64,ok,
603515,main_sh,64,2026-06-22 09:45,2026-06-25 15:00,64,ok,
603516,main_sh,64,2026-06-22 09:45,2026-06-25 15:00,64,ok,
603517,main_sh,64,2026-06-22 09:45,2026-06-25 15:00,64,ok,
603518,main_sh,64,2026-06-22 09:45,2026-06-25 15:00,64,ok,
603519,main_sh,64,2026-06-22 09:45,2026-06-25 15:00,64,ok,
603520,main_sh,64,2026-06-22 09:45,2026-06-25 15:00,64,ok,
603527,main_sh,64,2026-06-22 09:45,2026-06-25 15:00,64,ok,
603528,main_sh,64,2026-06-22 09:45,2026-06-25 15:00,64,ok,
603529,main_sh,64,2026-06-22 09:45,2026-06-25 15:00,64,ok,
603530,main_sh,64,2026-06-22 09:45,2026-06-25 15:00,64,ok,
603533,main_sh,64,2026-06-22 09:45,2026-06-25 15:00,64,ok,
603535,main_sh,64,2026-06-22 09:45,2026-06-25 15:00,64,ok,
603536,main_sh,64,2026-06-22 09:45,2026-06-25 15:00,64,ok,
603538,main_sh,64,2026-06-22 09:45,2026-06-25 15:00,64,ok,
603551,main_sh,64,2026-06-22 09:45,2026-06-25 15:00,64,ok,
603556,main_sh,64,2026-06-22 09:45,2026-06-25 15:00,64,ok,
603557,main_sh,64,2026-06-22 09:45,2026-06-25 15:00,64,ok,
603558,main_sh,64,2026-06-22 09:45,2026-06-25 15:00,64,ok,
603559,main_sh,64,2026-06-22 09:45,2026-06-25 15:00,64,ok,
603565,main_sh,64,2026-06-22 09:45,2026-06-25 15:00,64,ok,
603566,main_sh,64,2026-06-22 09:45,2026-06-25 15:00,64,ok,
603567,main_sh,64,2026-06-22 09:45,2026-06-25 15:00,64,ok,
603568,main_sh,64,2026-06-22 09:45,2026-06-25 15:00,64,ok,
603569,main_sh,64,2026-06-22 09:45,2026-06-25 15:00,64,ok,
603577,main_sh,64,2026-06-22 09:45,2026-06-25 15:00,64,ok,
603578,main_sh,64,2026-06-22 09:45,2026-06-25 15:00,64,ok,
603579,main_sh,64,2026-06-22 09:45,2026-06-25 15:00,64,ok,
603580,main_sh,63,2026-06-22 09:45,2026-06-25 15:00,63,ok,15m bar数异常: 2026-06-23 count=15 (期望16)
603583,main_sh,64,2026-06-22 09:45,2026-06-25 15:00,64,ok,
603585,main_sh,64,2026-06-22 09:45,2026-06-25 15:00,64,ok,
603586,main_sh,64,2026-06-22 09:45,2026-06-25 15:00,64,ok,
603587,main_sh,64,2026-06-22 09:45,2026-06-25 15:00,64,ok,
603588,main_sh,64,2026-06-22 09:45,2026-06-25 15:00,64,ok,
603589,main_sh,64,2026-06-22 09:45,2026-06-25 15:00,64,ok,
603590,main_sh,64,2026-06-22 09:45,2026-06-25 15:00,64,ok,
603595,main_sh,63,2026-06-22 09:45,2026-06-25 15:00,63,ok,15m bar数异常: 2026-06-22 count=15 (期望16)
603596,main_sh,64,2026-06-22 09:45,2026-06-25 15:00,64,ok,
603598,main_sh,64,2026-06-22 09:45,2026-06-25 15:00,64,ok,
603599,main_sh,64,2026-06-22 09:45,2026-06-25 15:00,64,ok,
603600,main_sh,64,2026-06-22 09:45,2026-06-25 15:00,64,ok,
603601,main_sh,64,2026-06-22 09:45,2026-06-25 15:00,64,ok,
603602,main_sh,64,2026-06-22 09:45,2026-06-25 15:00,64,ok,
603605,main_sh,64,2026-06-22 09:45,2026-06-25 15:00,64,ok,
603606,main_sh,64,2026-06-22 09:45,2026-06-25 15:00,64,ok,
603607,main_sh,64,2026-06-22 09:45,2026-06-25 15:00,64,ok,
603608,main_sh,64,2026-06-22 09:45,2026-06-25 15:00,64,ok,
603609,main_sh,64,2026-06-22 09:45,2026-06-25 15:00,64,ok,
603610,main_sh,64,2026-06-22 09:45,2026-06-25 15:00,64,ok,
603611,main_sh,64,2026-06-22 09:45,2026-06-25 15:00,64,ok,
603612,main_sh,64,2026-06-22 09:45,2026-06-25 15:00,64,ok,
603613,main_sh,64,2026-06-22 09:45,2026-06-25 15:00,64,ok,
603615,main_sh,64,2026-06-22 09:45,2026-06-25 15:00,64,ok,
603616,main_sh,64,2026-06-22 09:45,2026-06-25 15:00,64,ok,
603617,main_sh,64,2026-06-22 09:45,2026-06-25 15:00,64,ok,
603618,main_sh,64,2026-06-22 09:45,2026-06-25 15:00,64,ok,
603619,main_sh,64,2026-06-22 09:45,2026-06-25 15:00,64,ok,
603626,main_sh,64,2026-06-22 09:45,2026-06-25 15:00,64,ok,
603628,main_sh,64,2026-06-22 09:45,2026-06-25 15:00,64,ok,
603629,main_sh,64,2026-06-22 09:45,2026-06-25 15:00,64,ok,
603630,main_sh,64,2026-06-22 09:45,2026-06-25 15:00,64,ok,
603633,main_sh,64,2026-06-22 09:45,2026-06-25 15:00,64,ok,
603636,main_sh,64,2026-06-22 09:45,2026-06-25 15:00,64,ok,
603637,main_sh,64,2026-06-22 09:45,2026-06-25 15:00,64,ok,
603638,main_sh,64,2026-06-22 09:45,2026-06-25 15:00,64,ok,
603639,main_sh,64,2026-06-22 09:45,2026-06-25 15:00,64,ok,
603648,main_sh,64,2026-06-22 09:45,2026-06-25 15:00,64,ok,
603650,main_sh,64,2026-06-22 09:45,2026-06-25 15:00,64,ok,
603655,main_sh,64,2026-06-22 09:45,2026-06-25 15:00,64,ok,
603656,main_sh,64,2026-06-22 09:45,2026-06-25 15:00,64,ok,
603657,main_sh,64,2026-06-22 09:45,2026-06-25 15:00,64,ok,
603658,main_sh,64,2026-06-22 09:45,2026-06-25 15:00,64,ok,
603659,main_sh,64,2026-06-22 09:45,2026-06-25 15:00,64,ok,
603660,main_sh,64,2026-06-22 09:45,2026-06-25 15:00,64,ok,
603661,main_sh,64,2026-06-22 09:45,2026-06-25 15:00,64,ok,
603662,main_sh,64,2026-06-22 09:45,2026-06-25 15:00,64,ok,
603663,main_sh,64,2026-06-22 09:45,2026-06-25 15:00,64,ok,
603665,main_sh,64,2026-06-22 09:45,2026-06-25 15:00,64,ok,
603666,main_sh,64,2026-06-22 09:45,2026-06-25 15:00,64,ok,
603667,main_sh,64,2026-06-22 09:45,2026-06-25 15:00,64,ok,
603668,main_sh,64,2026-06-22 09:45,2026-06-25 15:00,64,ok,
603669,main_sh,64,2026-06-22 09:45,2026-06-25 15:00,64,ok,
603676,main_sh,64,2026-06-22 09:45,2026-06-25 15:00,64,ok,
603677,main_sh,64,2026-06-22 09:45,2026-06-25 15:00,64,ok,
603678,main_sh,64,2026-06-22 09:45,2026-06-25 15:00,64,ok,
603679,main_sh,64,2026-06-22 09:45,2026-06-25 15:00,64,ok,
603680,main_sh,64,2026-06-22 09:45,2026-06-25 15:00,64,ok,
603681,main_sh,64,2026-06-22 09:45,2026-06-25 15:00,64,ok,
603682,main_sh,64,2026-06-22 09:45,2026-06-25 15:00,64,ok,
603683,main_sh,64,2026-06-22 09:45,2026-06-25 15:00,64,ok,
603685,main_sh,64,2026-06-22 09:45,2026-06-25 15:00,64,ok,
603686,main_sh,64,2026-06-22 09:45,2026-06-25 15:00,64,ok,
603687,main_sh,64,2026-06-22 09:45,2026-06-25 15:00,64,ok,
603688,main_sh,64,2026-06-22 09:45,2026-06-25 15:00,64,ok,
603689,main_sh,64,2026-06-22 09:45,2026-06-25 15:00,64,ok,
603690,main_sh,64,2026-06-22 09:45,2026-06-25 15:00,64,ok,
603693,main_sh,64,2026-06-22 09:45,2026-06-25 15:00,64,ok,
603696,main_sh,64,2026-06-22 09:45,2026-06-25 15:00,64,ok,
603697,main_sh,64,2026-06-22 09:45,2026-06-25 15:00,64,ok,
603698,main_sh,64,2026-06-22 09:45,2026-06-25 15:00,64,ok,
603699,main_sh,64,2026-06-22 09:45,2026-06-25 15:00,64,ok,
603700,main_sh,64,2026-06-22 09:45,2026-06-25 15:00,64,ok,
603701,main_sh,64,2026-06-22 09:45,2026-06-25 15:00,64,ok,
603703,main_sh,64,2026-06-22 09:45,2026-06-25 15:00,64,ok,
603706,main_sh,64,2026-06-22 09:45,2026-06-25 15:00,64,ok,
603707,main_sh,64,2026-06-22 09:45,2026-06-25 15:00,64,ok,
603708,main_sh,64,2026-06-22 09:45,2026-06-25 15:00,64,ok,
603709,main_sh,64,2026-06-22 09:45,2026-06-25 15:00,64,ok,
603711,main_sh,64,2026-06-22 09:45,2026-06-25 15:00,64,ok,
603712,main_sh,64,2026-06-22 09:45,2026-06-25 15:00,64,ok,
603713,main_sh,64,2026-06-22 09:45,2026-06-25 15:00,64,ok,
603716,main_sh,64,2026-06-22 09:45,2026-06-25 15:00,64,ok,
603717,main_sh,64,2026-06-22 09:45,2026-06-25 15:00,64,ok,
603718,main_sh,64,2026-06-22 09:45,2026-06-25 15:00,64,ok,
603719,main_sh,64,2026-06-22 09:45,2026-06-25 15:00,64,ok,
603721,main_sh,16,2026-06-12 09:45,2026-06-25 15:00,16,ok,
603722,main_sh,64,2026-06-22 09:45,2026-06-25 15:00,64,ok,
603725,main_sh,64,2026-06-22 09:45,2026-06-25 15:00,64,ok,
603726,main_sh,64,2026-06-22 09:45,2026-06-25 15:00,64,ok,
603727,main_sh,64,2026-06-22 09:45,2026-06-25 15:00,64,ok,
603728,main_sh,64,2026-06-22 09:45,2026-06-25 15:00,64,ok,
603729,main_sh,64,2026-06-22 09:45,2026-06-25 15:00,64,ok,
603730,main_sh,64,2026-06-22 09:45,2026-06-25 15:00,64,ok,
603733,main_sh,64,2026-06-22 09:45,2026-06-25 15:00,64,ok,
603737,main_sh,64,2026-06-22 09:45,2026-06-25 15:00,64,ok,
603738,main_sh,64,2026-06-22 09:45,2026-06-25 15:00,64,ok,
603739,main_sh,64,2026-06-22 09:45,2026-06-25 15:00,64,ok,
603755,main_sh,64,2026-06-22 09:45,2026-06-25 15:00,64,ok,
603757,main_sh,64,2026-06-22 09:45,2026-06-25 15:00,64,ok,
603758,main_sh,64,2026-06-22 09:45,2026-06-25 15:00,64,ok,
603759,main_sh,64,2026-06-22 09:45,2026-06-25 15:00,64,ok,
603766,main_sh,64,2026-06-22 09:45,2026-06-25 15:00,64,ok,
603767,main_sh,64,2026-06-22 09:45,2026-06-25 15:00,64,ok,
603768,main_sh,64,2026-06-22 09:45,2026-06-25 15:00,64,ok,
603773,main_sh,64,2026-06-22 09:45,2026-06-25 15:00,64,ok,
603776,main_sh,64,2026-06-22 09:45,2026-06-25 15:00,64,ok,
603777,main_sh,64,2026-06-22 09:45,2026-06-25 15:00,64,ok,
603778,main_sh,64,2026-06-22 09:45,2026-06-25 15:00,64,ok,
603779,main_sh,64,2026-06-22 09:45,2026-06-25 15:00,64,ok,
603786,main_sh,64,2026-06-22 09:45,2026-06-25 15:00,64,ok,
603787,main_sh,64,2026-06-22 09:45,2026-06-25 15:00,64,ok,
603788,main_sh,64,2026-06-22 09:45,2026-06-25 15:00,64,ok,
603789,main_sh,32,2026-06-17 09:45,2026-06-23 15:00,32,ok,尾部缺失 2 天: 2026-06-23 → 2026-06-26
603790,main_sh,64,2026-06-22 09:45,2026-06-25 15:00,64,ok,
603797,main_sh,64,2026-06-22 09:45,2026-06-25 15:00,64,ok,
603798,main_sh,64,2026-06-22 09:45,2026-06-25 15:00,64,ok,
603799,main_sh,64,2026-06-22 09:45,2026-06-25 15:00,64,ok,
603800,main_sh,64,2026-06-22 09:45,2026-06-25 15:00,64,ok,
603801,main_sh,64,2026-06-22 09:45,2026-06-25 15:00,64,ok,
603803,main_sh,64,2026-06-22 09:45,2026-06-25 15:00,64,ok,
603806,main_sh,64,2026-06-22 09:45,2026-06-25 15:00,64,ok,
603808,main_sh,64,2026-06-22 09:45,2026-06-25 15:00,64,ok,
603809,main_sh,64,2026-06-22 09:45,2026-06-25 15:00,64,ok,
603810,main_sh,64,2026-06-22 09:45,2026-06-25 15:00,64,ok,
603811,main_sh,64,2026-06-22 09:45,2026-06-25 15:00,64,ok,
603813,main_sh,64,2026-06-22 09:45,2026-06-25 15:00,64,ok,
603815,main_sh,64,2026-06-22 09:45,2026-06-25 15:00,64,ok,
603816,main_sh,64,2026-06-22 09:45,2026-06-25 15:00,64,ok,
603817,main_sh,64,2026-06-22 09:45,2026-06-25 15:00,64,ok,
603818,main_sh,64,2026-06-22 09:45,2026-06-25 15:00,64,ok,
603819,main_sh,64,2026-06-22 09:45,2026-06-25 15:00,64,ok,
603822,main_sh,64,2026-06-22 09:45,2026-06-25 15:00,64,ok,
603823,main_sh,64,2026-06-22 09:45,2026-06-25 15:00,64,ok,
603825,main_sh,64,2026-06-22 09:45,2026-06-25 15:00,64,ok,
603826,main_sh,64,2026-06-22 09:45,2026-06-25 15:00,64,ok,
603828,main_sh,64,2026-06-22 09:45,2026-06-25 15:00,64,ok,
603829,main_sh,64,2026-06-22 09:45,2026-06-25 15:00,64,ok,
603833,main_sh,64,2026-06-22 09:45,2026-06-25 15:00,64,ok,
603836,main_sh,64,2026-06-22 09:45,2026-06-25 15:00,64,ok,
603838,main_sh,64,2026-06-22 09:45,2026-06-25 15:00,64,ok,
603839,main_sh,64,2026-06-22 09:45,2026-06-25 15:00,64,ok,
603843,main_sh,64,2026-06-22 09:45,2026-06-25 15:00,64,ok,
603848,main_sh,64,2026-06-22 09:45,2026-06-25 15:00,64,ok,
603855,main_sh,64,2026-06-22 09:45,2026-06-25 15:00,64,ok,
603856,main_sh,64,2026-06-22 09:45,2026-06-25 15:00,64,ok,
603858,main_sh,64,2026-06-22 09:45,2026-06-25 15:00,64,ok,
603859,main_sh,64,2026-06-22 09:45,2026-06-25 15:00,64,ok,
603860,main_sh,64,2026-06-22 09:45,2026-06-25 15:00,64,ok,
603861,main_sh,64,2026-06-22 09:45,2026-06-25 15:00,64,ok,
603863,main_sh,64,2026-06-22 09:45,2026-06-25 15:00,64,ok,
603866,main_sh,64,2026-06-22 09:45,2026-06-25 15:00,64,ok,
603867,main_sh,64,2026-06-22 09:45,2026-06-25 15:00,64,ok,
603868,main_sh,64,2026-06-22 09:45,2026-06-25 15:00,64,ok,
603869,main_sh,64,2026-06-22 09:45,2026-06-25 15:00,64,ok,
603871,main_sh,64,2026-06-22 09:45,2026-06-25 15:00,64,ok,
603876,main_sh,64,2026-06-22 09:45,2026-06-25 15:00,64,ok,
603877,main_sh,64,2026-06-22 09:45,2026-06-25 15:00,64,ok,
603878,main_sh,64,2026-06-22 09:45,2026-06-25 15:00,64,ok,
603879,main_sh,64,2026-06-22 09:45,2026-06-25 15:00,64,ok,
603880,main_sh,64,2026-06-22 09:45,2026-06-25 15:00,64,ok,
603881,main_sh,64,2026-06-22 09:45,2026-06-25 15:00,64,ok,
603882,main_sh,64,2026-06-22 09:45,2026-06-25 15:00,64,ok,
603883,main_sh,64,2026-06-22 09:45,2026-06-25 15:00,64,ok,
603885,main_sh,64,2026-06-22 09:45,2026-06-25 15:00,64,ok,
603886,main_sh,64,2026-06-22 09:45,2026-06-25 15:00,64,ok,
603887,main_sh,64,2026-06-22 09:45,2026-06-25 15:00,64,ok,
603888,main_sh,64,2026-06-22 09:45,2026-06-25 15:00,64,ok,
603889,main_sh,64,2026-06-22 09:45,2026-06-25 15:00,64,ok,
603890,main_sh,64,2026-06-22 09:45,2026-06-25 15:00,64,ok,
603893,main_sh,64,2026-06-22 09:45,2026-06-25 15:00,64,ok,
603895,main_sh,64,2026-06-22 09:45,2026-06-25 15:00,64,ok,
603896,main_sh,64,2026-06-22 09:45,2026-06-25 15:00,64,ok,
603897,main_sh,64,2026-06-22 09:45,2026-06-25 15:00,64,ok,
603898,main_sh,64,2026-06-22 09:45,2026-06-25 15:00,64,ok,
603899,main_sh,64,2026-06-22 09:45,2026-06-25 15:00,64,ok,
603900,main_sh,64,2026-06-22 09:45,2026-06-25 15:00,64,ok,
603901,main_sh,64,2026-06-22 09:45,2026-06-25 15:00,64,ok,
603903,main_sh,64,2026-06-22 09:45,2026-06-25 15:00,64,ok,
603906,main_sh,64,2026-06-22 09:45,2026-06-25 15:00,64,ok,
603908,main_sh,64,2026-06-22 09:45,2026-06-25 15:00,64,ok,
603909,main_sh,64,2026-06-22 09:45,2026-06-25 15:00,64,ok,
603912,main_sh,64,2026-06-22 09:45,2026-06-25 15:00,64,ok,
603915,main_sh,64,2026-06-22 09:45,2026-06-25 15:00,64,ok,
603916,main_sh,64,2026-06-22 09:45,2026-06-25 15:00,64,ok,
603917,main_sh,64,2026-06-22 09:45,2026-06-25 15:00,64,ok,
603918,main_sh,64,2026-06-22 09:45,2026-06-25 15:00,64,ok,
603919,main_sh,64,2026-06-22 09:45,2026-06-25 15:00,64,ok,
603920,main_sh,64,2026-06-22 09:45,2026-06-25 15:00,64,ok,
603922,main_sh,64,2026-06-22 09:45,2026-06-25 15:00,64,ok,
603926,main_sh,64,2026-06-22 09:45,2026-06-25 15:00,64,ok,
603927,main_sh,64,2026-06-22 09:45,2026-06-25 15:00,64,ok,
603928,main_sh,64,2026-06-22 09:45,2026-06-25 15:00,64,ok,
603929,main_sh,64,2026-06-22 09:45,2026-06-25 15:00,64,ok,
603931,main_sh,64,2026-06-22 09:45,2026-06-25 15:00,64,ok,
603933,main_sh,64,2026-06-22 09:45,2026-06-25 15:00,64,ok,
603936,main_sh,64,2026-06-22 09:45,2026-06-25 15:00,64,ok,
603937,main_sh,64,2026-06-22 09:45,2026-06-25 15:00,64,ok,
603938,main_sh,64,2026-06-22 09:45,2026-06-25 15:00,64,ok,
603939,main_sh,64,2026-06-22 09:45,2026-06-25 15:00,64,ok,
603948,main_sh,64,2026-06-22 09:45,2026-06-25 15:00,64,ok,
603949,main_sh,64,2026-06-22 09:45,2026-06-25 15:00,64,ok,
603950,main_sh,64,2026-06-22 09:45,2026-06-25 15:00,64,ok,
603955,main_sh,64,2026-06-22 09:45,2026-06-25 15:00,64,ok,
603956,main_sh,64,2026-06-22 09:45,2026-06-25 15:00,64,ok,
603958,main_sh,64,2026-06-22 09:45,2026-06-25 15:00,64,ok,
603959,main_sh,64,2026-06-22 09:45,2026-06-25 15:00,64,ok,
603960,main_sh,64,2026-06-22 09:45,2026-06-25 15:00,64,ok,
603966,main_sh,64,2026-06-22 09:45,2026-06-25 15:00,64,ok,
603967,main_sh,64,2026-06-22 09:45,2026-06-25 15:00,64,ok,
603968,main_sh,64,2026-06-22 09:45,2026-06-25 15:00,64,ok,
603969,main_sh,64,2026-06-22 09:45,2026-06-25 15:00,64,ok,
603970,main_sh,64,2026-06-22 09:45,2026-06-25 15:00,64,ok,
603976,main_sh,64,2026-06-22 09:45,2026-06-25 15:00,64,ok,
603977,main_sh,64,2026-06-22 09:45,2026-06-25 15:00,64,ok,
603978,main_sh,64,2026-06-22 09:45,2026-06-25 15:00,64,ok,
603979,main_sh,64,2026-06-22 09:45,2026-06-25 15:00,64,ok,
603980,main_sh,64,2026-06-22 09:45,2026-06-25 15:00,64,ok,
603982,main_sh,64,2026-06-22 09:45,2026-06-25 15:00,64,ok,
603983,main_sh,64,2026-06-22 09:45,2026-06-25 15:00,64,ok,
603985,main_sh,64,2026-06-22 09:45,2026-06-25 15:00,64,ok,
603986,main_sh,64,2026-06-22 09:45,2026-06-25 15:00,64,ok,
603987,main_sh,64,2026-06-22 09:45,2026-06-25 15:00,64,ok,
603988,main_sh,64,2026-06-22 09:45,2026-06-25 15:00,64,ok,
603989,main_sh,64,2026-06-22 09:45,2026-06-25 15:00,64,ok,
603990,main_sh,64,2026-06-22 09:45,2026-06-25 15:00,64,ok,
603991,main_sh,64,2026-06-22 09:45,2026-06-25 15:00,64,ok,
603992,main_sh,64,2026-06-22 09:45,2026-06-25 15:00,64,ok,
603993,main_sh,64,2026-06-22 09:45,2026-06-25 15:00,64,ok,
603995,main_sh,64,2026-06-22 09:45,2026-06-25 15:00,64,ok,
603997,main_sh,64,2026-06-22 09:45,2026-06-25 15:00,64,ok,
603998,main_sh,64,2026-06-22 09:45,2026-06-25 15:00,64,ok,
603999,main_sh,64,2026-06-22 09:45,2026-06-25 15:00,64,ok,
605001,main_sh,64,2026-06-22 09:45,2026-06-25 15:00,64,ok,
605003,main_sh,64,2026-06-22 09:45,2026-06-25 15:00,64,ok,
605005,main_sh,64,2026-06-22 09:45,2026-06-25 15:00,64,ok,
605006,main_sh,64,2026-06-22 09:45,2026-06-25 15:00,64,ok,
605336,main_sh,64,2026-06-22 09:45,2026-06-25 15:00,0,error,volume<=0: 2026-06-24 vol=0.0
605007,main_sh,64,2026-06-22 09:45,2026-06-25 15:00,64,ok,
605008,main_sh,64,2026-06-22 09:45,2026-06-25 15:00,64,ok,
605009,main_sh,64,2026-06-22 09:45,2026-06-25 15:00,64,ok,
605011,main_sh,64,2026-06-22 09:45,2026-06-25 15:00,64,ok,
605016,main_sh,64,2026-06-22 09:45,2026-06-25 15:00,64,ok,
605018,main_sh,64,2026-06-22 09:45,2026-06-25 15:00,64,ok,
605020,main_sh,64,2026-06-22 09:45,2026-06-25 15:00,64,ok,
605028,main_sh,64,2026-06-22 09:45,2026-06-25 15:00,64,ok,
605033,main_sh,64,2026-06-22 09:45,2026-06-25 15:00,64,ok,
605050,main_sh,64,2026-06-22 09:45,2026-06-25 15:00,64,ok,
605055,main_sh,64,2026-06-22 09:45,2026-06-25 15:00,64,ok,
605056,main_sh,64,2026-06-22 09:45,2026-06-25 15:00,64,ok,
605058,main_sh,64,2026-06-22 09:45,2026-06-25 15:00,64,ok,
605060,main_sh,64,2026-06-22 09:45,2026-06-25 15:00,64,ok,
605066,main_sh,64,2026-06-22 09:45,2026-06-25 15:00,64,ok,
605068,main_sh,64,2026-06-22 09:45,2026-06-25 15:00,64,ok,
605069,main_sh,64,2026-06-22 09:45,2026-06-25 15:00,64,ok,
605077,main_sh,64,2026-06-22 09:45,2026-06-25 15:00,64,ok,
605080,main_sh,64,2026-06-22 09:45,2026-06-25 15:00,64,ok,
605081,main_sh,64,2026-06-22 09:45,2026-06-25 15:00,64,ok,
605086,main_sh,64,2026-06-22 09:45,2026-06-25 15:00,64,ok,
605088,main_sh,64,2026-06-22 09:45,2026-06-25 15:00,64,ok,
605089,main_sh,64,2026-06-22 09:45,2026-06-25 15:00,64,ok,
605090,main_sh,64,2026-06-22 09:45,2026-06-25 15:00,64,ok,
605098,main_sh,64,2026-06-22 09:45,2026-06-25 15:00,64,ok,
605099,main_sh,64,2026-06-22 09:45,2026-06-25 15:00,64,ok,
605100,main_sh,64,2026-06-22 09:45,2026-06-25 15:00,64,ok,
605108,main_sh,64,2026-06-22 09:45,2026-06-25 15:00,64,ok,
605111,main_sh,64,2026-06-22 09:45,2026-06-25 15:00,64,ok,
605116,main_sh,64,2026-06-22 09:45,2026-06-25 15:00,64,ok,
605117,main_sh,64,2026-06-22 09:45,2026-06-25 15:00,64,ok,
605118,main_sh,64,2026-06-22 09:45,2026-06-25 15:00,64,ok,
605122,main_sh,64,2026-06-22 09:45,2026-06-25 15:00,64,ok,
605123,main_sh,64,2026-06-22 09:45,2026-06-25 15:00,64,ok,
605128,main_sh,64,2026-06-22 09:45,2026-06-25 15:00,64,ok,
605133,main_sh,64,2026-06-22 09:45,2026-06-25 15:00,64,ok,
605136,main_sh,64,2026-06-22 09:45,2026-06-25 15:00,64,ok,
605138,main_sh,64,2026-06-22 09:45,2026-06-25 15:00,64,ok,
605151,main_sh,64,2026-06-22 09:45,2026-06-25 15:00,64,ok,
605155,main_sh,64,2026-06-22 09:45,2026-06-25 15:00,64,ok,
605158,main_sh,64,2026-06-22 09:45,2026-06-25 15:00,64,ok,
605162,main_sh,64,2026-06-22 09:45,2026-06-25 15:00,64,ok,
605166,main_sh,64,2026-06-22 09:45,2026-06-25 15:00,64,ok,
605167,main_sh,64,2026-06-22 09:45,2026-06-25 15:00,64,ok,
605168,main_sh,64,2026-06-22 09:45,2026-06-25 15:00,64,ok,
605169,main_sh,64,2026-06-22 09:45,2026-06-25 15:00,64,ok,
605177,main_sh,64,2026-06-22 09:45,2026-06-25 15:00,64,ok,
605178,main_sh,64,2026-06-22 09:45,2026-06-25 15:00,64,ok,
605179,main_sh,64,2026-06-22 09:45,2026-06-25 15:00,64,ok,
605180,main_sh,64,2026-06-22 09:45,2026-06-25 15:00,64,ok,
605183,main_sh,64,2026-06-22 09:45,2026-06-25 15:00,64,ok,
605186,main_sh,64,2026-06-22 09:45,2026-06-25 15:00,64,ok,
605188,main_sh,64,2026-06-22 09:45,2026-06-25 15:00,64,ok,
605189,main_sh,64,2026-06-22 09:45,2026-06-25 15:00,64,ok,
605196,main_sh,64,2026-06-22 09:45,2026-06-25 15:00,64,ok,
605198,main_sh,64,2026-06-22 09:45,2026-06-25 15:00,64,ok,
605199,main_sh,64,2026-06-22 09:45,2026-06-25 15:00,64,ok,
605208,main_sh,64,2026-06-22 09:45,2026-06-25 15:00,64,ok,
605218,main_sh,64,2026-06-22 09:45,2026-06-25 15:00,64,ok,
605222,main_sh,64,2026-06-22 09:45,2026-06-25 15:00,64,ok,
605228,main_sh,64,2026-06-22 09:45,2026-06-25 15:00,64,ok,
605255,main_sh,64,2026-06-22 09:45,2026-06-25 15:00,64,ok,
605258,main_sh,64,2026-06-22 09:45,2026-06-25 15:00,64,ok,
605259,main_sh,64,2026-06-22 09:45,2026-06-25 15:00,64,ok,
605266,main_sh,64,2026-06-22 09:45,2026-06-25 15:00,64,ok,
605268,main_sh,64,2026-06-22 09:45,2026-06-25 15:00,64,ok,
605277,main_sh,64,2026-06-22 09:45,2026-06-25 15:00,64,ok,
605286,main_sh,64,2026-06-22 09:45,2026-06-25 15:00,64,ok,
605287,main_sh,64,2026-06-22 09:45,2026-06-25 15:00,64,ok,
605288,main_sh,64,2026-06-22 09:45,2026-06-25 15:00,64,ok,
605289,main_sh,64,2026-06-22 09:45,2026-06-25 15:00,64,ok,
605296,main_sh,64,2026-06-22 09:45,2026-06-25 15:00,64,ok,
605298,main_sh,64,2026-06-22 09:45,2026-06-25 15:00,64,ok,
605299,main_sh,64,2026-06-22 09:45,2026-06-25 15:00,64,ok,
605300,main_sh,64,2026-06-22 09:45,2026-06-25 15:00,64,ok,
605303,main_sh,64,2026-06-22 09:45,2026-06-25 15:00,64,ok,
605305,main_sh,64,2026-06-22 09:45,2026-06-25 15:00,64,ok,
605318,main_sh,64,2026-06-22 09:45,2026-06-25 15:00,64,ok,
605319,main_sh,64,2026-06-22 09:45,2026-06-25 15:00,64,ok,
605333,main_sh,64,2026-06-22 09:45,2026-06-25 15:00,64,ok,
605337,main_sh,64,2026-06-22 09:45,2026-06-25 15:00,64,ok,
605338,main_sh,64,2026-06-22 09:45,2026-06-25 15:00,64,ok,
605339,main_sh,64,2026-06-22 09:45,2026-06-25 15:00,64,ok,
605358,main_sh,64,2026-06-22 09:45,2026-06-25 15:00,64,ok,
605365,main_sh,64,2026-06-22 09:45,2026-06-25 15:00,64,ok,
605366,main_sh,64,2026-06-22 09:45,2026-06-25 15:00,64,ok,
605368,main_sh,64,2026-06-22 09:45,2026-06-25 15:00,64,ok,
605369,main_sh,64,2026-06-22 09:45,2026-06-25 15:00,64,ok,
605376,main_sh,64,2026-06-22 09:45,2026-06-25 15:00,64,ok,
605377,main_sh,64,2026-06-22 09:45,2026-06-25 15:00,64,ok,
605378,main_sh,64,2026-06-22 09:45,2026-06-25 15:00,64,ok,
605388,main_sh,64,2026-06-22 09:45,2026-06-25 15:00,64,ok,
605389,main_sh,64,2026-06-22 09:45,2026-06-25 15:00,64,ok,
605398,main_sh,64,2026-06-22 09:45,2026-06-25 15:00,64,ok,
605399,main_sh,64,2026-06-22 09:45,2026-06-25 15:00,64,ok,
605488,main_sh,64,2026-06-22 09:45,2026-06-25 15:00,64,ok,
605499,main_sh,64,2026-06-22 09:45,2026-06-25 15:00,64,ok,
605500,main_sh,64,2026-06-22 09:45,2026-06-25 15:00,64,ok,
605507,main_sh,64,2026-06-22 09:45,2026-06-25 15:00,64,ok,
605555,main_sh,64,2026-06-22 09:45,2026-06-25 15:00,64,ok,
605566,main_sh,64,2026-06-22 09:45,2026-06-25 15:00,64,ok,
605567,main_sh,64,2026-06-22 09:45,2026-06-25 15:00,64,ok,
605577,main_sh,64,2026-06-22 09:45,2026-06-25 15:00,64,ok,
605580,main_sh,64,2026-06-22 09:45,2026-06-25 15:00,64,ok,
605588,main_sh,64,2026-06-22 09:45,2026-06-25 15:00,64,ok,
605589,main_sh,64,2026-06-22 09:45,2026-06-25 15:00,64,ok,
605598,main_sh,64,2026-06-22 09:45,2026-06-25 15:00,64,ok,
605599,main_sh,64,2026-06-22 09:45,2026-06-25 15:00,64,ok,
688001,star,64,2026-06-22 09:45,2026-06-25 15:00,64,ok,
688002,star,64,2026-06-22 09:45,2026-06-25 15:00,64,ok,
688003,star,64,2026-06-22 09:45,2026-06-25 15:00,64,ok,
688004,star,64,2026-06-22 09:45,2026-06-25 15:00,64,ok,
688005,star,64,2026-06-22 09:45,2026-06-25 15:00,64,ok,
688006,star,64,2026-06-22 09:45,2026-06-25 15:00,64,ok,
688007,star,64,2026-06-22 09:45,2026-06-25 15:00,64,ok,
688008,star,64,2026-06-22 09:45,2026-06-25 15:00,64,ok,
688009,star,64,2026-06-22 09:45,2026-06-25 15:00,64,ok,
688010,star,64,2026-06-22 09:45,2026-06-25 15:00,64,ok,
688011,star,64,2026-06-22 09:45,2026-06-25 15:00,64,ok,
688012,star,64,2026-06-22 09:45,2026-06-25 15:00,64,ok,
688013,star,64,2026-06-22 09:45,2026-06-25 15:00,64,ok,
688015,star,64,2026-06-22 09:45,2026-06-25 15:00,64,ok,
688016,star,64,2026-06-22 09:45,2026-06-25 15:00,64,ok,
688017,star,64,2026-06-22 09:45,2026-06-25 15:00,64,ok,
688018,star,64,2026-06-22 09:45,2026-06-25 15:00,64,ok,
688019,star,64,2026-06-22 09:45,2026-06-25 15:00,64,ok,
688020,star,64,2026-06-22 09:45,2026-06-25 15:00,64,ok,
688021,star,64,2026-06-22 09:45,2026-06-25 15:00,64,ok,
688022,star,64,2026-06-22 09:45,2026-06-25 15:00,64,ok,
688023,star,64,2026-06-22 09:45,2026-06-25 15:00,64,ok,
688025,star,64,2026-06-22 09:45,2026-06-25 15:00,64,ok,
688026,star,64,2026-06-22 09:45,2026-06-25 15:00,64,ok,
688027,star,64,2026-06-22 09:45,2026-06-25 15:00,64,ok,
688028,star,64,2026-06-22 09:45,2026-06-25 15:00,64,ok,
688029,star,64,2026-06-22 09:45,2026-06-25 15:00,64,ok,
688030,star,64,2026-06-22 09:45,2026-06-25 15:00,64,ok,
688031,star,64,2026-06-22 09:45,2026-06-25 15:00,64,ok,
688032,star,64,2026-06-22 09:45,2026-06-25 15:00,64,ok,
688033,star,64,2026-06-22 09:45,2026-06-25 15:00,64,ok,
688035,star,64,2026-06-22 09:45,2026-06-25 15:00,64,ok,
688036,star,64,2026-06-22 09:45,2026-06-25 15:00,64,ok,
688037,star,64,2026-06-22 09:45,2026-06-25 15:00,64,ok,
688038,star,64,2026-06-22 09:45,2026-06-25 15:00,64,ok,
688039,star,64,2026-06-22 09:45,2026-06-25 15:00,64,ok,
688041,star,64,2026-06-22 09:45,2026-06-25 15:00,64,ok,
688045,star,64,2026-06-22 09:45,2026-06-25 15:00,64,ok,
688046,star,64,2026-06-22 09:45,2026-06-25 15:00,64,ok,
688047,star,64,2026-06-22 09:45,2026-06-25 15:00,64,ok,
688048,star,64,2026-06-22 09:45,2026-06-25 15:00,64,ok,
688049,star,64,2026-06-22 09:45,2026-06-25 15:00,64,ok,
688050,star,64,2026-06-22 09:45,2026-06-25 15:00,64,ok,
688051,star,64,2026-06-22 09:45,2026-06-25 15:00,64,ok,
688052,star,64,2026-06-22 09:45,2026-06-25 15:00,64,ok,
688053,star,64,2026-06-22 09:45,2026-06-25 15:00,64,ok,
688055,star,64,2026-06-22 09:45,2026-06-25 15:00,64,ok,
688056,star,64,2026-06-22 09:45,2026-06-25 15:00,64,ok,
688057,star,64,2026-06-22 09:45,2026-06-25 15:00,64,ok,
688058,star,64,2026-06-22 09:45,2026-06-25 15:00,64,ok,
688059,star,64,2026-06-22 09:45,2026-06-25 15:00,64,ok,
688060,star,64,2026-06-22 09:45,2026-06-25 15:00,64,ok,
688061,star,64,2026-06-22 09:45,2026-06-25 15:00,64,ok,
688062,star,64,2026-06-22 09:45,2026-06-25 15:00,64,ok,
688063,star,64,2026-06-22 09:45,2026-06-25 15:00,64,ok,
688065,star,64,2026-06-22 09:45,2026-06-25 15:00,64,ok,
688066,star,64,2026-06-22 09:45,2026-06-25 15:00,64,ok,
688067,star,64,2026-06-22 09:45,2026-06-25 15:00,64,ok,
688068,star,64,2026-06-22 09:45,2026-06-25 15:00,64,ok,
688069,star,64,2026-06-22 09:45,2026-06-25 15:00,64,ok,
688070,star,64,2026-06-22 09:45,2026-06-25 15:00,64,ok,
688071,star,64,2026-06-22 09:45,2026-06-25 15:00,64,ok,
688072,star,64,2026-06-22 09:45,2026-06-25 15:00,64,ok,
688073,star,64,2026-06-22 09:45,2026-06-25 15:00,64,ok,
688075,star,64,2026-06-22 09:45,2026-06-25 15:00,64,ok,
688076,star,64,2026-06-22 09:45,2026-06-25 15:00,64,ok,
688077,star,64,2026-06-22 09:45,2026-06-25 15:00,64,ok,
688078,star,64,2026-06-22 09:45,2026-06-25 15:00,64,ok,
688079,star,64,2026-06-22 09:45,2026-06-25 15:00,64,ok,
688080,star,64,2026-06-22 09:45,2026-06-25 15:00,64,ok,
688081,star,64,2026-06-22 09:45,2026-06-25 15:00,64,ok,
688082,star,64,2026-06-22 09:45,2026-06-25 15:00,64,ok,
688083,star,64,2026-06-22 09:45,2026-06-25 15:00,64,ok,
688084,star,64,2026-06-22 09:45,2026-06-25 15:00,64,ok,
688085,star,64,2026-06-22 09:45,2026-06-25 15:00,64,ok,
688087,star,64,2026-06-22 09:45,2026-06-25 15:00,64,ok,
688088,star,64,2026-06-22 09:45,2026-06-25 15:00,64,ok,
688089,star,64,2026-06-22 09:45,2026-06-25 15:00,64,ok,
688090,star,64,2026-06-22 09:45,2026-06-25 15:00,64,ok,
688091,star,64,2026-06-22 09:45,2026-06-25 15:00,64,ok,
688092,star,64,2026-06-22 09:45,2026-06-25 15:00,64,ok,
688093,star,64,2026-06-22 09:45,2026-06-25 15:00,64,ok,
688095,star,64,2026-06-22 09:45,2026-06-25 15:00,64,ok,
688096,star,64,2026-06-22 09:45,2026-06-25 15:00,64,ok,
688097,star,64,2026-06-22 09:45,2026-06-25 15:00,64,ok,
688098,star,64,2026-06-22 09:45,2026-06-25 15:00,64,ok,
688099,star,64,2026-06-22 09:45,2026-06-25 15:00,64,ok,
688100,star,64,2026-06-22 09:45,2026-06-25 15:00,64,ok,
688101,star,64,2026-06-22 09:45,2026-06-25 15:00,64,ok,
688102,star,64,2026-06-22 09:45,2026-06-25 15:00,64,ok,
688103,star,64,2026-06-22 09:45,2026-06-25 15:00,64,ok,
688121,star,64,2026-04-27 09:45,2026-04-30 15:00,0,no_data,转换后无有效记录
688105,star,64,2026-06-22 09:45,2026-06-25 15:00,64,ok,
688106,star,64,2026-06-22 09:45,2026-06-25 15:00,64,ok,
688107,star,64,2026-06-22 09:45,2026-06-25 15:00,64,ok,
688108,star,64,2026-06-22 09:45,2026-06-25 15:00,64,ok,
688109,star,64,2026-06-22 09:45,2026-06-25 15:00,64,ok,
688110,star,64,2026-06-22 09:45,2026-06-25 15:00,64,ok,
688111,star,64,2026-06-22 09:45,2026-06-25 15:00,64,ok,
688112,star,64,2026-06-22 09:45,2026-06-25 15:00,64,ok,
688113,star,64,2026-06-22 09:45,2026-06-25 15:00,64,ok,
688114,star,64,2026-06-22 09:45,2026-06-25 15:00,64,ok,
688115,star,64,2026-06-22 09:45,2026-06-25 15:00,64,ok,
688116,star,64,2026-06-22 09:45,2026-06-25 15:00,64,ok,
688117,star,64,2026-06-22 09:45,2026-06-25 15:00,64,ok,
688118,star,64,2026-06-22 09:45,2026-06-25 15:00,64,ok,
688119,star,64,2026-06-22 09:45,2026-06-25 15:00,64,ok,
688120,star,64,2026-06-22 09:45,2026-06-25 15:00,64,ok,
688122,star,64,2026-06-22 09:45,2026-06-25 15:00,64,ok,
688123,star,64,2026-06-22 09:45,2026-06-25 15:00,64,ok,
688125,star,64,2026-06-22 09:45,2026-06-25 15:00,64,ok,
688126,star,64,2026-06-22 09:45,2026-06-25 15:00,64,ok,
688127,star,64,2026-06-22 09:45,2026-06-25 15:00,64,ok,
688128,star,64,2026-06-22 09:45,2026-06-25 15:00,64,ok,
688129,star,64,2026-06-22 09:45,2026-06-25 15:00,64,ok,
688130,star,64,2026-06-22 09:45,2026-06-25 15:00,64,ok,
688131,star,64,2026-06-22 09:45,2026-06-25 15:00,64,ok,
688132,star,64,2026-06-22 09:45,2026-06-25 15:00,64,ok,
688133,star,64,2026-06-22 09:45,2026-06-25 15:00,64,ok,
688135,star,64,2026-06-22 09:45,2026-06-25 15:00,64,ok,
688136,star,64,2026-06-22 09:45,2026-06-25 15:00,64,ok,
688137,star,64,2026-06-22 09:45,2026-06-25 15:00,64,ok,
688138,star,64,2026-06-22 09:45,2026-06-25 15:00,64,ok,
688139,star,64,2026-06-22 09:45,2026-06-25 15:00,64,ok,
688141,star,64,2026-06-22 09:45,2026-06-25 15:00,64,ok,
688143,star,48,2026-06-23 09:45,2026-06-25 15:00,48,ok,
688146,star,16,2026-06-22 09:45,2026-06-22 15:00,16,ok,尾部缺失 3 天: 2026-06-22 → 2026-06-26
688147,star,64,2026-06-22 09:45,2026-06-25 15:00,64,ok,
688148,star,64,2026-06-22 09:45,2026-06-25 15:00,64,ok,
688150,star,64,2026-06-22 09:45,2026-06-25 15:00,64,ok,
688151,star,64,2026-06-22 09:45,2026-06-25 15:00,64,ok,
688152,star,64,2026-06-22 09:45,2026-06-25 15:00,64,ok,
688153,star,64,2026-06-22 09:45,2026-06-25 15:00,64,ok,
688155,star,64,2026-06-22 09:45,2026-06-25 15:00,64,ok,
688156,star,64,2026-06-22 09:45,2026-06-25 15:00,64,ok,
688157,star,64,2026-06-22 09:45,2026-06-25 15:00,64,ok,
688158,star,64,2026-06-22 09:45,2026-06-25 15:00,64,ok,
688159,star,64,2026-06-22 09:45,2026-06-25 15:00,64,ok,
688160,star,64,2026-06-22 09:45,2026-06-25 15:00,64,ok,
688161,star,64,2026-06-22 09:45,2026-06-25 15:00,64,ok,
688162,star,64,2026-06-22 09:45,2026-06-25 15:00,64,ok,
688163,star,64,2026-06-22 09:45,2026-06-25 15:00,64,ok,
688165,star,64,2026-06-22 09:45,2026-06-25 15:00,64,ok,
688166,star,64,2026-06-22 09:45,2026-06-25 15:00,64,ok,
688167,star,64,2026-06-22 09:45,2026-06-25 15:00,64,ok,
688168,star,64,2026-06-22 09:45,2026-06-25 15:00,64,ok,
688169,star,64,2026-06-22 09:45,2026-06-25 15:00,64,ok,
688170,star,64,2026-06-22 09:45,2026-06-25 15:00,64,ok,
688171,star,64,2026-06-22 09:45,2026-06-25 15:00,64,ok,
688172,star,64,2026-06-22 09:45,2026-06-25 15:00,64,ok,
688173,star,64,2026-06-22 09:45,2026-06-25 15:00,64,ok,
688175,star,64,2026-06-22 09:45,2026-06-25 15:00,64,ok,
688176,star,64,2026-06-22 09:45,2026-06-25 15:00,64,ok,
688177,star,64,2026-06-22 09:45,2026-06-25 15:00,64,ok,
688178,star,64,2026-06-22 09:45,2026-06-25 15:00,64,ok,
688179,star,64,2026-06-22 09:45,2026-06-25 15:00,64,ok,
688180,star,64,2026-06-22 09:45,2026-06-25 15:00,64,ok,
688181,star,64,2026-06-22 09:45,2026-06-25 15:00,64,ok,
688182,star,64,2026-06-22 09:45,2026-06-25 15:00,64,ok,
688183,star,64,2026-06-22 09:45,2026-06-25 15:00,64,ok,
688184,star,64,2026-06-22 09:45,2026-06-25 15:00,64,ok,
688185,star,64,2026-06-22 09:45,2026-06-25 15:00,64,ok,
688186,star,64,2026-06-22 09:45,2026-06-25 15:00,64,ok,
688187,star,64,2026-06-22 09:45,2026-06-25 15:00,64,ok,
688188,star,64,2026-06-22 09:45,2026-06-25 15:00,64,ok,
688189,star,64,2026-06-22 09:45,2026-06-25 15:00,64,ok,
688190,star,64,2026-06-22 09:45,2026-06-25 15:00,64,ok,
688191,star,64,2026-06-22 09:45,2026-06-25 15:00,64,ok,
688192,star,64,2026-06-22 09:45,2026-06-25 15:00,64,ok,
688193,star,64,2026-06-22 09:45,2026-06-25 15:00,64,ok,
688195,star,64,2026-06-22 09:45,2026-06-25 15:00,64,ok,
688196,star,64,2026-06-22 09:45,2026-06-25 15:00,64,ok,
688197,star,64,2026-06-22 09:45,2026-06-25 15:00,64,ok,
688198,star,64,2026-06-22 09:45,2026-06-25 15:00,64,ok,
688199,star,64,2026-06-22 09:45,2026-06-25 15:00,64,ok,
688200,star,64,2026-06-22 09:45,2026-06-25 15:00,64,ok,
688201,star,64,2026-06-22 09:45,2026-06-25 15:00,64,ok,
688202,star,64,2026-06-22 09:45,2026-06-25 15:00,64,ok,
688203,star,64,2026-06-22 09:45,2026-06-25 15:00,64,ok,
688205,star,64,2026-06-22 09:45,2026-06-25 15:00,64,ok,
688206,star,64,2026-06-22 09:45,2026-06-25 15:00,64,ok,
688207,star,64,2026-06-22 09:45,2026-06-25 15:00,64,ok,
688208,star,64,2026-06-22 09:45,2026-06-25 15:00,64,ok,
688209,star,64,2026-06-22 09:45,2026-06-25 15:00,64,ok,
688210,star,64,2026-06-22 09:45,2026-06-25 15:00,64,ok,
688211,star,64,2026-06-22 09:45,2026-06-25 15:00,64,ok,
688212,star,64,2026-06-22 09:45,2026-06-25 15:00,64,ok,
688213,star,64,2026-06-22 09:45,2026-06-25 15:00,64,ok,
688215,star,64,2026-06-22 09:45,2026-06-25 15:00,64,ok,
688216,star,64,2026-06-22 09:45,2026-06-25 15:00,64,ok,
688217,star,64,2026-06-22 09:45,2026-06-25 15:00,64,ok,
688218,star,64,2026-06-22 09:45,2026-06-25 15:00,64,ok,
688219,star,64,2026-06-22 09:45,2026-06-25 15:00,64,ok,
688220,star,64,2026-06-22 09:45,2026-06-25 15:00,64,ok,
688221,star,64,2026-06-22 09:45,2026-06-25 15:00,64,ok,
688222,star,64,2026-06-22 09:45,2026-06-25 15:00,64,ok,
688223,star,64,2026-06-22 09:45,2026-06-25 15:00,64,ok,
688225,star,64,2026-06-22 09:45,2026-06-25 15:00,64,ok,
688226,star,64,2026-06-22 09:45,2026-06-25 15:00,64,ok,
688227,star,64,2026-06-22 09:45,2026-06-25 15:00,64,ok,
688228,star,64,2026-06-22 09:45,2026-06-25 15:00,64,ok,
688229,star,64,2026-06-22 09:45,2026-06-25 15:00,64,ok,
688230,star,64,2026-06-22 09:45,2026-06-25 15:00,64,ok,
688231,star,64,2026-06-22 09:45,2026-06-25 15:00,64,ok,
688232,star,64,2026-06-22 09:45,2026-06-25 15:00,64,ok,
688233,star,64,2026-06-22 09:45,2026-06-25 15:00,64,ok,
688234,star,64,2026-06-22 09:45,2026-06-25 15:00,64,ok,
688235,star,64,2026-06-22 09:45,2026-06-25 15:00,64,ok,
688236,star,64,2026-06-22 09:45,2026-06-25 15:00,64,ok,
688237,star,64,2026-06-22 09:45,2026-06-25 15:00,64,ok,
688238,star,64,2026-06-22 09:45,2026-06-25 15:00,64,ok,
688239,star,64,2026-06-22 09:45,2026-06-25 15:00,64,ok,
688244,star,64,2026-06-22 09:45,2026-06-25 15:00,64,ok,
688246,star,64,2026-06-22 09:45,2026-06-25 15:00,64,ok,
688247,star,64,2026-06-22 09:45,2026-06-25 15:00,64,ok,
688248,star,64,2026-06-22 09:45,2026-06-25 15:00,64,ok,
688249,star,64,2026-06-22 09:45,2026-06-25 15:00,64,ok,
688251,star,64,2026-06-22 09:45,2026-06-25 15:00,64,ok,
688252,star,64,2026-06-22 09:45,2026-06-25 15:00,64,ok,
688253,star,64,2026-06-22 09:45,2026-06-25 15:00,64,ok,
688255,star,64,2026-06-22 09:45,2026-06-25 15:00,64,ok,
688256,star,64,2026-06-22 09:45,2026-06-25 15:00,64,ok,
688257,star,64,2026-06-22 09:45,2026-06-25 15:00,64,ok,
688258,star,64,2026-06-22 09:45,2026-06-25 15:00,64,ok,
688259,star,64,2026-06-22 09:45,2026-06-25 15:00,64,ok,
688260,star,64,2026-06-22 09:45,2026-06-25 15:00,64,ok,
688261,star,64,2026-06-22 09:45,2026-06-25 15:00,64,ok,
688262,star,64,2026-06-22 09:45,2026-06-25 15:00,64,ok,
688265,star,64,2026-06-22 09:45,2026-06-25 15:00,64,ok,
688266,star,64,2026-06-22 09:45,2026-06-25 15:00,64,ok,
688267,star,64,2026-06-22 09:45,2026-06-25 15:00,64,ok,
688268,star,64,2026-06-22 09:45,2026-06-25 15:00,64,ok,
688269,star,64,2026-06-22 09:45,2026-06-25 15:00,64,ok,
688270,star,64,2026-06-22 09:45,2026-06-25 15:00,64,ok,
688271,star,64,2026-06-22 09:45,2026-06-25 15:00,64,ok,
688272,star,64,2026-06-22 09:45,2026-06-25 15:00,64,ok,
688273,star,64,2026-06-22 09:45,2026-06-25 15:00,64,ok,
688275,star,64,2026-06-22 09:45,2026-06-25 15:00,64,ok,
688276,star,64,2026-06-22 09:45,2026-06-25 15:00,64,ok,
688277,star,64,2026-06-22 09:45,2026-06-25 15:00,64,ok,
688278,star,64,2026-06-22 09:45,2026-06-25 15:00,64,ok,
688279,star,64,2026-06-22 09:45,2026-06-25 15:00,64,ok,
688280,star,64,2026-06-22 09:45,2026-06-25 15:00,64,ok,
688281,star,64,2026-06-22 09:45,2026-06-25 15:00,64,ok,
688282,star,64,2026-06-22 09:45,2026-06-25 15:00,64,ok,
688283,star,64,2026-06-22 09:45,2026-06-25 15:00,64,ok,
688285,star,64,2026-06-22 09:45,2026-06-25 15:00,64,ok,
688286,star,64,2026-06-22 09:45,2026-06-25 15:00,64,ok,
688288,star,64,2026-06-22 09:45,2026-06-25 15:00,64,ok,
688289,star,64,2026-06-22 09:45,2026-06-25 15:00,64,ok,
688290,star,64,2026-06-22 09:45,2026-06-25 15:00,64,ok,
688291,star,64,2026-06-22 09:45,2026-06-25 15:00,64,ok,
688292,star,64,2026-06-22 09:45,2026-06-25 15:00,64,ok,
688293,star,64,2026-06-22 09:45,2026-06-25 15:00,64,ok,
688295,star,64,2026-06-22 09:45,2026-06-25 15:00,64,ok,
688296,star,64,2026-06-22 09:45,2026-06-25 15:00,64,ok,
688297,star,64,2026-06-22 09:45,2026-06-25 15:00,64,ok,
688298,star,64,2026-06-22 09:45,2026-06-25 15:00,64,ok,
688299,star,64,2026-06-22 09:45,2026-06-25 15:00,64,ok,
688300,star,64,2026-06-22 09:45,2026-06-25 15:00,64,ok,
688301,star,64,2026-06-22 09:45,2026-06-25 15:00,64,ok,
688302,star,64,2026-06-22 09:45,2026-06-25 15:00,64,ok,
688303,star,64,2026-06-22 09:45,2026-06-25 15:00,64,ok,
688305,star,64,2026-06-22 09:45,2026-06-25 15:00,64,ok,
688306,star,64,2026-06-22 09:45,2026-06-25 15:00,64,ok,
688307,star,64,2026-06-22 09:45,2026-06-25 15:00,64,ok,
688308,star,64,2026-06-22 09:45,2026-06-25 15:00,64,ok,
688309,star,64,2026-06-22 09:45,2026-06-25 15:00,64,ok,
688310,star,64,2026-06-22 09:45,2026-06-25 15:00,64,ok,
688311,star,64,2026-06-22 09:45,2026-06-25 15:00,64,ok,
688312,star,64,2026-06-22 09:45,2026-06-25 15:00,64,ok,
688313,star,64,2026-06-22 09:45,2026-06-25 15:00,64,ok,
688314,star,64,2026-06-22 09:45,2026-06-25 15:00,64,ok,
688315,star,64,2026-06-22 09:45,2026-06-25 15:00,64,ok,
688316,star,64,2026-06-22 09:45,2026-06-25 15:00,64,ok,
688317,star,64,2026-06-22 09:45,2026-06-25 15:00,64,ok,
688318,star,64,2026-06-22 09:45,2026-06-25 15:00,64,ok,
688319,star,64,2026-06-22 09:45,2026-06-25 15:00,64,ok,
688320,star,64,2026-06-22 09:45,2026-06-25 15:00,64,ok,
688321,star,64,2026-06-22 09:45,2026-06-25 15:00,64,ok,
688322,star,64,2026-06-22 09:45,2026-06-25 15:00,64,ok,
688323,star,64,2026-06-22 09:45,2026-06-25 15:00,64,ok,
688325,star,64,2026-06-22 09:45,2026-06-25 15:00,64,ok,
688326,star,64,2026-06-22 09:45,2026-06-25 15:00,64,ok,
688327,star,64,2026-06-22 09:45,2026-06-25 15:00,64,ok,
688328,star,64,2026-06-22 09:45,2026-06-25 15:00,64,ok,
688329,star,64,2026-06-22 09:45,2026-06-25 15:00,64,ok,
688330,star,64,2026-06-22 09:45,2026-06-25 15:00,64,ok,
688331,star,64,2026-06-22 09:45,2026-06-25 15:00,64,ok,
688332,star,64,2026-06-22 09:45,2026-06-25 15:00,64,ok,
688333,star,64,2026-06-22 09:45,2026-06-25 15:00,64,ok,
688334,star,64,2026-06-22 09:45,2026-06-25 15:00,64,ok,
688335,star,64,2026-06-22 09:45,2026-06-25 15:00,64,ok,
688336,star,64,2026-06-22 09:45,2026-06-25 15:00,64,ok,
688337,star,64,2026-06-22 09:45,2026-06-25 15:00,64,ok,
688338,star,64,2026-06-22 09:45,2026-06-25 15:00,64,ok,
688339,star,64,2026-06-22 09:45,2026-06-25 15:00,64,ok,
688343,star,64,2026-06-22 09:45,2026-06-25 15:00,64,ok,
688345,star,64,2026-06-22 09:45,2026-06-25 15:00,64,ok,
688347,star,64,2026-06-22 09:45,2026-06-25 15:00,64,ok,
688348,star,64,2026-06-22 09:45,2026-06-25 15:00,64,ok,
688349,star,64,2026-06-22 09:45,2026-06-25 15:00,64,ok,
688350,star,64,2026-06-22 09:45,2026-06-25 15:00,64,ok,
688351,star,64,2026-06-22 09:45,2026-06-25 15:00,64,ok,
688352,star,64,2026-06-22 09:45,2026-06-25 15:00,64,ok,
688353,star,64,2026-06-22 09:45,2026-06-25 15:00,64,ok,
688355,star,64,2026-06-22 09:45,2026-06-25 15:00,64,ok,
688356,star,64,2026-06-22 09:45,2026-06-25 15:00,64,ok,
688357,star,64,2026-06-22 09:45,2026-06-25 15:00,64,ok,
688358,star,64,2026-06-22 09:45,2026-06-25 15:00,64,ok,
688359,star,64,2026-06-22 09:45,2026-06-25 15:00,64,ok,
688360,star,64,2026-06-22 09:45,2026-06-25 15:00,64,ok,
688361,star,64,2026-06-22 09:45,2026-06-25 15:00,64,ok,
688362,star,64,2026-06-22 09:45,2026-06-25 15:00,64,ok,
688363,star,64,2026-06-22 09:45,2026-06-25 15:00,64,ok,
688365,star,64,2026-06-22 09:45,2026-06-25 15:00,64,ok,
688366,star,64,2026-06-22 09:45,2026-06-25 15:00,64,ok,
688367,star,64,2026-06-22 09:45,2026-06-25 15:00,64,ok,
688368,star,64,2026-06-22 09:45,2026-06-25 15:00,64,ok,
688369,star,64,2026-06-22 09:45,2026-06-25 15:00,64,ok,
688370,star,64,2026-06-22 09:45,2026-06-25 15:00,64,ok,
688371,star,64,2026-06-22 09:45,2026-06-25 15:00,64,ok,
688372,star,64,2026-06-22 09:45,2026-06-25 15:00,64,ok,
688373,star,64,2026-06-22 09:45,2026-06-25 15:00,64,ok,
688375,star,64,2026-06-22 09:45,2026-06-25 15:00,64,ok,
688376,star,64,2026-06-22 09:45,2026-06-25 15:00,64,ok,
688377,star,64,2026-06-22 09:45,2026-06-25 15:00,64,ok,
688378,star,64,2026-06-22 09:45,2026-06-25 15:00,64,ok,
688379,star,64,2026-06-22 09:45,2026-06-25 15:00,64,ok,
688380,star,64,2026-06-22 09:45,2026-06-25 15:00,64,ok,
688381,star,64,2026-06-22 09:45,2026-06-25 15:00,64,ok,
688382,star,64,2026-06-22 09:45,2026-06-25 15:00,64,ok,
688383,star,64,2026-06-22 09:45,2026-06-25 15:00,64,ok,
688385,star,64,2026-06-22 09:45,2026-06-25 15:00,64,ok,
688386,star,64,2026-06-22 09:45,2026-06-25 15:00,64,ok,
688387,star,64,2026-06-22 09:45,2026-06-25 15:00,64,ok,
688388,star,64,2026-06-22 09:45,2026-06-25 15:00,64,ok,
688389,star,64,2026-06-22 09:45,2026-06-25 15:00,64,ok,
688390,star,64,2026-06-22 09:45,2026-06-25 15:00,64,ok,
688391,star,64,2026-06-22 09:45,2026-06-25 15:00,64,ok,
688392,star,64,2026-06-22 09:45,2026-06-25 15:00,64,ok,
688393,star,64,2026-06-22 09:45,2026-06-25 15:00,64,ok,
688395,star,64,2026-06-22 09:45,2026-06-25 15:00,64,ok,
688396,star,64,2026-06-22 09:45,2026-06-25 15:00,64,ok,
688398,star,64,2026-06-22 09:45,2026-06-25 15:00,64,ok,
688399,star,64,2026-06-22 09:45,2026-06-25 15:00,64,ok,
688400,star,64,2026-06-22 09:45,2026-06-25 15:00,64,ok,
688401,star,64,2026-06-22 09:45,2026-06-25 15:00,64,ok,
688403,star,64,2026-06-22 09:45,2026-06-25 15:00,64,ok,
688408,star,64,2026-06-22 09:45,2026-06-25 15:00,64,ok,
688409,star,64,2026-06-22 09:45,2026-06-25 15:00,64,ok,
688410,star,64,2026-06-22 09:45,2026-06-25 15:00,64,ok,
688411,star,64,2026-06-22 09:45,2026-06-25 15:00,64,ok,
688416,star,64,2026-06-22 09:45,2026-06-25 15:00,64,ok,
688418,star,64,2026-06-22 09:45,2026-06-25 15:00,64,ok,
688419,star,64,2026-06-22 09:45,2026-06-25 15:00,64,ok,
688420,star,64,2026-06-22 09:45,2026-06-25 15:00,64,ok,
688425,star,64,2026-06-22 09:45,2026-06-25 15:00,64,ok,
688426,star,64,2026-06-22 09:45,2026-06-25 15:00,64,ok,
688428,star,64,2026-06-22 09:45,2026-06-25 15:00,64,ok,
688429,star,64,2026-06-22 09:45,2026-06-25 15:00,64,ok,
688432,star,64,2026-06-22 09:45,2026-06-25 15:00,64,ok,
688433,star,64,2026-06-22 09:45,2026-06-25 15:00,64,ok,
688435,star,64,2026-06-22 09:45,2026-06-25 15:00,64,ok,
688439,star,64,2026-06-22 09:45,2026-06-25 15:00,64,ok,
688443,star,64,2026-06-22 09:45,2026-06-25 15:00,64,ok,
688448,star,64,2026-06-22 09:45,2026-06-25 15:00,64,ok,
688449,star,64,2026-06-22 09:45,2026-06-25 15:00,64,ok,
688450,star,64,2026-06-22 09:45,2026-06-25 15:00,64,ok,
688455,star,64,2026-06-22 09:45,2026-06-25 15:00,64,ok,
688456,star,64,2026-06-22 09:45,2026-06-25 15:00,64,ok,
688458,star,64,2026-06-22 09:45,2026-06-25 15:00,64,ok,
688459,star,64,2026-06-22 09:45,2026-06-25 15:00,64,ok,
688466,star,64,2026-06-22 09:45,2026-06-25 15:00,64,ok,
688468,star,64,2026-06-22 09:45,2026-06-25 15:00,64,ok,
688469,star,64,2026-06-22 09:45,2026-06-25 15:00,64,ok,
688472,star,64,2026-06-22 09:45,2026-06-25 15:00,64,ok,
688475,star,64,2026-06-22 09:45,2026-06-25 15:00,64,ok,
688478,star,64,2026-06-22 09:45,2026-06-25 15:00,64,ok,
688479,star,64,2026-06-22 09:45,2026-06-25 15:00,64,ok,
688480,star,64,2026-06-22 09:45,2026-06-25 15:00,64,ok,
688484,star,64,2026-06-22 09:45,2026-06-25 15:00,64,ok,
688485,star,64,2026-06-22 09:45,2026-06-25 15:00,64,ok,
688486,star,64,2026-06-22 09:45,2026-06-25 15:00,64,ok,
688488,star,64,2026-06-22 09:45,2026-06-25 15:00,64,ok,
688489,star,64,2026-06-22 09:45,2026-06-25 15:00,64,ok,
688496,star,63,2026-06-22 09:45,2026-06-25 15:00,63,ok,15m bar数异常: 2026-06-22 count=15 (期望16)
688498,star,64,2026-06-22 09:45,2026-06-25 15:00,64,ok,
688499,star,64,2026-06-22 09:45,2026-06-25 15:00,64,ok,
688500,star,64,2026-06-22 09:45,2026-06-25 15:00,64,ok,
688501,star,64,2026-06-22 09:45,2026-06-25 15:00,64,ok,
688502,star,64,2026-06-22 09:45,2026-06-25 15:00,64,ok,
688503,star,64,2026-06-22 09:45,2026-06-25 15:00,64,ok,
688505,star,64,2026-06-22 09:45,2026-06-25 15:00,64,ok,
688506,star,64,2026-06-22 09:45,2026-06-25 15:00,64,ok,
688507,star,64,2026-06-22 09:45,2026-06-25 15:00,64,ok,
688508,star,64,2026-06-22 09:45,2026-06-25 15:00,64,ok,
688509,star,64,2026-06-22 09:45,2026-06-25 15:00,64,ok,
688510,star,64,2026-06-22 09:45,2026-06-25 15:00,64,ok,
688511,star,64,2026-06-22 09:45,2026-06-25 15:00,64,ok,
688512,star,64,2026-06-22 09:45,2026-06-25 15:00,64,ok,
688513,star,64,2026-06-22 09:45,2026-06-25 15:00,64,ok,
688515,star,64,2026-06-22 09:45,2026-06-25 15:00,64,ok,
688516,star,64,2026-06-22 09:45,2026-06-25 15:00,64,ok,
688517,star,64,2026-06-22 09:45,2026-06-25 15:00,64,ok,
688518,star,64,2026-06-22 09:45,2026-06-25 15:00,64,ok,
688519,star,64,2026-06-22 09:45,2026-06-25 15:00,64,ok,
688520,star,64,2026-06-22 09:45,2026-06-25 15:00,64,ok,
688521,star,64,2026-06-22 09:45,2026-06-25 15:00,64,ok,
688522,star,64,2026-06-22 09:45,2026-06-25 15:00,64,ok,
688523,star,64,2026-06-22 09:45,2026-06-25 15:00,64,ok,
688525,star,64,2026-06-22 09:45,2026-06-25 15:00,64,ok,
688526,star,64,2026-06-22 09:45,2026-06-25 15:00,64,ok,
688528,star,64,2026-06-22 09:45,2026-06-25 15:00,64,ok,
688529,star,64,2026-06-22 09:45,2026-06-25 15:00,64,ok,
688530,star,64,2026-06-22 09:45,2026-06-25 15:00,64,ok,
688531,star,64,2026-06-22 09:45,2026-06-25 15:00,64,ok,
688533,star,64,2026-06-22 09:45,2026-06-25 15:00,64,ok,
688535,star,64,2026-06-22 09:45,2026-06-25 15:00,64,ok,
688536,star,64,2026-06-22 09:45,2026-06-25 15:00,64,ok,
688538,star,64,2026-06-22 09:45,2026-06-25 15:00,64,ok,
688539,star,64,2026-06-22 09:45,2026-06-25 15:00,64,ok,
688543,star,64,2026-06-22 09:45,2026-06-25 15:00,64,ok,
688545,star,64,2026-06-22 09:45,2026-06-25 15:00,64,ok,
688548,star,64,2026-06-22 09:45,2026-06-25 15:00,64,ok,
688549,star,64,2026-06-22 09:45,2026-06-25 15:00,64,ok,
688550,star,64,2026-06-22 09:45,2026-06-25 15:00,64,ok,
688551,star,64,2026-06-22 09:45,2026-06-25 15:00,64,ok,
688552,star,64,2026-06-22 09:45,2026-06-25 15:00,64,ok,
688553,star,64,2026-06-22 09:45,2026-06-25 15:00,64,ok,
688556,star,64,2026-06-22 09:45,2026-06-25 15:00,64,ok,
688557,star,64,2026-06-22 09:45,2026-06-25 15:00,64,ok,
688558,star,64,2026-06-22 09:45,2026-06-25 15:00,64,ok,
688559,star,64,2026-06-22 09:45,2026-06-25 15:00,64,ok,
688560,star,64,2026-06-22 09:45,2026-06-25 15:00,64,ok,
688561,star,64,2026-06-22 09:45,2026-06-25 15:00,64,ok,
688562,star,64,2026-06-22 09:45,2026-06-25 15:00,64,ok,
688563,star,64,2026-06-22 09:45,2026-06-25 15:00,64,ok,
688565,star,64,2026-06-22 09:45,2026-06-25 15:00,64,ok,
688566,star,64,2026-06-22 09:45,2026-06-25 15:00,64,ok,
688567,star,64,2026-06-22 09:45,2026-06-25 15:00,64,ok,
688568,star,64,2026-06-22 09:45,2026-06-25 15:00,64,ok,
688569,star,64,2026-06-22 09:45,2026-06-25 15:00,64,ok,
688570,star,64,2026-06-22 09:45,2026-06-25 15:00,64,ok,
688571,star,64,2026-06-22 09:45,2026-06-25 15:00,64,ok,
688573,star,64,2026-06-22 09:45,2026-06-25 15:00,64,ok,
688575,star,64,2026-06-22 09:45,2026-06-25 15:00,64,ok,
688576,star,64,2026-06-22 09:45,2026-06-25 15:00,64,ok,
688577,star,64,2026-06-22 09:45,2026-06-25 15:00,64,ok,
688578,star,64,2026-06-22 09:45,2026-06-25 15:00,64,ok,
688579,star,64,2026-06-22 09:45,2026-06-25 15:00,64,ok,
688580,star,64,2026-06-22 09:45,2026-06-25 15:00,64,ok,
688581,star,64,2026-06-22 09:45,2026-06-25 15:00,64,ok,
688582,star,64,2026-06-22 09:45,2026-06-25 15:00,64,ok,
688583,star,64,2026-06-22 09:45,2026-06-25 15:00,64,ok,
688584,star,64,2026-06-22 09:45,2026-06-25 15:00,64,ok,
688585,star,64,2026-06-22 09:45,2026-06-25 15:00,64,ok,
688586,star,64,2026-06-22 09:45,2026-06-25 15:00,64,ok,
688588,star,64,2026-06-22 09:45,2026-06-25 15:00,64,ok,
688589,star,64,2026-06-22 09:45,2026-06-25 15:00,64,ok,
688590,star,64,2026-06-22 09:45,2026-06-25 15:00,64,ok,
688591,star,64,2026-06-22 09:45,2026-06-25 15:00,64,ok,
688592,star,64,2026-06-22 09:45,2026-06-25 15:00,64,ok,
688593,star,64,2026-06-22 09:45,2026-06-25 15:00,64,ok,
688595,star,64,2026-06-22 09:45,2026-06-25 15:00,64,ok,
688596,star,64,2026-06-22 09:45,2026-06-25 15:00,64,ok,
688597,star,64,2026-06-22 09:45,2026-06-25 15:00,64,ok,
688598,star,64,2026-06-22 09:45,2026-06-25 15:00,64,ok,
688599,star,64,2026-06-22 09:45,2026-06-25 15:00,64,ok,
688600,star,64,2026-06-22 09:45,2026-06-25 15:00,64,ok,
688601,star,64,2026-06-22 09:45,2026-06-25 15:00,64,ok,
688602,star,64,2026-06-22 09:45,2026-06-25 15:00,64,ok,
688603,star,64,2026-06-22 09:45,2026-06-25 15:00,64,ok,
688605,star,64,2026-06-22 09:45,2026-06-25 15:00,64,ok,
688606,star,64,2026-06-22 09:45,2026-06-25 15:00,64,ok,
688607,star,64,2026-06-22 09:45,2026-06-25 15:00,64,ok,
688608,star,64,2026-06-22 09:45,2026-06-25 15:00,64,ok,
688609,star,64,2026-06-22 09:45,2026-06-25 15:00,64,ok,
688610,star,64,2026-06-22 09:45,2026-06-25 15:00,64,ok,
688611,star,64,2026-06-22 09:45,2026-06-25 15:00,64,ok,
688612,star,64,2026-06-22 09:45,2026-06-25 15:00,64,ok,
688613,star,64,2026-06-22 09:45,2026-06-25 15:00,64,ok,
688615,star,64,2026-06-22 09:45,2026-06-25 15:00,64,ok,
688616,star,64,2026-06-22 09:45,2026-06-25 15:00,64,ok,
688617,star,64,2026-06-22 09:45,2026-06-25 15:00,64,ok,
688618,star,64,2026-06-22 09:45,2026-06-25 15:00,64,ok,
688619,star,64,2026-06-22 09:45,2026-06-25 15:00,64,ok,
688620,star,64,2026-06-22 09:45,2026-06-25 15:00,64,ok,
688621,star,64,2026-06-22 09:45,2026-06-25 15:00,64,ok,
688622,star,64,2026-06-22 09:45,2026-06-25 15:00,64,ok,
688623,star,64,2026-06-22 09:45,2026-06-25 15:00,64,ok,
688688,star,0,,,0,no_data,无数据
688689,star,0,,,0,no_data,无数据
688625,star,64,2026-06-22 09:45,2026-06-25 15:00,64,ok,
688626,star,64,2026-06-22 09:45,2026-06-25 15:00,64,ok,
688627,star,64,2026-06-22 09:45,2026-06-25 15:00,64,ok,
688628,star,64,2026-06-22 09:45,2026-06-25 15:00,64,ok,
688629,star,64,2026-06-22 09:45,2026-06-25 15:00,64,ok,
688630,star,64,2026-06-22 09:45,2026-06-25 15:00,64,ok,
688631,star,64,2026-06-22 09:45,2026-06-25 15:00,64,ok,
688633,star,64,2026-06-22 09:45,2026-06-25 15:00,64,ok,
688635,star,64,2026-06-22 09:45,2026-06-25 15:00,64,ok,
688636,star,64,2026-06-22 09:45,2026-06-25 15:00,64,ok,
688638,star,64,2026-06-22 09:45,2026-06-25 15:00,64,ok,
688639,star,64,2026-06-22 09:45,2026-06-25 15:00,64,ok,
688646,star,64,2026-06-22 09:45,2026-06-25 15:00,64,ok,
688648,star,64,2026-06-22 09:45,2026-06-25 15:00,64,ok,
688651,star,64,2026-06-22 09:45,2026-06-25 15:00,64,ok,
688652,star,64,2026-06-22 09:45,2026-06-25 15:00,64,ok,
688653,star,64,2026-06-22 09:45,2026-06-25 15:00,64,ok,
688655,star,64,2026-06-22 09:45,2026-06-25 15:00,64,ok,
688656,star,64,2026-06-22 09:45,2026-06-25 15:00,64,ok,
688657,star,64,2026-06-22 09:45,2026-06-25 15:00,64,ok,
688658,star,64,2026-06-22 09:45,2026-06-25 15:00,64,ok,
688659,star,64,2026-06-22 09:45,2026-06-25 15:00,64,ok,
688660,star,64,2026-06-22 09:45,2026-06-25 15:00,64,ok,
688661,star,64,2026-06-22 09:45,2026-06-25 15:00,64,ok,
688662,star,64,2026-06-22 09:45,2026-06-25 15:00,64,ok,
688663,star,64,2026-06-22 09:45,2026-06-25 15:00,64,ok,
688665,star,64,2026-06-22 09:45,2026-06-25 15:00,64,ok,
688667,star,64,2026-06-22 09:45,2026-06-25 15:00,64,ok,
688668,star,64,2026-06-22 09:45,2026-06-25 15:00,64,ok,
688669,star,64,2026-06-22 09:45,2026-06-25 15:00,64,ok,
688670,star,64,2026-06-22 09:45,2026-06-25 15:00,64,ok,
688671,star,64,2026-06-22 09:45,2026-06-25 15:00,64,ok,
688676,star,64,2026-06-22 09:45,2026-06-25 15:00,64,ok,
688677,star,64,2026-06-22 09:45,2026-06-25 15:00,64,ok,
688678,star,64,2026-06-22 09:45,2026-06-25 15:00,64,ok,
688679,star,64,2026-06-22 09:45,2026-06-25 15:00,64,ok,
688680,star,64,2026-06-22 09:45,2026-06-25 15:00,64,ok,
688681,star,64,2026-06-22 09:45,2026-06-25 15:00,64,ok,
688682,star,64,2026-06-22 09:45,2026-06-25 15:00,64,ok,
688683,star,64,2026-06-22 09:45,2026-06-25 15:00,64,ok,
688685,star,64,2026-06-22 09:45,2026-06-25 15:00,64,ok,
688686,star,64,2026-06-22 09:45,2026-06-25 15:00,64,ok,
688687,star,64,2026-06-22 09:45,2026-06-25 15:00,64,ok,
688690,star,64,2026-06-22 09:45,2026-06-25 15:00,64,ok,
688691,star,64,2026-06-22 09:45,2026-06-25 15:00,64,ok,
688692,star,64,2026-06-22 09:45,2026-06-25 15:00,64,ok,
688693,star,64,2026-06-22 09:45,2026-06-25 15:00,64,ok,
688695,star,64,2026-06-22 09:45,2026-06-25 15:00,64,ok,
688696,star,64,2026-06-22 09:45,2026-06-25 15:00,64,ok,
688697,star,64,2026-06-22 09:45,2026-06-25 15:00,64,ok,
688698,star,64,2026-06-22 09:45,2026-06-25 15:00,64,ok,
688699,star,64,2026-06-22 09:45,2026-06-25 15:00,64,ok,
688700,star,64,2026-06-22 09:45,2026-06-25 15:00,64,ok,
688701,star,64,2026-06-22 09:45,2026-06-25 15:00,64,ok,
688702,star,64,2026-06-22 09:45,2026-06-25 15:00,64,ok,
688707,star,64,2026-06-22 09:45,2026-06-25 15:00,64,ok,
688708,star,64,2026-06-22 09:45,2026-06-25 15:00,64,ok,
688709,star,64,2026-06-22 09:45,2026-06-25 15:00,64,ok,
688710,star,64,2026-06-22 09:45,2026-06-25 15:00,64,ok,
688711,star,64,2026-06-22 09:45,2026-06-25 15:00,64,ok,
688712,star,64,2026-06-22 09:45,2026-06-25 15:00,64,ok,
688716,star,64,2026-06-22 09:45,2026-06-25 15:00,64,ok,
688717,star,64,2026-06-22 09:45,2026-06-25 15:00,64,ok,
688718,star,64,2026-06-22 09:45,2026-06-25 15:00,64,ok,
688719,star,64,2026-06-22 09:45,2026-06-25 15:00,64,ok,
688720,star,64,2026-06-22 09:45,2026-06-25 15:00,64,ok,
688721,star,64,2026-06-22 09:45,2026-06-25 15:00,64,ok,
688722,star,64,2026-06-22 09:45,2026-06-25 15:00,64,ok,
688726,star,64,2026-06-22 09:45,2026-06-25 15:00,64,ok,
688727,star,64,2026-06-22 09:45,2026-06-25 15:00,64,ok,
688728,star,64,2026-06-22 09:45,2026-06-25 15:00,64,ok,
688729,star,64,2026-06-22 09:45,2026-06-25 15:00,64,ok,
688733,star,64,2026-06-22 09:45,2026-06-25 15:00,64,ok,
688737,star,64,2026-06-22 09:45,2026-06-25 15:00,64,ok,
688739,star,64,2026-06-22 09:45,2026-06-25 15:00,64,ok,
688750,star,64,2026-06-22 09:45,2026-06-25 15:00,64,ok,
688755,star,64,2026-06-22 09:45,2026-06-25 15:00,64,ok,
688757,star,64,2026-06-22 09:45,2026-06-25 15:00,64,ok,
688758,star,64,2026-06-22 09:45,2026-06-25 15:00,64,ok,
688759,star,64,2026-06-22 09:45,2026-06-25 15:00,64,ok,
688765,star,64,2026-06-22 09:45,2026-06-25 15:00,64,ok,
688766,star,64,2026-06-22 09:45,2026-06-25 15:00,64,ok,
688767,star,64,2026-06-22 09:45,2026-06-25 15:00,64,ok,
688768,star,64,2026-06-22 09:45,2026-06-25 15:00,64,ok,
688772,star,64,2026-06-22 09:45,2026-06-25 15:00,64,ok,
688775,star,64,2026-06-22 09:45,2026-06-25 15:00,64,ok,
688776,star,64,2026-06-22 09:45,2026-06-25 15:00,64,ok,
688777,star,64,2026-06-22 09:45,2026-06-25 15:00,64,ok,
688778,star,64,2026-06-22 09:45,2026-06-25 15:00,64,ok,
688779,star,64,2026-06-22 09:45,2026-06-25 15:00,64,ok,
688781,star,64,2026-06-22 09:45,2026-06-25 15:00,64,ok,
688783,star,64,2026-06-22 09:45,2026-06-25 15:00,64,ok,
688785,star,64,2026-06-22 09:45,2026-06-25 15:00,64,ok,
688786,star,64,2026-06-22 09:45,2026-06-25 15:00,64,ok,
688787,star,64,2026-06-22 09:45,2026-06-25 15:00,64,ok,
688788,star,64,2026-06-22 09:45,2026-06-25 15:00,64,ok,
688789,star,64,2026-06-22 09:45,2026-06-25 15:00,64,ok,
688790,star,64,2026-06-22 09:45,2026-06-25 15:00,64,ok,
688793,star,64,2026-06-22 09:45,2026-06-25 15:00,64,ok,
688795,star,64,2026-06-22 09:45,2026-06-25 15:00,64,ok,
688796,star,64,2026-06-22 09:45,2026-06-25 15:00,64,ok,
688797,star,32,2026-06-24 09:45,2026-06-25 15:00,32,ok,
688798,star,64,2026-06-22 09:45,2026-06-25 15:00,64,ok,
688799,star,64,2026-06-22 09:45,2026-06-25 15:00,64,ok,
688800,star,64,2026-06-22 09:45,2026-06-25 15:00,64,ok,
688802,star,64,2026-06-22 09:45,2026-06-25 15:00,64,ok,
688805,star,64,2026-06-22 09:45,2026-06-25 15:00,64,ok,
688807,star,64,2026-06-22 09:45,2026-06-25 15:00,64,ok,
688808,star,64,2026-06-22 09:45,2026-06-25 15:00,64,ok,
688809,star,64,2026-06-22 09:45,2026-06-25 15:00,64,ok,
688811,star,64,2026-06-22 09:45,2026-06-25 15:00,64,ok,
688813,star,64,2026-06-22 09:45,2026-06-25 15:00,64,ok,
688816,star,64,2026-06-22 09:45,2026-06-25 15:00,64,ok,
688818,star,64,2026-06-22 09:45,2026-06-25 15:00,64,ok,
688819,star,64,2026-06-22 09:45,2026-06-25 15:00,64,ok,
688820,star,64,2026-06-22 09:45,2026-06-25 15:00,64,ok,
688981,star,64,2026-06-22 09:45,2026-06-25 15:00,64,ok,
