code,name,source_a_count,source_b_count,merged_count,fix_from,price_mismatch,quality_issues
000090,天健集团,0,24,24,BaoStock(单源),0,0
000096,广聚能源,0,24,24,BaoStock(单源),0,0
000099,中信海直,0,24,24,BaoStock(单源),0,0
000100,TCL科技,0,24,24,BaoStock(单源),0,0
000151,中成股份,0,24,24,BaoStock(单源),0,0
000153,丰原药业,0,24,24,BaoStock(单源),0,0
000155,川能动力,0,24,24,BaoStock(单源),0,0
000156,华数传媒,0,24,24,BaoStock(单源),0,0
000157,中联重科,0,24,24,BaoStock(单源),0,0
000158,常山北明,0,24,24,BaoStock(单源),0,0
000159,国际实业,0,24,24,BaoStock(单源),0,0
000166,申万宏源,0,24,24,BaoStock(单源),0,0
000301,东方盛虹,0,24,24,BaoStock(单源),0,0
000333,美的集团,0,24,24,BaoStock(单源),0,0
000338,潍柴动力,0,24,24,BaoStock(单源),0,0
000400,许继电气,0,24,24,BaoStock(单源),0,0
000401,金隅冀东,0,24,24,BaoStock(单源),0,0
000402,金 融 街,0,24,24,BaoStock(单源),0,0
000403,派林生物,0,24,24,BaoStock(单源),0,0
000404,长虹华意,0,24,24,BaoStock(单源),0,0
000407,胜利股份,0,24,24,BaoStock(单源),0,0
000408,藏格矿业,0,24,24,BaoStock(单源),0,0
000409,云鼎科技,0,24,24,BaoStock(单源),0,0
000410,沈阳机床,0,24,24,BaoStock(单源),0,0
000411,英特集团,0,24,24,BaoStock(单源),0,0
000415,渤海租赁,0,24,24,BaoStock(单源),0,0
000417,合百集团,0,24,24,BaoStock(单源),0,0
000419,通程控股,0,24,24,BaoStock(单源),0,0
000420,吉林化纤,0,24,24,BaoStock(单源),0,0
000421,南京公用,0,24,24,BaoStock(单源),0,0
000422,湖北宜化,0,24,24,BaoStock(单源),0,0
000423,东阿阿胶,0,24,24,BaoStock(单源),0,0
000425,徐工机械,0,24,24,BaoStock(单源),0,0
000426,兴业银锡,0,24,24,BaoStock(单源),0,0
000428,华天酒店,0,24,24,BaoStock(单源),0,0
000429,粤高速Ａ,0,24,24,BaoStock(单源),0,0
000430,ST张家界,0,24,24,BaoStock(单源),0,0
000488,ST晨鸣,0,24,24,BaoStock(单源),0,0
000498,山东路桥,0,24,24,BaoStock(单源),0,0
000501,武商集团,0,24,24,BaoStock(单源),0,0
000503,国新健康,0,24,24,BaoStock(单源),0,0
000504,*ST生物,0,24,24,BaoStock(单源),0,0
000505,京粮控股,0,24,24,BaoStock(单源),0,0
000506,招金黄金,0,24,24,BaoStock(单源),0,0
000507,珠海港,0,24,24,BaoStock(单源),0,0
000509,华塑控股,0,24,24,BaoStock(单源),0,0
000510,新金路,0,24,24,BaoStock(单源),0,0
000513,丽珠集团,0,24,24,BaoStock(单源),0,0
000514,渝 开 发,0,24,24,BaoStock(单源),0,0
000516,国际医学,0,24,24,BaoStock(单源),0,0
000582,北部湾港,0,24,24,BaoStock(单源),0,0
000586,汇源通信,0,24,24,BaoStock(单源),0,0
000589,贵州轮胎,0,24,24,BaoStock(单源),0,0
000590,古汉医药,0,24,24,BaoStock(单源),0,0
000591,太阳能,0,24,24,BaoStock(单源),0,0
000592,平潭发展,0,24,24,BaoStock(单源),0,0
000593,德龙汇能,0,24,24,BaoStock(单源),0,0
000595,*ST宝实,0,24,24,BaoStock(单源),0,0
000596,古井贡酒,0,24,24,BaoStock(单源),0,0
000597,东北制药,0,24,24,BaoStock(单源),0,0
000598,兴蓉环境,0,24,24,BaoStock(单源),0,0
000599,青岛双星,0,24,24,BaoStock(单源),0,0
000600,建投能源,0,24,24,BaoStock(单源),0,0
000601,韶能股份,0,24,24,BaoStock(单源),0,0
000603,盛达资源,0,24,24,BaoStock(单源),0,0
000605,渤海股份,0,24,24,BaoStock(单源),0,0
000607,华媒控股,0,24,24,BaoStock(单源),0,0
000608,*ST阳光,0,24,24,BaoStock(单源),0,0
000609,*ST中迪,0,24,24,BaoStock(单源),0,0
000610,*ST西旅,0,24,24,BaoStock(单源),0,0
000612,焦作万方,0,24,24,BaoStock(单源),0,0
000615,*ST美谷,0,24,24,BaoStock(单源),0,0
000617,中油资本,0,24,24,BaoStock(单源),0,0
000619,海螺新材,0,24,24,BaoStock(单源),0,0
000620,盈新发展,0,24,24,BaoStock(单源),0,0
000623,吉林敖东,0,24,24,BaoStock(单源),0,0
000625,长安汽车,0,24,24,BaoStock(单源),0,0
000626,远大控股,0,24,24,BaoStock(单源),0,0
000628,高新发展,0,24,24,BaoStock(单源),0,0
000629,钒钛股份,0,24,24,BaoStock(单源),0,0
000630,铜陵有色,0,24,24,BaoStock(单源),0,0
000631,顺发恒能,0,24,24,BaoStock(单源),0,0
000632,ST三木,0,24,24,BaoStock(单源),0,0
000633,合金投资,0,24,24,BaoStock(单源),0,0
000635,英 力 特,0,24,24,BaoStock(单源),0,0
000636,风华高科,0,24,24,BaoStock(单源),0,0
000637,茂化实华,0,24,24,BaoStock(单源),0,0
000638,*ST万方,0,24,24,BaoStock(单源),0,0
000639,ST西王,0,24,24,BaoStock(单源),0,0
000650,仁和药业,0,24,24,BaoStock(单源),0,0
000651,格力电器,0,24,24,BaoStock(单源),0,0
000652,泰达股份,0,24,24,BaoStock(单源),0,0
000655,金岭矿业,0,24,24,BaoStock(单源),0,0
000656,*ST金科,0,24,24,BaoStock(单源),0,0
000657,中钨高新,0,24,24,BaoStock(单源),0,0
000659,珠海中富,0,24,24,BaoStock(单源),0,0
000661,长春高新,0,24,24,BaoStock(单源),0,0
000663,永安林业,0,24,24,BaoStock(单源),0,0
000665,湖北广电,0,24,24,BaoStock(单源),0,0
000668,*ST荣控,0,24,24,BaoStock(单源),0,0
000001,平安银行,0,24,24,BaoStock(单源),0,0
000002,万  科Ａ,0,24,24,BaoStock(单源),0,0
000004,*ST国华,0,24,24,BaoStock(单源),0,0
000006,深振业Ａ,0,24,24,BaoStock(单源),0,0
000007,全新好,0,24,24,BaoStock(单源),0,0
000008,神州高铁,0,24,24,BaoStock(单源),0,0
000009,中国宝安,0,24,24,BaoStock(单源),0,0
000010,*ST美丽,0,24,24,BaoStock(单源),0,0
000011,深物业A,0,24,24,BaoStock(单源),0,0
000012,南  玻Ａ,0,24,24,BaoStock(单源),0,0
000014,沙河股份,0,24,24,BaoStock(单源),0,0
000016,*ST康佳A,0,24,24,BaoStock(单源),0,0
000017,深中华A,0,24,24,BaoStock(单源),0,0
000019,深粮控股,0,24,24,BaoStock(单源),0,0
000020,深华发Ａ,0,24,24,BaoStock(单源),0,0
000021,深科技,0,24,24,BaoStock(单源),0,0
000025,特  力Ａ,0,24,24,BaoStock(单源),0,0
000026,飞亚达,0,24,24,BaoStock(单源),0,0
000027,深圳能源,0,24,24,BaoStock(单源),0,0
000028,国药一致,0,24,24,BaoStock(单源),0,0
000029,深深房Ａ,0,24,24,BaoStock(单源),0,0
000030,富奥股份,0,24,24,BaoStock(单源),0,0
000031,大悦城,0,24,24,BaoStock(单源),0,0
000032,深桑达Ａ,0,24,24,BaoStock(单源),0,0
000034,神州数码,0,24,24,BaoStock(单源),0,0
000035,中国天楹,0,24,24,BaoStock(单源),0,0
000036,华联控股,0,24,24,BaoStock(单源),0,0
000037,深南电A,0,24,24,BaoStock(单源),0,0
000039,中集集团,0,24,24,BaoStock(单源),0,0
000042,中洲控股,0,24,24,BaoStock(单源),0,0
000045,深纺织Ａ,0,24,24,BaoStock(单源),0,0
000048,京基智农,0,24,24,BaoStock(单源),0,0
000049,德赛电池,0,24,24,BaoStock(单源),0,0
000050,深天马Ａ,0,0,0,BaoStock(单源),0,0
000055,方大集团,0,24,24,BaoStock(单源),0,0
000056,*ST皇庭,0,24,24,BaoStock(单源),0,0
000058,深 赛 格,0,24,24,BaoStock(单源),0,0
000059,华锦股份,0,24,24,BaoStock(单源),0,0
000060,中金岭南,0,24,24,BaoStock(单源),0,0
000061,农 产 品,0,24,24,BaoStock(单源),0,0
000062,深圳华强,0,0,0,BaoStock(单源),0,0
000063,中兴通讯,0,0,0,BaoStock(单源),0,0
000065,北方国际,0,24,24,BaoStock(单源),0,0
000066,中国长城,0,24,24,BaoStock(单源),0,0
000068,华控赛格,0,24,24,BaoStock(单源),0,0
000069,华侨城Ａ,0,24,24,BaoStock(单源),0,0
000070,特发信息,0,24,24,BaoStock(单源),0,0
000078,ST海王,0,24,24,BaoStock(单源),0,0
000088,盐 田 港,0,24,24,BaoStock(单源),0,0
000089,深圳机场,0,24,24,BaoStock(单源),0,0
000517,荣安地产,0,24,24,BaoStock(单源),0,0
000518,*ST四环,0,24,24,BaoStock(单源),0,0
000519,中兵红箭,0,24,24,BaoStock(单源),0,0
000520,凤凰航运,0,24,24,BaoStock(单源),0,0
000521,长虹美菱,0,24,24,BaoStock(单源),0,0
000523,红棉股份,0,24,24,BaoStock(单源),0,0
000524,岭南控股,0,24,24,BaoStock(单源),0,0
000525,红太阳,0,24,24,BaoStock(单源),0,0
000526,学大教育,0,24,24,BaoStock(单源),0,0
000528,柳    工,0,24,24,BaoStock(单源),0,0
000529,广弘控股,0,24,24,BaoStock(单源),0,0
000530,冰山冷热,0,24,24,BaoStock(单源),0,0
000531,穗恒运Ａ,0,24,24,BaoStock(单源),0,0
000532,华金资本,0,24,24,BaoStock(单源),0,0
000533,顺钠股份,0,24,24,BaoStock(单源),0,0
000534,万泽股份,0,24,24,BaoStock(单源),0,0
000536,华映科技,0,24,24,BaoStock(单源),0,0
000537,绿发电力,0,24,24,BaoStock(单源),0,0
000538,云南白药,0,24,24,BaoStock(单源),0,0
000539,粤电力Ａ,0,24,24,BaoStock(单源),0,0
000541,佛山照明,0,24,24,BaoStock(单源),0,0
000543,皖能电力,0,24,24,BaoStock(单源),0,0
000544,中原环保,0,24,24,BaoStock(单源),0,0
000545,金浦钛业,0,24,24,BaoStock(单源),0,0
000546,金圆股份,0,24,24,BaoStock(单源),0,0
000547,航天发展,0,24,24,BaoStock(单源),0,0
000548,湖南投资,0,24,24,BaoStock(单源),0,0
000550,江铃汽车,0,24,24,BaoStock(单源),0,0
000551,创元科技,0,24,24,BaoStock(单源),0,0
000552,甘肃能化,0,24,24,BaoStock(单源),0,0
000553,安道麦A,0,24,24,BaoStock(单源),0,0
000554,泰山石油,0,0,0,BaoStock(单源),0,0
000555,神州信息,0,24,24,BaoStock(单源),0,0
000557,西部创业,0,24,24,BaoStock(单源),0,0
000558,天府文旅,0,24,24,BaoStock(单源),0,0
000559,万向钱潮,0,24,24,BaoStock(单源),0,0
000560,我爱我家,0,24,24,BaoStock(单源),0,0
000561,烽火电子,0,24,24,BaoStock(单源),0,0
000563,陕国投Ａ,0,24,24,BaoStock(单源),0,0
000564,供销大集,0,24,24,BaoStock(单源),0,0
000565,渝三峡Ａ,0,24,24,BaoStock(单源),0,0
000566,海南海药,0,24,24,BaoStock(单源),0,0
000567,海德股份,0,24,24,BaoStock(单源),0,0
000568,泸州老窖,0,24,24,BaoStock(单源),0,0
000570,苏常柴Ａ,0,24,24,BaoStock(单源),0,0
000571,新大洲A,0,24,24,BaoStock(单源),0,0
000572,海马汽车,0,24,24,BaoStock(单源),0,0
000573,粤宏远Ａ,0,24,24,BaoStock(单源),0,0
000576,甘化科工,0,0,0,BaoStock(单源),0,0
000581,威孚高科,0,0,0,BaoStock(单源),0,0
000669,ST金鸿,0,24,24,BaoStock(单源),0,0
000670,盈方微,0,24,24,BaoStock(单源),0,0
000672,上峰水泥,0,24,24,BaoStock(单源),0,0
000676,智度股份,0,24,24,BaoStock(单源),0,0
000677,ST海龙,0,24,24,BaoStock(单源),0,0
000678,襄阳轴承,0,24,24,BaoStock(单源),0,0
000679,大连友谊,0,24,24,BaoStock(单源),0,0
000680,山推股份,0,24,24,BaoStock(单源),0,0
000681,视觉中国,0,24,24,BaoStock(单源),0,0
000682,东方电子,0,24,24,BaoStock(单源),0,0
000683,博源化工,0,24,24,BaoStock(单源),0,0
000685,中山公用,0,24,24,BaoStock(单源),0,0
000686,东北证券,0,24,24,BaoStock(单源),0,0
000688,国城矿业,0,24,24,BaoStock(单源),0,0
000690,宝新能源,0,24,24,BaoStock(单源),0,0
000691,*ST亚太,0,24,24,BaoStock(单源),0,0
000692,惠天热电,0,24,24,BaoStock(单源),0,0
000695,滨海能源,0,24,24,BaoStock(单源),0,0
000697,炼石航空,0,24,24,BaoStock(单源),0,0
000698,ST沈化,0,24,24,BaoStock(单源),0,0
000700,模塑科技,0,24,24,BaoStock(单源),0,0
000701,厦门信达,0,24,24,BaoStock(单源),0,0
000702,正虹科技,0,24,24,BaoStock(单源),0,0
000703,恒逸石化,0,24,24,BaoStock(单源),0,0
000705,浙江震元,0,24,24,BaoStock(单源),0,0
000707,双环科技,0,24,24,BaoStock(单源),0,0
000708,中信特钢,0,24,24,BaoStock(单源),0,0
000709,河钢股份,0,24,24,BaoStock(单源),0,0
000710,贝瑞基因,0,24,24,BaoStock(单源),0,0
000711,ST京蓝,0,24,24,BaoStock(单源),0,0
000712,锦龙股份,0,24,24,BaoStock(单源),0,0
000713,国投丰乐,0,24,24,BaoStock(单源),0,0
000715,中兴商业,0,24,24,BaoStock(单源),0,0
000716,黑芝麻,0,24,24,BaoStock(单源),0,0
000717,中南股份,0,24,24,BaoStock(单源),0,0
000718,苏宁环球,0,0,0,BaoStock(单源),0,0
000719,中原传媒,0,24,24,BaoStock(单源),0,0
000720,新能泰山,0,24,24,BaoStock(单源),0,0
000721,西安饮食,0,24,24,BaoStock(单源),0,0
000722,湖南发展,0,24,24,BaoStock(单源),0,0
000723,美锦能源,0,24,24,BaoStock(单源),0,0
000725,京东方Ａ,0,24,24,BaoStock(单源),0,0
000726,鲁  泰Ａ,0,0,0,BaoStock(单源),0,0
000727,冠捷科技,0,0,0,BaoStock(单源),0,0
000728,国元证券,0,24,24,BaoStock(单源),0,0
000729,燕京啤酒,0,24,24,BaoStock(单源),0,0
000731,四川美丰,0,24,24,BaoStock(单源),0,0
000733,振华科技,0,24,24,BaoStock(单源),0,0
000735,罗 牛 山,0,24,24,BaoStock(单源),0,0
000736,*ST中地,0,24,24,BaoStock(单源),0,0
000906,浙商中拓,0,24,24,BaoStock(单源),0,0
000908,ST景峰,0,24,24,BaoStock(单源),0,0
000909,*ST数源,0,24,24,BaoStock(单源),0,0
000910,大亚圣象,0,24,24,BaoStock(单源),0,0
000911,*ST广糖,0,24,24,BaoStock(单源),0,0
000912,泸天化,0,24,24,BaoStock(单源),0,0
000913,钱江摩托,0,24,24,BaoStock(单源),0,0
000915,华特达因,0,24,24,BaoStock(单源),0,0
000917,电广传媒,0,24,24,BaoStock(单源),0,0
000919,金陵药业,0,24,24,BaoStock(单源),0,0
000920,沃顿科技,0,24,24,BaoStock(单源),0,0
000921,海信家电,0,24,24,BaoStock(单源),0,0
000922,佳电股份,0,24,24,BaoStock(单源),0,0
000923,河钢资源,0,24,24,BaoStock(单源),0,0
000925,众合科技,0,24,24,BaoStock(单源),0,0
000926,福星股份,0,24,24,BaoStock(单源),0,0
000927,中国铁物,0,24,24,BaoStock(单源),0,0
000928,中钢国际,0,24,24,BaoStock(单源),0,0
000929,*ST兰黄,0,24,24,BaoStock(单源),0,0
000930,中粮科技,0,24,24,BaoStock(单源),0,0
000931,中 关 村,0,24,24,BaoStock(单源),0,0
000932,华菱钢铁,0,24,24,BaoStock(单源),0,0
000933,神火股份,0,24,24,BaoStock(单源),0,0
000935,四川双马,0,24,24,BaoStock(单源),0,0
000936,华西股份,0,24,24,BaoStock(单源),0,0
000937,冀中能源,0,24,24,BaoStock(单源),0,0
000938,紫光股份,0,24,24,BaoStock(单源),0,0
000948,南天信息,0,24,24,BaoStock(单源),0,0
000949,新乡化纤,0,24,24,BaoStock(单源),0,0
000950,重药控股,0,24,24,BaoStock(单源),0,0
000951,中国重汽,0,24,24,BaoStock(单源),0,0
000952,广济药业,0,24,24,BaoStock(单源),0,0
000953,河化股份,0,24,24,BaoStock(单源),0,0
000955,欣龙控股,0,24,24,BaoStock(单源),0,0
000957,中通客车,0,24,24,BaoStock(单源),0,0
000958,电投产融,0,24,24,BaoStock(单源),0,0
000959,首钢股份,0,24,24,BaoStock(单源),0,0
000960,锡业股份,0,24,24,BaoStock(单源),0,0
000962,东方钽业,0,24,24,BaoStock(单源),0,0
000963,华东医药,0,24,24,BaoStock(单源),0,0
000965,天保基建,0,24,24,BaoStock(单源),0,0
000966,长源电力,0,24,24,BaoStock(单源),0,0
000967,盈峰环境,0,24,24,BaoStock(单源),0,0
000968,蓝焰控股,0,24,24,BaoStock(单源),0,0
000969,安泰科技,0,24,24,BaoStock(单源),0,0
000970,中科三环,0,24,24,BaoStock(单源),0,0
000972,*ST中基,0,24,24,BaoStock(单源),0,0
000973,佛塑科技,0,24,24,BaoStock(单源),0,0
000975,山金国际,0,24,24,BaoStock(单源),0,0
000977,浪潮信息,0,24,24,BaoStock(单源),0,0
001258,立新能源,0,24,24,BaoStock(单源),0,0
001259,利仁科技,0,24,24,BaoStock(单源),0,0
001260,坤泰股份,0,24,24,BaoStock(单源),0,0
001266,宏英智能,0,24,24,BaoStock(单源),0,0
001267,汇绿生态,0,24,24,BaoStock(单源),0,0
001268,联合精密,0,24,24,BaoStock(单源),0,0
001269,欧晶科技,0,24,24,BaoStock(单源),0,0
001270,*ST铖昌,0,24,24,BaoStock(单源),0,0
001277,速达股份,0,24,24,BaoStock(单源),0,0
001278,一彬科技,0,24,24,BaoStock(单源),0,0
001279,强邦新材,0,24,24,BaoStock(单源),0,0
001280,中国铀业,0,24,24,BaoStock(单源),0,0
001282,三联锻造,0,24,24,BaoStock(单源),0,0
001283,豪鹏科技,0,24,24,BaoStock(单源),0,0
001285,瑞立科密,0,24,24,BaoStock(单源),0,0
001286,陕西能源,0,24,24,BaoStock(单源),0,0
001287,中电港,0,24,24,BaoStock(单源),0,0
001288,运机集团,0,24,24,BaoStock(单源),0,0
001289,龙源电力,0,24,24,BaoStock(单源),0,0
001296,长江材料,0,24,24,BaoStock(单源),0,0
001298,好上好,0,24,24,BaoStock(单源),0,0
001299,美能能源,0,24,24,BaoStock(单源),0,0
001300,三柏硕,0,24,24,BaoStock(单源),0,0
001301,尚太科技,0,24,24,BaoStock(单源),0,0
001306,夏厦精密,0,24,24,BaoStock(单源),0,0
001308,康冠科技,0,24,24,BaoStock(单源),0,0
001309,德明利,0,24,24,BaoStock(单源),0,0
001311,多利科技,0,24,24,BaoStock(单源),0,0
001312,福恩股份,0,11,11,BaoStock(单源),0,0
001313,粤海饲料,0,24,24,BaoStock(单源),0,0
001314,亿道信息,0,24,24,BaoStock(单源),0,0
001316,润贝航科,0,0,0,BaoStock(单源),0,0
001317,三羊马,0,0,0,BaoStock(单源),0,0
001318,阳光乳业,0,24,24,BaoStock(单源),0,0
001319,铭科精技,0,24,24,BaoStock(单源),0,0
001322,箭牌家居,0,24,24,BaoStock(单源),0,0
001323,慕思股份,0,24,24,BaoStock(单源),0,0
001324,长青科技,0,24,24,BaoStock(单源),0,0
001325,元创股份,0,24,24,BaoStock(单源),0,0
001326,联域股份,0,24,24,BaoStock(单源),0,0
001328,登康口腔,0,24,24,BaoStock(单源),0,0
001330,博纳影业,0,24,24,BaoStock(单源),0,0
001331,胜通能源,0,24,24,BaoStock(单源),0,0
001332,锡装股份,0,24,24,BaoStock(单源),0,0
001333,光华股份,0,24,24,BaoStock(单源),0,0
001335,信凯科技,0,24,24,BaoStock(单源),0,0
001336,楚环科技,0,24,24,BaoStock(单源),0,0
001337,四川黄金,0,24,24,BaoStock(单源),0,0
001338,永顺泰,0,24,24,BaoStock(单源),0,0
001339,智微智能,0,24,24,BaoStock(单源),0,0
000737,北方铜业,0,24,24,BaoStock(单源),0,0
000738,航发控制,0,24,24,BaoStock(单源),0,0
000739,普洛药业,0,24,24,BaoStock(单源),0,0
000750,国海证券,0,0,0,BaoStock(单源),0,0
000751,锌业股份,0,0,0,BaoStock(单源),0,0
000752,*ST西发,0,0,0,BaoStock(单源),0,0
000753,漳州发展,0,24,24,BaoStock(单源),0,0
000755,山西高速,0,24,24,BaoStock(单源),0,0
000756,新华制药,0,24,24,BaoStock(单源),0,0
000757,浩物股份,0,24,24,BaoStock(单源),0,0
000758,中色股份,0,24,24,BaoStock(单源),0,0
000759,中百集团,0,24,24,BaoStock(单源),0,0
000761,本钢板材,0,24,24,BaoStock(单源),0,0
000762,西藏矿业,0,24,24,BaoStock(单源),0,0
000766,通化金马,0,24,24,BaoStock(单源),0,0
000767,晋控电力,0,24,24,BaoStock(单源),0,0
000768,中航西飞,0,24,24,BaoStock(单源),0,0
000776,广发证券,0,24,24,BaoStock(单源),0,0
000777,中核科技,0,24,24,BaoStock(单源),0,0
000778,新兴铸管,0,24,24,BaoStock(单源),0,0
000779,甘咨询,0,24,24,BaoStock(单源),0,0
000782,恒申新材,0,24,24,BaoStock(单源),0,0
000783,长江证券,0,24,24,BaoStock(单源),0,0
000785,居然智家,0,24,24,BaoStock(单源),0,0
000786,北新建材,0,24,24,BaoStock(单源),0,0
000788,北大医药,0,24,24,BaoStock(单源),0,0
000789,万年青,0,24,24,BaoStock(单源),0,0
000790,华神科技,0,24,24,BaoStock(单源),0,0
000791,甘肃能源,0,24,24,BaoStock(单源),0,0
000792,盐湖股份,0,24,24,BaoStock(单源),0,0
000793,*ST华闻,0,24,24,BaoStock(单源),0,0
000795,英洛华,0,24,24,BaoStock(单源),0,0
000796,凯撒旅业,0,24,24,BaoStock(单源),0,0
000797,中国武夷,0,24,24,BaoStock(单源),0,0
000798,中水渔业,0,24,24,BaoStock(单源),0,0
000799,酒鬼酒,0,24,24,BaoStock(单源),0,0
000800,一汽解放,0,24,24,BaoStock(单源),0,0
000801,四川九洲,0,24,24,BaoStock(单源),0,0
000802,北京文化,0,24,24,BaoStock(单源),0,0
000803,山高环能,0,24,24,BaoStock(单源),0,0
000807,云铝股份,0,24,24,BaoStock(单源),0,0
000809,和展能源,0,24,24,BaoStock(单源),0,0
000810,创维数字,0,24,24,BaoStock(单源),0,0
000811,冰轮环境,0,24,24,BaoStock(单源),0,0
000812,陕西金叶,0,24,24,BaoStock(单源),0,0
000813,德展健康,0,0,0,BaoStock(单源),0,0
000815,美利云,0,0,0,BaoStock(单源),0,0
000816,智慧农业,0,24,24,BaoStock(单源),0,0
000818,航锦科技,0,24,24,BaoStock(单源),0,0
000819,岳阳兴长,0,24,24,BaoStock(单源),0,0
000978,桂林旅游,0,24,24,BaoStock(单源),0,0
000980,众泰汽车,0,24,24,BaoStock(单源),0,0
000981,山子高科,0,24,24,BaoStock(单源),0,0
000983,山西焦煤,0,24,24,BaoStock(单源),0,0
000985,大庆华科,0,24,24,BaoStock(单源),0,0
000987,越秀资本,0,24,24,BaoStock(单源),0,0
000988,华工科技,0,24,24,BaoStock(单源),0,0
000989,九芝堂,0,24,24,BaoStock(单源),0,0
000990,诚志股份,0,24,24,BaoStock(单源),0,0
000993,闽东电力,0,24,24,BaoStock(单源),0,0
000995,皇台酒业,0,24,24,BaoStock(单源),0,0
000997,新 大 陆,0,24,24,BaoStock(单源),0,0
000998,隆平高科,0,24,24,BaoStock(单源),0,0
000999,华润三九,0,24,24,BaoStock(单源),0,0
001201,东瑞股份,0,24,24,BaoStock(单源),0,0
001202,炬申股份,0,24,24,BaoStock(单源),0,0
001203,大中矿业,0,24,24,BaoStock(单源),0,0
001205,盛航股份,0,24,24,BaoStock(单源),0,0
001206,依依股份,0,24,24,BaoStock(单源),0,0
001207,联科科技,0,24,24,BaoStock(单源),0,0
001208,华菱线缆,0,24,24,BaoStock(单源),0,0
001209,洪兴股份,0,24,24,BaoStock(单源),0,0
001210,金房能源,0,24,24,BaoStock(单源),0,0
001211,双枪科技,0,24,24,BaoStock(单源),0,0
001212,中旗新材,0,24,24,BaoStock(单源),0,0
001213,中铁特货,0,24,24,BaoStock(单源),0,0
001215,千味央厨,0,24,24,BaoStock(单源),0,0
001216,华瓷股份,0,24,24,BaoStock(单源),0,0
001217,华尔泰,0,24,24,BaoStock(单源),0,0
001218,丽臣实业,0,24,24,BaoStock(单源),0,0
001219,青岛食品,0,24,24,BaoStock(单源),0,0
001220,世盟股份,0,24,24,BaoStock(单源),0,0
001221,悍高集团,0,24,24,BaoStock(单源),0,0
001222,源飞宠物,0,24,24,BaoStock(单源),0,0
001223,欧克科技,0,24,24,BaoStock(单源),0,0
001225,和泰机电,0,24,24,BaoStock(单源),0,0
001226,拓山重工,0,24,24,BaoStock(单源),0,0
001227,兰州银行,0,0,0,BaoStock(单源),0,0
001228,永泰运,0,24,24,BaoStock(单源),0,0
001229,魅视科技,0,24,24,BaoStock(单源),0,0
001230,劲旅环境,0,24,24,BaoStock(单源),0,0
001231,农心科技,0,24,24,BaoStock(单源),0,0
001233,海安集团,0,24,24,BaoStock(单源),0,0
001234,泰慕士,0,24,24,BaoStock(单源),0,0
001236,弘业期货,0,24,24,BaoStock(单源),0,0
001238,浙江正特,0,0,0,BaoStock(单源),0,0
001239,永达股份,0,0,0,BaoStock(单源),0,0
001255,博菲电气,0,24,24,BaoStock(单源),0,0
001256,炜冈科技,0,24,24,BaoStock(单源),0,0
001257,盛龙股份,0,24,24,BaoStock(单源),0,0
001356,富岭股份,0,24,24,BaoStock(单源),0,0
001358,兴欣新材,0,24,24,BaoStock(单源),0,0
001359,平安电工,0,24,24,BaoStock(单源),0,0
001360,南矿集团,0,24,24,BaoStock(单源),0,0
001366,播恩集团,0,24,24,BaoStock(单源),0,0
001367,海森药业,0,24,24,BaoStock(单源),0,0
001368,通达创智,0,24,24,BaoStock(单源),0,0
001369,双欣材料,0,24,24,BaoStock(单源),0,0
001373,翔腾新材,0,24,24,BaoStock(单源),0,0
001376,百通能源,0,0,0,BaoStock(单源),0,0
001378,德冠新材,0,0,0,BaoStock(单源),0,0
001379,腾达科技,0,24,24,BaoStock(单源),0,0
001380,华纬科技,0,24,24,BaoStock(单源),0,0
001382,新亚电缆,0,24,24,BaoStock(单源),0,0
001386,马可波罗,0,24,24,BaoStock(单源),0,0
001387,雪祺电气,0,24,24,BaoStock(单源),0,0
001388,信通电子,0,24,24,BaoStock(单源),0,0
001389,广合科技,0,24,24,BaoStock(单源),0,0
001390,古麒绒材,0,24,24,BaoStock(单源),0,0
001391,国货航,0,24,24,BaoStock(单源),0,0
001395,亚联机械,0,24,24,BaoStock(单源),0,0
001396,誉帆科技,0,24,24,BaoStock(单源),0,0
001400,江顺科技,0,24,24,BaoStock(单源),0,0
001696,宗申动力,0,24,24,BaoStock(单源),0,0
001872,招商港口,0,24,24,BaoStock(单源),0,0
001896,豫能控股,0,24,24,BaoStock(单源),0,0
001914,招商积余,0,24,24,BaoStock(单源),0,0
001965,招商公路,0,24,24,BaoStock(单源),0,0
001979,招商蛇口,0,24,24,BaoStock(单源),0,0
002001,新 和 成,0,24,24,BaoStock(单源),0,0
002003,伟星股份,0,24,24,BaoStock(单源),0,0
002004,华邦健康,0,24,24,BaoStock(单源),0,0
002005,ST德豪,0,24,24,BaoStock(单源),0,0
002006,精工科技,0,24,24,BaoStock(单源),0,0
002007,华兰生物,0,24,24,BaoStock(单源),0,0
002008,大族激光,0,24,24,BaoStock(单源),0,0
002009,天奇股份,0,24,24,BaoStock(单源),0,0
002010,传化智联,0,24,24,BaoStock(单源),0,0
002011,盾安环境,0,24,24,BaoStock(单源),0,0
002012,凯恩股份,0,24,24,BaoStock(单源),0,0
002014,永新股份,0,24,24,BaoStock(单源),0,0
002015,协鑫能科,0,24,24,BaoStock(单源),0,0
002016,世荣兆业,0,24,24,BaoStock(单源),0,0
002017,东信和平,0,24,24,BaoStock(单源),0,0
002019,亿帆医药,0,24,24,BaoStock(单源),0,0
002020,京新药业,0,24,24,BaoStock(单源),0,0
002021,中捷资源,0,24,24,BaoStock(单源),0,0
002022,科华生物,0,24,24,BaoStock(单源),0,0
002023,海特高新,0,24,24,BaoStock(单源),0,0
002024,ST易购,0,24,24,BaoStock(单源),0,0
000820,*ST节能,0,24,24,BaoStock(单源),0,0
000821,ST京机,0,24,24,BaoStock(单源),0,0
000822,山东海化,0,24,24,BaoStock(单源),0,0
000823,超声电子,0,24,24,BaoStock(单源),0,0
000825,太钢不锈,0,24,24,BaoStock(单源),0,0
000826,*ST启环,0,24,24,BaoStock(单源),0,0
000828,东莞控股,0,24,24,BaoStock(单源),0,0
000829,天音控股,0,24,24,BaoStock(单源),0,0
000830,鲁西化工,0,0,0,BaoStock(单源),0,0
000831,中国稀土,0,0,0,BaoStock(单源),0,0
000833,粤桂股份,0,0,0,BaoStock(单源),0,0
000837,秦川机床,0,24,24,BaoStock(单源),0,0
000838,*ST发展,0,24,24,BaoStock(单源),0,0
000839,国安股份,0,24,24,BaoStock(单源),0,0
000848,承德露露,0,24,24,BaoStock(单源),0,0
000850,华茂股份,0,24,24,BaoStock(单源),0,0
000852,石化机械,0,24,24,BaoStock(单源),0,0
000856,冀东装备,0,24,24,BaoStock(单源),0,0
000858,五 粮 液,0,24,24,BaoStock(单源),0,0
000859,国风新材,0,24,24,BaoStock(单源),0,0
000860,顺鑫农业,0,0,0,BaoStock(单源),0,0
000862,银星能源,0,24,24,BaoStock(单源),0,0
000863,三湘印象,0,24,24,BaoStock(单源),0,0
000868,安凯客车,0,24,24,BaoStock(单源),0,0
000869,张  裕Ａ,0,24,24,BaoStock(单源),0,0
000875,电投绿能,0,24,24,BaoStock(单源),0,0
000876,新 希 望,0,24,24,BaoStock(单源),0,0
000877,天山股份,0,24,24,BaoStock(单源),0,0
000878,云南铜业,0,24,24,BaoStock(单源),0,0
000880,潍柴重机,0,24,24,BaoStock(单源),0,0
000881,中广核技,0,24,24,BaoStock(单源),0,0
000882,华联股份,0,24,24,BaoStock(单源),0,0
000883,湖北能源,0,24,24,BaoStock(单源),0,0
000885,城发环境,0,24,24,BaoStock(单源),0,0
000886,海南高速,0,24,24,BaoStock(单源),0,0
000887,中鼎股份,0,24,24,BaoStock(单源),0,0
000888,峨眉山Ａ,0,24,24,BaoStock(单源),0,0
000889,中嘉博创,0,24,24,BaoStock(单源),0,0
000890,法尔胜,0,24,24,BaoStock(单源),0,0
000892,欢瑞世纪,0,24,24,BaoStock(单源),0,0
000893,亚钾国际,0,24,24,BaoStock(单源),0,0
000895,双汇发展,0,24,24,BaoStock(单源),0,0
000897,津滨发展,0,24,24,BaoStock(单源),0,0
000898,鞍钢股份,0,24,24,BaoStock(单源),0,0
000899,赣能股份,0,24,24,BaoStock(单源),0,0
000900,现代投资,0,24,24,BaoStock(单源),0,0
000901,航天科技,0,24,24,BaoStock(单源),0,0
000902,新洋丰,0,24,24,BaoStock(单源),0,0
000903,ST云动,0,24,24,BaoStock(单源),0,0
000905,厦门港务,0,0,0,BaoStock(单源),0,0
002131,利欧股份,0,24,24,BaoStock(单源),0,0
002132,恒星科技,0,24,24,BaoStock(单源),0,0
002133,广宇集团,0,24,24,BaoStock(单源),0,0
002134,天津普林,0,24,24,BaoStock(单源),0,0
002135,东南网架,0,24,24,BaoStock(单源),0,0
002136,安 纳 达,0,24,24,BaoStock(单源),0,0
002137,实益达,0,24,24,BaoStock(单源),0,0
002138,顺络电子,0,24,24,BaoStock(单源),0,0
002139,拓邦股份,0,24,24,BaoStock(单源),0,0
002140,东华科技,0,24,24,BaoStock(单源),0,0
002141,贤丰控股,0,24,24,BaoStock(单源),0,0
002142,宁波银行,0,24,24,BaoStock(单源),0,0
002144,宏达高科,0,24,24,BaoStock(单源),0,0
002145,钛能化学,0,24,24,BaoStock(单源),0,0
002146,荣盛发展,0,24,24,BaoStock(单源),0,0
002148,北纬科技,0,24,24,BaoStock(单源),0,0
002149,西部材料,0,24,24,BaoStock(单源),0,0
002150,正泰电源,0,24,24,BaoStock(单源),0,0
002151,北斗星通,0,24,24,BaoStock(单源),0,0
002152,广电运通,0,24,24,BaoStock(单源),0,0
002153,石基信息,0,24,24,BaoStock(单源),0,0
002154,报 喜 鸟,0,24,24,BaoStock(单源),0,0
002155,湖南黄金,0,24,24,BaoStock(单源),0,0
002156,通富微电,0,0,0,BaoStock(单源),0,0
002157,正邦科技,0,0,0,BaoStock(单源),0,0
002158,汉钟精机,0,24,24,BaoStock(单源),0,0
002159,三特索道,0,24,24,BaoStock(单源),0,0
002160,常铝股份,0,24,24,BaoStock(单源),0,0
002161,远 望 谷,0,24,24,BaoStock(单源),0,0
002162,悦心健康,0,24,24,BaoStock(单源),0,0
002163,海南发展,0,24,24,BaoStock(单源),0,0
002164,宁波东力,0,24,24,BaoStock(单源),0,0
002165,红 宝 丽,0,24,24,BaoStock(单源),0,0
002166,莱茵生物,0,24,24,BaoStock(单源),0,0
002167,东方锆业,0,24,24,BaoStock(单源),0,0
002168,*ST惠程,0,24,24,BaoStock(单源),0,0
002169,智光电气,0,24,24,BaoStock(单源),0,0
002170,芭田股份,0,24,24,BaoStock(单源),0,0
002171,楚江新材,0,24,24,BaoStock(单源),0,0
002172,澳洋健康,0,24,24,BaoStock(单源),0,0
002173,创新医疗,0,24,24,BaoStock(单源),0,0
002174,游族网络,0,24,24,BaoStock(单源),0,0
002175,*ST东智,0,24,24,BaoStock(单源),0,0
002176,江特电机,0,24,24,BaoStock(单源),0,0
002177,御银股份,0,24,24,BaoStock(单源),0,0
002178,延华智能,0,24,24,BaoStock(单源),0,0
002179,中航光电,0,24,24,BaoStock(单源),0,0
002180,奔图科技,0,24,24,BaoStock(单源),0,0
002181,粤 传 媒,0,24,24,BaoStock(单源),0,0
002182,宝武镁业,0,24,24,BaoStock(单源),0,0
002077,大港股份,0,24,24,BaoStock(单源),0,0
002078,太阳纸业,0,24,24,BaoStock(单源),0,0
002079,苏州固锝,0,24,24,BaoStock(单源),0,0
002080,中材科技,0,24,24,BaoStock(单源),0,0
002081,金 螳 螂,0,24,24,BaoStock(单源),0,0
002082,ST万邦,0,24,24,BaoStock(单源),0,0
002083,孚日股份,0,24,24,BaoStock(单源),0,0
002084,海鸥住工,0,24,24,BaoStock(单源),0,0
002085,万丰奥威,0,24,24,BaoStock(单源),0,0
002086,东方海洋,0,24,24,BaoStock(单源),0,0
002088,鲁阳节能,0,24,24,BaoStock(单源),0,0
002090,金智科技,0,24,24,BaoStock(单源),0,0
002091,江苏国泰,0,24,24,BaoStock(单源),0,0
002092,中泰化学,0,24,24,BaoStock(单源),0,0
002093,国脉科技,0,24,24,BaoStock(单源),0,0
002094,青岛金王,0,24,24,BaoStock(单源),0,0
002095,生 意 宝,0,24,24,BaoStock(单源),0,0
002096,易普力,0,24,24,BaoStock(单源),0,0
002097,山河智能,0,24,24,BaoStock(单源),0,0
002098,浔兴股份,0,24,24,BaoStock(单源),0,0
002099,海翔药业,0,24,24,BaoStock(单源),0,0
002100,天康生物,0,24,24,BaoStock(单源),0,0
002101,广东鸿图,0,24,24,BaoStock(单源),0,0
002102,ST能特,0,24,24,BaoStock(单源),0,0
002103,广博股份,0,24,24,BaoStock(单源),0,0
002104,恒宝股份,0,24,24,BaoStock(单源),0,0
002105,信隆健康,0,24,24,BaoStock(单源),0,0
002106,莱宝高科,0,0,0,BaoStock(单源),0,0
002107,沃华医药,0,0,0,BaoStock(单源),0,0
002108,沧州明珠,0,0,0,BaoStock(单源),0,0
002109,ST兴化,0,0,0,BaoStock(单源),0,0
002110,三钢闽光,0,0,0,BaoStock(单源),0,0
002111,威海广泰,0,0,0,BaoStock(单源),0,0
002112,三变科技,0,24,24,BaoStock(单源),0,0
002114,罗平锌电,0,24,24,BaoStock(单源),0,0
002115,三维通信,0,24,24,BaoStock(单源),0,0
002116,中国海诚,0,24,24,BaoStock(单源),0,0
002117,东港股份,0,24,24,BaoStock(单源),0,0
002119,康强电子,0,24,24,BaoStock(单源),0,0
002120,韵达股份,0,24,24,BaoStock(单源),0,0
002121,科陆电子,0,24,24,BaoStock(单源),0,0
002122,ST汇洲,0,24,24,BaoStock(单源),0,0
002123,梦网科技,0,24,24,BaoStock(单源),0,0
002124,天邦食品,0,24,24,BaoStock(单源),0,0
002125,湘潭电化,0,24,24,BaoStock(单源),0,0
002126,银轮股份,0,24,24,BaoStock(单源),0,0
002127,南极电商,0,24,24,BaoStock(单源),0,0
002128,电投能源,0,24,24,BaoStock(单源),0,0
002129,TCL中环,0,0,0,BaoStock(单源),0,0
002130,沃尔核材,0,0,0,BaoStock(单源),0,0
002025,航天电器,0,24,24,BaoStock(单源),0,0
002026,山东威达,0,24,24,BaoStock(单源),0,0
002027,分众传媒,0,24,24,BaoStock(单源),0,0
002028,思源电气,0,0,0,BaoStock(单源),0,0
002029,七 匹 狼,0,0,0,BaoStock(单源),0,0
002030,达安基因,0,24,24,BaoStock(单源),0,0
002031,巨轮智能,0,24,24,BaoStock(单源),0,0
002032,苏 泊 尔,0,24,24,BaoStock(单源),0,0
002033,丽江股份,0,24,24,BaoStock(单源),0,0
002034,旺能环境,0,24,24,BaoStock(单源),0,0
002035,华帝股份,0,24,24,BaoStock(单源),0,0
002036,联创电子,0,24,24,BaoStock(单源),0,0
002037,保利联合,0,24,24,BaoStock(单源),0,0
002038,双鹭药业,0,24,24,BaoStock(单源),0,0
002039,黔源电力,0,24,24,BaoStock(单源),0,0
002040,南 京 港,0,24,24,BaoStock(单源),0,0
002041,登海种业,0,24,24,BaoStock(单源),0,0
002042,华孚时尚,0,24,24,BaoStock(单源),0,0
002043,兔 宝 宝,0,24,24,BaoStock(单源),0,0
002044,美年健康,0,24,24,BaoStock(单源),0,0
002045,国光电器,0,24,24,BaoStock(单源),0,0
002046,国机精工,0,24,24,BaoStock(单源),0,0
002047,*ST宝鹰,0,24,24,BaoStock(单源),0,0
002048,宁波华翔,0,24,24,BaoStock(单源),0,0
002049,紫光国微,0,24,24,BaoStock(单源),0,0
002050,三花智控,0,24,24,BaoStock(单源),0,0
002051,中工国际,0,24,24,BaoStock(单源),0,0
002052,同洲电子,0,24,24,BaoStock(单源),0,0
002053,云南能投,0,24,24,BaoStock(单源),0,0
002054,德美化工,0,24,24,BaoStock(单源),0,0
002055,ST得润,0,24,24,BaoStock(单源),0,0
002056,横店东磁,0,24,24,BaoStock(单源),0,0
002057,中钢天源,0,24,24,BaoStock(单源),0,0
002058,*ST威尔,0,24,24,BaoStock(单源),0,0
002059,云南旅游,0,24,24,BaoStock(单源),0,0
002060,广东建工,0,24,24,BaoStock(单源),0,0
002061,浙江交科,0,24,24,BaoStock(单源),0,0
002062,宏润建设,0,24,24,BaoStock(单源),0,0
002063,远光软件,0,24,24,BaoStock(单源),0,0
002064,华峰化学,0,24,24,BaoStock(单源),0,0
002065,东华软件,0,24,24,BaoStock(单源),0,0
002066,瑞泰科技,0,24,24,BaoStock(单源),0,0
002067,景兴纸业,0,24,24,BaoStock(单源),0,0
002068,黑猫股份,0,24,24,BaoStock(单源),0,0
002069,獐子岛,0,24,24,BaoStock(单源),0,0
002072,凯瑞德,0,0,0,BaoStock(单源),0,0
002073,软控股份,0,0,0,BaoStock(单源),0,0
002074,国轩高科,0,0,0,BaoStock(单源),0,0
002075,沙钢股份,0,24,24,BaoStock(单源),0,0
002076,*ST星光,0,24,24,BaoStock(单源),0,0
002235,安妮股份,0,24,24,BaoStock(单源),0,0
002236,大华股份,0,24,24,BaoStock(单源),0,0
002237,恒邦股份,0,24,24,BaoStock(单源),0,0
002238,天威视讯,0,24,24,BaoStock(单源),0,0
002239,奥特佳,0,24,24,BaoStock(单源),0,0
002240,盛新锂能,0,24,24,BaoStock(单源),0,0
002241,歌尔股份,0,24,24,BaoStock(单源),0,0
002242,九阳股份,0,24,24,BaoStock(单源),0,0
002243,力合科创,0,24,24,BaoStock(单源),0,0
002244,滨江集团,0,24,24,BaoStock(单源),0,0
002245,蔚蓝锂芯,0,24,24,BaoStock(单源),0,0
002246,北化股份,0,24,24,BaoStock(单源),0,0
002247,聚力文化,0,24,24,BaoStock(单源),0,0
002248,华东数控,0,24,24,BaoStock(单源),0,0
002249,大洋电机,0,24,24,BaoStock(单源),0,0
002250,联化科技,0,24,24,BaoStock(单源),0,0
002251,步步高,0,24,24,BaoStock(单源),0,0
002252,上海莱士,0,24,24,BaoStock(单源),0,0
002253,*ST智胜,0,24,24,BaoStock(单源),0,0
002254,泰和新材,0,24,24,BaoStock(单源),0,0
002255,海陆重工,0,24,24,BaoStock(单源),0,0
002256,兆新股份,0,24,24,BaoStock(单源),0,0
002258,利尔化学,0,24,24,BaoStock(单源),0,0
002259,升达林业,0,24,24,BaoStock(单源),0,0
002261,拓维信息,0,24,24,BaoStock(单源),0,0
002262,恩华药业,0,0,0,BaoStock(单源),0,0
002263,大东南,0,0,0,BaoStock(单源),0,0
002264,新 华 都,0,0,0,BaoStock(单源),0,0
002265,建设工业,0,0,0,BaoStock(单源),0,0
002266,浙富控股,0,24,24,BaoStock(单源),0,0
002267,陕天然气,0,24,24,BaoStock(单源),0,0
002268,电科网安,0,24,24,BaoStock(单源),0,0
002269,美邦服饰,0,24,24,BaoStock(单源),0,0
002270,华明装备,0,24,24,BaoStock(单源),0,0
002271,东方雨虹,0,0,0,BaoStock(单源),0,0
002272,川润股份,0,0,0,BaoStock(单源),0,0
002273,水晶光电,0,24,24,BaoStock(单源),0,0
002274,华昌化工,0,24,24,BaoStock(单源),0,0
002275,桂林三金,0,24,24,BaoStock(单源),0,0
002276,万马股份,0,24,24,BaoStock(单源),0,0
002277,友阿股份,0,24,24,BaoStock(单源),0,0
002278,神开股份,0,24,24,BaoStock(单源),0,0
002279,久其软件,0,24,24,BaoStock(单源),0,0
002281,光迅科技,0,24,24,BaoStock(单源),0,0
002282,博深股份,0,24,24,BaoStock(单源),0,0
002283,天润工业,0,24,24,BaoStock(单源),0,0
002284,亚太股份,0,24,24,BaoStock(单源),0,0
002285,世联行,0,24,24,BaoStock(单源),0,0
002286,保龄宝,0,24,24,BaoStock(单源),0,0
002287,奇正藏药,0,24,24,BaoStock(单源),0,0
002183,怡 亚 通,0,24,24,BaoStock(单源),0,0
002184,海得控制,0,24,24,BaoStock(单源),0,0
002185,华天科技,0,24,24,BaoStock(单源),0,0
002186,全 聚 德,0,24,24,BaoStock(单源),0,0
002187,广百股份,0,24,24,BaoStock(单源),0,0
002188,中天服务,0,24,24,BaoStock(单源),0,0
002189,中光学,0,24,24,BaoStock(单源),0,0
002190,成飞集成,0,24,24,BaoStock(单源),0,0
002191,劲嘉股份,0,24,24,BaoStock(单源),0,0
002192,融捷股份,0,24,24,BaoStock(单源),0,0
002193,ST如意,0,24,24,BaoStock(单源),0,0
002194,武汉凡谷,0,24,24,BaoStock(单源),0,0
002195,岩山科技,0,24,24,BaoStock(单源),0,0
002196,方正电机,0,24,24,BaoStock(单源),0,0
002197,证通电子,0,24,24,BaoStock(单源),0,0
002198,ST嘉应,0,24,24,BaoStock(单源),0,0
002199,*ST东晶,0,24,24,BaoStock(单源),0,0
002200,*ST交投,0,24,24,BaoStock(单源),0,0
002201,九鼎新材,0,24,24,BaoStock(单源),0,0
002202,金风科技,0,0,0,BaoStock(单源),0,0
002203,海亮股份,0,0,0,BaoStock(单源),0,0
002204,大连重工,0,0,0,BaoStock(单源),0,0
002205,国统股份,0,0,0,BaoStock(单源),0,0
002206,海 利 得,0,24,24,BaoStock(单源),0,0
002207,*ST准油,0,24,24,BaoStock(单源),0,0
002208,合肥城建,0,24,24,BaoStock(单源),0,0
002209,达 意 隆,0,24,24,BaoStock(单源),0,0
002210,飞马国际,0,24,24,BaoStock(单源),0,0
002211,ST宏达,0,24,24,BaoStock(单源),0,0
002212,天融信,0,24,24,BaoStock(单源),0,0
002213,大为股份,0,24,24,BaoStock(单源),0,0
002214,*ST大立,0,24,24,BaoStock(单源),0,0
002215,诺 普 信,0,24,24,BaoStock(单源),0,0
002216,三全食品,0,24,24,BaoStock(单源),0,0
002217,合力泰,0,24,24,BaoStock(单源),0,0
002218,拓日新能,0,24,24,BaoStock(单源),0,0
002219,新里程,0,24,24,BaoStock(单源),0,0
002221,东华能源,0,24,24,BaoStock(单源),0,0
002222,福晶科技,0,24,24,BaoStock(单源),0,0
002223,鱼跃医疗,0,24,24,BaoStock(单源),0,0
002224,三 力 士,0,24,24,BaoStock(单源),0,0
002225,濮耐股份,0,24,24,BaoStock(单源),0,0
002226,江南化工,0,0,0,BaoStock(单源),0,0
002227,*ST特迅,0,0,0,BaoStock(单源),0,0
002228,合兴包装,0,0,0,BaoStock(单源),0,0
002229,鸿博股份,0,0,0,BaoStock(单源),0,0
002230,科大讯飞,0,24,24,BaoStock(单源),0,0
002232,启明信息,0,24,24,BaoStock(单源),0,0
002233,塔牌集团,0,24,24,BaoStock(单源),0,0
002234,民和股份,0,24,24,BaoStock(单源),0,0
002394,联发股份,0,24,24,BaoStock(单源),0,0
002395,双象股份,0,24,24,BaoStock(单源),0,0
002396,星网锐捷,0,24,24,BaoStock(单源),0,0
002397,梦洁股份,0,24,24,BaoStock(单源),0,0
002398,垒知集团,0,24,24,BaoStock(单源),0,0
002399,海普瑞,0,24,24,BaoStock(单源),0,0
002400,省广集团,0,24,24,BaoStock(单源),0,0
002401,中远海科,0,24,24,BaoStock(单源),0,0
002402,和而泰,0,24,24,BaoStock(单源),0,0
002403,爱仕达,0,24,24,BaoStock(单源),0,0
002404,嘉欣丝绸,0,24,24,BaoStock(单源),0,0
002405,四维图新,0,24,24,BaoStock(单源),0,0
002406,远东传动,0,24,24,BaoStock(单源),0,0
002407,多氟多,0,24,24,BaoStock(单源),0,0
002408,齐翔腾达,0,24,24,BaoStock(单源),0,0
002409,雅克科技,0,24,24,BaoStock(单源),0,0
002410,广联达,0,24,24,BaoStock(单源),0,0
002412,汉森制药,0,24,24,BaoStock(单源),0,0
002413,雷科防务,0,0,0,BaoStock(单源),0,0
002414,高德红外,0,0,0,BaoStock(单源),0,0
002415,海康威视,0,24,24,BaoStock(单源),0,0
002416,爱施德,0,24,24,BaoStock(单源),0,0
002418,康盛股份,0,24,24,BaoStock(单源),0,0
002419,天虹股份,0,0,0,BaoStock(单源),0,0
002420,毅昌科技,0,0,0,BaoStock(单源),0,0
002421,达实智能,0,24,24,BaoStock(单源),0,0
002422,科伦药业,0,24,24,BaoStock(单源),0,0
002423,中粮资本,0,24,24,BaoStock(单源),0,0
002424,ST百灵,0,24,24,BaoStock(单源),0,0
002425,凯撒文化,0,24,24,BaoStock(单源),0,0
002426,胜利精密,0,24,24,BaoStock(单源),0,0
002427,尤夫股份,0,24,24,BaoStock(单源),0,0
002428,云南锗业,0,24,24,BaoStock(单源),0,0
002429,兆驰股份,0,24,24,BaoStock(单源),0,0
002430,杭氧股份,0,24,24,BaoStock(单源),0,0
002431,ST棕榈,0,24,24,BaoStock(单源),0,0
002432,九安医疗,0,24,24,BaoStock(单源),0,0
002434,万里扬,0,24,24,BaoStock(单源),0,0
002436,兴森科技,0,24,24,BaoStock(单源),0,0
002437,誉衡药业,0,24,24,BaoStock(单源),0,0
002438,江苏神通,0,24,24,BaoStock(单源),0,0
002439,启明星辰,0,24,24,BaoStock(单源),0,0
002440,闰土股份,0,24,24,BaoStock(单源),0,0
002441,众业达,0,24,24,BaoStock(单源),0,0
002442,龙星科技,0,24,24,BaoStock(单源),0,0
002443,金洲管道,0,24,24,BaoStock(单源),0,0
002444,巨星科技,0,24,24,BaoStock(单源),0,0
002445,中南文化,0,24,24,BaoStock(单源),0,0
002446,盛路通信,0,24,24,BaoStock(单源),0,0
002448,中原内配,0,24,24,BaoStock(单源),0,0
002289,*ST宇顺,0,24,24,BaoStock(单源),0,0
002290,禾盛新材,0,24,24,BaoStock(单源),0,0
002291,遥望科技,0,24,24,BaoStock(单源),0,0
002292,奥飞娱乐,0,24,24,BaoStock(单源),0,0
002293,罗莱生活,0,24,24,BaoStock(单源),0,0
002294,信立泰,0,24,24,BaoStock(单源),0,0
002295,精艺股份,0,24,24,BaoStock(单源),0,0
002296,辉煌科技,0,24,24,BaoStock(单源),0,0
002297,博云新材,0,24,24,BaoStock(单源),0,0
002298,中电鑫龙,0,24,24,BaoStock(单源),0,0
002299,圣农发展,0,24,24,BaoStock(单源),0,0
002300,太阳电缆,0,24,24,BaoStock(单源),0,0
002301,齐心集团,0,24,24,BaoStock(单源),0,0
002302,西部建设,0,24,24,BaoStock(单源),0,0
002303,美盈森,0,24,24,BaoStock(单源),0,0
002304,洋河股份,0,24,24,BaoStock(单源),0,0
002305,*ST南置,0,24,24,BaoStock(单源),0,0
002306,*ST云网,0,24,24,BaoStock(单源),0,0
002307,北新路桥,0,24,24,BaoStock(单源),0,0
002309,中利集团,0,24,24,BaoStock(单源),0,0
002310,东方新能,0,24,24,BaoStock(单源),0,0
002311,海大集团,0,24,24,BaoStock(单源),0,0
002312,川发龙蟒,0,24,24,BaoStock(单源),0,0
002313,日海智能,0,24,24,BaoStock(单源),0,0
002314,南山控股,0,24,24,BaoStock(单源),0,0
002315,焦点科技,0,24,24,BaoStock(单源),0,0
002316,亚联发展,0,24,24,BaoStock(单源),0,0
002317,众生药业,0,24,24,BaoStock(单源),0,0
002318,久立特材,0,24,24,BaoStock(单源),0,0
002319,乐通股份,0,24,24,BaoStock(单源),0,0
002320,海峡股份,0,24,24,BaoStock(单源),0,0
002321,华英农业,0,24,24,BaoStock(单源),0,0
002322,理工能科,0,24,24,BaoStock(单源),0,0
002323,*ST雅博,0,24,24,BaoStock(单源),0,0
002324,普利特,0,24,24,BaoStock(单源),0,0
002326,永太科技,0,24,24,BaoStock(单源),0,0
002327,富安娜,0,24,24,BaoStock(单源),0,0
002328,新朋股份,0,0,0,BaoStock(单源),0,0
002329,皇氏集团,0,0,0,BaoStock(单源),0,0
002330,得利斯,0,0,0,BaoStock(单源),0,0
002331,皖通科技,0,0,0,BaoStock(单源),0,0
002332,仙琚制药,0,24,24,BaoStock(单源),0,0
002333,罗普斯金,0,24,24,BaoStock(单源),0,0
002334,英威腾,0,24,24,BaoStock(单源),0,0
002335,科华数据,0,24,24,BaoStock(单源),0,0
002337,赛象科技,0,24,24,BaoStock(单源),0,0
002338,奥普光电,0,24,24,BaoStock(单源),0,0
002339,积成电子,0,24,24,BaoStock(单源),0,0
002340,格林美,0,24,24,BaoStock(单源),0,0
002342,巨力索具,0,24,24,BaoStock(单源),0,0
002508,老板电器,0,24,24,BaoStock(单源),0,0
002510,天汽模,0,24,24,BaoStock(单源),0,0
002511,中顺洁柔,0,24,24,BaoStock(单源),0,0
002512,ST达华,0,24,24,BaoStock(单源),0,0
002513,蓝丰生化,0,24,24,BaoStock(单源),0,0
002514,*ST宝馨,0,24,24,BaoStock(单源),0,0
002515,金字火腿,0,24,24,BaoStock(单源),0,0
002516,旷达科技,0,24,24,BaoStock(单源),0,0
002517,恺英网络,0,24,24,BaoStock(单源),0,0
002518,科士达,0,24,24,BaoStock(单源),0,0
002519,银河电子,0,24,24,BaoStock(单源),0,0
002520,日发精机,0,24,24,BaoStock(单源),0,0
002521,齐峰新材,0,24,24,BaoStock(单源),0,0
002522,浙江众成,0,24,24,BaoStock(单源),0,0
002523,天桥起重,0,24,24,BaoStock(单源),0,0
002524,光正眼科,0,24,24,BaoStock(单源),0,0
002526,山东矿机,0,24,24,BaoStock(单源),0,0
002527,新时达,0,0,0,BaoStock(单源),0,0
002528,*ST英飞,0,0,0,BaoStock(单源),0,0
002529,*ST海源,0,24,24,BaoStock(单源),0,0
002530,金财互联,0,24,24,BaoStock(单源),0,0
002531,天顺风能,0,24,24,BaoStock(单源),0,0
002532,天山铝业,0,24,24,BaoStock(单源),0,0
002533,金杯电工,0,24,24,BaoStock(单源),0,0
002534,西子洁能,0,24,24,BaoStock(单源),0,0
002535,林州重机,0,24,24,BaoStock(单源),0,0
002536,飞龙股份,0,24,24,BaoStock(单源),0,0
002537,海联金汇,0,24,24,BaoStock(单源),0,0
002538,ST司特,0,24,24,BaoStock(单源),0,0
002539,云图控股,0,24,24,BaoStock(单源),0,0
002540,亚太科技,0,24,24,BaoStock(单源),0,0
002541,鸿路钢构,0,24,24,BaoStock(单源),0,0
002542,*ST中岩,0,0,0,BaoStock(单源),0,0
002543,万和电气,0,0,0,BaoStock(单源),0,0
002544,普天科技,0,24,24,BaoStock(单源),0,0
002545,东方铁塔,0,24,24,BaoStock(单源),0,0
002546,新联电子,0,24,24,BaoStock(单源),0,0
002547,*ST春兴,0,24,24,BaoStock(单源),0,0
002548,金新农,0,24,24,BaoStock(单源),0,0
002549,凯美特气,0,24,24,BaoStock(单源),0,0
002550,千红制药,0,24,24,BaoStock(单源),0,0
002551,尚荣医疗,0,24,24,BaoStock(单源),0,0
002552,宝鼎科技,0,24,24,BaoStock(单源),0,0
002553,南方精工,0,24,24,BaoStock(单源),0,0
002554,惠博普,0,24,24,BaoStock(单源),0,0
002555,三七互娱,0,24,24,BaoStock(单源),0,0
002556,辉隆股份,0,24,24,BaoStock(单源),0,0
002557,洽洽食品,0,24,24,BaoStock(单源),0,0
002558,巨人网络,0,24,24,BaoStock(单源),0,0
002559,亚威股份,0,24,24,BaoStock(单源),0,0
002343,慈文传媒,0,24,24,BaoStock(单源),0,0
002344,海宁皮城,0,24,24,BaoStock(单源),0,0
002345,潮宏基,0,24,24,BaoStock(单源),0,0
002346,柘中股份,0,24,24,BaoStock(单源),0,0
002347,泰尔股份,0,24,24,BaoStock(单源),0,0
002348,高乐股份,0,24,24,BaoStock(单源),0,0
002349,精华制药,0,24,24,BaoStock(单源),0,0
002350,北京科锐,0,24,24,BaoStock(单源),0,0
002351,漫步者,0,24,24,BaoStock(单源),0,0
002352,顺丰控股,0,24,24,BaoStock(单源),0,0
002353,杰瑞股份,0,24,24,BaoStock(单源),0,0
002354,天娱数科,0,0,0,BaoStock(单源),0,0
002355,兴民智通,0,0,0,BaoStock(单源),0,0
002356,赫美集团,0,24,24,BaoStock(单源),0,0
002357,富临运业,0,24,24,BaoStock(单源),0,0
002358,森源电气,0,24,24,BaoStock(单源),0,0
002360,ST同德,0,24,24,BaoStock(单源),0,0
002361,神剑股份,0,24,24,BaoStock(单源),0,0
002362,汉王科技,0,24,24,BaoStock(单源),0,0
002363,隆基机械,0,24,24,BaoStock(单源),0,0
002364,中恒电气,0,24,24,BaoStock(单源),0,0
002365,永安药业,0,24,24,BaoStock(单源),0,0
002366,融发核电,0,0,0,BaoStock(单源),0,0
002367,康力电梯,0,24,24,BaoStock(单源),0,0
002368,太极股份,0,24,24,BaoStock(单源),0,0
002369,卓翼科技,0,24,24,BaoStock(单源),0,0
002370,亚太药业,0,24,24,BaoStock(单源),0,0
002371,北方华创,0,24,24,BaoStock(单源),0,0
002372,伟星新材,0,24,24,BaoStock(单源),0,0
002373,千方科技,0,24,24,BaoStock(单源),0,0
002374,中锐股份,0,24,24,BaoStock(单源),0,0
002375,亚厦股份,0,24,24,BaoStock(单源),0,0
002376,新北洋,0,24,24,BaoStock(单源),0,0
002377,国创高新,0,24,24,BaoStock(单源),0,0
002378,章源钨业,0,0,0,BaoStock(单源),0,0
002379,宏桥控股,0,24,24,BaoStock(单源),0,0
002380,科远智慧,0,24,24,BaoStock(单源),0,0
002381,双箭股份,0,24,24,BaoStock(单源),0,0
002382,蓝帆医疗,0,24,24,BaoStock(单源),0,0
002383,合众思壮,0,0,0,BaoStock(单源),0,0
002384,东山精密,0,24,24,BaoStock(单源),0,0
002385,大北农,0,24,24,BaoStock(单源),0,0
002386,天原股份,0,24,24,BaoStock(单源),0,0
002387,维信诺,0,24,24,BaoStock(单源),0,0
002388,新亚制程,0,24,24,BaoStock(单源),0,0
002389,航天彩虹,0,24,24,BaoStock(单源),0,0
002390,信邦制药,0,24,24,BaoStock(单源),0,0
002391,长青股份,0,24,24,BaoStock(单源),0,0
002392,北京利尔,0,24,24,BaoStock(单源),0,0
002393,力生制药,0,24,24,BaoStock(单源),0,0
002449,国星光电,0,24,24,BaoStock(单源),0,0
002451,摩恩电气,0,24,24,BaoStock(单源),0,0
002452,长高电新,0,24,24,BaoStock(单源),0,0
002453,华软科技,0,24,24,BaoStock(单源),0,0
002454,松芝股份,0,0,0,BaoStock(单源),0,0
002455,百川股份,0,0,0,BaoStock(单源),0,0
002456,欧菲光,0,24,24,BaoStock(单源),0,0
002457,青龙管业,0,24,24,BaoStock(单源),0,0
002458,益生股份,0,24,24,BaoStock(单源),0,0
002459,晶澳科技,0,24,24,BaoStock(单源),0,0
002460,赣锋锂业,0,24,24,BaoStock(单源),0,0
002461,珠江啤酒,0,24,24,BaoStock(单源),0,0
002462,嘉事堂,0,24,24,BaoStock(单源),0,0
002463,沪电股份,0,24,24,BaoStock(单源),0,0
002465,海格通信,0,24,24,BaoStock(单源),0,0
002466,天齐锂业,0,24,24,BaoStock(单源),0,0
002467,二六三,0,24,24,BaoStock(单源),0,0
002468,申通快递,0,24,24,BaoStock(单源),0,0
002469,三维化学,0,24,24,BaoStock(单源),0,0
002470,金正大,0,24,24,BaoStock(单源),0,0
002471,中超控股,0,24,24,BaoStock(单源),0,0
002472,双环传动,0,24,24,BaoStock(单源),0,0
002474,榕基软件,0,24,24,BaoStock(单源),0,0
002475,立讯精密,0,24,24,BaoStock(单源),0,0
002476,宝莫股份,0,24,24,BaoStock(单源),0,0
002478,常宝股份,0,24,24,BaoStock(单源),0,0
002479,富春环保,0,24,24,BaoStock(单源),0,0
002480,新筑股份,0,24,24,BaoStock(单源),0,0
002481,双塔食品,0,24,24,BaoStock(单源),0,0
002482,广田集团,0,24,24,BaoStock(单源),0,0
002483,润邦股份,0,24,24,BaoStock(单源),0,0
002484,江海股份,0,24,24,BaoStock(单源),0,0
002485,ST雪发,0,24,24,BaoStock(单源),0,0
002486,嘉麟杰,0,24,24,BaoStock(单源),0,0
002487,大金重工,0,24,24,BaoStock(单源),0,0
002488,金固股份,0,24,24,BaoStock(单源),0,0
002489,浙江永强,0,24,24,BaoStock(单源),0,0
002490,山东墨龙,0,24,24,BaoStock(单源),0,0
002491,通鼎互联,0,24,24,BaoStock(单源),0,0
002492,恒基达鑫,0,24,24,BaoStock(单源),0,0
002493,荣盛石化,0,24,24,BaoStock(单源),0,0
002494,华斯股份,0,24,24,BaoStock(单源),0,0
002495,佳隆股份,0,24,24,BaoStock(单源),0,0
002496,*ST辉丰,0,0,0,BaoStock(单源),0,0
002497,雅化集团,0,24,24,BaoStock(单源),0,0
002498,汉缆股份,0,24,24,BaoStock(单源),0,0
002500,山西证券,0,24,24,BaoStock(单源),0,0
002501,*ST利源,0,24,24,BaoStock(单源),0,0
002506,协鑫集成,0,24,24,BaoStock(单源),0,0
002507,涪陵榨菜,0,24,24,BaoStock(单源),0,0
002560,通达股份,0,24,24,BaoStock(单源),0,0
002561,徐家汇,0,24,24,BaoStock(单源),0,0
002562,兄弟科技,0,24,24,BaoStock(单源),0,0
002563,森马服饰,0,24,24,BaoStock(单源),0,0
002564,天沃科技,0,24,24,BaoStock(单源),0,0
002565,顺灏股份,0,24,24,BaoStock(单源),0,0
002566,益盛药业,0,24,24,BaoStock(单源),0,0
002567,唐人神,0,0,0,BaoStock(单源),0,0
002568,百润股份,0,0,0,BaoStock(单源),0,0
002569,*ST步森,0,24,24,BaoStock(单源),0,0
002570,贝因美,0,24,24,BaoStock(单源),0,0
002571,德力股份,0,24,24,BaoStock(单源),0,0
002572,索菲亚,0,24,24,BaoStock(单源),0,0
002573,清新环境,0,24,24,BaoStock(单源),0,0
002574,明牌珠宝,0,24,24,BaoStock(单源),0,0
002575,群兴玩具,0,24,24,BaoStock(单源),0,0
002576,通达动力,0,24,24,BaoStock(单源),0,0
002577,雷柏科技,0,24,24,BaoStock(单源),0,0
002578,闽发铝业,0,24,24,BaoStock(单源),0,0
002579,中京电子,0,24,24,BaoStock(单源),0,0
002580,圣阳股份,0,24,24,BaoStock(单源),0,0
002581,*ST未名,0,24,24,BaoStock(单源),0,0
002582,好想你,0,24,24,BaoStock(单源),0,0
002583,海能达,0,24,24,BaoStock(单源),0,0
002584,西陇科学,0,24,24,BaoStock(单源),0,0
002585,双星新材,0,0,0,BaoStock(单源),0,0
002586,ST围海,0,0,0,BaoStock(单源),0,0
002587,奥拓电子,0,0,0,BaoStock(单源),0,0
002588,史丹利,0,0,0,BaoStock(单源),0,0
002589,瑞康医药,0,0,0,BaoStock(单源),0,0
002590,万安科技,0,24,24,BaoStock(单源),0,0
002591,恒大高新,0,24,24,BaoStock(单源),0,0
002592,ST八菱,0,24,24,BaoStock(单源),0,0
002593,日上集团,0,24,24,BaoStock(单源),0,0
002594,比亚迪,0,24,24,BaoStock(单源),0,0
002595,豪迈科技,0,24,24,BaoStock(单源),0,0
002596,海南瑞泽,0,24,24,BaoStock(单源),0,0
002597,金禾实业,0,24,24,BaoStock(单源),0,0
002598,ST章鼓,0,24,24,BaoStock(单源),0,0
002599,盛通股份,0,24,24,BaoStock(单源),0,0
002600,领益智造,0,24,24,BaoStock(单源),0,0
002601,龙佰集团,0,24,24,BaoStock(单源),0,0
002602,世纪华通,0,24,24,BaoStock(单源),0,0
002603,以岭药业,0,24,24,BaoStock(单源),0,0
002605,姚记科技,0,24,24,BaoStock(单源),0,0
002606,大连电瓷,0,24,24,BaoStock(单源),0,0
002607,中公教育,0,24,24,BaoStock(单源),0,0
002608,江苏国信,0,24,24,BaoStock(单源),0,0
002609,捷顺科技,0,24,24,BaoStock(单源),0,0
002611,东方精工,0,24,24,BaoStock(单源),0,0
002666,德联集团,0,0,0,BaoStock(单源),0,0
002667,*ST威领,0,0,0,BaoStock(单源),0,0
002668,TCL智家,0,24,24,BaoStock(单源),0,0
002669,康达新材,0,24,24,BaoStock(单源),0,0
002670,国盛证券,0,24,24,BaoStock(单源),0,0
002671,龙泉股份,0,24,24,BaoStock(单源),0,0
002672,东江环保,0,24,24,BaoStock(单源),0,0
002673,西部证券,0,24,24,BaoStock(单源),0,0
002674,兴业科技,0,24,24,BaoStock(单源),0,0
002675,东诚药业,0,24,24,BaoStock(单源),0,0
002676,顺威股份,0,24,24,BaoStock(单源),0,0
002677,浙江美大,0,24,24,BaoStock(单源),0,0
002678,珠江钢琴,0,24,24,BaoStock(单源),0,0
002679,福建金森,0,24,24,BaoStock(单源),0,0
002681,奋达科技,0,24,24,BaoStock(单源),0,0
002682,龙洲股份,0,24,24,BaoStock(单源),0,0
002683,广东宏大,0,24,24,BaoStock(单源),0,0
002685,华东重机,0,24,24,BaoStock(单源),0,0
002686,亿利达,0,24,24,BaoStock(单源),0,0
002687,乔治白,0,24,24,BaoStock(单源),0,0
002688,金河生物,0,24,24,BaoStock(单源),0,0
002689,ST远智,0,24,24,BaoStock(单源),0,0
002690,美亚光电,0,0,0,BaoStock(单源),0,0
002691,*ST冀凯,0,0,0,BaoStock(单源),0,0
002692,远程股份,0,24,24,BaoStock(单源),0,0
002693,*ST双成,0,24,24,BaoStock(单源),0,0
002694,*ST顾地,0,24,24,BaoStock(单源),0,0
002695,煌上煌,0,24,24,BaoStock(单源),0,0
002696,百洋股份,0,24,24,BaoStock(单源),0,0
002697,红旗连锁,0,24,24,BaoStock(单源),0,0
002698,博实股份,0,24,24,BaoStock(单源),0,0
002700,万憬能源,0,24,24,BaoStock(单源),0,0
002701,奥瑞金,0,24,24,BaoStock(单源),0,0
002702,海欣食品,0,24,24,BaoStock(单源),0,0
002703,浙江世宝,0,24,24,BaoStock(单源),0,0
002705,新宝股份,0,24,24,BaoStock(单源),0,0
002706,良信股份,0,24,24,BaoStock(单源),0,0
002707,众信旅游,0,24,24,BaoStock(单源),0,0
002708,光洋股份,0,24,24,BaoStock(单源),0,0
002709,天赐材料,0,24,24,BaoStock(单源),0,0
002712,思美传媒,0,24,24,BaoStock(单源),0,0
002713,*ST东易,0,24,24,BaoStock(单源),0,0
002714,牧原股份,0,24,24,BaoStock(单源),0,0
002715,登云股份,0,24,24,BaoStock(单源),0,0
002716,湖南白银,0,24,24,BaoStock(单源),0,0
002717,*ST岭南,0,24,24,BaoStock(单源),0,0
002718,友邦吊顶,0,24,24,BaoStock(单源),0,0
002719,ST麦趣,0,24,24,BaoStock(单源),0,0
002721,金一文化,0,24,24,BaoStock(单源),0,0
002722,物产金轮,0,24,24,BaoStock(单源),0,0
002723,小崧股份,0,24,24,BaoStock(单源),0,0
002724,海洋王,0,24,24,BaoStock(单源),0,0
002725,跃岭股份,0,24,24,BaoStock(单源),0,0
002726,ST龙大,0,24,24,BaoStock(单源),0,0
002727,一心堂,0,24,24,BaoStock(单源),0,0
002728,特一药业,0,24,24,BaoStock(单源),0,0
002729,好利科技,0,24,24,BaoStock(单源),0,0
002730,电光科技,0,24,24,BaoStock(单源),0,0
002731,ST萃华,0,24,24,BaoStock(单源),0,0
002732,燕塘乳业,0,24,24,BaoStock(单源),0,0
002733,雄韬股份,0,24,24,BaoStock(单源),0,0
002734,利民股份,0,24,24,BaoStock(单源),0,0
002735,王子新材,0,24,24,BaoStock(单源),0,0
002736,国信证券,0,24,24,BaoStock(单源),0,0
002737,葵花药业,0,24,24,BaoStock(单源),0,0
002738,中矿资源,0,24,24,BaoStock(单源),0,0
002739,儒意电影,0,24,24,BaoStock(单源),0,0
002741,光华科技,0,24,24,BaoStock(单源),0,0
002742,三圣股份,0,24,24,BaoStock(单源),0,0
002743,富煌钢构,0,24,24,BaoStock(单源),0,0
002745,木林森,0,24,24,BaoStock(单源),0,0
002746,仙坛股份,0,24,24,BaoStock(单源),0,0
002747,埃斯顿,0,24,24,BaoStock(单源),0,0
002748,世龙实业,0,24,24,BaoStock(单源),0,0
002749,国光股份,0,24,24,BaoStock(单源),0,0
002752,昇兴股份,0,24,24,BaoStock(单源),0,0
002753,永东股份,0,24,24,BaoStock(单源),0,0
002755,奥赛康,0,24,24,BaoStock(单源),0,0
002756,永兴材料,0,24,24,BaoStock(单源),0,0
002757,南兴股份,0,24,24,BaoStock(单源),0,0
002758,浙农股份,0,24,24,BaoStock(单源),0,0
002759,天际股份,0,24,24,BaoStock(单源),0,0
002760,凤形股份,0,24,24,BaoStock(单源),0,0
002761,浙江建投,0,24,24,BaoStock(单源),0,0
002762,*ST金比,0,24,24,BaoStock(单源),0,0
002763,汇洁股份,0,24,24,BaoStock(单源),0,0
002765,蓝黛科技,0,24,24,BaoStock(单源),0,0
002766,索菱股份,0,24,24,BaoStock(单源),0,0
002767,先锋电子,0,24,24,BaoStock(单源),0,0
002768,国恩股份,0,24,24,BaoStock(单源),0,0
002769,普路通,0,24,24,BaoStock(单源),0,0
002771,真视通,0,24,24,BaoStock(单源),0,0
002772,众兴菌业,0,24,24,BaoStock(单源),0,0
002773,康弘药业,0,24,24,BaoStock(单源),0,0
002774,快意电梯,0,24,24,BaoStock(单源),0,0
002775,文科股份,0,24,24,BaoStock(单源),0,0
002777,久远银海,0,24,24,BaoStock(单源),0,0
002778,中晟高科,0,24,24,BaoStock(单源),0,0
002779,中坚科技,0,24,24,BaoStock(单源),0,0
002780,三夫户外,0,24,24,BaoStock(单源),0,0
002782,可立克,0,24,24,BaoStock(单源),0,0
002783,凯龙股份,0,24,24,BaoStock(单源),0,0
002785,万里石,0,24,24,BaoStock(单源),0,0
002786,银宝山新,0,24,24,BaoStock(单源),0,0
002787,华源控股,0,24,24,BaoStock(单源),0,0
002788,鹭燕医药,0,24,24,BaoStock(单源),0,0
002789,*ST建艺,0,24,24,BaoStock(单源),0,0
002790,瑞尔特,0,24,24,BaoStock(单源),0,0
002791,坚朗五金,0,24,24,BaoStock(单源),0,0
002792,通宇通讯,0,24,24,BaoStock(单源),0,0
002793,罗欣药业,0,24,24,BaoStock(单源),0,0
002795,永和智控,0,0,0,BaoStock(单源),0,0
002796,世嘉科技,0,24,24,BaoStock(单源),0,0
002797,第一创业,0,24,24,BaoStock(单源),0,0
002798,帝欧水华,0,24,24,BaoStock(单源),0,0
002799,环球印务,0,24,24,BaoStock(单源),0,0
002800,天顺股份,0,24,24,BaoStock(单源),0,0
002801,微光股份,0,24,24,BaoStock(单源),0,0
002802,洪汇新材,0,24,24,BaoStock(单源),0,0
002803,吉宏股份,0,24,24,BaoStock(单源),0,0
002805,丰元股份,0,24,24,BaoStock(单源),0,0
002806,华锋股份,0,24,24,BaoStock(单源),0,0
002807,江阴银行,0,24,24,BaoStock(单源),0,0
002808,*ST恒久,0,24,24,BaoStock(单源),0,0
002809,红墙股份,0,24,24,BaoStock(单源),0,0
002810,山东赫达,0,24,24,BaoStock(单源),0,0
002811,郑中设计,0,24,24,BaoStock(单源),0,0
002812,恩捷股份,0,24,24,BaoStock(单源),0,0
002813,路畅科技,0,24,24,BaoStock(单源),0,0
002815,崇达技术,0,24,24,BaoStock(单源),0,0
002816,*ST和科,0,24,24,BaoStock(单源),0,0
002817,黄山胶囊,0,24,24,BaoStock(单源),0,0
002818,富森美,0,24,24,BaoStock(单源),0,0
002819,东方中科,0,24,24,BaoStock(单源),0,0
002820,桂发祥,0,24,24,BaoStock(单源),0,0
002821,凯莱英,0,24,24,BaoStock(单源),0,0
002822,ST中装,0,24,24,BaoStock(单源),0,0
002823,凯中精密,0,24,24,BaoStock(单源),0,0
002824,和胜股份,0,0,0,BaoStock(单源),0,0
002825,纳尔股份,0,24,24,BaoStock(单源),0,0
002826,易明医药,0,24,24,BaoStock(单源),0,0
002827,高争民爆,0,24,24,BaoStock(单源),0,0
002828,贝肯能源,0,24,24,BaoStock(单源),0,0
002829,星网宇达,0,24,24,BaoStock(单源),0,0
002830,名雕股份,0,24,24,BaoStock(单源),0,0
002831,裕同科技,0,24,24,BaoStock(单源),0,0
002832,比音勒芬,0,24,24,BaoStock(单源),0,0
002833,弘亚数控,0,24,24,BaoStock(单源),0,0
002835,同为股份,0,24,24,BaoStock(单源),0,0
002836,新宏泽,0,24,24,BaoStock(单源),0,0
002890,弘宇股份,0,24,24,BaoStock(单源),0,0
002891,中宠股份,0,24,24,BaoStock(单源),0,0
002892,科力尔,0,24,24,BaoStock(单源),0,0
002893,京能热力,0,24,24,BaoStock(单源),0,0
002895,川恒股份,0,24,24,BaoStock(单源),0,0
002896,中大力德,0,24,24,BaoStock(单源),0,0
002897,意华股份,0,24,24,BaoStock(单源),0,0
002898,*ST赛隆,0,24,24,BaoStock(单源),0,0
002899,英派斯,0,24,24,BaoStock(单源),0,0
002900,哈三联,0,24,24,BaoStock(单源),0,0
002901,大博医疗,0,24,24,BaoStock(单源),0,0
002902,铭普光磁,0,24,24,BaoStock(单源),0,0
002903,宇环数控,0,24,24,BaoStock(单源),0,0
002905,金逸影视,0,24,24,BaoStock(单源),0,0
002906,华阳集团,0,24,24,BaoStock(单源),0,0
002907,华森制药,0,24,24,BaoStock(单源),0,0
002908,德生科技,0,24,24,BaoStock(单源),0,0
002909,集泰股份,0,24,24,BaoStock(单源),0,0
002910,庄园牧场,0,24,24,BaoStock(单源),0,0
002911,佛燃能源,0,24,24,BaoStock(单源),0,0
002912,中新赛克,0,24,24,BaoStock(单源),0,0
002913,奥士康,0,24,24,BaoStock(单源),0,0
002915,中欣氟材,0,24,24,BaoStock(单源),0,0
002916,深南电路,0,24,24,BaoStock(单源),0,0
002917,金奥博,0,24,24,BaoStock(单源),0,0
002918,蒙娜丽莎,0,24,24,BaoStock(单源),0,0
002919,名臣健康,0,24,24,BaoStock(单源),0,0
002920,德赛西威,0,24,24,BaoStock(单源),0,0
002921,联诚精密,0,0,0,BaoStock(单源),0,0
002922,伊戈尔,0,24,24,BaoStock(单源),0,0
002923,润都股份,0,24,24,BaoStock(单源),0,0
002925,盈趣科技,0,24,24,BaoStock(单源),0,0
002926,华西证券,0,24,24,BaoStock(单源),0,0
002927,泰永长征,0,24,24,BaoStock(单源),0,0
002928,华夏航空,0,24,24,BaoStock(单源),0,0
002929,润建股份,0,24,24,BaoStock(单源),0,0
002930,宏川智慧,0,24,24,BaoStock(单源),0,0
002931,锋龙股份,0,24,24,BaoStock(单源),0,0
002932,*ST明德,0,24,24,BaoStock(单源),0,0
002933,新兴装备,0,24,24,BaoStock(单源),0,0
002935,天奥电子,0,24,24,BaoStock(单源),0,0
002936,郑州银行,0,24,24,BaoStock(单源),0,0
002937,兴瑞科技,0,24,24,BaoStock(单源),0,0
002938,鹏鼎控股,0,24,24,BaoStock(单源),0,0
002939,长城证券,0,24,24,BaoStock(单源),0,0
002940,昂利康,0,24,24,BaoStock(单源),0,0
002941,新疆交建,0,24,24,BaoStock(单源),0,0
002942,新农股份,0,24,24,BaoStock(单源),0,0
002943,宇晶股份,0,24,24,BaoStock(单源),0,0
002945,华林证券,0,0,0,BaoStock(单源),0,0
002837,英维克,0,24,24,BaoStock(单源),0,0
002838,道恩股份,0,24,24,BaoStock(单源),0,0
002839,张家港行,0,24,24,BaoStock(单源),0,0
002840,华统股份,0,24,24,BaoStock(单源),0,0
002841,视源股份,0,24,24,BaoStock(单源),0,0
002842,翔鹭钨业,0,24,24,BaoStock(单源),0,0
002843,泰嘉股份,0,24,24,BaoStock(单源),0,0
002845,同兴达,0,24,24,BaoStock(单源),0,0
002846,英联股份,0,24,24,BaoStock(单源),0,0
002847,盐津铺子,0,24,24,BaoStock(单源),0,0
002848,*ST高斯,0,24,24,BaoStock(单源),0,0
002849,威星智能,0,24,24,BaoStock(单源),0,0
002850,科达利,0,24,24,BaoStock(单源),0,0
002851,麦格米特,0,24,24,BaoStock(单源),0,0
002852,道道全,0,24,24,BaoStock(单源),0,0
002853,皮阿诺,0,24,24,BaoStock(单源),0,0
002855,捷荣技术,0,24,24,BaoStock(单源),0,0
002856,*ST美芝,0,24,24,BaoStock(单源),0,0
002857,三晖电气,0,24,24,BaoStock(单源),0,0
002858,力盛体育,0,24,24,BaoStock(单源),0,0
002859,洁美科技,0,24,24,BaoStock(单源),0,0
002860,星帅尔,0,24,24,BaoStock(单源),0,0
002861,瀛通通讯,0,24,24,BaoStock(单源),0,0
002862,实丰文化,0,24,24,BaoStock(单源),0,0
002863,今飞凯达,0,24,24,BaoStock(单源),0,0
002864,盘龙药业,0,24,24,BaoStock(单源),0,0
002865,钧达股份,0,24,24,BaoStock(单源),0,0
002866,传艺科技,0,24,24,BaoStock(单源),0,0
002867,周大生,0,24,24,BaoStock(单源),0,0
002868,*ST绿康,0,24,24,BaoStock(单源),0,0
002869,金溢科技,0,24,24,BaoStock(单源),0,0
002870,香山股份,0,24,24,BaoStock(单源),0,0
002871,伟隆股份,0,24,24,BaoStock(单源),0,0
002872,ST天圣,0,24,24,BaoStock(单源),0,0
002873,新天药业,0,0,0,BaoStock(单源),0,0
002875,安奈儿,0,24,24,BaoStock(单源),0,0
002876,三利谱,0,24,24,BaoStock(单源),0,0
002877,智能自控,0,24,24,BaoStock(单源),0,0
002878,元隆雅图,0,24,24,BaoStock(单源),0,0
002879,长缆科技,0,24,24,BaoStock(单源),0,0
002880,卫光生物,0,24,24,BaoStock(单源),0,0
002881,美格智能,0,24,24,BaoStock(单源),0,0
002882,金龙羽,0,24,24,BaoStock(单源),0,0
002883,*ST中设,0,24,24,BaoStock(单源),0,0
002884,凌霄泵业,0,24,24,BaoStock(单源),0,0
002885,京泉华,0,24,24,BaoStock(单源),0,0
002886,沃特股份,0,24,24,BaoStock(单源),0,0
002887,绿茵生态,0,24,24,BaoStock(单源),0,0
002888,惠威科技,0,24,24,BaoStock(单源),0,0
002889,东方嘉盛,0,24,24,BaoStock(单源),0,0
002946,新乳业,0,24,24,BaoStock(单源),0,0
002947,恒铭达,0,24,24,BaoStock(单源),0,0
002948,青岛银行,0,24,24,BaoStock(单源),0,0
002949,华阳国际,0,24,24,BaoStock(单源),0,0
002950,奥美医疗,0,24,24,BaoStock(单源),0,0
002951,金时科技,0,24,24,BaoStock(单源),0,0
002952,亚世光电,0,24,24,BaoStock(单源),0,0
002953,日丰股份,0,24,24,BaoStock(单源),0,0
002955,鸿合科技,0,24,24,BaoStock(单源),0,0
002956,西麦食品,0,24,24,BaoStock(单源),0,0
002957,科瑞技术,0,24,24,BaoStock(单源),0,0
002958,青农商行,0,24,24,BaoStock(单源),0,0
002959,小熊电器,0,24,24,BaoStock(单源),0,0
002960,青鸟智控,0,24,24,BaoStock(单源),0,0
002961,瑞达期货,0,24,24,BaoStock(单源),0,0
002962,五方光电,0,24,24,BaoStock(单源),0,0
002963,豪尔赛,0,24,24,BaoStock(单源),0,0
002965,祥鑫科技,0,24,24,BaoStock(单源),0,0
002966,苏州银行,0,24,24,BaoStock(单源),0,0
002967,广电计量,0,24,24,BaoStock(单源),0,0
002968,新大正,0,24,24,BaoStock(单源),0,0
002969,嘉美包装,0,24,24,BaoStock(单源),0,0
002970,锐明技术,0,24,24,BaoStock(单源),0,0
002971,和远气体,0,24,24,BaoStock(单源),0,0
002972,科安达,0,24,24,BaoStock(单源),0,0
002973,侨银股份,0,24,24,BaoStock(单源),0,0
002975,博杰股份,0,24,24,BaoStock(单源),0,0
002976,瑞玛精密,0,24,24,BaoStock(单源),0,0
002977,*ST天箭,0,0,0,BaoStock(单源),0,0
002978,安宁股份,0,24,24,BaoStock(单源),0,0
002979,雷赛智能,0,24,24,BaoStock(单源),0,0
002980,华盛昌,0,24,24,BaoStock(单源),0,0
002981,朝阳科技,0,24,24,BaoStock(单源),0,0
002982,湘佳股份,0,24,24,BaoStock(单源),0,0
002983,芯瑞达,0,24,24,BaoStock(单源),0,0
002984,森麒麟,0,24,24,BaoStock(单源),0,0
002985,北摩高科,0,24,24,BaoStock(单源),0,0
002986,宇新股份,0,24,24,BaoStock(单源),0,0
002987,京北方,0,24,24,BaoStock(单源),0,0
002988,豪美新材,0,0,0,BaoStock(单源),0,0
002989,中天精装,0,0,0,BaoStock(单源),0,0
002990,盛视科技,0,0,0,BaoStock(单源),0,0
002991,甘源食品,0,0,0,BaoStock(单源),0,0
002992,宝明科技,0,0,0,BaoStock(单源),0,0
002993,奥海科技,0,24,24,BaoStock(单源),0,0
002995,天地在线,0,24,24,BaoStock(单源),0,0
002996,顺博合金,0,24,24,BaoStock(单源),0,0
002997,瑞鹄模具,0,24,24,BaoStock(单源),0,0
002998,优彩资源,0,24,24,BaoStock(单源),0,0
002999,天禾股份,0,24,24,BaoStock(单源),0,0
300009,安科生物,0,24,24,BaoStock(单源),0,0
300010,ST豆神,0,24,24,BaoStock(单源),0,0
300011,鼎汉技术,0,24,24,BaoStock(单源),0,0
300012,华测检测,0,24,24,BaoStock(单源),0,0
300013,新宁物流,0,24,24,BaoStock(单源),0,0
300014,亿纬锂能,0,24,24,BaoStock(单源),0,0
300015,爱尔眼科,0,24,24,BaoStock(单源),0,0
300016,北陆药业,0,24,24,BaoStock(单源),0,0
300017,网宿科技,0,24,24,BaoStock(单源),0,0
300018,中元股份,0,0,0,BaoStock(单源),0,0
300019,硅宝科技,0,0,0,BaoStock(单源),0,0
300020,ST银江,0,24,24,BaoStock(单源),0,0
300021,大禹节水,0,24,24,BaoStock(单源),0,0
300022,吉峰科技,0,24,24,BaoStock(单源),0,0
300024,机器人,0,24,24,BaoStock(单源),0,0
300025,华星创业,0,24,24,BaoStock(单源),0,0
300026,红日药业,0,24,24,BaoStock(单源),0,0
300027,ST华谊,0,24,24,BaoStock(单源),0,0
300029,*ST天龙,0,24,24,BaoStock(单源),0,0
300030,阳普医疗,0,24,24,BaoStock(单源),0,0
300031,宝通科技,0,24,24,BaoStock(单源),0,0
300032,金龙机电,0,24,24,BaoStock(单源),0,0
300033,同花顺,0,24,24,BaoStock(单源),0,0
300034,钢研高纳,0,24,24,BaoStock(单源),0,0
300035,中科电气,0,24,24,BaoStock(单源),0,0
300036,超图软件,0,24,24,BaoStock(单源),0,0
300037,新宙邦,0,0,0,BaoStock(单源),0,0
300039,上海凯宝,0,24,24,BaoStock(单源),0,0
300040,九洲集团,0,24,24,BaoStock(单源),0,0
300041,回天新材,0,24,24,BaoStock(单源),0,0
300042,朗科科技,0,24,24,BaoStock(单源),0,0
300043,星辉娱乐,0,24,24,BaoStock(单源),0,0
300044,*ST赛为,0,24,24,BaoStock(单源),0,0
300045,华力创通,0,24,24,BaoStock(单源),0,0
300046,台基股份,0,24,24,BaoStock(单源),0,0
300047,天源迪科,0,24,24,BaoStock(单源),0,0
300048,合康新能,0,24,24,BaoStock(单源),0,0
300049,福瑞医科,0,24,24,BaoStock(单源),0,0
300050,世纪鼎利,0,24,24,BaoStock(单源),0,0
300051,琏升科技,0,24,24,BaoStock(单源),0,0
300052,中青宝,0,24,24,BaoStock(单源),0,0
300053,航宇微,0,24,24,BaoStock(单源),0,0
300054,鼎龙股份,0,24,24,BaoStock(单源),0,0
300055,万邦达,0,24,24,BaoStock(单源),0,0
300056,中创环保,0,24,24,BaoStock(单源),0,0
300057,万顺新材,0,24,24,BaoStock(单源),0,0
300058,蓝色光标,0,24,24,BaoStock(单源),0,0
300059,东方财富,0,24,24,BaoStock(单源),0,0
300061,旗天科技,0,24,24,BaoStock(单源),0,0
300062,中能电气,0,24,24,BaoStock(单源),0,0
003000,劲仔食品,0,24,24,BaoStock(单源),0,0
003001,中岩大地,0,24,24,BaoStock(单源),0,0
003002,壶化股份,0,24,24,BaoStock(单源),0,0
003003,天元股份,0,24,24,BaoStock(单源),0,0
003004,*ST声迅,0,24,24,BaoStock(单源),0,0
003005,竞业达,0,24,24,BaoStock(单源),0,0
003006,百亚股份,0,24,24,BaoStock(单源),0,0
003007,直真科技,0,24,24,BaoStock(单源),0,0
003008,开普检测,0,24,24,BaoStock(单源),0,0
003009,中天火箭,0,24,24,BaoStock(单源),0,0
003010,若羽臣,0,24,24,BaoStock(单源),0,0
003011,海象新材,0,24,24,BaoStock(单源),0,0
003012,东鹏控股,0,24,24,BaoStock(单源),0,0
003013,地铁设计,0,24,24,BaoStock(单源),0,0
003015,日久光电,0,24,24,BaoStock(单源),0,0
003016,欣贺股份,0,24,24,BaoStock(单源),0,0
003017,大洋生物,0,24,24,BaoStock(单源),0,0
003018,金富科技,0,24,24,BaoStock(单源),0,0
003019,宸展光电,0,24,24,BaoStock(单源),0,0
003020,立方制药,0,24,24,BaoStock(单源),0,0
003021,兆威机电,0,0,0,BaoStock(单源),0,0
003022,联泓新科,0,0,0,BaoStock(单源),0,0
003023,彩虹集团,0,24,24,BaoStock(单源),0,0
003025,思进智能,0,24,24,BaoStock(单源),0,0
003026,中晶科技,0,24,24,BaoStock(单源),0,0
003027,同兴科技,0,24,24,BaoStock(单源),0,0
003028,振邦智能,0,24,24,BaoStock(单源),0,0
003029,吉大正元,0,24,24,BaoStock(单源),0,0
003030,祖名股份,0,0,0,BaoStock(单源),0,0
003031,中瓷电子,0,24,24,BaoStock(单源),0,0
003032,*ST传智,0,24,24,BaoStock(单源),0,0
003033,征和工业,0,24,24,BaoStock(单源),0,0
003035,南网能源,0,24,24,BaoStock(单源),0,0
003036,泰坦股份,0,24,24,BaoStock(单源),0,0
003037,三和管桩,0,24,24,BaoStock(单源),0,0
003038,鑫铂股份,0,24,24,BaoStock(单源),0,0
003039,顺控发展,0,24,24,BaoStock(单源),0,0
003040,楚天龙,0,24,24,BaoStock(单源),0,0
003041,真爱美家,0,24,24,BaoStock(单源),0,0
003042,中农联合,0,24,24,BaoStock(单源),0,0
003043,华亚智能,0,24,24,BaoStock(单源),0,0
003816,中国广核,0,24,24,BaoStock(单源),0,0
300001,特锐德,0,24,24,BaoStock(单源),0,0
300002,神州泰岳,0,24,24,BaoStock(单源),0,0
300003,乐普医疗,0,24,24,BaoStock(单源),0,0
300004,南风股份,0,24,24,BaoStock(单源),0,0
300005,探路者,0,24,24,BaoStock(单源),0,0
300006,莱美药业,0,24,24,BaoStock(单源),0,0
300007,汉威科技,0,24,24,BaoStock(单源),0,0
300008,天海防务,0,0,0,BaoStock(单源),0,0
300063,天龙集团,0,24,24,BaoStock(单源),0,0
300065,海兰信,0,24,24,BaoStock(单源),0,0
300066,三川智慧,0,24,24,BaoStock(单源),0,0
300067,安诺其,0,24,24,BaoStock(单源),0,0
300068,ST南都,0,24,24,BaoStock(单源),0,0
300069,金利华电,0,24,24,BaoStock(单源),0,0
300070,碧水源,0,24,24,BaoStock(单源),0,0
300071,福石控股,0,24,24,BaoStock(单源),0,0
300072,海新能科,0,0,0,BaoStock(单源),0,0
300073,当升科技,0,0,0,BaoStock(单源),0,0
300074,华平股份,0,0,0,BaoStock(单源),0,0
300075,数字政通,0,24,24,BaoStock(单源),0,0
300076,*ST宁视,0,24,24,BaoStock(单源),0,0
300077,国民技术,0,24,24,BaoStock(单源),0,0
300078,思创智联,0,24,24,BaoStock(单源),0,0
300079,数码视讯,0,24,24,BaoStock(单源),0,0
300080,易成新能,0,24,24,BaoStock(单源),0,0
300081,ST恒信,0,24,24,BaoStock(单源),0,0
300082,奥克股份,0,24,24,BaoStock(单源),0,0
300083,创世纪,0,24,24,BaoStock(单源),0,0
300084,海默科技,0,24,24,BaoStock(单源),0,0
300085,银之杰,0,24,24,BaoStock(单源),0,0
300086,康芝药业,0,24,24,BaoStock(单源),0,0
300087,荃银高科,0,24,24,BaoStock(单源),0,0
300088,长信科技,0,24,24,BaoStock(单源),0,0
300091,*ST金灵,0,24,24,BaoStock(单源),0,0
300092,科新机电,0,24,24,BaoStock(单源),0,0
300093,*ST金刚,0,0,0,BaoStock(单源),0,0
300094,国联水产,0,0,0,BaoStock(单源),0,0
300095,华伍股份,0,24,24,BaoStock(单源),0,0
300096,ST易联众,0,24,24,BaoStock(单源),0,0
300097,智云股份,0,24,24,BaoStock(单源),0,0
300098,高新兴,0,24,24,BaoStock(单源),0,0
300099,尤洛卡,0,24,24,BaoStock(单源),0,0
300100,双林股份,0,24,24,BaoStock(单源),0,0
300101,振芯科技,0,24,24,BaoStock(单源),0,0
300102,乾照光电,0,24,24,BaoStock(单源),0,0
300103,达刚控股,0,24,24,BaoStock(单源),0,0
300105,龙源技术,0,24,24,BaoStock(单源),0,0
300106,西部牧业,0,24,24,BaoStock(单源),0,0
300107,建新股份,0,24,24,BaoStock(单源),0,0
300109,新开源,0,24,24,BaoStock(单源),0,0
300110,华仁药业,0,24,24,BaoStock(单源),0,0
300111,向日葵,0,24,24,BaoStock(单源),0,0
300112,万讯自控,0,24,24,BaoStock(单源),0,0
300113,顺网科技,0,24,24,BaoStock(单源),0,0
300115,长盈精密,0,24,24,BaoStock(单源),0,0
300118,东方日升,0,24,24,BaoStock(单源),0,0
300119,瑞普生物,0,24,24,BaoStock(单源),0,0
300120,经纬辉开,0,24,24,BaoStock(单源),0,0
300121,阳谷华泰,0,24,24,BaoStock(单源),0,0
300122,智飞生物,0,24,24,BaoStock(单源),0,0
300123,ST亚光,0,24,24,BaoStock(单源),0,0
300124,汇川技术,0,24,24,BaoStock(单源),0,0
300125,*ST聆达,0,24,24,BaoStock(单源),0,0
300126,锐奇股份,0,24,24,BaoStock(单源),0,0
300127,银河磁体,0,24,24,BaoStock(单源),0,0
300128,锦富技术,0,24,24,BaoStock(单源),0,0
300129,泰胜风能,0,24,24,BaoStock(单源),0,0
300130,新国都,0,24,24,BaoStock(单源),0,0
300131,英唐智控,0,24,24,BaoStock(单源),0,0
300132,青松股份,0,24,24,BaoStock(单源),0,0
300133,华策影视,0,24,24,BaoStock(单源),0,0
300134,大富科技,0,24,24,BaoStock(单源),0,0
300135,宝利国际,0,24,24,BaoStock(单源),0,0
300136,信维通信,0,24,24,BaoStock(单源),0,0
300137,先河环保,0,0,0,BaoStock(单源),0,0
300138,晨光生物,0,24,24,BaoStock(单源),0,0
300139,晓程科技,0,24,24,BaoStock(单源),0,0
300140,节能环境,0,24,24,BaoStock(单源),0,0
300141,和顺电气,0,24,24,BaoStock(单源),0,0
300142,沃森生物,0,24,24,BaoStock(单源),0,0
300143,盈康生命,0,24,24,BaoStock(单源),0,0
300144,宋城演艺,0,24,24,BaoStock(单源),0,0
300145,南方泵业,0,24,24,BaoStock(单源),0,0
300146,汤臣倍健,0,24,24,BaoStock(单源),0,0
300147,*ST香雪,0,24,24,BaoStock(单源),0,0
300148,天舟文化,0,24,24,BaoStock(单源),0,0
300149,睿智医药,0,24,24,BaoStock(单源),0,0
300150,世纪瑞尔,0,24,24,BaoStock(单源),0,0
300151,昌红科技,0,24,24,BaoStock(单源),0,0
300152,*ST动力,0,24,24,BaoStock(单源),0,0
300153,科泰电源,0,24,24,BaoStock(单源),0,0
300154,瑞凌股份,0,24,24,BaoStock(单源),0,0
300155,安居宝,0,24,24,BaoStock(单源),0,0
300157,新锦动力,0,24,24,BaoStock(单源),0,0
300158,振东制药,0,24,24,BaoStock(单源),0,0
300159,*ST新研,0,24,24,BaoStock(单源),0,0
300160,秀强股份,0,24,24,BaoStock(单源),0,0
300161,华中数控,0,24,24,BaoStock(单源),0,0
300162,雷曼光电,0,24,24,BaoStock(单源),0,0
300163,先锋新材,0,24,24,BaoStock(单源),0,0
300164,通源石油,0,24,24,BaoStock(单源),0,0
300165,天瑞仪器,0,24,24,BaoStock(单源),0,0
300166,东方国信,0,24,24,BaoStock(单源),0,0
300167,ST迪威迅,0,0,0,BaoStock(单源),0,0
300168,万达信息,0,0,0,BaoStock(单源),0,0
300169,天晟新材,0,0,0,BaoStock(单源),0,0
300170,汉得信息,0,0,0,BaoStock(单源),0,0
300171,东富龙,0,0,0,BaoStock(单源),0,0
300172,中电环保,0,24,24,BaoStock(单源),0,0
300173,ST福能,0,24,24,BaoStock(单源),0,0
300174,元力股份,0,24,24,BaoStock(单源),0,0
300175,ST朗源,0,24,24,BaoStock(单源),0,0
300176,鸿特科技,0,24,24,BaoStock(单源),0,0
300177,中海达,0,24,24,BaoStock(单源),0,0
300179,四方达,0,24,24,BaoStock(单源),0,0
300180,华峰超纤,0,24,24,BaoStock(单源),0,0
300181,佐力药业,0,24,24,BaoStock(单源),0,0
300182,捷成股份,0,24,24,BaoStock(单源),0,0
300183,东软载波,0,24,24,BaoStock(单源),0,0
300184,力源信息,0,24,24,BaoStock(单源),0,0
300185,通裕重工,0,24,24,BaoStock(单源),0,0
300187,永清环保,0,24,24,BaoStock(单源),0,0
300188,国投智能,0,24,24,BaoStock(单源),0,0
300189,神农种业,0,24,24,BaoStock(单源),0,0
300190,维尔利,0,24,24,BaoStock(单源),0,0
300191,潜能恒信,0,24,24,BaoStock(单源),0,0
300192,科德教育,0,24,24,BaoStock(单源),0,0
300193,佳士科技,0,24,24,BaoStock(单源),0,0
300194,福安药业,0,24,24,BaoStock(单源),0,0
300195,长荣股份,0,24,24,BaoStock(单源),0,0
300196,长海股份,0,0,0,BaoStock(单源),0,0
300197,节能铁汉,0,0,0,BaoStock(单源),0,0
300198,*ST纳川,0,0,0,BaoStock(单源),0,0
300199,翰宇药业,0,0,0,BaoStock(单源),0,0
300200,高盟新材,0,0,0,BaoStock(单源),0,0
300201,海伦哲,0,0,0,BaoStock(单源),0,0
300203,聚光科技,0,24,24,BaoStock(单源),0,0
300204,舒泰神,0,24,24,BaoStock(单源),0,0
300205,*ST天喻,0,24,24,BaoStock(单源),0,0
300206,理邦仪器,0,24,24,BaoStock(单源),0,0
300207,欣旺达,0,24,24,BaoStock(单源),0,0
300209,行云科技,0,24,24,BaoStock(单源),0,0
300210,森远股份,0,24,24,BaoStock(单源),0,0
300211,*ST亿通,0,24,24,BaoStock(单源),0,0
300212,*ST易录,0,24,24,BaoStock(单源),0,0
300213,佳讯飞鸿,0,24,24,BaoStock(单源),0,0
300214,日科化学,0,24,24,BaoStock(单源),0,0
300215,电科院,0,24,24,BaoStock(单源),0,0
300217,东方电热,0,24,24,BaoStock(单源),0,0
300218,安利股份,0,24,24,BaoStock(单源),0,0
300219,鸿利智汇,0,24,24,BaoStock(单源),0,0
300220,金运激光,0,24,24,BaoStock(单源),0,0
300221,银禧科技,0,24,24,BaoStock(单源),0,0
300222,科大智能,0,24,24,BaoStock(单源),0,0
300223,北京君正,0,24,24,BaoStock(单源),0,0
300224,正海磁材,0,24,24,BaoStock(单源),0,0
300225,*ST金泰,0,24,24,BaoStock(单源),0,0
300226,上海钢联,0,24,24,BaoStock(单源),0,0
300227,光韵达,0,24,24,BaoStock(单源),0,0
300228,富瑞特装,0,24,24,BaoStock(单源),0,0
300229,拓尔思,0,24,24,BaoStock(单源),0,0
300230,永利股份,0,0,0,BaoStock(单源),0,0
300231,银信科技,0,0,0,BaoStock(单源),0,0
300232,洲明科技,0,0,0,BaoStock(单源),0,0
300233,金城医药,0,0,0,BaoStock(单源),0,0
300234,开尔新材,0,0,0,BaoStock(单源),0,0
300235,方直科技,0,24,24,BaoStock(单源),0,0
300236,上海新阳,0,24,24,BaoStock(单源),0,0
300237,ST美晨,0,24,24,BaoStock(单源),0,0
300238,冠昊生物,0,24,24,BaoStock(单源),0,0
300239,东宝生物,0,24,24,BaoStock(单源),0,0
300240,飞力达,0,24,24,BaoStock(单源),0,0
300241,瑞丰光电,0,24,24,BaoStock(单源),0,0
300242,佳云科技,0,24,24,BaoStock(单源),0,0
300243,瑞丰高材,0,24,24,BaoStock(单源),0,0
300244,迪安诊断,0,24,24,BaoStock(单源),0,0
300245,ST天玑,0,24,24,BaoStock(单源),0,0
300246,宝莱特,0,24,24,BaoStock(单源),0,0
300247,融捷健康,0,24,24,BaoStock(单源),0,0
300248,新开普,0,24,24,BaoStock(单源),0,0
300249,依米康,0,24,24,BaoStock(单源),0,0
300250,初灵信息,0,24,24,BaoStock(单源),0,0
300251,光线传媒,0,24,24,BaoStock(单源),0,0
300252,金信诺,0,24,24,BaoStock(单源),0,0
300253,卫宁健康,0,24,24,BaoStock(单源),0,0
300254,仟源医药,0,24,24,BaoStock(单源),0,0
300255,常山药业,0,0,0,BaoStock(单源),0,0
300256,星星科技,0,0,0,BaoStock(单源),0,0
300257,开山股份,0,0,0,BaoStock(单源),0,0
300258,精锻科技,0,24,24,BaoStock(单源),0,0
300259,新天科技,0,24,24,BaoStock(单源),0,0
300260,新莱应材,0,24,24,BaoStock(单源),0,0
300261,雅本化学,0,24,24,BaoStock(单源),0,0
300263,隆华科技,0,24,24,BaoStock(单源),0,0
300264,佳创视讯,0,24,24,BaoStock(单源),0,0
300265,通光线缆,0,24,24,BaoStock(单源),0,0
300266,兴源环境,0,24,24,BaoStock(单源),0,0
300267,尔康制药,0,24,24,BaoStock(单源),0,0
300268,*ST佳沃,0,24,24,BaoStock(单源),0,0
300269,联建光电,0,24,24,BaoStock(单源),0,0
300270,中威电子,0,24,24,BaoStock(单源),0,0
300271,华宇软件,0,24,24,BaoStock(单源),0,0
300272,开能健康,0,24,24,BaoStock(单源),0,0
300274,阳光电源,0,24,24,BaoStock(单源),0,0
300275,梅安森,0,24,24,BaoStock(单源),0,0
300276,三丰智能,0,24,24,BaoStock(单源),0,0
300277,汽轮科技,0,24,24,BaoStock(单源),0,0
300278,华昌达,0,24,24,BaoStock(单源),0,0
002612,朗姿股份,0,24,24,BaoStock(单源),0,0
002613,北玻股份,0,24,24,BaoStock(单源),0,0
002614,奥佳华,0,24,24,BaoStock(单源),0,0
002615,哈尔斯,0,24,24,BaoStock(单源),0,0
002616,长青集团,0,0,0,BaoStock(单源),0,0
002617,露笑科技,0,0,0,BaoStock(单源),0,0
002620,*ST瑞和,0,24,24,BaoStock(单源),0,0
002622,皓宸医疗,0,24,24,BaoStock(单源),0,0
002623,亚玛顿,0,24,24,BaoStock(单源),0,0
002624,完美世界,0,24,24,BaoStock(单源),0,0
002625,光启技术,0,24,24,BaoStock(单源),0,0
002626,金达威,0,24,24,BaoStock(单源),0,0
002627,三峡旅游,0,24,24,BaoStock(单源),0,0
002628,成都路桥,0,24,24,BaoStock(单源),0,0
002629,仁智股份,0,24,24,BaoStock(单源),0,0
002630,*ST华西,0,24,24,BaoStock(单源),0,0
002631,德尔未来,0,24,24,BaoStock(单源),0,0
002632,道明光学,0,24,24,BaoStock(单源),0,0
002633,申科股份,0,24,24,BaoStock(单源),0,0
002634,*ST棒杰,0,24,24,BaoStock(单源),0,0
002635,安洁科技,0,24,24,BaoStock(单源),0,0
002636,金安国纪,0,24,24,BaoStock(单源),0,0
002637,赞宇科技,0,24,24,BaoStock(单源),0,0
002638,勤上股份,0,24,24,BaoStock(单源),0,0
002639,雪人集团,0,24,24,BaoStock(单源),0,0
002640,跨境通,0,0,0,BaoStock(单源),0,0
002641,公元股份,0,0,0,BaoStock(单源),0,0
002642,荣联科技,0,0,0,BaoStock(单源),0,0
002643,万润股份,0,0,0,BaoStock(单源),0,0
002644,佛慈制药,0,0,0,BaoStock(单源),0,0
002645,华宏科技,0,0,0,BaoStock(单源),0,0
002646,天佑德酒,0,0,0,BaoStock(单源),0,0
002647,仁东控股,0,0,0,BaoStock(单源),0,0
002648,卫星化学,0,0,0,BaoStock(单源),0,0
002649,博彦科技,0,0,0,BaoStock(单源),0,0
002650,ST加加,0,0,0,BaoStock(单源),0,0
002651,利君股份,0,0,0,BaoStock(单源),0,0
002652,扬子新材,0,0,0,BaoStock(单源),0,0
002653,海思科,0,0,0,BaoStock(单源),0,0
002654,万润科技,0,0,0,BaoStock(单源),0,0
002655,共达电声,0,0,0,BaoStock(单源),0,0
002656,*ST摩登,0,0,0,BaoStock(单源),0,0
002657,中科金财,0,0,0,BaoStock(单源),0,0
002658,雪迪龙,0,0,0,BaoStock(单源),0,0
002659,凯文教育,0,0,0,BaoStock(单源),0,0
002660,茂硕电源,0,0,0,BaoStock(单源),0,0
002661,克明食品,0,0,0,BaoStock(单源),0,0
002662,峰璟股份,0,0,0,BaoStock(单源),0,0
002663,普邦股份,0,0,0,BaoStock(单源),0,0
002664,信质集团,0,0,0,BaoStock(单源),0,0
300337,银邦股份,0,24,24,BaoStock(单源),0,0
300338,*ST开元,0,24,24,BaoStock(单源),0,0
300339,润和软件,0,24,24,BaoStock(单源),0,0
300340,科恒股份,0,24,24,BaoStock(单源),0,0
300341,麦克奥迪,0,24,24,BaoStock(单源),0,0
300342,天银机电,0,24,24,BaoStock(单源),0,0
300343,ST联创,0,24,24,BaoStock(单源),0,0
300345,华民股份,0,24,24,BaoStock(单源),0,0
300346,南大光电,0,24,24,BaoStock(单源),0,0
300347,泰格医药,0,24,24,BaoStock(单源),0,0
300348,长亮科技,0,24,24,BaoStock(单源),0,0
300349,金卡智能,0,24,24,BaoStock(单源),0,0
300350,华鹏飞,0,0,0,BaoStock(单源),0,0
300351,永贵电器,0,0,0,BaoStock(单源),0,0
300352,ST信源,0,0,0,BaoStock(单源),0,0
300353,东土科技,0,0,0,BaoStock(单源),0,0
300354,东华测试,0,0,0,BaoStock(单源),0,0
300355,蒙草生态,0,0,0,BaoStock(单源),0,0
300357,我武生物,0,0,0,BaoStock(单源),0,0
300358,楚天科技,0,0,0,BaoStock(单源),0,0
300359,全通教育,0,24,24,BaoStock(单源),0,0
300360,炬华科技,0,24,24,BaoStock(单源),0,0
300363,博腾股份,0,24,24,BaoStock(单源),0,0
300364,中文在线,0,24,24,BaoStock(单源),0,0
300365,恒华科技,0,24,24,BaoStock(单源),0,0
300366,ST创意,0,24,24,BaoStock(单源),0,0
300368,汇金股份,0,24,24,BaoStock(单源),0,0
300369,绿盟科技,0,24,24,BaoStock(单源),0,0
300370,安控科技,0,24,24,BaoStock(单源),0,0
300371,汇中股份,0,24,24,BaoStock(单源),0,0
300373,扬杰科技,0,24,24,BaoStock(单源),0,0
300374,中铁装配,0,24,24,BaoStock(单源),0,0
300375,鹏翎股份,0,24,24,BaoStock(单源),0,0
300376,易事特,0,24,24,BaoStock(单源),0,0
300377,赢时胜,0,24,24,BaoStock(单源),0,0
300378,鼎捷数智,0,24,24,BaoStock(单源),0,0
300380,安硕信息,0,0,0,BaoStock(单源),0,0
300381,溢多利,0,0,0,BaoStock(单源),0,0
300382,斯莱克,0,0,0,BaoStock(单源),0,0
300383,光环新网,0,0,0,BaoStock(单源),0,0
300384,三联虹普,0,24,24,BaoStock(单源),0,0
300385,ST雪浪,0,24,24,BaoStock(单源),0,0
300386,飞天诚信,0,24,24,BaoStock(单源),0,0
300387,富邦科技,0,24,24,BaoStock(单源),0,0
300388,节能国祯,0,24,24,BaoStock(单源),0,0
300389,艾比森,0,24,24,BaoStock(单源),0,0
300390,天华新能,0,24,24,BaoStock(单源),0,0
300393,中来股份,0,24,24,BaoStock(单源),0,0
300394,天孚通信,0,24,24,BaoStock(单源),0,0
300395,菲利华,0,24,24,BaoStock(单源),0,0
300279,和晶科技,0,0,0,BaoStock(单源),0,0
300281,金明精机,0,24,24,BaoStock(单源),0,0
300283,温州宏丰,0,24,24,BaoStock(单源),0,0
300284,苏交科,0,24,24,BaoStock(单源),0,0
300285,国瓷材料,0,24,24,BaoStock(单源),0,0
300286,安科瑞,0,24,24,BaoStock(单源),0,0
300287,飞利信,0,24,24,BaoStock(单源),0,0
300288,朗玛信息,0,24,24,BaoStock(单源),0,0
300289,利德曼,0,24,24,BaoStock(单源),0,0
300290,荣科科技,0,24,24,BaoStock(单源),0,0
300291,百纳千成,0,24,24,BaoStock(单源),0,0
300292,吴通控股,0,24,24,BaoStock(单源),0,0
300293,蓝英装备,0,24,24,BaoStock(单源),0,0
300294,博雅生物,0,24,24,BaoStock(单源),0,0
300295,*ST三六五,0,0,0,BaoStock(单源),0,0
300296,利亚德,0,0,0,BaoStock(单源),0,0
300298,三诺生物,0,0,0,BaoStock(单源),0,0
300299,富春股份,0,0,0,BaoStock(单源),0,0
300300,海峡创新,0,0,0,BaoStock(单源),0,0
300301,ST长方,0,0,0,BaoStock(单源),0,0
300302,同有科技,0,24,24,BaoStock(单源),0,0
300303,聚飞光电,0,24,24,BaoStock(单源),0,0
300304,云意电气,0,24,24,BaoStock(单源),0,0
300305,裕兴股份,0,24,24,BaoStock(单源),0,0
300306,远方信息,0,24,24,BaoStock(单源),0,0
300307,慈星股份,0,24,24,BaoStock(单源),0,0
300308,中际旭创,0,0,0,BaoStock(单源),0,0
300310,宜通世纪,0,0,0,BaoStock(单源),0,0
300311,ST任子行,0,0,0,BaoStock(单源),0,0
300313,*ST天山,0,0,0,BaoStock(单源),0,0
300314,戴维医疗,0,24,24,BaoStock(单源),0,0
300315,掌趣科技,0,24,24,BaoStock(单源),0,0
300316,晶盛机电,0,24,24,BaoStock(单源),0,0
300317,珈伟新能,0,24,24,BaoStock(单源),0,0
300318,博晖创新,0,24,24,BaoStock(单源),0,0
300319,麦捷科技,0,24,24,BaoStock(单源),0,0
300320,海达股份,0,24,24,BaoStock(单源),0,0
300321,同大股份,0,24,24,BaoStock(单源),0,0
300322,硕贝德,0,24,24,BaoStock(单源),0,0
300323,华灿光电,0,24,24,BaoStock(单源),0,0
300324,旋极信息,0,24,24,BaoStock(单源),0,0
300326,ST凯利,0,24,24,BaoStock(单源),0,0
300327,中颖电子,0,24,24,BaoStock(单源),0,0
300328,宜安科技,0,24,24,BaoStock(单源),0,0
300329,海伦钢琴,0,24,24,BaoStock(单源),0,0
300331,苏大维格,0,24,24,BaoStock(单源),0,0
300332,天壕能源,0,24,24,BaoStock(单源),0,0
300333,兆日科技,0,24,24,BaoStock(单源),0,0
300334,津膜科技,0,24,24,BaoStock(单源),0,0
300335,迪森股份,0,24,24,BaoStock(单源),0,0
300602,飞荣达,0,24,24,BaoStock(单源),0,0
300603,立昂技术,0,24,24,BaoStock(单源),0,0
300604,长川科技,0,24,24,BaoStock(单源),0,0
300605,恒锋信息,0,24,24,BaoStock(单源),0,0
300606,金太阳,0,24,24,BaoStock(单源),0,0
300607,拓斯达,0,24,24,BaoStock(单源),0,0
300608,思特奇,0,24,24,BaoStock(单源),0,0
300609,汇纳科技,0,24,24,BaoStock(单源),0,0
300610,晨化股份,0,24,24,BaoStock(单源),0,0
300611,美力科技,0,24,24,BaoStock(单源),0,0
300612,宣亚国际,0,24,24,BaoStock(单源),0,0
300613,富瀚微,0,24,24,BaoStock(单源),0,0
300614,百川畅银,0,24,24,BaoStock(单源),0,0
300615,欣天科技,0,24,24,BaoStock(单源),0,0
300616,尚品宅配,0,24,24,BaoStock(单源),0,0
300617,安靠智电,0,24,24,BaoStock(单源),0,0
300618,寒锐钴业,0,24,24,BaoStock(单源),0,0
300619,金银河,0,24,24,BaoStock(单源),0,0
300620,光库科技,0,24,24,BaoStock(单源),0,0
300621,维业股份,0,24,24,BaoStock(单源),0,0
300622,博士眼镜,0,24,24,BaoStock(单源),0,0
300623,捷捷微电,0,24,24,BaoStock(单源),0,0
300624,万兴科技,0,24,24,BaoStock(单源),0,0
300625,三雄极光,0,24,24,BaoStock(单源),0,0
300626,华瑞股份,0,24,24,BaoStock(单源),0,0
300627,华测导航,0,24,24,BaoStock(单源),0,0
300628,亿联网络,0,24,24,BaoStock(单源),0,0
300629,新劲刚,0,24,24,BaoStock(单源),0,0
300631,久吾高科,0,24,24,BaoStock(单源),0,0
300632,光莆股份,0,24,24,BaoStock(单源),0,0
300633,开立医疗,0,24,24,BaoStock(单源),0,0
300634,彩讯股份,0,24,24,BaoStock(单源),0,0
300635,中达安,0,24,24,BaoStock(单源),0,0
300636,同和药业,0,24,24,BaoStock(单源),0,0
300637,扬帆新材,0,24,24,BaoStock(单源),0,0
300638,广和通,0,24,24,BaoStock(单源),0,0
300639,凯普生物,0,24,24,BaoStock(单源),0,0
300640,德艺文创,0,24,24,BaoStock(单源),0,0
300641,正丹股份,0,24,24,BaoStock(单源),0,0
300642,透景生命,0,24,24,BaoStock(单源),0,0
300643,万通智控,0,24,24,BaoStock(单源),0,0
300644,南京聚隆,0,24,24,BaoStock(单源),0,0
300645,正元智慧,0,24,24,BaoStock(单源),0,0
300647,超频三,0,24,24,BaoStock(单源),0,0
300648,星云股份,0,24,24,BaoStock(单源),0,0
300649,杭州园林,0,24,24,BaoStock(单源),0,0
300650,太龙股份,0,24,24,BaoStock(单源),0,0
300651,金陵体育,0,24,24,BaoStock(单源),0,0
300652,雷迪克,0,24,24,BaoStock(单源),0,0
300653,正海生物,0,24,24,BaoStock(单源),0,0
300498,温氏股份,0,24,24,BaoStock(单源),0,0
300499,高澜股份,0,24,24,BaoStock(单源),0,0
300500,启迪设计,0,24,24,BaoStock(单源),0,0
300501,海顺新材,0,24,24,BaoStock(单源),0,0
300502,新易盛,0,24,24,BaoStock(单源),0,0
300503,昊志机电,0,24,24,BaoStock(单源),0,0
300504,天邑股份,0,24,24,BaoStock(单源),0,0
300505,川金诺,0,24,24,BaoStock(单源),0,0
300506,ST名家汇,0,24,24,BaoStock(单源),0,0
300507,苏奥传感,0,24,24,BaoStock(单源),0,0
300508,维宏股份,0,24,24,BaoStock(单源),0,0
300509,新美星,0,24,24,BaoStock(单源),0,0
300510,金冠股份,0,24,24,BaoStock(单源),0,0
300511,雪榕生物,0,24,24,BaoStock(单源),0,0
300512,中亚股份,0,24,24,BaoStock(单源),0,0
300513,恒实科技,0,24,24,BaoStock(单源),0,0
300514,友讯达,0,24,24,BaoStock(单源),0,0
300515,三德科技,0,24,24,BaoStock(单源),0,0
300516,久之洋,0,24,24,BaoStock(单源),0,0
300517,海波重科,0,24,24,BaoStock(单源),0,0
300518,新迅达,0,24,24,BaoStock(单源),0,0
300519,新光药业,0,24,24,BaoStock(单源),0,0
300520,科大国创,0,24,24,BaoStock(单源),0,0
300521,爱司凯,0,24,24,BaoStock(单源),0,0
300522,世名科技,0,24,24,BaoStock(单源),0,0
300523,辰安科技,0,24,24,BaoStock(单源),0,0
300525,博思软件,0,24,24,BaoStock(单源),0,0
300527,ST应急,0,24,24,BaoStock(单源),0,0
300528,幸福蓝海,0,24,24,BaoStock(单源),0,0
300529,健帆生物,0,24,24,BaoStock(单源),0,0
300530,领湃科技,0,24,24,BaoStock(单源),0,0
300531,优博讯,0,24,24,BaoStock(单源),0,0
300532,今天国际,0,24,24,BaoStock(单源),0,0
300533,冰川网络,0,0,0,BaoStock(单源),0,0
300534,陇神戎发,0,0,0,BaoStock(单源),0,0
300535,达威股份,0,0,0,BaoStock(单源),0,0
300536,农尚环境,0,0,0,BaoStock(单源),0,0
300537,广信材料,0,0,0,BaoStock(单源),0,0
300538,同益股份,0,24,24,BaoStock(单源),0,0
300539,横河精密,0,24,24,BaoStock(单源),0,0
300540,蜀道装备,0,24,24,BaoStock(单源),0,0
300541,先进数通,0,24,24,BaoStock(单源),0,0
300542,新晨科技,0,24,24,BaoStock(单源),0,0
300543,朗科智能,0,24,24,BaoStock(单源),0,0
300545,联得装备,0,24,24,BaoStock(单源),0,0
300546,雄帝科技,0,24,24,BaoStock(单源),0,0
300547,川环科技,0,24,24,BaoStock(单源),0,0
300548,长芯博创,0,24,24,BaoStock(单源),0,0
300549,优德精密,0,24,24,BaoStock(单源),0,0
300550,和仁科技,0,24,24,BaoStock(单源),0,0
300551,古鳌科技,0,24,24,BaoStock(单源),0,0
300552,万集科技,0,24,24,BaoStock(单源),0,0
300553,集智股份,0,24,24,BaoStock(单源),0,0
300554,三超新材,0,24,24,BaoStock(单源),0,0
300555,ST路通,0,24,24,BaoStock(单源),0,0
300556,丝路视觉,0,24,24,BaoStock(单源),0,0
300557,理工光科,0,24,24,BaoStock(单源),0,0
300558,贝达药业,0,24,24,BaoStock(单源),0,0
300559,佳发教育,0,24,24,BaoStock(单源),0,0
300560,中富通,0,24,24,BaoStock(单源),0,0
300561,*ST汇科,0,24,24,BaoStock(单源),0,0
300562,乐心医疗,0,24,24,BaoStock(单源),0,0
300563,神宇股份,0,24,24,BaoStock(单源),0,0
300564,筑博设计,0,24,24,BaoStock(单源),0,0
300565,科信技术,0,24,24,BaoStock(单源),0,0
300566,激智科技,0,24,24,BaoStock(单源),0,0
300567,精测电子,0,24,24,BaoStock(单源),0,0
300568,星源材质,0,24,24,BaoStock(单源),0,0
300569,天能重工,0,24,24,BaoStock(单源),0,0
300570,太辰光,0,24,24,BaoStock(单源),0,0
300571,平治信息,0,24,24,BaoStock(单源),0,0
300572,安车检测,0,24,24,BaoStock(单源),0,0
300573,兴齐眼药,0,24,24,BaoStock(单源),0,0
300575,中旗股份,0,24,24,BaoStock(单源),0,0
300576,容大感光,0,24,24,BaoStock(单源),0,0
300577,开润股份,0,24,24,BaoStock(单源),0,0
300578,会畅科技,0,24,24,BaoStock(单源),0,0
300579,数字认证,0,24,24,BaoStock(单源),0,0
300580,贝斯特,0,0,0,BaoStock(单源),0,0
300581,晨曦航空,0,0,0,BaoStock(单源),0,0
300582,英飞特,0,0,0,BaoStock(单源),0,0
300583,赛托生物,0,0,0,BaoStock(单源),0,0
300584,海辰药业,0,0,0,BaoStock(单源),0,0
300585,奥联电子,0,0,0,BaoStock(单源),0,0
300586,美联新材,0,0,0,BaoStock(单源),0,0
300587,天铁科技,0,0,0,BaoStock(单源),0,0
300588,熙菱信息,0,0,0,BaoStock(单源),0,0
300589,江龙船艇,0,0,0,BaoStock(单源),0,0
300590,移为通信,0,24,24,BaoStock(单源),0,0
300591,万里马,0,24,24,BaoStock(单源),0,0
300592,华凯易佰,0,24,24,BaoStock(单源),0,0
300593,新雷能,0,24,24,BaoStock(单源),0,0
300594,ST朗进,0,24,24,BaoStock(单源),0,0
300595,欧普康视,0,24,24,BaoStock(单源),0,0
300596,利安隆,0,0,0,BaoStock(单源),0,0
300597,吉大通信,0,0,0,BaoStock(单源),0,0
300598,诚迈科技,0,0,0,BaoStock(单源),0,0
300599,雄塑科技,0,24,24,BaoStock(单源),0,0
300600,国瑞科技,0,24,24,BaoStock(单源),0,0
300601,康泰生物,0,24,24,BaoStock(单源),0,0
300447,全信股份,0,24,24,BaoStock(单源),0,0
300448,浩云科技,0,24,24,BaoStock(单源),0,0
300449,汉邦高科,0,24,24,BaoStock(单源),0,0
300450,先导智能,0,24,24,BaoStock(单源),0,0
300451,创业慧康,0,24,24,BaoStock(单源),0,0
300452,山河药辅,0,24,24,BaoStock(单源),0,0
300453,三鑫医疗,0,24,24,BaoStock(单源),0,0
300454,深信服,0,24,24,BaoStock(单源),0,0
300455,航天智装,0,24,24,BaoStock(单源),0,0
300456,赛微电子,0,24,24,BaoStock(单源),0,0
300457,赢合科技,0,24,24,BaoStock(单源),0,0
300458,全志科技,0,24,24,BaoStock(单源),0,0
300459,汤姆猫,0,24,24,BaoStock(单源),0,0
300460,ST惠伦,0,24,24,BaoStock(单源),0,0
300461,田中精机,0,24,24,BaoStock(单源),0,0
300462,ST华铭,0,24,24,BaoStock(单源),0,0
300463,迈克生物,0,24,24,BaoStock(单源),0,0
300464,星徽股份,0,24,24,BaoStock(单源),0,0
300465,高伟达,0,24,24,BaoStock(单源),0,0
300466,赛摩智能,0,24,24,BaoStock(单源),0,0
300467,迅游科技,0,24,24,BaoStock(单源),0,0
300468,四方精创,0,24,24,BaoStock(单源),0,0
300469,信息发展,0,24,24,BaoStock(单源),0,0
300470,中密控股,0,24,24,BaoStock(单源),0,0
300471,厚普股份,0,24,24,BaoStock(单源),0,0
300472,*ST新元,0,24,24,BaoStock(单源),0,0
300473,德尔股份,0,24,24,BaoStock(单源),0,0
300474,景嘉微,0,24,24,BaoStock(单源),0,0
300475,香农芯创,0,24,24,BaoStock(单源),0,0
300476,胜宏科技,0,24,24,BaoStock(单源),0,0
300477,ST合纵,0,24,24,BaoStock(单源),0,0
300478,杭州高新,0,24,24,BaoStock(单源),0,0
300479,神思电子,0,24,24,BaoStock(单源),0,0
300480,光力科技,0,24,24,BaoStock(单源),0,0
300481,濮阳惠成,0,0,0,BaoStock(单源),0,0
300482,万孚生物,0,24,24,BaoStock(单源),0,0
300483,首华燃气,0,24,24,BaoStock(单源),0,0
300484,蓝海华腾,0,24,24,BaoStock(单源),0,0
300485,赛升药业,0,24,24,BaoStock(单源),0,0
300486,东杰智能,0,24,24,BaoStock(单源),0,0
300487,蓝晓科技,0,0,0,BaoStock(单源),0,0
300488,恒锋工具,0,24,24,BaoStock(单源),0,0
300489,光智科技,0,24,24,BaoStock(单源),0,0
300490,华自科技,0,24,24,BaoStock(单源),0,0
300491,通合科技,0,24,24,BaoStock(单源),0,0
300492,华图山鼎,0,24,24,BaoStock(单源),0,0
300493,润欣科技,0,0,0,BaoStock(单源),0,0
300494,盛天网络,0,0,0,BaoStock(单源),0,0
300496,中科创达,0,24,24,BaoStock(单源),0,0
300497,富祥药业,0,24,24,BaoStock(单源),0,0
300705,九典制药,0,24,24,BaoStock(单源),0,0
300706,阿石创,0,0,0,BaoStock(单源),0,0
300707,威唐工业,0,0,0,BaoStock(单源),0,0
300708,聚灿光电,0,0,0,BaoStock(单源),0,0
300709,精研科技,0,0,0,BaoStock(单源),0,0
300710,万隆光电,0,24,24,BaoStock(单源),0,0
300711,广哈通信,0,24,24,BaoStock(单源),0,0
300712,永福股份,0,24,24,BaoStock(单源),0,0
300713,英可瑞,0,24,24,BaoStock(单源),0,0
300715,凯伦股份,0,24,24,BaoStock(单源),0,0
300716,*ST泉为,0,24,24,BaoStock(单源),0,0
300717,华信新材,0,24,24,BaoStock(单源),0,0
300718,长盛轴承,0,24,24,BaoStock(单源),0,0
300719,安达维尔,0,24,24,BaoStock(单源),0,0
300720,海川智能,0,24,24,BaoStock(单源),0,0
300721,怡达股份,0,24,24,BaoStock(单源),0,0
300722,新余国科,0,24,24,BaoStock(单源),0,0
300723,一品红,0,24,24,BaoStock(单源),0,0
300724,捷佳伟创,0,24,24,BaoStock(单源),0,0
300725,药石科技,0,24,24,BaoStock(单源),0,0
300726,宏达电子,0,24,24,BaoStock(单源),0,0
300727,润禾材料,0,24,24,BaoStock(单源),0,0
300729,乐歌股份,0,24,24,BaoStock(单源),0,0
300730,科创信息,0,24,24,BaoStock(单源),0,0
300731,科创新源,0,24,24,BaoStock(单源),0,0
300732,设研院,0,24,24,BaoStock(单源),0,0
300733,西菱动力,0,24,24,BaoStock(单源),0,0
300735,光弘科技,0,24,24,BaoStock(单源),0,0
300736,百邦科技,0,24,24,BaoStock(单源),0,0
300737,科顺股份,0,24,24,BaoStock(单源),0,0
300738,奥飞数据,0,24,24,BaoStock(单源),0,0
300739,明阳电路,0,24,24,BaoStock(单源),0,0
300740,水羊股份,0,24,24,BaoStock(单源),0,0
300741,华宝股份,0,24,24,BaoStock(单源),0,0
300743,天地数码,0,24,24,BaoStock(单源),0,0
300745,欣锐科技,0,24,24,BaoStock(单源),0,0
300746,汉嘉数智,0,24,24,BaoStock(单源),0,0
300747,锐科激光,0,24,24,BaoStock(单源),0,0
300748,金力永磁,0,24,24,BaoStock(单源),0,0
300749,顶固集创,0,24,24,BaoStock(单源),0,0
300750,宁德时代,0,24,24,BaoStock(单源),0,0
300751,迈为股份,0,24,24,BaoStock(单源),0,0
300752,隆利科技,0,24,24,BaoStock(单源),0,0
300753,爱朋医疗,0,24,24,BaoStock(单源),0,0
300755,华致酒行,0,24,24,BaoStock(单源),0,0
300756,金马游乐,0,24,24,BaoStock(单源),0,0
300757,罗博特科,0,24,24,BaoStock(单源),0,0
300758,七彩化学,0,24,24,BaoStock(单源),0,0
300759,康龙化成,0,24,24,BaoStock(单源),0,0
300760,迈瑞医疗,0,24,24,BaoStock(单源),0,0
300654,世纪天鸿,0,24,24,BaoStock(单源),0,0
300655,晶瑞电材,0,24,24,BaoStock(单源),0,0
300656,民德电子,0,24,24,BaoStock(单源),0,0
300657,弘信电子,0,24,24,BaoStock(单源),0,0
300658,延江股份,0,24,24,BaoStock(单源),0,0
300659,中孚信息,0,24,24,BaoStock(单源),0,0
300660,江苏雷利,0,24,24,BaoStock(单源),0,0
300661,圣邦股份,0,24,24,BaoStock(单源),0,0
300662,科锐国际,0,24,24,BaoStock(单源),0,0
300663,科蓝软件,0,24,24,BaoStock(单源),0,0
300664,鹏鹞环保,0,0,0,BaoStock(单源),0,0
300665,飞鹿股份,0,0,0,BaoStock(单源),0,0
300666,江丰电子,0,0,0,BaoStock(单源),0,0
300667,必创科技,0,0,0,BaoStock(单源),0,0
300668,杰恩股份,0,24,24,BaoStock(单源),0,0
300669,沪宁股份,0,0,0,BaoStock(单源),0,0
300670,大烨智能,0,24,24,BaoStock(单源),0,0
300671,富满微,0,24,24,BaoStock(单源),0,0
300672,国科微,0,24,24,BaoStock(单源),0,0
300673,佩蒂股份,0,24,24,BaoStock(单源),0,0
300674,宇信科技,0,24,24,BaoStock(单源),0,0
300675,建科院,0,24,24,BaoStock(单源),0,0
300676,华大基因,0,24,24,BaoStock(单源),0,0
300677,英科医疗,0,24,24,BaoStock(单源),0,0
300678,中科信息,0,24,24,BaoStock(单源),0,0
300679,电连技术,0,24,24,BaoStock(单源),0,0
300680,隆盛科技,0,24,24,BaoStock(单源),0,0
300681,英搏尔,0,24,24,BaoStock(单源),0,0
300682,朗新科技,0,24,24,BaoStock(单源),0,0
300683,海特生物,0,24,24,BaoStock(单源),0,0
300684,中石科技,0,24,24,BaoStock(单源),0,0
300685,艾德生物,0,24,24,BaoStock(单源),0,0
300686,智动力,0,24,24,BaoStock(单源),0,0
300687,赛意信息,0,24,24,BaoStock(单源),0,0
300688,创业黑马,0,24,24,BaoStock(单源),0,0
300689,澄天伟业,0,24,24,BaoStock(单源),0,0
300690,双一科技,0,24,24,BaoStock(单源),0,0
300691,联合光电,0,24,24,BaoStock(单源),0,0
300692,中赋科技,0,24,24,BaoStock(单源),0,0
300693,盛弘股份,0,24,24,BaoStock(单源),0,0
300694,蠡湖股份,0,24,24,BaoStock(单源),0,0
300695,兆丰股份,0,24,24,BaoStock(单源),0,0
300696,爱乐达,0,24,24,BaoStock(单源),0,0
300697,电工合金,0,24,24,BaoStock(单源),0,0
300698,万马科技,0,24,24,BaoStock(单源),0,0
300699,光威复材,0,24,24,BaoStock(单源),0,0
300700,岱勒新材,0,24,24,BaoStock(单源),0,0
300701,森霸传感,0,24,24,BaoStock(单源),0,0
300702,天宇股份,0,24,24,BaoStock(单源),0,0
300703,创源股份,0,24,24,BaoStock(单源),0,0
300814,中富电路,0,24,24,BaoStock(单源),0,0
300815,玉禾田,0,24,24,BaoStock(单源),0,0
300816,艾可蓝,0,24,24,BaoStock(单源),0,0
300817,双飞集团,0,24,24,BaoStock(单源),0,0
300818,耐普矿机,0,24,24,BaoStock(单源),0,0
300819,聚杰微纤,0,24,24,BaoStock(单源),0,0
300820,英杰电气,0,24,24,BaoStock(单源),0,0
300821,东岳硅材,0,24,24,BaoStock(单源),0,0
300822,贝仕达克,0,24,24,BaoStock(单源),0,0
300823,建科智能,0,24,24,BaoStock(单源),0,0
300824,北鼎股份,0,24,24,BaoStock(单源),0,0
300825,阿尔特,0,24,24,BaoStock(单源),0,0
300826,测绘股份,0,24,24,BaoStock(单源),0,0
300827,上能电气,0,24,24,BaoStock(单源),0,0
300828,锐新科技,0,24,24,BaoStock(单源),0,0
300829,金丹科技,0,24,24,BaoStock(单源),0,0
300830,金现代,0,24,24,BaoStock(单源),0,0
300831,派瑞股份,0,24,24,BaoStock(单源),0,0
300832,新产业,0,24,24,BaoStock(单源),0,0
300833,浩洋股份,0,24,24,BaoStock(单源),0,0
300834,星辉环材,0,24,24,BaoStock(单源),0,0
300835,龙磁科技,0,24,24,BaoStock(单源),0,0
300836,佰奥智能,0,24,24,BaoStock(单源),0,0
300837,浙矿股份,0,24,24,BaoStock(单源),0,0
300838,浙江力诺,0,24,24,BaoStock(单源),0,0
300839,博汇股份,0,24,24,BaoStock(单源),0,0
300840,酷特智能,0,24,24,BaoStock(单源),0,0
300841,康华生物,0,24,24,BaoStock(单源),0,0
300842,帝科股份,0,24,24,BaoStock(单源),0,0
300843,胜蓝股份,0,24,24,BaoStock(单源),0,0
300844,山水比德,0,24,24,BaoStock(单源),0,0
300845,捷安高科,0,24,24,BaoStock(单源),0,0
300846,首都在线,0,24,24,BaoStock(单源),0,0
300847,中船汉光,0,0,0,BaoStock(单源),0,0
300848,美瑞新材,0,24,24,BaoStock(单源),0,0
300849,锦盛新材,0,24,24,BaoStock(单源),0,0
300850,新强联,0,24,24,BaoStock(单源),0,0
300851,交大思诺,0,24,24,BaoStock(单源),0,0
300852,四会富仕,0,24,24,BaoStock(单源),0,0
300853,申昊科技,0,24,24,BaoStock(单源),0,0
300854,中兰环保,0,24,24,BaoStock(单源),0,0
300855,图南股份,0,24,24,BaoStock(单源),0,0
300856,科思股份,0,24,24,BaoStock(单源),0,0
300857,协创数据,0,24,24,BaoStock(单源),0,0
300858,科拓生物,0,24,24,BaoStock(单源),0,0
300859,西域旅游,0,24,24,BaoStock(单源),0,0
300860,锋尚文化,0,24,24,BaoStock(单源),0,0
300861,美畅股份,0,24,24,BaoStock(单源),0,0
300862,蓝盾光电,0,24,24,BaoStock(单源),0,0
300863,卡倍亿,0,24,24,BaoStock(单源),0,0
300761,立华股份,0,0,0,BaoStock(单源),0,0
300762,上海瀚讯,0,0,0,BaoStock(单源),0,0
300763,锦浪科技,0,24,24,BaoStock(单源),0,0
300765,新诺威,0,24,24,BaoStock(单源),0,0
300766,每日互动,0,24,24,BaoStock(单源),0,0
300767,震安科技,0,24,24,BaoStock(单源),0,0
300768,迪普科技,0,24,24,BaoStock(单源),0,0
300769,德方纳米,0,24,24,BaoStock(单源),0,0
300770,新媒股份,0,24,24,BaoStock(单源),0,0
300771,智莱科技,0,24,24,BaoStock(单源),0,0
300772,运达股份,0,24,24,BaoStock(单源),0,0
300773,拉卡拉,0,24,24,BaoStock(单源),0,0
300774,倍杰特,0,24,24,BaoStock(单源),0,0
300775,三角防务,0,24,24,BaoStock(单源),0,0
300776,帝尔激光,0,24,24,BaoStock(单源),0,0
300777,中简科技,0,24,24,BaoStock(单源),0,0
300778,新城市,0,24,24,BaoStock(单源),0,0
300779,惠城环保,0,24,24,BaoStock(单源),0,0
300780,德恩精工,0,24,24,BaoStock(单源),0,0
300781,因赛集团,0,0,0,BaoStock(单源),0,0
300782,卓胜微,0,24,24,BaoStock(单源),0,0
300783,三只松鼠,0,24,24,BaoStock(单源),0,0
300784,利安科技,0,24,24,BaoStock(单源),0,0
300785,值得买,0,24,24,BaoStock(单源),0,0
300786,国林科技,0,24,24,BaoStock(单源),0,0
300787,海能实业,0,24,24,BaoStock(单源),0,0
300788,中信出版,0,24,24,BaoStock(单源),0,0
300789,唐源电气,0,24,24,BaoStock(单源),0,0
300790,宇瞳光学,0,24,24,BaoStock(单源),0,0
300791,仙乐健康,0,24,24,BaoStock(单源),0,0
300792,壹网壹创,0,24,24,BaoStock(单源),0,0
300793,佳禾智能,0,24,24,BaoStock(单源),0,0
300795,米奥会展,0,24,24,BaoStock(单源),0,0
300796,贝斯美,0,24,24,BaoStock(单源),0,0
300797,钢研纳克,0,24,24,BaoStock(单源),0,0
300798,锦鸡股份,0,24,24,BaoStock(单源),0,0
300800,力合科技,0,24,24,BaoStock(单源),0,0
300801,泰和科技,0,24,24,BaoStock(单源),0,0
300802,矩子科技,0,24,24,BaoStock(单源),0,0
300803,指南针,0,24,24,BaoStock(单源),0,0
300804,广康生化,0,24,24,BaoStock(单源),0,0
300805,电声股份,0,24,24,BaoStock(单源),0,0
300806,斯迪克,0,24,24,BaoStock(单源),0,0
300807,天迈科技,0,24,24,BaoStock(单源),0,0
300808,久量股份,0,24,24,BaoStock(单源),0,0
300809,华辰装备,0,0,0,BaoStock(单源),0,0
300810,中科海讯,0,24,24,BaoStock(单源),0,0
300811,铂科新材,0,24,24,BaoStock(单源),0,0
300812,易天股份,0,24,24,BaoStock(单源),0,0
300813,泰林生物,0,24,24,BaoStock(单源),0,0
300864,南大环境,0,24,24,BaoStock(单源),0,0
300865,大宏立,0,24,24,BaoStock(单源),0,0
300866,安克创新,0,24,24,BaoStock(单源),0,0
300867,圣元环保,0,24,24,BaoStock(单源),0,0
300868,杰美特,0,24,24,BaoStock(单源),0,0
300869,康泰医学,0,24,24,BaoStock(单源),0,0
300870,欧陆通,0,24,24,BaoStock(单源),0,0
300871,回盛生物,0,24,24,BaoStock(单源),0,0
300872,天阳科技,0,24,24,BaoStock(单源),0,0
300873,海晨股份,0,24,24,BaoStock(单源),0,0
300875,捷强装备,0,24,24,BaoStock(单源),0,0
300876,蒙泰高新,0,24,24,BaoStock(单源),0,0
300877,金春股份,0,24,24,BaoStock(单源),0,0
300878,维康药业,0,24,24,BaoStock(单源),0,0
300879,大叶股份,0,24,24,BaoStock(单源),0,0
300880,迦南智能,0,24,24,BaoStock(单源),0,0
300881,盛德鑫泰,0,24,24,BaoStock(单源),0,0
300882,万胜智能,0,24,24,BaoStock(单源),0,0
300883,龙利得,0,24,24,BaoStock(单源),0,0
300884,狄耐克,0,24,24,BaoStock(单源),0,0
300885,海昌新材,0,24,24,BaoStock(单源),0,0
300886,华业香料,0,24,24,BaoStock(单源),0,0
300887,谱尼测试,0,24,24,BaoStock(单源),0,0
300888,稳健医疗,0,24,24,BaoStock(单源),0,0
300889,爱克股份,0,24,24,BaoStock(单源),0,0
300890,翔丰华,0,24,24,BaoStock(单源),0,0
300891,惠云钛业,0,24,24,BaoStock(单源),0,0
300892,品渥食品,0,24,24,BaoStock(单源),0,0
300893,松原安全,0,24,24,BaoStock(单源),0,0
300894,火星人,0,24,24,BaoStock(单源),0,0
300895,铜牛信息,0,24,24,BaoStock(单源),0,0
300896,爱美客,0,24,24,BaoStock(单源),0,0
300897,山科智能,0,24,24,BaoStock(单源),0,0
300898,熊猫乳品,0,24,24,BaoStock(单源),0,0
300899,*ST凯鑫,0,24,24,BaoStock(单源),0,0
300900,广联航空,0,24,24,BaoStock(单源),0,0
300901,中胤时尚,0,24,24,BaoStock(单源),0,0
300902,国安达,0,24,24,BaoStock(单源),0,0
300903,科翔股份,0,24,24,BaoStock(单源),0,0
300904,威力传动,0,24,24,BaoStock(单源),0,0
300905,宝丽迪,0,24,24,BaoStock(单源),0,0
300906,日月明,0,0,0,BaoStock(单源),0,0
300907,康平科技,0,0,0,BaoStock(单源),0,0
300908,仲景食品,0,24,24,BaoStock(单源),0,0
300909,汇创达,0,24,24,BaoStock(单源),0,0
300910,瑞丰新材,0,24,24,BaoStock(单源),0,0
300911,亿田智能,0,24,24,BaoStock(单源),0,0
300912,凯龙高科,0,0,0,BaoStock(单源),0,0
300913,兆龙互连,0,0,0,BaoStock(单源),0,0
300915,海融科技,0,24,24,BaoStock(单源),0,0
300396,ST迪瑞,0,24,24,BaoStock(单源),0,0
300397,天和防务,0,24,24,BaoStock(单源),0,0
300398,飞凯材料,0,24,24,BaoStock(单源),0,0
300399,天利科技,0,24,24,BaoStock(单源),0,0
300400,劲拓股份,0,24,24,BaoStock(单源),0,0
300401,花园生物,0,24,24,BaoStock(单源),0,0
300402,宝色股份,0,24,24,BaoStock(单源),0,0
300403,汉宇集团,0,24,24,BaoStock(单源),0,0
300404,博济医药,0,24,24,BaoStock(单源),0,0
300405,科隆股份,0,24,24,BaoStock(单源),0,0
300406,九强生物,0,24,24,BaoStock(单源),0,0
300407,凯发电气,0,24,24,BaoStock(单源),0,0
300408,三环集团,0,24,24,BaoStock(单源),0,0
300409,道氏技术,0,24,24,BaoStock(单源),0,0
300410,正业科技,0,24,24,BaoStock(单源),0,0
300411,金盾股份,0,24,24,BaoStock(单源),0,0
300412,迦南科技,0,24,24,BaoStock(单源),0,0
300413,芒果超媒,0,0,0,BaoStock(单源),0,0
300414,中光防雷,0,24,24,BaoStock(单源),0,0
300415,伊之密,0,24,24,BaoStock(单源),0,0
300416,苏试试验,0,24,24,BaoStock(单源),0,0
300417,南华仪器,0,24,24,BaoStock(单源),0,0
300418,昆仑万维,0,24,24,BaoStock(单源),0,0
300419,ST浩丰,0,24,24,BaoStock(单源),0,0
300420,五洋自控,0,0,0,BaoStock(单源),0,0
300421,力星股份,0,0,0,BaoStock(单源),0,0
300422,博世科,0,0,0,BaoStock(单源),0,0
300423,昇辉科技,0,0,0,BaoStock(单源),0,0
300424,航新科技,0,0,0,BaoStock(单源),0,0
300425,中建环能,0,0,0,BaoStock(单源),0,0
300426,华智数媒,0,0,0,BaoStock(单源),0,0
300427,红相股份,0,0,0,BaoStock(单源),0,0
300428,立中集团,0,0,0,BaoStock(单源),0,0
300429,强力新材,0,0,0,BaoStock(单源),0,0
300430,*ST益通,0,0,0,BaoStock(单源),0,0
300432,富临精工,0,0,0,BaoStock(单源),0,0
300433,蓝思科技,0,0,0,BaoStock(单源),0,0
300434,金石亚药,0,0,0,BaoStock(单源),0,0
300435,中泰股份,0,0,0,BaoStock(单源),0,0
300436,广生堂,0,0,0,BaoStock(单源),0,0
300437,清水源,0,0,0,BaoStock(单源),0,0
300438,鹏辉能源,0,0,0,BaoStock(单源),0,0
300439,美康生物,0,0,0,BaoStock(单源),0,0
300440,运达科技,0,0,0,BaoStock(单源),0,0
300441,鲍斯股份,0,0,0,BaoStock(单源),0,0
300442,润泽科技,0,0,0,BaoStock(单源),0,0
300443,金雷股份,0,0,0,BaoStock(单源),0,0
300444,双杰电气,0,0,0,BaoStock(单源),0,0
300445,康斯特,0,0,0,BaoStock(单源),0,0
300446,航天智造,0,0,0,BaoStock(单源),0,0
300916,朗特智能,0,24,24,BaoStock(单源),0,0
300917,特发服务,0,24,24,BaoStock(单源),0,0
300918,南山智尚,0,24,24,BaoStock(单源),0,0
300919,中伟新材,0,24,24,BaoStock(单源),0,0
300920,润阳科技,0,24,24,BaoStock(单源),0,0
300921,南凌科技,0,24,24,BaoStock(单源),0,0
300922,天秦装备,0,24,24,BaoStock(单源),0,0
300923,研奥股份,0,24,24,BaoStock(单源),0,0
300925,法本信息,0,24,24,BaoStock(单源),0,0
300926,博俊科技,0,24,24,BaoStock(单源),0,0
300927,江天化学,0,24,24,BaoStock(单源),0,0
300928,华安鑫创,0,24,24,BaoStock(单源),0,0
300929,华骐环保,0,24,24,BaoStock(单源),0,0
300930,屹通新材,0,24,24,BaoStock(单源),0,0
300931,通用电梯,0,24,24,BaoStock(单源),0,0
300932,三友联众,0,0,0,BaoStock(单源),0,0
300933,中辰股份,0,0,0,BaoStock(单源),0,0
300935,盈建科,0,0,0,BaoStock(单源),0,0
300936,中英科技,0,24,24,BaoStock(单源),0,0
300937,药易购,0,24,24,BaoStock(单源),0,0
300938,信测标准,0,24,24,BaoStock(单源),0,0
300939,秋田微,0,24,24,BaoStock(单源),0,0
300940,南极光,0,24,24,BaoStock(单源),0,0
300941,创识科技,0,24,24,BaoStock(单源),0,0
300942,易瑞生物,0,24,24,BaoStock(单源),0,0
300943,春晖智控,0,24,24,BaoStock(单源),0,0
300945,曼卡龙,0,24,24,BaoStock(单源),0,0
300946,恒而达,0,0,0,BaoStock(单源),0,0
300947,德必集团,0,24,24,BaoStock(单源),0,0
300948,冠中生态,0,24,24,BaoStock(单源),0,0
300949,奥雅股份,0,24,24,BaoStock(单源),0,0
300950,德固特,0,24,24,BaoStock(单源),0,0
300951,博硕科技,0,24,24,BaoStock(单源),0,0
300952,恒辉安防,0,24,24,BaoStock(单源),0,0
300953,震裕科技,0,24,24,BaoStock(单源),0,0
300955,嘉亨家化,0,24,24,BaoStock(单源),0,0
300956,英力股份,0,24,24,BaoStock(单源),0,0
300957,贝泰妮,0,24,24,BaoStock(单源),0,0
300958,建工修复,0,24,24,BaoStock(单源),0,0
300959,线上线下,0,24,24,BaoStock(单源),0,0
300960,通业科技,0,24,24,BaoStock(单源),0,0
300961,深水海纳,0,24,24,BaoStock(单源),0,0
300962,中金辐照,0,24,24,BaoStock(单源),0,0
300963,中洲特材,0,24,24,BaoStock(单源),0,0
300964,本川智能,0,24,24,BaoStock(单源),0,0
300965,恒宇信通,0,24,24,BaoStock(单源),0,0
300966,共同药业,0,24,24,BaoStock(单源),0,0
300967,晓鸣股份,0,24,24,BaoStock(单源),0,0
300968,格林精密,0,24,24,BaoStock(单源),0,0
300969,恒帅股份,0,24,24,BaoStock(单源),0,0
300970,华绿生物,0,24,24,BaoStock(单源),0,0
300971,博亚精工,0,24,24,BaoStock(单源),0,0
300972,万辰集团,0,24,24,BaoStock(单源),0,0
300973,立高食品,0,24,24,BaoStock(单源),0,0
300975,商络电子,0,24,24,BaoStock(单源),0,0
300976,达瑞电子,0,24,24,BaoStock(单源),0,0
300977,深圳瑞捷,0,24,24,BaoStock(单源),0,0
300978,东箭科技,0,24,24,BaoStock(单源),0,0
300979,华利集团,0,24,24,BaoStock(单源),0,0
300980,祥源新材,0,24,24,BaoStock(单源),0,0
300981,中红医疗,0,0,0,BaoStock(单源),0,0
300982,苏文电能,0,0,0,BaoStock(单源),0,0
300983,尤安设计,0,24,24,BaoStock(单源),0,0
300984,金沃股份,0,24,24,BaoStock(单源),0,0
300985,致远新能,0,24,24,BaoStock(单源),0,0
300986,志特新材,0,24,24,BaoStock(单源),0,0
300987,川网传媒,0,24,24,BaoStock(单源),0,0
300988,津荣天宇,0,24,24,BaoStock(单源),0,0
300989,蕾奥规划,0,24,24,BaoStock(单源),0,0
300990,同飞股份,0,24,24,BaoStock(单源),0,0
300991,创益通,0,24,24,BaoStock(单源),0,0
300992,泰福泵业,0,24,24,BaoStock(单源),0,0
300993,玉马科技,0,24,24,BaoStock(单源),0,0
300994,久祺股份,0,24,24,BaoStock(单源),0,0
300995,奇德新材,0,24,24,BaoStock(单源),0,0
300996,普联软件,0,24,24,BaoStock(单源),0,0
300997,欢乐家,0,24,24,BaoStock(单源),0,0
300998,宁波方正,0,24,24,BaoStock(单源),0,0
300999,金龙鱼,0,24,24,BaoStock(单源),0,0
301000,肇民科技,0,24,24,BaoStock(单源),0,0
301001,凯淳股份,0,24,24,BaoStock(单源),0,0
301002,崧盛股份,0,24,24,BaoStock(单源),0,0
301003,江苏博云,0,24,24,BaoStock(单源),0,0
301004,嘉益股份,0,24,24,BaoStock(单源),0,0
301005,超捷股份,0,24,24,BaoStock(单源),0,0
301006,迈拓股份,0,24,24,BaoStock(单源),0,0
301007,德迈仕,0,24,24,BaoStock(单源),0,0
301008,宏昌科技,0,24,24,BaoStock(单源),0,0
301009,可靠股份,0,24,24,BaoStock(单源),0,0
301010,晶雪节能,0,24,24,BaoStock(单源),0,0
301011,华立科技,0,24,24,BaoStock(单源),0,0
301012,扬电科技,0,24,24,BaoStock(单源),0,0
301013,利和兴,0,24,24,BaoStock(单源),0,0
301015,百洋医药,0,0,0,BaoStock(单源),0,0
301016,雷尔伟,0,0,0,BaoStock(单源),0,0
301017,漱玉平民,0,0,0,BaoStock(单源),0,0
301018,申菱环境,0,24,24,BaoStock(单源),0,0
301019,宁波色母,0,24,24,BaoStock(单源),0,0
301020,密封科技,0,24,24,BaoStock(单源),0,0
301021,英诺激光,0,24,24,BaoStock(单源),0,0
301077,星华新材,0,24,24,BaoStock(单源),0,0
301078,孩子王,0,24,24,BaoStock(单源),0,0
301079,邵阳液压,0,24,24,BaoStock(单源),0,0
301080,百普赛斯,0,24,24,BaoStock(单源),0,0
301081,严牌股份,0,24,24,BaoStock(单源),0,0
301082,久盛电气,0,24,24,BaoStock(单源),0,0
301083,百胜智能,0,24,24,BaoStock(单源),0,0
301085,亚康股份,0,24,24,BaoStock(单源),0,0
301086,鸿富瀚,0,24,24,BaoStock(单源),0,0
301087,可孚医疗,0,24,24,BaoStock(单源),0,0
301088,戎美股份,0,24,24,BaoStock(单源),0,0
301089,拓新药业,0,24,24,BaoStock(单源),0,0
301090,华润材料,0,24,24,BaoStock(单源),0,0
301091,深城交,0,24,24,BaoStock(单源),0,0
301092,争光股份,0,24,24,BaoStock(单源),0,0
301093,华兰股份,0,24,24,BaoStock(单源),0,0
301095,广立微,0,24,24,BaoStock(单源),0,0
301096,百诚医药,0,24,24,BaoStock(单源),0,0
301097,天益医疗,0,24,24,BaoStock(单源),0,0
301098,金埔园林,0,24,24,BaoStock(单源),0,0
301099,雅创电子,0,24,24,BaoStock(单源),0,0
301100,风光股份,0,24,24,BaoStock(单源),0,0
301101,明月镜片,0,24,24,BaoStock(单源),0,0
301102,兆讯传媒,0,24,24,BaoStock(单源),0,0
301103,何氏眼科,0,24,24,BaoStock(单源),0,0
301105,鸿铭股份,0,24,24,BaoStock(单源),0,0
301106,骏成科技,0,24,24,BaoStock(单源),0,0
301107,瑜欣电子,0,24,24,BaoStock(单源),0,0
301108,洁雅股份,0,24,24,BaoStock(单源),0,0
301109,军信股份,0,24,24,BaoStock(单源),0,0
301110,青木科技,0,24,24,BaoStock(单源),0,0
301111,粤万年青,0,24,24,BaoStock(单源),0,0
301112,信邦智能,0,24,24,BaoStock(单源),0,0
301113,雅艺科技,0,24,24,BaoStock(单源),0,0
301115,联检科技,0,24,24,BaoStock(单源),0,0
301116,益客食品,0,24,24,BaoStock(单源),0,0
301117,佳缘科技,0,24,24,BaoStock(单源),0,0
301118,恒光股份,0,0,0,BaoStock(单源),0,0
301119,正强股份,0,0,0,BaoStock(单源),0,0
301120,新特电气,0,0,0,BaoStock(单源),0,0
301121,紫建电子,0,0,0,BaoStock(单源),0,0
301122,采纳股份,0,0,0,BaoStock(单源),0,0
301123,奕东电子,0,24,24,BaoStock(单源),0,0
301125,腾亚精工,0,24,24,BaoStock(单源),0,0
301126,达嘉维康,0,24,24,BaoStock(单源),0,0
301127,武汉天源,0,24,24,BaoStock(单源),0,0
301128,强瑞技术,0,24,24,BaoStock(单源),0,0
301129,瑞纳智能,0,24,24,BaoStock(单源),0,0
301130,西点药业,0,24,24,BaoStock(单源),0,0
301131,聚赛龙,0,24,24,BaoStock(单源),0,0
301022,海泰科,0,24,24,BaoStock(单源),0,0
301023,奕帆传动,0,24,24,BaoStock(单源),0,0
301024,霍普股份,0,24,24,BaoStock(单源),0,0
301025,读客文化,0,24,24,BaoStock(单源),0,0
301026,浩通科技,0,24,24,BaoStock(单源),0,0
301027,华蓝集团,0,24,24,BaoStock(单源),0,0
301028,鼎熔岩,0,24,24,BaoStock(单源),0,0
301029,怡合达,0,24,24,BaoStock(单源),0,0
301030,*ST仕净,0,24,24,BaoStock(单源),0,0
301031,中熔电气,0,24,24,BaoStock(单源),0,0
301032,新柴股份,0,24,24,BaoStock(单源),0,0
301033,迈普医学,0,24,24,BaoStock(单源),0,0
301035,润丰股份,0,24,24,BaoStock(单源),0,0
301036,双乐股份,0,24,24,BaoStock(单源),0,0
301037,保立佳,0,24,24,BaoStock(单源),0,0
301038,深水规院,0,24,24,BaoStock(单源),0,0
301039,中集车辆,0,24,24,BaoStock(单源),0,0
301040,中环海陆,0,24,24,BaoStock(单源),0,0
301041,金百泽,0,24,24,BaoStock(单源),0,0
301042,安联锐视,0,24,24,BaoStock(单源),0,0
301043,绿岛风,0,0,0,BaoStock(单源),0,0
301045,天禄科技,0,0,0,BaoStock(单源),0,0
301046,能辉科技,0,0,0,BaoStock(单源),0,0
301047,义翘神州,0,0,0,BaoStock(单源),0,0
301048,金鹰重工,0,0,0,BaoStock(单源),0,0
301049,超越科技,0,0,0,BaoStock(单源),0,0
301050,雷电微力,0,24,24,BaoStock(单源),0,0
301051,信濠光电,0,0,0,BaoStock(单源),0,0
301052,果麦文化,0,0,0,BaoStock(单源),0,0
301053,远信工业,0,0,0,BaoStock(单源),0,0
301055,张小泉,0,0,0,BaoStock(单源),0,0
301056,森赫股份,0,24,24,BaoStock(单源),0,0
301057,汇隆新材,0,24,24,BaoStock(单源),0,0
301058,中粮科工,0,24,24,BaoStock(单源),0,0
301059,金三江,0,24,24,BaoStock(单源),0,0
301060,兰卫医学,0,24,24,BaoStock(单源),0,0
301061,匠心家居,0,24,24,BaoStock(单源),0,0
301062,上海艾录,0,24,24,BaoStock(单源),0,0
301063,海锅股份,0,0,0,BaoStock(单源),0,0
301065,本立科技,0,0,0,BaoStock(单源),0,0
301066,万事利,0,24,24,BaoStock(单源),0,0
301067,显盈科技,0,24,24,BaoStock(单源),0,0
301068,大地海洋,0,24,24,BaoStock(单源),0,0
301069,凯盛新材,0,24,24,BaoStock(单源),0,0
301070,开勒股份,0,24,24,BaoStock(单源),0,0
301071,力量钻石,0,24,24,BaoStock(单源),0,0
301072,中捷精工,0,24,24,BaoStock(单源),0,0
301073,君亭酒店,0,24,24,BaoStock(单源),0,0
301075,多瑞医药,0,24,24,BaoStock(单源),0,0
301076,新瀚新材,0,24,24,BaoStock(单源),0,0
301132,满坤科技,0,24,24,BaoStock(单源),0,0
301133,金钟股份,0,24,24,BaoStock(单源),0,0
301135,瑞德智能,0,24,24,BaoStock(单源),0,0
301136,招标股份,0,24,24,BaoStock(单源),0,0
301137,哈焊华通,0,24,24,BaoStock(单源),0,0
301138,华研精机,0,24,24,BaoStock(单源),0,0
301139,元道通信,0,24,24,BaoStock(单源),0,0
301141,中科磁业,0,24,24,BaoStock(单源),0,0
301148,嘉戎技术,0,24,24,BaoStock(单源),0,0
301149,隆华新材,0,24,24,BaoStock(单源),0,0
301150,中一科技,0,24,24,BaoStock(单源),0,0
301151,冠龙节能,0,24,24,BaoStock(单源),0,0
301152,天力锂能,0,24,24,BaoStock(单源),0,0
301153,中科江南,0,24,24,BaoStock(单源),0,0
301155,海力风电,0,24,24,BaoStock(单源),0,0
301156,美农生物,0,24,24,BaoStock(单源),0,0
301157,华塑科技,0,24,24,BaoStock(单源),0,0
301158,德石股份,0,24,24,BaoStock(单源),0,0
301159,三维天地,0,24,24,BaoStock(单源),0,0
301160,翔楼新材,0,24,24,BaoStock(单源),0,0
301161,唯万密封,0,24,24,BaoStock(单源),0,0
301162,国能日新,0,24,24,BaoStock(单源),0,0
301163,宏德股份,0,24,24,BaoStock(单源),0,0
301165,锐捷网络,0,0,0,BaoStock(单源),0,0
301166,优宁维,0,0,0,BaoStock(单源),0,0
301167,建研设计,0,0,0,BaoStock(单源),0,0
301168,通灵股份,0,0,0,BaoStock(单源),0,0
301169,零点有数,0,0,0,BaoStock(单源),0,0
301170,锡南科技,0,0,0,BaoStock(单源),0,0
301171,易点天下,0,0,0,BaoStock(单源),0,0
301172,君逸数码,0,0,0,BaoStock(单源),0,0
301173,毓恬冠佳,0,0,0,BaoStock(单源),0,0
301175,中科环保,0,0,0,BaoStock(单源),0,0
301176,逸豪新材,0,0,0,BaoStock(单源),0,0
301177,迪阿股份,0,0,0,BaoStock(单源),0,0
301178,天亿马,0,0,0,BaoStock(单源),0,0
301179,泽宇智能,0,24,24,BaoStock(单源),0,0
301180,万祥科技,0,24,24,BaoStock(单源),0,0
301181,标榜股份,0,24,24,BaoStock(单源),0,0
301182,凯旺科技,0,24,24,BaoStock(单源),0,0
301183,东田微,0,24,24,BaoStock(单源),0,0
301185,鸥玛软件,0,24,24,BaoStock(单源),0,0
301186,超达装备,0,24,24,BaoStock(单源),0,0
301187,欧圣电气,0,0,0,BaoStock(单源),0,0
301188,力诺药包,0,0,0,BaoStock(单源),0,0
301189,奥尼电子,0,24,24,BaoStock(单源),0,0
301190,善水科技,0,24,24,BaoStock(单源),0,0
301191,菲菱科思,0,24,24,BaoStock(单源),0,0
301192,泰祥股份,0,24,24,BaoStock(单源),0,0
301193,家联科技,0,24,24,BaoStock(单源),0,0
301259,艾布鲁,0,24,24,BaoStock(单源),0,0
301260,格力博,0,24,24,BaoStock(单源),0,0
301261,恒工精密,0,24,24,BaoStock(单源),0,0
301262,海看股份,0,24,24,BaoStock(单源),0,0
301263,泰恩康,0,24,24,BaoStock(单源),0,0
301265,华新科技,0,24,24,BaoStock(单源),0,0
301266,宇邦新材,0,24,24,BaoStock(单源),0,0
301267,华厦眼科,0,24,24,BaoStock(单源),0,0
301268,铭利达,0,24,24,BaoStock(单源),0,0
301269,华大九天,0,24,24,BaoStock(单源),0,0
301270,汉仪股份,0,24,24,BaoStock(单源),0,0
301272,英华特,0,24,24,BaoStock(单源),0,0
301273,瑞晨环保,0,24,24,BaoStock(单源),0,0
301275,汉朔科技,0,0,0,BaoStock(单源),0,0
301276,嘉曼服饰,0,0,0,BaoStock(单源),0,0
301277,新天地,0,0,0,BaoStock(单源),0,0
301278,快可电子,0,0,0,BaoStock(单源),0,0
301279,金道科技,0,24,24,BaoStock(单源),0,0
301280,珠城科技,0,24,24,BaoStock(单源),0,0
301281,科源制药,0,24,24,BaoStock(单源),0,0
301282,金禄电子,0,24,24,BaoStock(单源),0,0
301283,聚胶股份,0,24,24,BaoStock(单源),0,0
301285,鸿日达,0,24,24,BaoStock(单源),0,0
301286,侨源股份,0,24,24,BaoStock(单源),0,0
301287,康力源,0,24,24,BaoStock(单源),0,0
301288,*ST清研,0,24,24,BaoStock(单源),0,0
301289,国缆检测,0,24,24,BaoStock(单源),0,0
301290,东星医疗,0,24,24,BaoStock(单源),0,0
301291,明阳电气,0,24,24,BaoStock(单源),0,0
301292,海科新源,0,0,0,BaoStock(单源),0,0
301293,三博脑科,0,0,0,BaoStock(单源),0,0
301295,美硕科技,0,0,0,BaoStock(单源),0,0
301296,新巨丰,0,0,0,BaoStock(单源),0,0
301297,富乐德,0,0,0,BaoStock(单源),0,0
301298,东利机械,0,0,0,BaoStock(单源),0,0
301299,卓创资讯,0,24,24,BaoStock(单源),0,0
301300,远翔新材,0,24,24,BaoStock(单源),0,0
301301,川宁生物,0,24,24,BaoStock(单源),0,0
301302,华如科技,0,24,24,BaoStock(单源),0,0
301303,真兰仪表,0,24,24,BaoStock(单源),0,0
301305,朗坤科技,0,24,24,BaoStock(单源),0,0
301306,西测测试,0,24,24,BaoStock(单源),0,0
301307,美利信,0,24,24,BaoStock(单源),0,0
301308,江波龙,0,24,24,BaoStock(单源),0,0
301309,万得凯,0,24,24,BaoStock(单源),0,0
301310,鑫宏业,0,24,24,BaoStock(单源),0,0
301311,昆船智能,0,24,24,BaoStock(单源),0,0
301312,智立方,0,24,24,BaoStock(单源),0,0
301313,凡拓数创,0,24,24,BaoStock(单源),0,0
301314,科瑞思,0,24,24,BaoStock(单源),0,0
301195,北路智控,0,24,24,BaoStock(单源),0,0
301196,唯科科技,0,0,0,BaoStock(单源),0,0
301197,工大科雅,0,0,0,BaoStock(单源),0,0
301198,喜悦智行,0,0,0,BaoStock(单源),0,0
301199,迈赫股份,0,0,0,BaoStock(单源),0,0
301200,大族数控,0,24,24,BaoStock(单源),0,0
301201,诚达药业,0,24,24,BaoStock(单源),0,0
301202,朗威股份,0,0,0,BaoStock(单源),0,0
301203,国泰环保,0,0,0,BaoStock(单源),0,0
301205,联特科技,0,0,0,BaoStock(单源),0,0
301206,三元生物,0,0,0,BaoStock(单源),0,0
301207,华兰疫苗,0,0,0,BaoStock(单源),0,0
301208,中亦科技,0,24,24,BaoStock(单源),0,0
301209,联合化学,0,24,24,BaoStock(单源),0,0
301210,金杨精密,0,24,24,BaoStock(单源),0,0
301211,亨迪药业,0,24,24,BaoStock(单源),0,0
301212,联盛化学,0,24,24,BaoStock(单源),0,0
301213,观想科技,0,24,24,BaoStock(单源),0,0
301215,中汽股份,0,24,24,BaoStock(单源),0,0
301216,万凯新材,0,24,24,BaoStock(单源),0,0
301217,铜冠铜箔,0,24,24,BaoStock(单源),0,0
301218,华是科技,0,24,24,BaoStock(单源),0,0
301219,腾远钴业,0,24,24,BaoStock(单源),0,0
301220,亚香股份,0,24,24,BaoStock(单源),0,0
301221,光庭信息,0,24,24,BaoStock(单源),0,0
301222,浙江恒威,0,24,24,BaoStock(单源),0,0
301223,中荣股份,0,24,24,BaoStock(单源),0,0
301225,恒勃股份,0,24,24,BaoStock(单源),0,0
301226,祥明智能,0,24,24,BaoStock(单源),0,0
301227,森鹰窗业,0,24,24,BaoStock(单源),0,0
301228,实朴检测,0,24,24,BaoStock(单源),0,0
301229,纽泰格,0,24,24,BaoStock(单源),0,0
301230,泓博医药,0,24,24,BaoStock(单源),0,0
301231,荣信文化,0,24,24,BaoStock(单源),0,0
301232,飞沃科技,0,24,24,BaoStock(单源),0,0
301233,盛帮股份,0,24,24,BaoStock(单源),0,0
301234,五洲医疗,0,24,24,BaoStock(单源),0,0
301235,华康洁净,0,24,24,BaoStock(单源),0,0
301236,软通动力,0,24,24,BaoStock(单源),0,0
301237,和顺科技,0,24,24,BaoStock(单源),0,0
301238,瑞泰新材,0,24,24,BaoStock(单源),0,0
301239,普瑞眼科,0,24,24,BaoStock(单源),0,0
301246,宏源药业,0,24,24,BaoStock(单源),0,0
301248,杰创智能,0,24,24,BaoStock(单源),0,0
301251,威尔高,0,24,24,BaoStock(单源),0,0
301252,同星科技,0,24,24,BaoStock(单源),0,0
301255,通力科技,0,24,24,BaoStock(单源),0,0
301256,华融化学,0,24,24,BaoStock(单源),0,0
301257,普蕊斯,0,24,24,BaoStock(单源),0,0
301258,富士莱,0,24,24,BaoStock(单源),0,0
301381,赛维时代,0,24,24,BaoStock(单源),0,0
301382,蜂助手,0,24,24,BaoStock(单源),0,0
301383,天键股份,0,24,24,BaoStock(单源),0,0
301386,未来电器,0,24,24,BaoStock(单源),0,0
301387,光大同创,0,24,24,BaoStock(单源),0,0
301388,欣灵电气,0,24,24,BaoStock(单源),0,0
301389,隆扬电子,0,24,24,BaoStock(单源),0,0
301390,经纬股份,0,24,24,BaoStock(单源),0,0
301391,卡莱特,0,24,24,BaoStock(单源),0,0
301392,汇成真空,0,24,24,BaoStock(单源),0,0
301393,昊帆生物,0,24,24,BaoStock(单源),0,0
301395,仁信新材,0,24,24,BaoStock(单源),0,0
301396,宏景科技,0,24,24,BaoStock(单源),0,0
301397,溯联股份,0,24,24,BaoStock(单源),0,0
301398,星源卓镁,0,24,24,BaoStock(单源),0,0
301399,英特科技,0,24,24,BaoStock(单源),0,0
301408,华人健康,0,24,24,BaoStock(单源),0,0
301413,安培龙,0,24,24,BaoStock(单源),0,0
301418,协昌科技,0,0,0,BaoStock(单源),0,0
301419,阿莱德,0,0,0,BaoStock(单源),0,0
301421,波长光电,0,0,0,BaoStock(单源),0,0
301428,世纪恒通,0,24,24,BaoStock(单源),0,0
301429,森泰股份,0,24,24,BaoStock(单源),0,0
301439,泓淋电力,0,24,24,BaoStock(单源),0,0
301446,福事特,0,24,24,BaoStock(单源),0,0
301448,开创电气,0,24,24,BaoStock(单源),0,0
301449,天溯计量,0,24,24,BaoStock(单源),0,0
301456,盘古智能,0,24,24,BaoStock(单源),0,0
301458,钧崴电子,0,24,24,BaoStock(单源),0,0
301459,丰茂股份,0,24,24,BaoStock(单源),0,0
301468,博盈特焊,0,24,24,BaoStock(单源),0,0
301469,恒达新材,0,24,24,BaoStock(单源),0,0
301479,弘景光电,0,24,24,BaoStock(单源),0,0
301486,致尚科技,0,24,24,BaoStock(单源),0,0
301487,盟固利,0,24,24,BaoStock(单源),0,0
301488,豪恩汽电,0,24,24,BaoStock(单源),0,0
301489,思泉新材,0,24,24,BaoStock(单源),0,0
301491,汉桑科技,0,24,24,BaoStock(单源),0,0
301498,乖宝宠物,0,24,24,BaoStock(单源),0,0
301499,维科精密,0,24,24,BaoStock(单源),0,0
301500,飞南资源,0,24,24,BaoStock(单源),0,0
301501,恒鑫生活,0,24,24,BaoStock(单源),0,0
301502,华阳智能,0,24,24,BaoStock(单源),0,0
301503,智迪科技,0,24,24,BaoStock(单源),0,0
301505,苏州规划,0,24,24,BaoStock(单源),0,0
301507,民生健康,0,24,24,BaoStock(单源),0,0
301508,中机认检,0,24,24,BaoStock(单源),0,0
301509,金凯生科,0,24,24,BaoStock(单源),0,0
301510,固高科技,0,0,0,BaoStock(单源),0,0
301511,德福科技,0,0,0,BaoStock(单源),0,0
301315,威士顿,0,24,24,BaoStock(单源),0,0
301316,慧博云通,0,24,24,BaoStock(单源),0,0
301317,鑫磊股份,0,24,24,BaoStock(单源),0,0
301318,维海德,0,24,24,BaoStock(单源),0,0
301319,唯特偶,0,24,24,BaoStock(单源),0,0
301320,豪江智能,0,24,24,BaoStock(单源),0,0
301321,翰博高新,0,24,24,BaoStock(单源),0,0
301322,绿通科技,0,0,0,BaoStock(单源),0,0
301323,新莱福,0,24,24,BaoStock(单源),0,0
301325,曼恩斯特,0,24,24,BaoStock(单源),0,0
301326,捷邦科技,0,24,24,BaoStock(单源),0,0
301327,华宝新能,0,24,24,BaoStock(单源),0,0
301328,维峰电子,0,24,24,BaoStock(单源),0,0
301329,信音电子,0,24,24,BaoStock(单源),0,0
301330,熵基科技,0,24,24,BaoStock(单源),0,0
301331,恩威医药,0,24,24,BaoStock(单源),0,0
301332,德尔玛,0,24,24,BaoStock(单源),0,0
301333,诺思格,0,24,24,BaoStock(单源),0,0
301335,天元宠物,0,24,24,BaoStock(单源),0,0
301336,趣睡科技,0,24,24,BaoStock(单源),0,0
301337,亚华电子,0,24,24,BaoStock(单源),0,0
301338,凯格精机,0,24,24,BaoStock(单源),0,0
301339,通行宝,0,0,0,BaoStock(单源),0,0
301345,涛涛车业,0,24,24,BaoStock(单源),0,0
301348,蓝箭电子,0,24,24,BaoStock(单源),0,0
301349,信德新材,0,24,24,BaoStock(单源),0,0
301353,普莱得,0,24,24,BaoStock(单源),0,0
301355,南王科技,0,24,24,BaoStock(单源),0,0
301356,天振股份,0,24,24,BaoStock(单源),0,0
301357,北方长龙,0,24,24,BaoStock(单源),0,0
301358,湖南裕能,0,24,24,BaoStock(单源),0,0
301359,东南电子,0,24,24,BaoStock(单源),0,0
301360,荣旗科技,0,24,24,BaoStock(单源),0,0
301361,众智科技,0,24,24,BaoStock(单源),0,0
301362,民爆光电,0,24,24,BaoStock(单源),0,0
301363,美好医疗,0,24,24,BaoStock(单源),0,0
301365,矩阵股份,0,24,24,BaoStock(单源),0,0
301366,一博科技,0,24,24,BaoStock(单源),0,0
301367,瑞迈特,0,24,24,BaoStock(单源),0,0
301368,丰立智能,0,24,24,BaoStock(单源),0,0
301369,联动科技,0,24,24,BaoStock(单源),0,0
301370,国科恒泰,0,24,24,BaoStock(单源),0,0
301371,敷尔佳,0,24,24,BaoStock(单源),0,0
301372,科净源,0,24,24,BaoStock(单源),0,0
301373,凌玮科技,0,24,24,BaoStock(单源),0,0
301376,致欧科技,0,24,24,BaoStock(单源),0,0
301377,鼎泰高科,0,0,0,BaoStock(单源),0,0
301378,通达海,0,0,0,BaoStock(单源),0,0
301379,天山电子,0,24,24,BaoStock(单源),0,0
301380,挖金客,0,24,24,BaoStock(单源),0,0
301598,博科测试,0,24,24,BaoStock(单源),0,0
301599,C理奇智能,0,4,4,BaoStock(单源),0,0
301600,慧翰股份,0,24,24,BaoStock(单源),0,0
301601,惠通科技,0,24,24,BaoStock(单源),0,0
301602,超研股份,0,24,24,BaoStock(单源),0,0
301603,乔锋智能,0,24,24,BaoStock(单源),0,0
301606,绿联科技,0,24,24,BaoStock(单源),0,0
301607,富特科技,0,24,24,BaoStock(单源),0,0
301608,博实结,0,24,24,BaoStock(单源),0,0
301609,山大电力,0,24,24,BaoStock(单源),0,0
301611,珂玛科技,0,24,24,BaoStock(单源),0,0
301613,新铝时代,0,24,24,BaoStock(单源),0,0
301616,浙江华业,0,24,24,BaoStock(单源),0,0
301617,博苑股份,0,24,24,BaoStock(单源),0,0
301618,长联科技,0,24,24,BaoStock(单源),0,0
301622,英思特,0,24,24,BaoStock(单源),0,0
301626,苏州天脉,0,24,24,BaoStock(单源),0,0
301628,强达电路,0,24,24,BaoStock(单源),0,0
301629,矽电股份,0,24,24,BaoStock(单源),0,0
301630,同宇新材,0,24,24,BaoStock(单源),0,0
301631,壹连科技,0,24,24,BaoStock(单源),0,0
301632,广东建科,0,24,24,BaoStock(单源),0,0
301633,港迪技术,0,24,24,BaoStock(单源),0,0
301636,泽润新能,0,24,24,BaoStock(单源),0,0
301638,南网数字,0,24,24,BaoStock(单源),0,0
301656,联合动力,0,24,24,BaoStock(单源),0,0
301658,首航新能,0,24,24,BaoStock(单源),0,0
301662,宏工科技,0,24,24,BaoStock(单源),0,0
301665,泰禾股份,0,24,24,BaoStock(单源),0,0
301666,大普微-UW,0,14,14,BaoStock(单源),0,0
301667,纳百川,0,24,24,BaoStock(单源),0,0
301668,昊创瑞通,0,24,24,BaoStock(单源),0,0
301678,新恒汇,0,24,24,BaoStock(单源),0,0
301680,固德电材,0,24,24,BaoStock(单源),0,0
301682,宏明电子,0,24,24,BaoStock(单源),0,0
301683,慧谷新材,0,24,24,BaoStock(单源),0,0
301687,新广益,0,24,24,BaoStock(单源),0,0
301696,三瑞智能,0,18,18,BaoStock(单源),0,0
600000,浦发银行,0,24,24,BaoStock(单源),0,0
600004,白云机场,0,24,24,BaoStock(单源),0,0
600006,东风股份,0,24,24,BaoStock(单源),0,0
600007,中国国贸,0,24,24,BaoStock(单源),0,0
600008,首创环保,0,24,24,BaoStock(单源),0,0
600009,上海机场,0,24,24,BaoStock(单源),0,0
600010,包钢股份,0,24,24,BaoStock(单源),0,0
600011,华能国际,0,24,24,BaoStock(单源),0,0
600012,皖通高速,0,24,24,BaoStock(单源),0,0
600015,华夏银行,0,24,24,BaoStock(单源),0,0
600016,民生银行,0,24,24,BaoStock(单源),0,0
600017,日照港,0,24,24,BaoStock(单源),0,0
600018,上港集团,0,24,24,BaoStock(单源),0,0
600019,宝钢股份,0,24,24,BaoStock(单源),0,0
600020,中原高速,0,24,24,BaoStock(单源),0,0
600021,上海电力,0,24,24,BaoStock(单源),0,0
600022,山东钢铁,0,24,24,BaoStock(单源),0,0
600023,浙能电力,0,24,24,BaoStock(单源),0,0
600025,华能水电,0,24,24,BaoStock(单源),0,0
600026,中远海能,0,24,24,BaoStock(单源),0,0
600027,华电国际,0,24,24,BaoStock(单源),0,0
600028,中国石化,0,24,24,BaoStock(单源),0,0
600029,南方航空,0,24,24,BaoStock(单源),0,0
600030,中信证券,0,24,24,BaoStock(单源),0,0
600031,三一重工,0,24,24,BaoStock(单源),0,0
600032,浙江新能,0,24,24,BaoStock(单源),0,0
600033,福建高速,0,24,24,BaoStock(单源),0,0
600035,楚天高速,0,24,24,BaoStock(单源),0,0
600036,招商银行,0,24,24,BaoStock(单源),0,0
600037,歌华有线,0,24,24,BaoStock(单源),0,0
600038,中直股份,0,24,24,BaoStock(单源),0,0
600039,四川路桥,0,24,24,BaoStock(单源),0,0
600048,保利发展,0,24,24,BaoStock(单源),0,0
600050,中国联通,0,24,24,BaoStock(单源),0,0
600051,宁波联合,0,24,24,BaoStock(单源),0,0
600052,东望时代,0,24,24,BaoStock(单源),0,0
600053,*ST九鼎,0,24,24,BaoStock(单源),0,0
600054,黄山旅游,0,24,24,BaoStock(单源),0,0
600055,万东医疗,0,24,24,BaoStock(单源),0,0
600056,中国医药,0,24,24,BaoStock(单源),0,0
600057,厦门象屿,0,24,24,BaoStock(单源),0,0
600058,五矿发展,0,24,24,BaoStock(单源),0,0
600059,古越龙山,0,24,24,BaoStock(单源),0,0
600060,海信视像,0,24,24,BaoStock(单源),0,0
600061,国投资本,0,24,24,BaoStock(单源),0,0
600062,华润双鹤,0,24,24,BaoStock(单源),0,0
600063,皖维高新,0,24,24,BaoStock(单源),0,0
600064,南京高科,0,24,24,BaoStock(单源),0,0
600066,宇通客车,0,24,24,BaoStock(单源),0,0
600067,冠城新材,0,24,24,BaoStock(单源),0,0
600071,凤凰光学,0,24,24,BaoStock(单源),0,0
600072,中船科技,0,24,24,BaoStock(单源),0,0
600073,光明肉业,0,24,24,BaoStock(单源),0,0
600075,新疆天业,0,24,24,BaoStock(单源),0,0
600076,康欣新材,0,24,24,BaoStock(单源),0,0
600078,澄星股份,0,24,24,BaoStock(单源),0,0
600079,ST人福,0,24,24,BaoStock(单源),0,0
600080,ST金花,0,24,24,BaoStock(单源),0,0
600081,东风科技,0,24,24,BaoStock(单源),0,0
600082,ST海泰,0,0,0,BaoStock(单源),0,0
600084,*ST尼雅,0,0,0,BaoStock(单源),0,0
600085,同仁堂,0,0,0,BaoStock(单源),0,0
301512,智信精密,0,24,24,BaoStock(单源),0,0
301513,尚水智能,0,13,13,BaoStock(单源),0,0
301515,港通医疗,0,24,24,BaoStock(单源),0,0
301516,中远通,0,24,24,BaoStock(单源),0,0
301517,陕西华达,0,24,24,BaoStock(单源),0,0
301518,长华化学,0,24,24,BaoStock(单源),0,0
301519,舜禹股份,0,24,24,BaoStock(单源),0,0
301520,万邦医药,0,24,24,BaoStock(单源),0,0
301522,上大股份,0,24,24,BaoStock(单源),0,0
301525,儒竞科技,0,24,24,BaoStock(单源),0,0
301526,国际复材,0,24,24,BaoStock(单源),0,0
301528,多浦乐,0,24,24,BaoStock(单源),0,0
301529,福赛科技,0,24,24,BaoStock(单源),0,0
301533,威马农机,0,24,24,BaoStock(单源),0,0
301535,浙江华远,0,24,24,BaoStock(单源),0,0
301536,星宸科技,0,24,24,BaoStock(单源),0,0
301538,骏鼎达,0,24,24,BaoStock(单源),0,0
301539,宏鑫科技,0,24,24,BaoStock(单源),0,0
301548,崇德科技,0,24,24,BaoStock(单源),0,0
301550,斯菱智驱,0,24,24,BaoStock(单源),0,0
301551,无线传媒,0,24,24,BaoStock(单源),0,0
301552,科力装备,0,24,24,BaoStock(单源),0,0
301555,惠柏新材,0,24,24,BaoStock(单源),0,0
301556,托普云农,0,24,24,BaoStock(单源),0,0
301557,常友科技,0,24,24,BaoStock(单源),0,0
301558,三态股份,0,24,24,BaoStock(单源),0,0
301559,中集环科,0,24,24,BaoStock(单源),0,0
301560,众捷汽车,0,0,0,BaoStock(单源),0,0
301563,云汉芯城,0,24,24,BaoStock(单源),0,0
301565,中仑新材,0,24,24,BaoStock(单源),0,0
301566,达利凯普,0,24,24,BaoStock(单源),0,0
301567,贝隆精密,0,24,24,BaoStock(单源),0,0
301568,思泰克,0,24,24,BaoStock(单源),0,0
301571,国科天成,0,24,24,BaoStock(单源),0,0
301575,艾芬达,0,24,24,BaoStock(单源),0,0
301577,美信科技,0,24,24,BaoStock(单源),0,0
301578,辰奕智能,0,24,24,BaoStock(单源),0,0
301580,爱迪特,0,24,24,BaoStock(单源),0,0
301581,黄山谷捷,0,24,24,BaoStock(单源),0,0
301584,建发致新,0,24,24,BaoStock(单源),0,0
301585,蓝宇股份,0,24,24,BaoStock(单源),0,0
301586,佳力奇,0,24,24,BaoStock(单源),0,0
301587,中瑞股份,0,24,24,BaoStock(单源),0,0
301588,美新科技,0,24,24,BaoStock(单源),0,0
301589,诺瓦星云,0,24,24,BaoStock(单源),0,0
301590,优优绿能,0,24,24,BaoStock(单源),0,0
301591,肯特股份,0,24,24,BaoStock(单源),0,0
301592,六九一二,0,24,24,BaoStock(单源),0,0
301595,太力科技,0,24,24,BaoStock(单源),0,0
301596,瑞迪智驱,0,24,24,BaoStock(单源),0,0
600088,中视传媒,0,24,24,BaoStock(单源),0,0
600089,特变电工,0,24,24,BaoStock(单源),0,0
600094,大名城,0,24,24,BaoStock(单源),0,0
600095,湘财股份,0,24,24,BaoStock(单源),0,0
600096,云天化,0,24,24,BaoStock(单源),0,0
600097,开创国际,0,24,24,BaoStock(单源),0,0
600098,广州发展,0,24,24,BaoStock(单源),0,0
600099,林海股份,0,24,24,BaoStock(单源),0,0
600100,同方股份,0,24,24,BaoStock(单源),0,0
600101,明星电力,0,24,24,BaoStock(单源),0,0
600103,青山纸业,0,24,24,BaoStock(单源),0,0
600104,上汽集团,0,24,24,BaoStock(单源),0,0
600105,永鼎股份,0,24,24,BaoStock(单源),0,0
600106,重庆路桥,0,24,24,BaoStock(单源),0,0
600107,*ST尔雅,0,24,24,BaoStock(单源),0,0
600108,亚盛集团,0,24,24,BaoStock(单源),0,0
600109,国金证券,0,24,24,BaoStock(单源),0,0
600110,诺德股份,0,24,24,BaoStock(单源),0,0
600111,北方稀土,0,24,24,BaoStock(单源),0,0
600113,浙江东日,0,24,24,BaoStock(单源),0,0
600114,东睦股份,0,24,24,BaoStock(单源),0,0
600115,中国东航,0,24,24,BaoStock(单源),0,0
600116,三峡水利,0,24,24,BaoStock(单源),0,0
600117,西宁特钢,0,0,0,BaoStock(单源),0,0
600118,中国卫星,0,0,0,BaoStock(单源),0,0
600119,*ST长投,0,0,0,BaoStock(单源),0,0
600120,浙江东方,0,24,24,BaoStock(单源),0,0
600121,郑州煤电,0,24,24,BaoStock(单源),0,0
600123,兰花科创,0,24,24,BaoStock(单源),0,0
600125,铁龙物流,0,24,24,BaoStock(单源),0,0
600126,杭钢股份,0,24,24,BaoStock(单源),0,0
600127,金健米业,0,24,24,BaoStock(单源),0,0
600128,苏豪弘业,0,24,24,BaoStock(单源),0,0
600129,太极集团,0,24,24,BaoStock(单源),0,0
600130,波导股份,0,24,24,BaoStock(单源),0,0
600131,国网信通,0,24,24,BaoStock(单源),0,0
600132,重庆啤酒,0,24,24,BaoStock(单源),0,0
600133,东湖高新,0,24,24,BaoStock(单源),0,0
600135,乐凯胶片,0,24,24,BaoStock(单源),0,0
600136,ST明诚,0,24,24,BaoStock(单源),0,0
600137,浪莎股份,0,24,24,BaoStock(单源),0,0
600138,中青旅,0,24,24,BaoStock(单源),0,0
600141,兴发集团,0,24,24,BaoStock(单源),0,0
600143,金发科技,0,24,24,BaoStock(单源),0,0
600148,长春一东,0,24,24,BaoStock(单源),0,0
600149,廊坊发展,0,24,24,BaoStock(单源),0,0
600150,中国船舶,0,24,24,BaoStock(单源),0,0
600151,航天机电,0,24,24,BaoStock(单源),0,0
600152,维科技术,0,24,24,BaoStock(单源),0,0
600153,建发股份,0,24,24,BaoStock(单源),0,0
600155,华创云信,0,24,24,BaoStock(单源),0,0
600156,XD华升股,0,24,24,BaoStock(单源),0,0
600157,永泰能源,0,24,24,BaoStock(单源),0,0
600158,中体产业,0,24,24,BaoStock(单源),0,0
600159,大龙地产,0,24,24,BaoStock(单源),0,0
600160,巨化股份,0,24,24,BaoStock(单源),0,0
600161,天坛生物,0,24,24,BaoStock(单源),0,0
600162,香江控股,0,24,24,BaoStock(单源),0,0
600163,中闽能源,0,24,24,BaoStock(单源),0,0
600165,ST宁科,0,24,24,BaoStock(单源),0,0
600166,福田汽车,0,24,24,BaoStock(单源),0,0
600167,联美控股,0,24,24,BaoStock(单源),0,0
600168,武汉控股,0,24,24,BaoStock(单源),0,0
600169,ST太重,0,24,24,BaoStock(单源),0,0
600170,上海建工,0,24,24,BaoStock(单源),0,0
600171,上海贝岭,0,24,24,BaoStock(单源),0,0
600172,黄河旋风,0,24,24,BaoStock(单源),0,0
600173,卧龙新能,0,24,24,BaoStock(单源),0,0
600176,中国巨石,0,24,24,BaoStock(单源),0,0
600177,雅戈尔,0,24,24,BaoStock(单源),0,0
600178,东安动力,0,24,24,BaoStock(单源),0,0
600179,安通控股,0,24,24,BaoStock(单源),0,0
600180,*ST瑞茂,0,24,24,BaoStock(单源),0,0
600182,S佳通,0,24,24,BaoStock(单源),0,0
600183,生益科技,0,24,24,BaoStock(单源),0,0
600184,光电股份,0,24,24,BaoStock(单源),0,0
600185,珠免集团,0,24,24,BaoStock(单源),0,0
600186,莲花控股,0,0,0,BaoStock(单源),0,0
600187,*ST国中,0,0,0,BaoStock(单源),0,0
600188,兖矿能源,0,0,0,BaoStock(单源),0,0
600189,泉阳泉,0,0,0,BaoStock(单源),0,0
600191,华资实业,0,24,24,BaoStock(单源),0,0
600192,长城电工,0,24,24,BaoStock(单源),0,0
600193,*ST创兴,0,24,24,BaoStock(单源),0,0
600195,中牧股份,0,0,0,BaoStock(单源),0,0
600196,复星医药,0,24,24,BaoStock(单源),0,0
600197,伊力特,0,24,24,BaoStock(单源),0,0
600198,大唐电信,0,24,24,BaoStock(单源),0,0
600199,金种子酒,0,24,24,BaoStock(单源),0,0
600201,生物股份,0,24,24,BaoStock(单源),0,0
600202,哈空调,0,24,24,BaoStock(单源),0,0
600203,福日电子,0,24,24,BaoStock(单源),0,0
600206,有研新材,0,24,24,BaoStock(单源),0,0
600207,安彩高科,0,24,24,BaoStock(单源),0,0
600208,衢州发展,0,24,24,BaoStock(单源),0,0
600210,紫江企业,0,24,24,BaoStock(单源),0,0
600211,西藏药业,0,24,24,BaoStock(单源),0,0
600212,绿能慧充,0,24,24,BaoStock(单源),0,0
600215,派斯林,0,0,0,BaoStock(单源),0,0
600216,浙江医药,0,0,0,BaoStock(单源),0,0
600217,中再资环,0,24,24,BaoStock(单源),0,0
600218,全柴动力,0,24,24,BaoStock(单源),0,0
600219,南山铝业,0,24,24,BaoStock(单源),0,0
600221,海航控股,0,24,24,BaoStock(单源),0,0
600222,太龙药业,0,24,24,BaoStock(单源),0,0
600223,福瑞达,0,24,24,BaoStock(单源),0,0
600226,亨通股份,0,24,24,BaoStock(单源),0,0
600227,赤天化,0,24,24,BaoStock(单源),0,0
600228,*ST返利,0,24,24,BaoStock(单源),0,0
600229,城市传媒,0,24,24,BaoStock(单源),0,0
600230,沧州大化,0,24,24,BaoStock(单源),0,0
600231,凌钢股份,0,24,24,BaoStock(单源),0,0
600232,金鹰股份,0,24,24,BaoStock(单源),0,0
600233,圆通速递,0,24,24,BaoStock(单源),0,0
600234,科新发展,0,24,24,BaoStock(单源),0,0
600235,民丰特纸,0,24,24,BaoStock(单源),0,0
600236,桂冠电力,0,24,24,BaoStock(单源),0,0
600237,铜峰电子,0,24,24,BaoStock(单源),0,0
600238,*ST椰岛,0,24,24,BaoStock(单源),0,0
600239,ST云城,0,24,24,BaoStock(单源),0,0
600241,时代万恒,0,24,24,BaoStock(单源),0,0
600243,*ST海华,0,24,24,BaoStock(单源),0,0
600246,万通发展,0,24,24,BaoStock(单源),0,0
600248,陕建股份,0,24,24,BaoStock(单源),0,0
600249,两面针,0,24,24,BaoStock(单源),0,0
600250,南京商旅,0,24,24,BaoStock(单源),0,0
600251,冠农股份,0,24,24,BaoStock(单源),0,0
600252,中恒集团,0,0,0,BaoStock(单源),0,0
600255,鑫科材料,0,24,24,BaoStock(单源),0,0
600256,广汇能源,0,24,24,BaoStock(单源),0,0
600257,大湖股份,0,24,24,BaoStock(单源),0,0
600258,首旅酒店,0,24,24,BaoStock(单源),0,0
600259,中稀有色,0,24,24,BaoStock(单源),0,0
600261,阳光照明,0,24,24,BaoStock(单源),0,0
600262,北方股份,0,24,24,BaoStock(单源),0,0
600265,*ST景谷,0,24,24,BaoStock(单源),0,0
600266,城建发展,0,24,24,BaoStock(单源),0,0
600267,海正药业,0,24,24,BaoStock(单源),0,0
600268,国电南自,0,24,24,BaoStock(单源),0,0
600269,赣粤高速,0,24,24,BaoStock(单源),0,0
600271,航天信息,0,24,24,BaoStock(单源),0,0
600272,开开实业,0,24,24,BaoStock(单源),0,0
600273,嘉化能源,0,24,24,BaoStock(单源),0,0
600276,恒瑞医药,0,24,24,BaoStock(单源),0,0
600278,东方创业,0,24,24,BaoStock(单源),0,0
600279,重庆港,0,24,24,BaoStock(单源),0,0
600280,中央商场,0,24,24,BaoStock(单源),0,0
600281,华阳新材,0,24,24,BaoStock(单源),0,0
600282,南钢股份,0,24,24,BaoStock(单源),0,0
600283,钱江水利,0,24,24,BaoStock(单源),0,0
600353,旭光电子,0,24,24,BaoStock(单源),0,0
600354,敦煌种业,0,24,24,BaoStock(单源),0,0
600356,恒丰纸业,0,24,24,BaoStock(单源),0,0
600358,国旅联合,0,24,24,BaoStock(单源),0,0
600359,新农开发,0,24,24,BaoStock(单源),0,0
600360,*ST华微,0,24,24,BaoStock(单源),0,0
600361,创新新材,0,24,24,BaoStock(单源),0,0
600362,江西铜业,0,24,24,BaoStock(单源),0,0
600363,联创光电,0,24,24,BaoStock(单源),0,0
600365,ST通葡,0,24,24,BaoStock(单源),0,0
600366,宁波韵升,0,24,24,BaoStock(单源),0,0
600367,红星发展,0,24,24,BaoStock(单源),0,0
600368,五洲交通,0,24,24,BaoStock(单源),0,0
600369,西南证券,0,24,24,BaoStock(单源),0,0
600370,*ST三房,0,24,24,BaoStock(单源),0,0
600371,万向德农,0,24,24,BaoStock(单源),0,0
600372,中航机载,0,24,24,BaoStock(单源),0,0
600373,中文传媒,0,24,24,BaoStock(单源),0,0
600375,汉马科技,0,24,24,BaoStock(单源),0,0
600376,首开股份,0,24,24,BaoStock(单源),0,0
600377,宁沪高速,0,24,24,BaoStock(单源),0,0
600378,昊华科技,0,24,24,BaoStock(单源),0,0
600379,宝光股份,0,24,24,BaoStock(单源),0,0
600380,健康元,0,24,24,BaoStock(单源),0,0
600381,*ST春天,0,24,24,BaoStock(单源),0,0
600382,广东明珠,0,24,24,BaoStock(单源),0,0
600383,金地集团,0,24,24,BaoStock(单源),0,0
600386,北巴传媒,0,24,24,BaoStock(单源),0,0
600388,龙净环保,0,24,24,BaoStock(单源),0,0
600389,江山股份,0,24,24,BaoStock(单源),0,0
600390,五矿资本,0,24,24,BaoStock(单源),0,0
600391,航发科技,0,24,24,BaoStock(单源),0,0
600392,盛和资源,0,24,24,BaoStock(单源),0,0
600395,盘江股份,0,24,24,BaoStock(单源),0,0
600396,华电辽能,0,24,24,BaoStock(单源),0,0
600397,江钨装备,0,24,24,BaoStock(单源),0,0
600398,海澜之家,0,24,24,BaoStock(单源),0,0
600399,抚顺特钢,0,24,24,BaoStock(单源),0,0
600400,红豆股份,0,24,24,BaoStock(单源),0,0
600403,大有能源,0,24,24,BaoStock(单源),0,0
600405,动力源,0,24,24,BaoStock(单源),0,0
600406,国电南瑞,0,24,24,BaoStock(单源),0,0
600408,安泰集团,0,24,24,BaoStock(单源),0,0
600409,三友化工,0,24,24,BaoStock(单源),0,0
600410,华胜天成,0,24,24,BaoStock(单源),0,0
600415,小商品城,0,24,24,BaoStock(单源),0,0
600416,湘电股份,0,24,24,BaoStock(单源),0,0
600418,江淮汽车,0,24,24,BaoStock(单源),0,0
600419,天润乳业,0,0,0,BaoStock(单源),0,0
600420,国药现代,0,0,0,BaoStock(单源),0,0
600284,浦东建设,0,24,24,BaoStock(单源),0,0
600285,羚锐制药,0,24,24,BaoStock(单源),0,0
600287,苏豪时尚,0,24,24,BaoStock(单源),0,0
600288,大恒科技,0,24,24,BaoStock(单源),0,0
600289,ST信通,0,24,24,BaoStock(单源),0,0
600292,电投水电,0,24,24,BaoStock(单源),0,0
600293,三峡新材,0,24,24,BaoStock(单源),0,0
600295,鄂尔多斯,0,24,24,BaoStock(单源),0,0
600298,安琪酵母,0,24,24,BaoStock(单源),0,0
600299,安迪苏,0,24,24,BaoStock(单源),0,0
600300,维维股份,0,24,24,BaoStock(单源),0,0
600301,华锡有色,0,24,24,BaoStock(单源),0,0
600302,ST标准,0,24,24,BaoStock(单源),0,0
600303,曙光股份,0,24,24,BaoStock(单源),0,0
600305,恒顺醋业,0,24,24,BaoStock(单源),0,0
600307,酒钢宏兴,0,24,24,BaoStock(单源),0,0
600308,华泰股份,0,24,24,BaoStock(单源),0,0
600309,万华化学,0,24,24,BaoStock(单源),0,0
600310,广西能源,0,24,24,BaoStock(单源),0,0
600312,平高电气,0,24,24,BaoStock(单源),0,0
600313,农发种业,0,24,24,BaoStock(单源),0,0
600315,上海家化,0,24,24,BaoStock(单源),0,0
600316,洪都航空,0,24,24,BaoStock(单源),0,0
600318,新力金融,0,24,24,BaoStock(单源),0,0
600319,亚星化学,0,24,24,BaoStock(单源),0,0
600320,振华重工,0,24,24,BaoStock(单源),0,0
600322,津投城开,0,24,24,BaoStock(单源),0,0
600323,瀚蓝环境,0,24,24,BaoStock(单源),0,0
600325,华发股份,0,24,24,BaoStock(单源),0,0
600326,西藏天路,0,24,24,BaoStock(单源),0,0
600327,大东方,0,24,24,BaoStock(单源),0,0
600328,中盐化工,0,24,24,BaoStock(单源),0,0
600329,达仁堂,0,24,24,BaoStock(单源),0,0
600330,天通股份,0,24,24,BaoStock(单源),0,0
600331,宏达股份,0,24,24,BaoStock(单源),0,0
600332,白云山,0,24,24,BaoStock(单源),0,0
600333,长春燃气,0,24,24,BaoStock(单源),0,0
600335,国机汽车,0,24,24,BaoStock(单源),0,0
600336,澳柯玛,0,24,24,BaoStock(单源),0,0
600337,ST美克,0,24,24,BaoStock(单源),0,0
600338,西藏珠峰,0,24,24,BaoStock(单源),0,0
600339,中油工程,0,24,24,BaoStock(单源),0,0
600340,*ST华幸,0,24,24,BaoStock(单源),0,0
600343,航天动力,0,24,24,BaoStock(单源),0,0
600345,长江通信,0,24,24,BaoStock(单源),0,0
600346,恒力石化,0,0,0,BaoStock(单源),0,0
600348,华阳股份,0,0,0,BaoStock(单源),0,0
600350,山东高速,0,0,0,BaoStock(单源),0,0
600351,亚宝药业,0,24,24,BaoStock(单源),0,0
600352,浙江龙盛,0,24,24,BaoStock(单源),0,0
600421,*ST华嵘,0,24,24,BaoStock(单源),0,0
600422,昆药集团,0,24,24,BaoStock(单源),0,0
600423,*ST柳化,0,24,24,BaoStock(单源),0,0
600425,青松建化,0,24,24,BaoStock(单源),0,0
600426,华鲁恒升,0,24,24,BaoStock(单源),0,0
600428,中远海特,0,24,24,BaoStock(单源),0,0
600429,三元股份,0,24,24,BaoStock(单源),0,0
600433,冠豪高新,0,24,24,BaoStock(单源),0,0
600435,北方导航,0,24,24,BaoStock(单源),0,0
600436,片仔癀,0,24,24,BaoStock(单源),0,0
600438,通威股份,0,24,24,BaoStock(单源),0,0
600439,瑞贝卡,0,24,24,BaoStock(单源),0,0
600444,国机通用,0,24,24,BaoStock(单源),0,0
600446,金证股份,0,24,24,BaoStock(单源),0,0
600448,华纺股份,0,24,24,BaoStock(单源),0,0
600449,宁夏建材,0,24,24,BaoStock(单源),0,0
600452,涪陵电力,0,24,24,BaoStock(单源),0,0
600455,博通股份,0,24,24,BaoStock(单源),0,0
600456,宝钛股份,0,24,24,BaoStock(单源),0,0
600458,时代新材,0,24,24,BaoStock(单源),0,0
600459,贵研铂业,0,24,24,BaoStock(单源),0,0
600460,士兰微,0,24,24,BaoStock(单源),0,0
600461,洪城环境,0,24,24,BaoStock(单源),0,0
600463,空港股份,0,24,24,BaoStock(单源),0,0
600467,好当家,0,24,24,BaoStock(单源),0,0
600468,百利电气,0,24,24,BaoStock(单源),0,0
600469,风神股份,0,24,24,BaoStock(单源),0,0
600470,六国化工,0,24,24,BaoStock(单源),0,0
600475,华光环能,0,24,24,BaoStock(单源),0,0
600476,*ST湘邮,0,24,24,BaoStock(单源),0,0
600477,杭萧钢构,0,0,0,BaoStock(单源),0,0
600478,科力远,0,0,0,BaoStock(单源),0,0
600479,千金药业,0,0,0,BaoStock(单源),0,0
600480,凌云股份,0,0,0,BaoStock(单源),0,0
600481,双良节能,0,24,24,BaoStock(单源),0,0
600482,中国动力,0,24,24,BaoStock(单源),0,0
600483,福能股份,0,0,0,BaoStock(单源),0,0
600486,扬农化工,0,0,0,BaoStock(单源),0,0
600487,亨通光电,0,24,24,BaoStock(单源),0,0
600488,津药药业,0,24,24,BaoStock(单源),0,0
600489,中金黄金,0,24,24,BaoStock(单源),0,0
600490,鹏欣资源,0,24,24,BaoStock(单源),0,0
600491,ST龙元,0,24,24,BaoStock(单源),0,0
600493,凤竹纺织,0,24,24,BaoStock(单源),0,0
600495,晋西车轴,0,24,24,BaoStock(单源),0,0
600496,精工钢构,0,24,24,BaoStock(单源),0,0
600497,驰宏锌锗,0,24,24,BaoStock(单源),0,0
600498,烽火通信,0,24,24,BaoStock(单源),0,0
600499,科达制造,0,24,24,BaoStock(单源),0,0
600500,中化国际,0,24,24,BaoStock(单源),0,0
600562,国睿科技,0,0,0,BaoStock(单源),0,0
600563,法拉电子,0,0,0,BaoStock(单源),0,0
600566,济川药业,0,24,24,BaoStock(单源),0,0
600567,山鹰国际,0,24,24,BaoStock(单源),0,0
600568,ST中珠,0,24,24,BaoStock(单源),0,0
600569,安阳钢铁,0,24,24,BaoStock(单源),0,0
600570,恒生电子,0,24,24,BaoStock(单源),0,0
600571,信雅达,0,24,24,BaoStock(单源),0,0
600572,康恩贝,0,24,24,BaoStock(单源),0,0
600573,惠泉啤酒,0,24,24,BaoStock(单源),0,0
600575,淮河能源,0,0,0,BaoStock(单源),0,0
600576,祥源文旅,0,0,0,BaoStock(单源),0,0
600577,精达股份,0,0,0,BaoStock(单源),0,0
600578,京能电力,0,0,0,BaoStock(单源),0,0
600579,中化装备,0,0,0,BaoStock(单源),0,0
600580,卧龙电驱,0,0,0,BaoStock(单源),0,0
600581,*ST八钢,0,0,0,BaoStock(单源),0,0
600582,天地科技,0,0,0,BaoStock(单源),0,0
600583,海油工程,0,0,0,BaoStock(单源),0,0
600584,长电科技,0,24,24,BaoStock(单源),0,0
600585,海螺水泥,0,24,24,BaoStock(单源),0,0
600586,金晶科技,0,24,24,BaoStock(单源),0,0
600587,新华医疗,0,24,24,BaoStock(单源),0,0
600588,用友网络,0,24,24,BaoStock(单源),0,0
600589,大位科技,0,24,24,BaoStock(单源),0,0
600590,泰豪科技,0,24,24,BaoStock(单源),0,0
600592,龙溪股份,0,24,24,BaoStock(单源),0,0
600593,大连圣亚,0,24,24,BaoStock(单源),0,0
600594,益佰制药,0,24,24,BaoStock(单源),0,0
600595,中孚实业,0,24,24,BaoStock(单源),0,0
600596,新安股份,0,24,24,BaoStock(单源),0,0
600597,光明乳业,0,24,24,BaoStock(单源),0,0
600598,北大荒,0,24,24,BaoStock(单源),0,0
600599,*ST熊猫,0,24,24,BaoStock(单源),0,0
600600,青岛啤酒,0,24,24,BaoStock(单源),0,0
600601,方正科技,0,24,24,BaoStock(单源),0,0
600602,云赛智联,0,24,24,BaoStock(单源),0,0
600603,广汇物流,0,24,24,BaoStock(单源),0,0
600604,市北高新,0,24,24,BaoStock(单源),0,0
600605,汇通能源,0,24,24,BaoStock(单源),0,0
600606,绿地控股,0,24,24,BaoStock(单源),0,0
600608,*ST沪科,0,24,24,BaoStock(单源),0,0
600609,金杯汽车,0,24,24,BaoStock(单源),0,0
600610,中毅达,0,24,24,BaoStock(单源),0,0
600611,大众交通,0,24,24,BaoStock(单源),0,0
600612,老凤祥,0,24,24,BaoStock(单源),0,0
600613,神奇制药,0,24,24,BaoStock(单源),0,0
600615,鑫源智造,0,24,24,BaoStock(单源),0,0
600616,金枫酒业,0,24,24,BaoStock(单源),0,0
600617,国新能源,0,24,24,BaoStock(单源),0,0
600683,京投发展,0,24,24,BaoStock(单源),0,0
600684,珠江股份,0,24,24,BaoStock(单源),0,0
600685,中船防务,0,24,24,BaoStock(单源),0,0
600686,金龙汽车,0,24,24,BaoStock(单源),0,0
600688,上海石化,0,24,24,BaoStock(单源),0,0
600689,上海三毛,0,24,24,BaoStock(单源),0,0
600690,海尔智家,0,24,24,BaoStock(单源),0,0
600691,潞化科技,0,24,24,BaoStock(单源),0,0
600692,亚通股份,0,24,24,BaoStock(单源),0,0
600693,东百集团,0,24,24,BaoStock(单源),0,0
600694,大商股份,0,24,24,BaoStock(单源),0,0
600696,*ST岩石,0,24,24,BaoStock(单源),0,0
600697,欧亚集团,0,24,24,BaoStock(单源),0,0
600698,湖南天雁,0,24,24,BaoStock(单源),0,0
600699,均胜电子,0,24,24,BaoStock(单源),0,0
600702,舍得酒业,0,24,24,BaoStock(单源),0,0
600703,三安光电,0,24,24,BaoStock(单源),0,0
600704,物产中大,0,0,0,BaoStock(单源),0,0
600706,曲江文旅,0,0,0,BaoStock(单源),0,0
600707,彩虹股份,0,0,0,BaoStock(单源),0,0
600708,光明地产,0,0,0,BaoStock(单源),0,0
600710,苏美达,0,0,0,BaoStock(单源),0,0
600711,盛屯矿业,0,0,0,BaoStock(单源),0,0
600712,南宁百货,0,0,0,BaoStock(单源),0,0
600713,南京医药,0,0,0,BaoStock(单源),0,0
600714,金瑞矿业,0,0,0,BaoStock(单源),0,0
600715,文投控股,0,0,0,BaoStock(单源),0,0
600716,凤凰股份,0,0,0,BaoStock(单源),0,0
600717,天津港,0,0,0,BaoStock(单源),0,0
600718,东软集团,0,24,24,BaoStock(单源),0,0
600719,大连热电,0,24,24,BaoStock(单源),0,0
600720,中交设计,0,24,24,BaoStock(单源),0,0
600721,XD百花医,0,24,24,BaoStock(单源),0,0
600722,金牛化工,0,24,24,BaoStock(单源),0,0
600724,宁波富达,0,24,24,BaoStock(单源),0,0
600725,云维股份,0,24,24,BaoStock(单源),0,0
600726,华电能源,0,24,24,BaoStock(单源),0,0
600727,鲁北化工,0,24,24,BaoStock(单源),0,0
600728,佳都科技,0,24,24,BaoStock(单源),0,0
600729,重庆百货,0,24,24,BaoStock(单源),0,0
600730,*ST高科,0,24,24,BaoStock(单源),0,0
600731,湖南海利,0,24,24,BaoStock(单源),0,0
600732,爱旭股份,0,24,24,BaoStock(单源),0,0
600733,北汽蓝谷,0,24,24,BaoStock(单源),0,0
600734,*ST实达,0,24,24,BaoStock(单源),0,0
600735,ST新华锦,0,24,24,BaoStock(单源),0,0
600736,苏州高新,0,24,24,BaoStock(单源),0,0
600737,中粮糖业,0,24,24,BaoStock(单源),0,0
600738,丽尚国潮,0,0,0,BaoStock(单源),0,0
600739,辽宁成大,0,0,0,BaoStock(单源),0,0
600501,航天晨光,0,24,24,BaoStock(单源),0,0
600502,安徽建工,0,24,24,BaoStock(单源),0,0
600503,华丽家族,0,24,24,BaoStock(单源),0,0
600505,西昌电力,0,24,24,BaoStock(单源),0,0
600506,统一股份,0,24,24,BaoStock(单源),0,0
600507,方大特钢,0,24,24,BaoStock(单源),0,0
600508,上海能源,0,24,24,BaoStock(单源),0,0
600509,天富能源,0,24,24,BaoStock(单源),0,0
600510,黑牡丹,0,0,0,BaoStock(单源),0,0
600511,国药股份,0,0,0,BaoStock(单源),0,0
600512,腾达建设,0,0,0,BaoStock(单源),0,0
600513,联环药业,0,0,0,BaoStock(单源),0,0
600515,海南机场,0,24,24,BaoStock(单源),0,0
600516,方大炭素,0,24,24,BaoStock(单源),0,0
600517,国网英大,0,24,24,BaoStock(单源),0,0
600518,康美药业,0,0,0,BaoStock(单源),0,0
600519,贵州茅台,0,0,0,BaoStock(单源),0,0
600520,三佳科技,0,0,0,BaoStock(单源),0,0
600521,华海药业,0,0,0,BaoStock(单源),0,0
600522,中天科技,0,0,0,BaoStock(单源),0,0
600523,贵航股份,0,24,24,BaoStock(单源),0,0
600525,ST长园,0,24,24,BaoStock(单源),0,0
600526,菲达环保,0,24,24,BaoStock(单源),0,0
600527,江南高纤,0,24,24,BaoStock(单源),0,0
600528,中铁工业,0,24,24,BaoStock(单源),0,0
600529,山东药玻,0,24,24,BaoStock(单源),0,0
600530,交大昂立,0,24,24,BaoStock(单源),0,0
600531,豫光金铅,0,24,24,BaoStock(单源),0,0
600533,栖霞建设,0,24,24,BaoStock(单源),0,0
600535,天士力,0,24,24,BaoStock(单源),0,0
600536,中国软件,0,24,24,BaoStock(单源),0,0
600537,*ST亿晶,0,24,24,BaoStock(单源),0,0
600538,国发股份,0,24,24,BaoStock(单源),0,0
600539,狮头股份,0,24,24,BaoStock(单源),0,0
600540,新赛股份,0,24,24,BaoStock(单源),0,0
600543,*ST莫高,0,24,24,BaoStock(单源),0,0
600545,卓郎智能,0,24,24,BaoStock(单源),0,0
600546,山煤国际,0,24,24,BaoStock(单源),0,0
600547,山东黄金,0,24,24,BaoStock(单源),0,0
600548,深高速,0,24,24,BaoStock(单源),0,0
600549,厦门钨业,0,24,24,BaoStock(单源),0,0
600550,保变电气,0,24,24,BaoStock(单源),0,0
600551,时代出版,0,24,24,BaoStock(单源),0,0
600552,凯盛科技,0,24,24,BaoStock(单源),0,0
600556,天下秀,0,24,24,BaoStock(单源),0,0
600557,康缘药业,0,0,0,BaoStock(单源),0,0
600558,大西洋,0,0,0,BaoStock(单源),0,0
600559,老白干酒,0,0,0,BaoStock(单源),0,0
600560,金自天正,0,0,0,BaoStock(单源),0,0
600561,江西长运,0,24,24,BaoStock(单源),0,0
600740,山西焦化,0,24,24,BaoStock(单源),0,0
600741,华域汽车,0,24,24,BaoStock(单源),0,0
600742,富维股份,0,24,24,BaoStock(单源),0,0
600743,华远控股,0,24,24,BaoStock(单源),0,0
600744,华银电力,0,24,24,BaoStock(单源),0,0
600745,*ST闻泰,0,24,24,BaoStock(单源),0,0
600746,江苏索普,0,24,24,BaoStock(单源),0,0
600748,上实发展,0,24,24,BaoStock(单源),0,0
600749,西藏旅游,0,24,24,BaoStock(单源),0,0
600750,华润江中,0,24,24,BaoStock(单源),0,0
600751,海航科技,0,24,24,BaoStock(单源),0,0
600753,*ST海钦,0,24,24,BaoStock(单源),0,0
600754,锦江酒店,0,24,24,BaoStock(单源),0,0
600755,厦门国贸,0,24,24,BaoStock(单源),0,0
600756,浪潮软件,0,24,24,BaoStock(单源),0,0
600757,长江传媒,0,24,24,BaoStock(单源),0,0
600758,辽宁能源,0,24,24,BaoStock(单源),0,0
600759,ST洲际,0,24,24,BaoStock(单源),0,0
600760,中航沈飞,0,24,24,BaoStock(单源),0,0
600761,安徽合力,0,24,24,BaoStock(单源),0,0
600763,通策医疗,0,24,24,BaoStock(单源),0,0
600764,中国海防,0,24,24,BaoStock(单源),0,0
600765,中航重机,0,24,24,BaoStock(单源),0,0
600768,宁波富邦,0,24,24,BaoStock(单源),0,0
600769,祥龙电业,0,24,24,BaoStock(单源),0,0
600770,综艺股份,0,24,24,BaoStock(单源),0,0
600771,广誉远,0,24,24,BaoStock(单源),0,0
600773,西藏城投,0,24,24,BaoStock(单源),0,0
600774,汉商集团,0,24,24,BaoStock(单源),0,0
600775,南京熊猫,0,24,24,BaoStock(单源),0,0
600776,东方通信,0,24,24,BaoStock(单源),0,0
600777,*ST新潮,0,24,24,BaoStock(单源),0,0
600778,友好集团,0,24,24,BaoStock(单源),0,0
600779,水井坊,0,24,24,BaoStock(单源),0,0
600780,通宝能源,0,24,24,BaoStock(单源),0,0
600782,新钢股份,0,24,24,BaoStock(单源),0,0
600783,鲁信创投,0,24,24,BaoStock(单源),0,0
600784,鲁银投资,0,24,24,BaoStock(单源),0,0
600785,新华百货,0,0,0,BaoStock(单源),0,0
600787,中储股份,0,24,24,BaoStock(单源),0,0
600789,鲁抗医药,0,24,24,BaoStock(单源),0,0
600790,轻纺城,0,24,24,BaoStock(单源),0,0
600791,京能置业,0,24,24,BaoStock(单源),0,0
600792,云煤能源,0,24,24,BaoStock(单源),0,0
600793,宜宾纸业,0,24,24,BaoStock(单源),0,0
600794,保税科技,0,24,24,BaoStock(单源),0,0
600795,国电电力,0,24,24,BaoStock(单源),0,0
600796,钱江生化,0,24,24,BaoStock(单源),0,0
600797,浙大网新,0,24,24,BaoStock(单源),0,0
600798,宁波海运,0,24,24,BaoStock(单源),0,0
600618,氯碱化工,0,24,24,BaoStock(单源),0,0
600619,海立股份,0,24,24,BaoStock(单源),0,0
600620,天宸股份,0,24,24,BaoStock(单源),0,0
600621,华鑫股份,0,24,24,BaoStock(单源),0,0
600622,光大嘉宝,0,0,0,BaoStock(单源),0,0
600623,华谊集团,0,0,0,BaoStock(单源),0,0
600624,ST复华,0,0,0,BaoStock(单源),0,0
600626,申达股份,0,0,0,BaoStock(单源),0,0
600628,新世界,0,0,0,BaoStock(单源),0,0
600629,华建集团,0,0,0,BaoStock(单源),0,0
600630,龙头股份,0,0,0,BaoStock(单源),0,0
600633,浙数文化,0,0,0,BaoStock(单源),0,0
600635,大众公用,0,0,0,BaoStock(单源),0,0
600636,*ST国化,0,24,24,BaoStock(单源),0,0
600637,东方明珠,0,24,24,BaoStock(单源),0,0
600638,新黄浦,0,24,24,BaoStock(单源),0,0
600639,浦东金桥,0,24,24,BaoStock(单源),0,0
600640,国脉文化,0,24,24,BaoStock(单源),0,0
600641,先导基电,0,24,24,BaoStock(单源),0,0
600642,申能股份,0,24,24,BaoStock(单源),0,0
600643,爱建集团,0,24,24,BaoStock(单源),0,0
600644,乐山电力,0,24,24,BaoStock(单源),0,0
600645,中源协和,0,24,24,BaoStock(单源),0,0
600648,外高桥,0,24,24,BaoStock(单源),0,0
600649,城投控股,0,24,24,BaoStock(单源),0,0
600650,锦江在线,0,24,24,BaoStock(单源),0,0
600651,飞乐音响,0,24,24,BaoStock(单源),0,0
600653,申华控股,0,24,24,BaoStock(单源),0,0
600654,中安科,0,24,24,BaoStock(单源),0,0
600655,豫园股份,0,24,24,BaoStock(单源),0,0
600657,信达地产,0,24,24,BaoStock(单源),0,0
600658,电子城,0,24,24,BaoStock(单源),0,0
600660,福耀玻璃,0,24,24,BaoStock(单源),0,0
600661,昂立教育,0,24,24,BaoStock(单源),0,0
600662,外服控股,0,24,24,BaoStock(单源),0,0
600663,陆家嘴,0,24,24,BaoStock(单源),0,0
600664,哈药股份,0,24,24,BaoStock(单源),0,0
600665,天地源,0,24,24,BaoStock(单源),0,0
600666,奥瑞德,0,24,24,BaoStock(单源),0,0
600667,太极实业,0,24,24,BaoStock(单源),0,0
600668,尖峰集团,0,24,24,BaoStock(单源),0,0
600671,天目药业,0,24,24,BaoStock(单源),0,0
600673,东阳光,0,24,24,BaoStock(单源),0,0
600674,川投能源,0,24,24,BaoStock(单源),0,0
600675,中华企业,0,24,24,BaoStock(单源),0,0
600676,交运股份,0,24,24,BaoStock(单源),0,0
600678,ST金顶,0,24,24,BaoStock(单源),0,0
600679,上海凤凰,0,24,24,BaoStock(单源),0,0
600681,百川能源,0,24,24,BaoStock(单源),0,0
600682,南京新百,0,24,24,BaoStock(单源),0,0
600938,中国海油,0,24,24,BaoStock(单源),0,0
600939,重庆建工,0,24,24,BaoStock(单源),0,0
600941,中国移动,0,24,24,BaoStock(单源),0,0
600955,维远股份,0,24,24,BaoStock(单源),0,0
600956,新天绿能,0,24,24,BaoStock(单源),0,0
600958,东方证券,0,24,24,BaoStock(单源),0,0
600959,江苏有线,0,24,24,BaoStock(单源),0,0
600960,渤海汽车,0,24,24,BaoStock(单源),0,0
600961,株冶集团,0,24,24,BaoStock(单源),0,0
600962,国投中鲁,0,24,24,BaoStock(单源),0,0
600963,岳阳林纸,0,24,24,BaoStock(单源),0,0
600965,*ST福成,0,24,24,BaoStock(单源),0,0
600966,博汇纸业,0,0,0,BaoStock(单源),0,0
600967,内蒙一机,0,24,24,BaoStock(单源),0,0
600968,海油发展,0,24,24,BaoStock(单源),0,0
600969,郴电国际,0,24,24,BaoStock(单源),0,0
600970,中材国际,0,24,24,BaoStock(单源),0,0
600971,恒源煤电,0,24,24,BaoStock(单源),0,0
600973,宝胜股份,0,24,24,BaoStock(单源),0,0
600975,新五丰,0,24,24,BaoStock(单源),0,0
600976,健民集团,0,24,24,BaoStock(单源),0,0
600977,中国电影,0,24,24,BaoStock(单源),0,0
600979,广安爱众,0,0,0,BaoStock(单源),0,0
600980,北矿科技,0,0,0,BaoStock(单源),0,0
600981,苏豪汇鸿,0,24,24,BaoStock(单源),0,0
600982,宁波能源,0,24,24,BaoStock(单源),0,0
600983,惠而浦,0,24,24,BaoStock(单源),0,0
600984,建设机械,0,24,24,BaoStock(单源),0,0
600985,淮北矿业,0,24,24,BaoStock(单源),0,0
600986,浙文互联,0,24,24,BaoStock(单源),0,0
600987,航民股份,0,24,24,BaoStock(单源),0,0
600988,赤峰黄金,0,24,24,BaoStock(单源),0,0
600989,宝丰能源,0,24,24,BaoStock(单源),0,0
600990,四创电子,0,24,24,BaoStock(单源),0,0
600992,贵绳股份,0,24,24,BaoStock(单源),0,0
600993,马应龙,0,24,24,BaoStock(单源),0,0
600995,南网储能,0,24,24,BaoStock(单源),0,0
600996,贵广网络,0,24,24,BaoStock(单源),0,0
600997,开滦股份,0,24,24,BaoStock(单源),0,0
600998,九州通,0,24,24,BaoStock(单源),0,0
600999,招商证券,0,24,24,BaoStock(单源),0,0
601000,唐山港,0,24,24,BaoStock(单源),0,0
601001,晋控煤业,0,24,24,BaoStock(单源),0,0
601002,晋亿实业,0,24,24,BaoStock(单源),0,0
601003,柳钢股份,0,24,24,BaoStock(单源),0,0
601005,重庆钢铁,0,24,24,BaoStock(单源),0,0
601006,大秦铁路,0,24,24,BaoStock(单源),0,0
601007,金陵饭店,0,24,24,BaoStock(单源),0,0
601008,连云港,0,24,24,BaoStock(单源),0,0
601009,南京银行,0,24,24,BaoStock(单源),0,0
600800,渤海化学,0,24,24,BaoStock(单源),0,0
600801,华新建材,0,24,24,BaoStock(单源),0,0
600802,福建水泥,0,24,24,BaoStock(单源),0,0
600803,新奥股份,0,24,24,BaoStock(单源),0,0
600805,悦达投资,0,24,24,BaoStock(单源),0,0
600807,济高发展,0,24,24,BaoStock(单源),0,0
600808,马钢股份,0,24,24,BaoStock(单源),0,0
600809,山西汾酒,0,24,24,BaoStock(单源),0,0
600810,神马股份,0,24,24,BaoStock(单源),0,0
600812,华北制药,0,24,24,BaoStock(单源),0,0
600814,杭州解百,0,24,24,BaoStock(单源),0,0
600815,厦工股份,0,24,24,BaoStock(单源),0,0
600816,建元信托,0,24,24,BaoStock(单源),0,0
600817,宇通重工,0,24,24,BaoStock(单源),0,0
600818,ST中路,0,24,24,BaoStock(单源),0,0
600819,耀皮玻璃,0,24,24,BaoStock(单源),0,0
600820,隧道股份,0,0,0,BaoStock(单源),0,0
600821,金开新能,0,24,24,BaoStock(单源),0,0
600822,上海物贸,0,24,24,BaoStock(单源),0,0
600824,益民集团,0,24,24,BaoStock(单源),0,0
600825,新华传媒,0,24,24,BaoStock(单源),0,0
600826,兰生股份,0,24,24,BaoStock(单源),0,0
600827,百联股份,0,24,24,BaoStock(单源),0,0
600828,茂业商业,0,24,24,BaoStock(单源),0,0
600829,人民同泰,0,24,24,BaoStock(单源),0,0
600830,香溢融通,0,24,24,BaoStock(单源),0,0
600831,广电网络,0,24,24,BaoStock(单源),0,0
600833,第一医药,0,24,24,BaoStock(单源),0,0
600834,申通地铁,0,24,24,BaoStock(单源),0,0
600835,上海机电,0,24,24,BaoStock(单源),0,0
600838,上海九百,0,24,24,BaoStock(单源),0,0
600839,四川长虹,0,24,24,BaoStock(单源),0,0
600841,动力新科,0,24,24,BaoStock(单源),0,0
600843,上工申贝,0,24,24,BaoStock(单源),0,0
600844,金煤科技,0,24,24,BaoStock(单源),0,0
600845,宝信软件,0,24,24,BaoStock(单源),0,0
600846,同济科技,0,24,24,BaoStock(单源),0,0
600847,万里股份,0,24,24,BaoStock(单源),0,0
600848,上海临港,0,24,24,BaoStock(单源),0,0
600850,电科数字,0,24,24,BaoStock(单源),0,0
600851,海欣股份,0,24,24,BaoStock(单源),0,0
600853,龙建股份,0,24,24,BaoStock(单源),0,0
600854,春兰股份,0,24,24,BaoStock(单源),0,0
600855,航天长峰,0,24,24,BaoStock(单源),0,0
600857,宁波中百,0,24,24,BaoStock(单源),0,0
600858,银座股份,0,24,24,BaoStock(单源),0,0
600859,王府井,0,24,24,BaoStock(单源),0,0
600860,京城股份,0,24,24,BaoStock(单源),0,0
600861,北京人力,0,24,24,BaoStock(单源),0,0
600862,中航高科,0,24,24,BaoStock(单源),0,0
601158,重庆水务,0,24,24,BaoStock(单源),0,0
601162,天风证券,0,24,24,BaoStock(单源),0,0
601163,三角轮胎,0,24,24,BaoStock(单源),0,0
601166,兴业银行,0,24,24,BaoStock(单源),0,0
601168,西部矿业,0,24,24,BaoStock(单源),0,0
601169,北京银行,0,24,24,BaoStock(单源),0,0
601177,杭齿前进,0,24,24,BaoStock(单源),0,0
601179,中国西电,0,24,24,BaoStock(单源),0,0
601186,中国铁建,0,24,24,BaoStock(单源),0,0
601187,厦门银行,0,24,24,BaoStock(单源),0,0
601188,龙江交通,0,24,24,BaoStock(单源),0,0
601198,东兴证券,0,24,24,BaoStock(单源),0,0
601199,江南水务,0,24,24,BaoStock(单源),0,0
601200,上海环境,0,24,24,BaoStock(单源),0,0
601208,东材科技,0,24,24,BaoStock(单源),0,0
601211,国泰海通,0,24,24,BaoStock(单源),0,0
601212,白银有色,0,24,24,BaoStock(单源),0,0
601216,君正集团,0,24,24,BaoStock(单源),0,0
601218,XD吉鑫科,0,24,24,BaoStock(单源),0,0
601222,林洋能源,0,24,24,BaoStock(单源),0,0
601225,陕西煤业,0,24,24,BaoStock(单源),0,0
601226,华电科工,0,24,24,BaoStock(单源),0,0
601228,广州港,0,24,24,BaoStock(单源),0,0
601229,上海银行,0,24,24,BaoStock(单源),0,0
601231,环旭电子,0,0,0,BaoStock(单源),0,0
601233,桐昆股份,0,0,0,BaoStock(单源),0,0
601236,红塔证券,0,0,0,BaoStock(单源),0,0
601238,广汽集团,0,0,0,BaoStock(单源),0,0
601279,英利汽车,0,24,24,BaoStock(单源),0,0
601288,农业银行,0,24,24,BaoStock(单源),0,0
601298,青岛港,0,24,24,BaoStock(单源),0,0
601311,骆驼股份,0,24,24,BaoStock(单源),0,0
601318,中国平安,0,24,24,BaoStock(单源),0,0
601319,中国人保,0,24,24,BaoStock(单源),0,0
601326,秦港股份,0,24,24,BaoStock(单源),0,0
601328,交通银行,0,24,24,BaoStock(单源),0,0
601330,绿色动力,0,24,24,BaoStock(单源),0,0
601333,广深铁路,0,24,24,BaoStock(单源),0,0
601336,新华保险,0,24,24,BaoStock(单源),0,0
601339,百隆东方,0,24,24,BaoStock(单源),0,0
601360,三六零,0,24,24,BaoStock(单源),0,0
601366,利群股份,0,24,24,BaoStock(单源),0,0
601368,绿城水务,0,24,24,BaoStock(单源),0,0
601369,陕鼓动力,0,24,24,BaoStock(单源),0,0
601375,中原证券,0,24,24,BaoStock(单源),0,0
601377,兴业证券,0,24,24,BaoStock(单源),0,0
601388,怡球资源,0,24,24,BaoStock(单源),0,0
601390,中国中铁,0,24,24,BaoStock(单源),0,0
601398,工商银行,0,24,24,BaoStock(单源),0,0
601399,国机重装,0,24,24,BaoStock(单源),0,0
600863,华能蒙电,0,24,24,BaoStock(单源),0,0
600864,哈投股份,0,24,24,BaoStock(单源),0,0
600865,百大集团,0,24,24,BaoStock(单源),0,0
600866,星湖科技,0,24,24,BaoStock(单源),0,0
600867,通化东宝,0,24,24,BaoStock(单源),0,0
600868,梅雁吉祥,0,0,0,BaoStock(单源),0,0
600869,远东股份,0,24,24,BaoStock(单源),0,0
600871,石化油服,0,24,24,BaoStock(单源),0,0
600872,中炬高新,0,24,24,BaoStock(单源),0,0
600873,梅花生物,0,24,24,BaoStock(单源),0,0
600874,创业环保,0,24,24,BaoStock(单源),0,0
600875,东方电气,0,24,24,BaoStock(单源),0,0
600876,凯盛新能,0,24,24,BaoStock(单源),0,0
600877,电科芯片,0,24,24,BaoStock(单源),0,0
600879,航天电子,0,24,24,BaoStock(单源),0,0
600880,博瑞传播,0,24,24,BaoStock(单源),0,0
600881,亚泰集团,0,24,24,BaoStock(单源),0,0
600882,妙可蓝多,0,24,24,BaoStock(单源),0,0
600883,博闻科技,0,24,24,BaoStock(单源),0,0
600884,杉杉股份,0,24,24,BaoStock(单源),0,0
600885,宏发股份,0,24,24,BaoStock(单源),0,0
600886,国投电力,0,24,24,BaoStock(单源),0,0
600887,伊利股份,0,24,24,BaoStock(单源),0,0
600888,新疆众和,0,24,24,BaoStock(单源),0,0
600889,*ST京化,0,24,24,BaoStock(单源),0,0
600892,*ST大晟,0,24,24,BaoStock(单源),0,0
600893,航发动力,0,24,24,BaoStock(单源),0,0
600894,广日股份,0,24,24,BaoStock(单源),0,0
600895,张江高科,0,24,24,BaoStock(单源),0,0
600897,厦门空港,0,24,24,BaoStock(单源),0,0
600900,长江电力,0,24,24,BaoStock(单源),0,0
600901,江苏金租,0,24,24,BaoStock(单源),0,0
600903,贵州燃气,0,0,0,BaoStock(单源),0,0
600905,三峡能源,0,0,0,BaoStock(单源),0,0
600906,财达证券,0,0,0,BaoStock(单源),0,0
600908,无锡银行,0,24,24,BaoStock(单源),0,0
600909,华安证券,0,24,24,BaoStock(单源),0,0
600916,中国黄金,0,24,24,BaoStock(单源),0,0
600917,重庆燃气,0,24,24,BaoStock(单源),0,0
600918,中泰证券,0,24,24,BaoStock(单源),0,0
600919,江苏银行,0,24,24,BaoStock(单源),0,0
600925,苏能股份,0,24,24,BaoStock(单源),0,0
600926,杭州银行,0,24,24,BaoStock(单源),0,0
600927,永安期货,0,24,24,BaoStock(单源),0,0
600928,西安银行,0,24,24,BaoStock(单源),0,0
600929,雪天盐业,0,24,24,BaoStock(单源),0,0
600930,华电新能,0,24,24,BaoStock(单源),0,0
600933,爱柯迪,0,24,24,BaoStock(单源),0,0
600935,华塑股份,0,24,24,BaoStock(单源),0,0
600936,北投科技,0,24,24,BaoStock(单源),0,0
601010,ST文峰,0,24,24,BaoStock(单源),0,0
601011,宝泰隆,0,24,24,BaoStock(单源),0,0
601012,隆基绿能,0,24,24,BaoStock(单源),0,0
601015,陕西黑猫,0,24,24,BaoStock(单源),0,0
601016,节能风电,0,24,24,BaoStock(单源),0,0
601018,宁波港,0,24,24,BaoStock(单源),0,0
601019,山东出版,0,24,24,BaoStock(单源),0,0
601020,华钰矿业,0,24,24,BaoStock(单源),0,0
601021,春秋航空,0,24,24,BaoStock(单源),0,0
601022,宁波远洋,0,24,24,BaoStock(单源),0,0
601026,道生天合,0,24,24,BaoStock(单源),0,0
601033,永兴股份,0,24,24,BaoStock(单源),0,0
601038,一拖股份,0,24,24,BaoStock(单源),0,0
601058,赛轮轮胎,0,24,24,BaoStock(单源),0,0
601059,信达证券,0,24,24,BaoStock(单源),0,0
601061,中信金属,0,24,24,BaoStock(单源),0,0
601065,江盐集团,0,24,24,BaoStock(单源),0,0
601066,中信建投,0,24,24,BaoStock(单源),0,0
601068,中铝国际,0,24,24,BaoStock(单源),0,0
601069,西部黄金,0,24,24,BaoStock(单源),0,0
601077,渝农商行,0,24,24,BaoStock(单源),0,0
601083,锦江航运,0,24,24,BaoStock(单源),0,0
601086,国芳集团,0,24,24,BaoStock(单源),0,0
601088,中国神华,0,24,24,BaoStock(单源),0,0
601089,福元医药,0,24,24,BaoStock(单源),0,0
601096,宏盛华源,0,24,24,BaoStock(单源),0,0
601098,中南传媒,0,0,0,BaoStock(单源),0,0
601099,太平洋,0,0,0,BaoStock(单源),0,0
601100,恒立液压,0,24,24,BaoStock(单源),0,0
601101,昊华能源,0,24,24,BaoStock(单源),0,0
601106,中国一重,0,24,24,BaoStock(单源),0,0
601107,四川成渝,0,24,24,BaoStock(单源),0,0
601108,财通证券,0,24,24,BaoStock(单源),0,0
601111,中国国航,0,24,24,BaoStock(单源),0,0
601112,振石股份,0,24,24,BaoStock(单源),0,0
601113,华鼎股份,0,24,24,BaoStock(单源),0,0
601116,三江购物,0,24,24,BaoStock(单源),0,0
601117,中国化学,0,24,24,BaoStock(单源),0,0
601118,海南橡胶,0,24,24,BaoStock(单源),0,0
601121,宝地矿业,0,24,24,BaoStock(单源),0,0
601126,四方股份,0,24,24,BaoStock(单源),0,0
601127,赛力斯,0,24,24,BaoStock(单源),0,0
601128,常熟银行,0,24,24,BaoStock(单源),0,0
601133,柏诚股份,0,24,24,BaoStock(单源),0,0
601136,首创证券,0,24,24,BaoStock(单源),0,0
601137,博威合金,0,24,24,BaoStock(单源),0,0
601138,工业富联,0,0,0,BaoStock(单源),0,0
601139,深圳燃气,0,0,0,BaoStock(单源),0,0
601155,新城控股,0,24,24,BaoStock(单源),0,0
601156,东航物流,0,24,24,BaoStock(单源),0,0
601766,中国中车,0,24,24,BaoStock(单源),0,0
601777,千里科技,0,24,24,BaoStock(单源),0,0
601778,晶科科技,0,24,24,BaoStock(单源),0,0
601788,光大证券,0,24,24,BaoStock(单源),0,0
601789,宁波建工,0,24,24,BaoStock(单源),0,0
601798,蓝科高新,0,24,24,BaoStock(单源),0,0
601799,星宇股份,0,24,24,BaoStock(单源),0,0
601800,中国交建,0,24,24,BaoStock(单源),0,0
601801,皖新传媒,0,24,24,BaoStock(单源),0,0
601808,中海油服,0,24,24,BaoStock(单源),0,0
601811,新华文轩,0,24,24,BaoStock(单源),0,0
601816,京沪高铁,0,24,24,BaoStock(单源),0,0
601818,光大银行,0,24,24,BaoStock(单源),0,0
601825,沪农商行,0,24,24,BaoStock(单源),0,0
601827,三峰环境,0,24,24,BaoStock(单源),0,0
601828,美凯龙,0,24,24,BaoStock(单源),0,0
601838,成都银行,0,24,24,BaoStock(单源),0,0
601857,中国石油,0,24,24,BaoStock(单源),0,0
601858,中国科传,0,24,24,BaoStock(单源),0,0
601860,紫金银行,0,24,24,BaoStock(单源),0,0
601865,福莱特,0,24,24,BaoStock(单源),0,0
601866,中远海发,0,24,24,BaoStock(单源),0,0
601868,中国能建,0,24,24,BaoStock(单源),0,0
601869,长飞光纤,0,24,24,BaoStock(单源),0,0
601872,招商轮船,0,24,24,BaoStock(单源),0,0
601877,正泰电器,0,24,24,BaoStock(单源),0,0
601878,浙商证券,0,0,0,BaoStock(单源),0,0
601880,辽港股份,0,0,0,BaoStock(单源),0,0
601881,中国银河,0,24,24,BaoStock(单源),0,0
601882,海天精工,0,24,24,BaoStock(单源),0,0
601886,江河集团,0,24,24,BaoStock(单源),0,0
601888,中国中免,0,24,24,BaoStock(单源),0,0
601890,亚星锚链,0,24,24,BaoStock(单源),0,0
601898,中煤能源,0,24,24,BaoStock(单源),0,0
601899,紫金矿业,0,24,24,BaoStock(单源),0,0
601900,南方传媒,0,24,24,BaoStock(单源),0,0
601901,方正证券,0,24,24,BaoStock(单源),0,0
601908,京运通,0,24,24,BaoStock(单源),0,0
601916,浙商银行,0,24,24,BaoStock(单源),0,0
601918,新集能源,0,24,24,BaoStock(单源),0,0
601919,中远海控,0,24,24,BaoStock(单源),0,0
601921,浙版传媒,0,24,24,BaoStock(单源),0,0
601928,凤凰传媒,0,24,24,BaoStock(单源),0,0
601929,吉视传媒,0,0,0,BaoStock(单源),0,0
601933,永辉超市,0,0,0,BaoStock(单源),0,0
601939,建设银行,0,0,0,BaoStock(单源),0,0
601949,中国出版,0,0,0,BaoStock(单源),0,0
601952,苏垦农发,0,0,0,BaoStock(单源),0,0
601956,东贝集团,0,24,24,BaoStock(单源),0,0
601958,金钼股份,0,24,24,BaoStock(单源),0,0
601456,国联民生,0,24,24,BaoStock(单源),0,0
601500,通用股份,0,24,24,BaoStock(单源),0,0
601512,中新集团,0,24,24,BaoStock(单源),0,0
601515,衢州东峰,0,24,24,BaoStock(单源),0,0
601518,吉林高速,0,24,24,BaoStock(单源),0,0
601519,大智慧,0,24,24,BaoStock(单源),0,0
601528,瑞丰银行,0,24,24,BaoStock(单源),0,0
601555,东吴证券,0,24,24,BaoStock(单源),0,0
601566,九牧王,0,24,24,BaoStock(单源),0,0
601567,三星电气,0,24,24,BaoStock(单源),0,0
601568,北元集团,0,0,0,BaoStock(单源),0,0
601577,长沙银行,0,0,0,BaoStock(单源),0,0
601579,会稽山,0,0,0,BaoStock(单源),0,0
601588,北辰实业,0,24,24,BaoStock(单源),0,0
601595,上海电影,0,24,24,BaoStock(单源),0,0
601598,中国外运,0,24,24,BaoStock(单源),0,0
601599,浙文影业,0,24,24,BaoStock(单源),0,0
601600,中国铝业,0,24,24,BaoStock(单源),0,0
601601,中国太保,0,24,24,BaoStock(单源),0,0
601606,长城军工,0,24,24,BaoStock(单源),0,0
601607,上海医药,0,24,24,BaoStock(单源),0,0
601608,中信重工,0,24,24,BaoStock(单源),0,0
601609,金田股份,0,24,24,BaoStock(单源),0,0
601611,中国核建,0,24,24,BaoStock(单源),0,0
601615,明阳智能,0,24,24,BaoStock(单源),0,0
601616,广电电气,0,24,24,BaoStock(单源),0,0
601618,中国中冶,0,0,0,BaoStock(单源),0,0
601619,嘉泽新能,0,0,0,BaoStock(单源),0,0
601628,中国人寿,0,0,0,BaoStock(单源),0,0
601633,长城汽车,0,0,0,BaoStock(单源),0,0
601636,旗滨集团,0,0,0,BaoStock(单源),0,0
601658,邮储银行,0,0,0,BaoStock(单源),0,0
601665,齐鲁银行,0,24,24,BaoStock(单源),0,0
601666,平煤股份,0,24,24,BaoStock(单源),0,0
601668,中国建筑,0,24,24,BaoStock(单源),0,0
601669,中国电建,0,24,24,BaoStock(单源),0,0
601677,明泰铝业,0,24,24,BaoStock(单源),0,0
601678,滨化股份,0,24,24,BaoStock(单源),0,0
601686,友发集团,0,24,24,BaoStock(单源),0,0
601688,华泰证券,0,24,24,BaoStock(单源),0,0
601689,拓普集团,0,24,24,BaoStock(单源),0,0
601696,中银证券,0,24,24,BaoStock(单源),0,0
601698,中国卫通,0,24,24,BaoStock(单源),0,0
601699,潞安环能,0,24,24,BaoStock(单源),0,0
601700,风范股份,0,24,24,BaoStock(单源),0,0
601702,华峰铝业,0,24,24,BaoStock(单源),0,0
601717,中创智领,0,24,24,BaoStock(单源),0,0
601718,ST际华,0,24,24,BaoStock(单源),0,0
601727,上海电气,0,24,24,BaoStock(单源),0,0
601728,中国电信,0,24,24,BaoStock(单源),0,0
601963,重庆银行,0,24,24,BaoStock(单源),0,0
601965,中国汽研,0,24,24,BaoStock(单源),0,0
601966,玲珑轮胎,0,24,24,BaoStock(单源),0,0
601968,宝钢包装,0,24,24,BaoStock(单源),0,0
601969,海南矿业,0,24,24,BaoStock(单源),0,0
601975,招商南油,0,24,24,BaoStock(单源),0,0
601985,中国核电,0,24,24,BaoStock(单源),0,0
601988,中国银行,0,24,24,BaoStock(单源),0,0
601990,南京证券,0,24,24,BaoStock(单源),0,0
601991,大唐发电,0,24,24,BaoStock(单源),0,0
601992,金隅集团,0,24,24,BaoStock(单源),0,0
601995,中金公司,0,0,0,BaoStock(单源),0,0
601996,丰林集团,0,0,0,BaoStock(单源),0,0
601997,贵阳银行,0,0,0,BaoStock(单源),0,0
601998,中信银行,0,0,0,BaoStock(单源),0,0
601999,出版传媒,0,24,24,BaoStock(单源),0,0
603000,人民网,0,24,24,BaoStock(单源),0,0
603001,奥康国际,0,24,24,BaoStock(单源),0,0
603002,宏昌电子,0,24,24,BaoStock(单源),0,0
603004,鼎龙科技,0,24,24,BaoStock(单源),0,0
603005,晶方科技,0,24,24,BaoStock(单源),0,0
603006,联明股份,0,24,24,BaoStock(单源),0,0
603007,花王股份,0,24,24,BaoStock(单源),0,0
603008,ST喜临门,0,24,24,BaoStock(单源),0,0
603009,北特科技,0,24,24,BaoStock(单源),0,0
603010,万盛股份,0,24,24,BaoStock(单源),0,0
603011,合锻智能,0,24,24,BaoStock(单源),0,0
603012,创力集团,0,24,24,BaoStock(单源),0,0
603013,亚普股份,0,24,24,BaoStock(单源),0,0
603014,威高血净,0,24,24,BaoStock(单源),0,0
603015,弘讯科技,0,24,24,BaoStock(单源),0,0
603016,新宏泰,0,24,24,BaoStock(单源),0,0
603017,中衡设计,0,24,24,BaoStock(单源),0,0
603018,华设集团,0,24,24,BaoStock(单源),0,0
603019,中科曙光,0,24,24,BaoStock(单源),0,0
603020,爱普股份,0,24,24,BaoStock(单源),0,0
603021,*ST华鹏,0,24,24,BaoStock(单源),0,0
603022,新通联,0,24,24,BaoStock(单源),0,0
603023,威帝股份,0,24,24,BaoStock(单源),0,0
603025,大豪科技,0,24,24,BaoStock(单源),0,0
603026,石大胜华,0,24,24,BaoStock(单源),0,0
603027,千禾味业,0,0,0,BaoStock(单源),0,0
603028,赛福天,0,0,0,BaoStock(单源),0,0
603029,天鹅股份,0,0,0,BaoStock(单源),0,0
603030,全筑股份,0,0,0,BaoStock(单源),0,0
603031,安孚科技,0,0,0,BaoStock(单源),0,0
603032,德新科技,0,24,24,BaoStock(单源),0,0
603033,三维股份,0,24,24,BaoStock(单源),0,0
603035,常熟汽饰,0,24,24,BaoStock(单源),0,0
603036,如通股份,0,24,24,BaoStock(单源),0,0
603163,圣晖集成,0,24,24,BaoStock(单源),0,0
603165,荣晟环保,0,24,24,BaoStock(单源),0,0
603166,福达股份,0,24,24,BaoStock(单源),0,0
603167,渤海轮渡,0,24,24,BaoStock(单源),0,0
603168,莎普爱思,0,24,24,BaoStock(单源),0,0
603169,兰石重装,0,24,24,BaoStock(单源),0,0
603170,宝立食品,0,24,24,BaoStock(单源),0,0
603171,税友股份,0,24,24,BaoStock(单源),0,0
603172,万丰股份,0,24,24,BaoStock(单源),0,0
603173,福斯达,0,24,24,BaoStock(单源),0,0
603175,超颖电子,0,24,24,BaoStock(单源),0,0
603176,汇通集团,0,24,24,BaoStock(单源),0,0
603177,德创环保,0,24,24,BaoStock(单源),0,0
603178,圣龙股份,0,24,24,BaoStock(单源),0,0
603179,新泉股份,0,24,24,BaoStock(单源),0,0
603180,金牌家居,0,24,24,BaoStock(单源),0,0
603181,皇马科技,0,24,24,BaoStock(单源),0,0
603182,嘉华股份,0,24,24,BaoStock(单源),0,0
603183,建研院,0,24,24,BaoStock(单源),0,0
603185,弘元绿能,0,24,24,BaoStock(单源),0,0
603186,华正新材,0,24,24,BaoStock(单源),0,0
603187,海容冷链,0,24,24,BaoStock(单源),0,0
603188,亚邦股份,0,24,24,BaoStock(单源),0,0
603189,*ST网达,0,24,24,BaoStock(单源),0,0
603190,亚通精工,0,24,24,BaoStock(单源),0,0
603191,望变电气,0,24,24,BaoStock(单源),0,0
603192,汇得科技,0,24,24,BaoStock(单源),0,0
603193,润本股份,0,24,24,BaoStock(单源),0,0
603194,中力股份,0,24,24,BaoStock(单源),0,0
603195,公牛集团,0,24,24,BaoStock(单源),0,0
603196,璞源材料,0,24,24,BaoStock(单源),0,0
603197,保隆科技,0,0,0,BaoStock(单源),0,0
603198,迎驾贡酒,0,0,0,BaoStock(单源),0,0
603199,九华旅游,0,0,0,BaoStock(单源),0,0
603200,上海洗霸,0,0,0,BaoStock(单源),0,0
603201,常润股份,0,0,0,BaoStock(单源),0,0
603202,天有为,0,0,0,BaoStock(单源),0,0
603203,快克智能,0,24,24,BaoStock(单源),0,0
603205,健尔康,0,24,24,BaoStock(单源),0,0
603206,嘉环科技,0,24,24,BaoStock(单源),0,0
603207,小方制药,0,24,24,BaoStock(单源),0,0
603208,江山欧派,0,24,24,BaoStock(单源),0,0
603209,兴通股份,0,24,24,BaoStock(单源),0,0
603210,泰鸿万立,0,24,24,BaoStock(单源),0,0
603211,晋拓股份,0,24,24,BaoStock(单源),0,0
603212,赛伍技术,0,24,24,BaoStock(单源),0,0
603213,镇洋发展,0,24,24,BaoStock(单源),0,0
603214,爱婴室,0,0,0,BaoStock(单源),0,0
603215,比依股份,0,0,0,BaoStock(单源),0,0
603216,梦天家居,0,0,0,BaoStock(单源),0,0
603037,凯众股份,0,24,24,BaoStock(单源),0,0
603038,华立股份,0,24,24,BaoStock(单源),0,0
603039,泛微网络,0,24,24,BaoStock(单源),0,0
603040,新坐标,0,24,24,BaoStock(单源),0,0
603041,美思德,0,24,24,BaoStock(单源),0,0
603042,华脉科技,0,24,24,BaoStock(单源),0,0
603043,广州酒家,0,24,24,BaoStock(单源),0,0
603045,福达合金,0,24,24,BaoStock(单源),0,0
603048,浙江黎明,0,24,24,BaoStock(单源),0,0
603049,中策橡胶,0,24,24,BaoStock(单源),0,0
603050,科林电气,0,24,24,BaoStock(单源),0,0
603051,鹿山新材,0,24,24,BaoStock(单源),0,0
603052,可川科技,0,24,24,BaoStock(单源),0,0
603053,成都燃气,0,24,24,BaoStock(单源),0,0
603055,台华新材,0,24,24,BaoStock(单源),0,0
603057,紫燕食品,0,24,24,BaoStock(单源),0,0
603058,永吉股份,0,24,24,BaoStock(单源),0,0
603059,倍加洁,0,24,24,BaoStock(单源),0,0
603060,国检集团,0,24,24,BaoStock(单源),0,0
603061,金海通,0,24,24,BaoStock(单源),0,0
603062,麦加芯彩,0,24,24,BaoStock(单源),0,0
603063,禾望电气,0,24,24,BaoStock(单源),0,0
603065,宿迁联盛,0,24,24,BaoStock(单源),0,0
603066,音飞储存,0,24,24,BaoStock(单源),0,0
603067,振华股份,0,24,24,BaoStock(单源),0,0
603068,博通集成,0,24,24,BaoStock(单源),0,0
603069,海汽集团,0,24,24,BaoStock(单源),0,0
603070,万控智造,0,24,24,BaoStock(单源),0,0
603071,物产环能,0,24,24,BaoStock(单源),0,0
603072,天和磁材,0,0,0,BaoStock(单源),0,0
603073,彩蝶实业,0,0,0,BaoStock(单源),0,0
603075,热威股份,0,0,0,BaoStock(单源),0,0
603076,乐惠国际,0,24,24,BaoStock(单源),0,0
603077,和邦生物,0,24,24,BaoStock(单源),0,0
603078,江化微,0,24,24,BaoStock(单源),0,0
603079,圣达生物,0,24,24,BaoStock(单源),0,0
603080,新疆火炬,0,24,24,BaoStock(单源),0,0
603081,大丰实业,0,0,0,BaoStock(单源),0,0
603082,北自科技,0,24,24,BaoStock(单源),0,0
603083,剑桥科技,0,24,24,BaoStock(单源),0,0
603085,天成自控,0,24,24,BaoStock(单源),0,0
603086,先达股份,0,24,24,BaoStock(单源),0,0
603087,甘李药业,0,24,24,BaoStock(单源),0,0
603088,宁波精达,0,24,24,BaoStock(单源),0,0
603089,正裕工业,0,24,24,BaoStock(单源),0,0
603090,宏盛股份,0,24,24,BaoStock(单源),0,0
603091,众鑫股份,0,24,24,BaoStock(单源),0,0
603092,德力佳,0,24,24,BaoStock(单源),0,0
603093,南华期货,0,24,24,BaoStock(单源),0,0
603095,越剑智能,0,24,24,BaoStock(单源),0,0
603096,新经典,0,24,24,BaoStock(单源),0,0
603097,江苏华辰,0,24,24,BaoStock(单源),0,0
603098,森特股份,0,0,0,BaoStock(单源),0,0
603099,长白山,0,0,0,BaoStock(单源),0,0
603100,川仪股份,0,0,0,BaoStock(单源),0,0
603101,汇嘉时代,0,0,0,BaoStock(单源),0,0
603102,百合股份,0,0,0,BaoStock(单源),0,0
603103,横店影视,0,24,24,BaoStock(单源),0,0
603105,芯能科技,0,24,24,BaoStock(单源),0,0
603106,恒银科技,0,24,24,BaoStock(单源),0,0
603107,上海汽配,0,24,24,BaoStock(单源),0,0
603108,润达医疗,0,24,24,BaoStock(单源),0,0
603109,神驰机电,0,24,24,BaoStock(单源),0,0
603110,东方材料,0,24,24,BaoStock(单源),0,0
603111,康尼机电,0,24,24,BaoStock(单源),0,0
603112,华翔股份,0,24,24,BaoStock(单源),0,0
603113,金能科技,0,24,24,BaoStock(单源),0,0
603115,海星股份,0,24,24,BaoStock(单源),0,0
603116,红蜻蜓,0,24,24,BaoStock(单源),0,0
603117,万林物流,0,24,24,BaoStock(单源),0,0
603118,共进股份,0,24,24,BaoStock(单源),0,0
603119,浙江荣泰,0,24,24,BaoStock(单源),0,0
603120,肯特催化,0,24,24,BaoStock(单源),0,0
603121,华培动力,0,24,24,BaoStock(单源),0,0
603122,合富中国,0,24,24,BaoStock(单源),0,0
603123,翠微股份,0,0,0,BaoStock(单源),0,0
603124,江南新材,0,0,0,BaoStock(单源),0,0
603125,常青科技,0,0,0,BaoStock(单源),0,0
603126,中材节能,0,24,24,BaoStock(单源),0,0
603127,昭衍新药,0,24,24,BaoStock(单源),0,0
603128,华贸物流,0,24,24,BaoStock(单源),0,0
603129,春风动力,0,24,24,BaoStock(单源),0,0
603130,云中马,0,24,24,BaoStock(单源),0,0
603131,上海沪工,0,24,24,BaoStock(单源),0,0
603132,金徽股份,0,24,24,BaoStock(单源),0,0
603135,中重科技,0,24,24,BaoStock(单源),0,0
603136,天目湖,0,24,24,BaoStock(单源),0,0
603137,恒尚节能,0,24,24,BaoStock(单源),0,0
603138,海量数据,0,24,24,BaoStock(单源),0,0
603139,康惠股份,0,24,24,BaoStock(单源),0,0
603150,万朗磁塑,0,24,24,BaoStock(单源),0,0
603151,邦基科技,0,0,0,BaoStock(单源),0,0
603153,上海建科,0,0,0,BaoStock(单源),0,0
603155,新亚强,0,0,0,BaoStock(单源),0,0
603156,养元饮品,0,0,0,BaoStock(单源),0,0
603158,腾龙股份,0,0,0,BaoStock(单源),0,0
603159,上海亚虹,0,0,0,BaoStock(单源),0,0
603160,汇顶科技,0,0,0,BaoStock(单源),0,0
603161,科华控股,0,0,0,BaoStock(单源),0,0
603162,海通发展,0,0,0,BaoStock(单源),0,0
603217,元利科技,0,24,24,BaoStock(单源),0,0
603218,日月股份,0,24,24,BaoStock(单源),0,0
603219,富佳股份,0,24,24,BaoStock(单源),0,0
603220,中贝通信,0,24,24,BaoStock(单源),0,0
603221,爱丽家居,0,24,24,BaoStock(单源),0,0
603222,济民健康,0,24,24,BaoStock(单源),0,0
603223,恒通股份,0,24,24,BaoStock(单源),0,0
603225,新凤鸣,0,24,24,BaoStock(单源),0,0
603226,菲林格尔,0,24,24,BaoStock(单源),0,0
603227,雪峰科技,0,24,24,BaoStock(单源),0,0
603228,景旺电子,0,24,24,BaoStock(单源),0,0
603229,奥翔药业,0,24,24,BaoStock(单源),0,0
603230,内蒙新华,0,24,24,BaoStock(单源),0,0
603231,索宝蛋白,0,24,24,BaoStock(单源),0,0
603232,格尔软件,0,24,24,BaoStock(单源),0,0
603233,大参林,0,24,24,BaoStock(单源),0,0
603235,天新药业,0,0,0,BaoStock(单源),0,0
603236,移远通信,0,0,0,BaoStock(单源),0,0
603237,五芳斋,0,0,0,BaoStock(单源),0,0
603238,诺邦股份,0,0,0,BaoStock(单源),0,0
603239,浙江仙通,0,24,24,BaoStock(单源),0,0
603248,锡华科技,0,24,24,BaoStock(单源),0,0
603255,鼎际得,0,24,24,BaoStock(单源),0,0
603256,宏和科技,0,24,24,BaoStock(单源),0,0
603257,中国瑞林,0,24,24,BaoStock(单源),0,0
603258,电魂网络,0,24,24,BaoStock(单源),0,0
603259,药明康德,0,24,24,BaoStock(单源),0,0
603260,合盛硅业,0,24,24,BaoStock(单源),0,0
603261,*ST立航,0,24,24,BaoStock(单源),0,0
603262,技源集团,0,24,24,BaoStock(单源),0,0
603266,天龙股份,0,24,24,BaoStock(单源),0,0
603267,鸿远电子,0,0,0,BaoStock(单源),0,0
603268,松发股份,0,0,0,BaoStock(单源),0,0
603269,海鸥股份,0,0,0,BaoStock(单源),0,0
603270,金帝股份,0,0,0,BaoStock(单源),0,0
603271,永杰新材,0,0,0,BaoStock(单源),0,0
603272,*ST联翔,0,24,24,BaoStock(单源),0,0
603273,天元智能,0,24,24,BaoStock(单源),0,0
603275,众辰科技,0,24,24,BaoStock(单源),0,0
603276,恒兴新材,0,24,24,BaoStock(单源),0,0
603277,银都股份,0,24,24,BaoStock(单源),0,0
603278,大业股份,0,24,24,BaoStock(单源),0,0
603279,景津装备,0,24,24,BaoStock(单源),0,0
603280,南方路机,0,24,24,BaoStock(单源),0,0
603281,江瀚新材,0,24,24,BaoStock(单源),0,0
603282,亚光股份,0,24,24,BaoStock(单源),0,0
603283,赛腾股份,0,24,24,BaoStock(单源),0,0
603284,林平发展,0,24,24,BaoStock(单源),0,0
603285,键邦股份,0,24,24,BaoStock(单源),0,0
603286,日盈电子,0,24,24,BaoStock(单源),0,0
603288,海天味业,0,24,24,BaoStock(单源),0,0
603289,泰瑞机器,0,24,24,BaoStock(单源),0,0
603290,斯达半导,0,24,24,BaoStock(单源),0,0
603291,联合水务,0,24,24,BaoStock(单源),0,0
603293,埃泰克,0,14,14,BaoStock(单源),0,0
603296,华勤技术,0,24,24,BaoStock(单源),0,0
603297,永新光学,0,24,24,BaoStock(单源),0,0
603298,杭叉集团,0,24,24,BaoStock(单源),0,0
603299,苏盐井神,0,0,0,BaoStock(单源),0,0
603300,海南华铁,0,0,0,BaoStock(单源),0,0
603301,振德医疗,0,0,0,BaoStock(单源),0,0
603303,得邦照明,0,0,0,BaoStock(单源),0,0
603305,旭升集团,0,0,0,BaoStock(单源),0,0
603306,华懋科技,0,0,0,BaoStock(单源),0,0
603307,扬州金泉,0,0,0,BaoStock(单源),0,0
603308,应流股份,0,0,0,BaoStock(单源),0,0
603309,维力医疗,0,0,0,BaoStock(单源),0,0
603310,巍华新材,0,0,0,BaoStock(单源),0,0
603311,金海高科,0,0,0,BaoStock(单源),0,0
603312,西典新能,0,24,24,BaoStock(单源),0,0
603313,梦百合,0,24,24,BaoStock(单源),0,0
603315,福鞍股份,0,24,24,BaoStock(单源),0,0
603316,诚邦股份,0,24,24,BaoStock(单源),0,0
603317,天味食品,0,24,24,BaoStock(单源),0,0
603318,水发燃气,0,24,24,BaoStock(单源),0,0
603319,美湖股份,0,24,24,BaoStock(单源),0,0
603320,迪贝电气,0,24,24,BaoStock(单源),0,0
603321,梅轮电梯,0,24,24,BaoStock(单源),0,0
603322,超讯通信,0,24,24,BaoStock(单源),0,0
603323,苏农银行,0,24,24,BaoStock(单源),0,0
603324,盛剑科技,0,24,24,BaoStock(单源),0,0
603325,博隆技术,0,24,24,BaoStock(单源),0,0
603326,我乐家居,0,24,24,BaoStock(单源),0,0
603327,福蓉科技,0,24,24,BaoStock(单源),0,0
603328,依顿电子,0,24,24,BaoStock(单源),0,0
603329,上海雅仕,0,24,24,BaoStock(单源),0,0
603330,天洋新材,0,24,24,BaoStock(单源),0,0
603331,百达精工,0,24,24,BaoStock(单源),0,0
603332,苏州龙杰,0,24,24,BaoStock(单源),0,0
603333,尚纬股份,0,24,24,BaoStock(单源),0,0
603334,丰倍生物,0,24,24,BaoStock(单源),0,0
603335,迪生力,0,24,24,BaoStock(单源),0,0
603336,宏辉果蔬,0,24,24,BaoStock(单源),0,0
603337,杰克科技,0,24,24,BaoStock(单源),0,0
603338,浙江鼎力,0,24,24,BaoStock(单源),0,0
603339,四方科技,0,24,24,BaoStock(单源),0,0
603341,龙旗科技,0,24,24,BaoStock(单源),0,0
603344,星德胜,0,24,24,BaoStock(单源),0,0
603345,安井食品,0,24,24,BaoStock(单源),0,0
603348,文灿股份,0,24,24,BaoStock(单源),0,0
603350,安乃达,0,24,24,BaoStock(单源),0,0
603351,威尔药业,0,24,24,BaoStock(单源),0,0
603352,至信股份,0,24,24,BaoStock(单源),0,0
603353,和顺石油,0,24,24,BaoStock(单源),0,0
603355,莱克电气,0,24,24,BaoStock(单源),0,0
603356,华菱精工,0,24,24,BaoStock(单源),0,0
603357,设计总院,0,24,24,BaoStock(单源),0,0
603358,华达科技,0,24,24,BaoStock(单源),0,0
603359,*ST东珠,0,24,24,BaoStock(单源),0,0
603360,百傲化学,0,24,24,BaoStock(单源),0,0
603363,傲农生物,0,24,24,BaoStock(单源),0,0
603365,水星家纺,0,24,24,BaoStock(单源),0,0
603366,日出东方,0,24,24,BaoStock(单源),0,0
603367,辰欣药业,0,24,24,BaoStock(单源),0,0
603368,柳药集团,0,24,24,BaoStock(单源),0,0
603369,今世缘,0,24,24,BaoStock(单源),0,0
603370,华新精科,0,24,24,BaoStock(单源),0,0
603373,安邦护卫,0,0,0,BaoStock(单源),0,0
603375,盛景微,0,0,0,BaoStock(单源),0,0
603376,大明电子,0,0,0,BaoStock(单源),0,0
603377,ST东时,0,0,0,BaoStock(单源),0,0
603378,*ST亚士,0,24,24,BaoStock(单源),0,0
603379,三美股份,0,24,24,BaoStock(单源),0,0
603380,易德龙,0,24,24,BaoStock(单源),0,0
603381,永臻股份,0,24,24,BaoStock(单源),0,0
603382,海阳科技,0,24,24,BaoStock(单源),0,0
603383,顶点软件,0,24,24,BaoStock(单源),0,0
603385,惠达卫浴,0,24,24,BaoStock(单源),0,0
603386,骏亚科技,0,24,24,BaoStock(单源),0,0
603387,基蛋生物,0,24,24,BaoStock(单源),0,0
603389,*ST亚振,0,24,24,BaoStock(单源),0,0
603390,通达电气,0,24,24,BaoStock(单源),0,0
603391,力聚热能,0,24,24,BaoStock(单源),0,0
603392,万泰生物,0,24,24,BaoStock(单源),0,0
603393,新天然气,0,24,24,BaoStock(单源),0,0
603395,红四方,0,24,24,BaoStock(单源),0,0
603396,金辰股份,0,24,24,BaoStock(单源),0,0
603398,*ST沐邦,0,24,24,BaoStock(单源),0,0
603399,永杉锂业,0,24,24,BaoStock(单源),0,0
603400,华之杰,0,24,24,BaoStock(单源),0,0
603402,陕西旅游,0,24,24,BaoStock(单源),0,0
603406,天富龙,0,24,24,BaoStock(单源),0,0
603408,建霖家居,0,24,24,BaoStock(单源),0,0
603409,汇通控股,0,24,24,BaoStock(单源),0,0
603416,信捷电气,0,24,24,BaoStock(单源),0,0
603418,友升股份,0,24,24,BaoStock(单源),0,0
603421,鼎信通讯,0,24,24,BaoStock(单源),0,0
603429,*ST集友,0,24,24,BaoStock(单源),0,0
603439,三力制药,0,24,24,BaoStock(单源),0,0
603444,吉比特,0,24,24,BaoStock(单源),0,0
603589,口子窖,0,24,24,BaoStock(单源),0,0
603590,康辰药业,0,24,24,BaoStock(单源),0,0
603595,ST东尼,0,24,24,BaoStock(单源),0,0
603596,伯特利,0,24,24,BaoStock(单源),0,0
603598,引力传媒,0,24,24,BaoStock(单源),0,0
603599,广信股份,0,24,24,BaoStock(单源),0,0
603600,永艺股份,0,24,24,BaoStock(单源),0,0
603601,再升科技,0,24,24,BaoStock(单源),0,0
603602,纵横通信,0,24,24,BaoStock(单源),0,0
603605,珀莱雅,0,24,24,BaoStock(单源),0,0
603606,东方电缆,0,24,24,BaoStock(单源),0,0
603607,京华激光,0,24,24,BaoStock(单源),0,0
603608,天创时尚,0,24,24,BaoStock(单源),0,0
603609,禾丰股份,0,24,24,BaoStock(单源),0,0
603610,麒盛科技,0,24,24,BaoStock(单源),0,0
603611,XD诺力股,0,24,24,BaoStock(单源),0,0
603612,索通发展,0,24,24,BaoStock(单源),0,0
603613,国联股份,0,24,24,BaoStock(单源),0,0
603615,茶花股份,0,24,24,BaoStock(单源),0,0
603616,韩建河山,0,24,24,BaoStock(单源),0,0
603617,君禾股份,0,0,0,BaoStock(单源),0,0
603618,杭电股份,0,0,0,BaoStock(单源),0,0
603619,中曼石油,0,0,0,BaoStock(单源),0,0
603626,科森科技,0,24,24,BaoStock(单源),0,0
603628,清源股份,0,24,24,BaoStock(单源),0,0
603629,利通电子,0,24,24,BaoStock(单源),0,0
603630,拉芳家化,0,24,24,BaoStock(单源),0,0
603633,徕木股份,0,24,24,BaoStock(单源),0,0
603636,南威软件,0,24,24,BaoStock(单源),0,0
603637,镇海股份,0,24,24,BaoStock(单源),0,0
603638,艾迪精密,0,24,24,BaoStock(单源),0,0
603639,海利尔,0,24,24,BaoStock(单源),0,0
603648,畅联股份,0,24,24,BaoStock(单源),0,0
603650,彤程新材,0,24,24,BaoStock(单源),0,0
603655,朗博科技,0,24,24,BaoStock(单源),0,0
603656,泰禾智能,0,24,24,BaoStock(单源),0,0
603657,春光科技,0,24,24,BaoStock(单源),0,0
603658,安图生物,0,24,24,BaoStock(单源),0,0
603659,璞泰来,0,24,24,BaoStock(单源),0,0
603660,苏州科达,0,24,24,BaoStock(单源),0,0
603661,恒林股份,0,24,24,BaoStock(单源),0,0
603662,柯力传感,0,24,24,BaoStock(单源),0,0
603663,三祥新材,0,24,24,BaoStock(单源),0,0
603665,康隆达,0,24,24,BaoStock(单源),0,0
603666,亿嘉和,0,24,24,BaoStock(单源),0,0
603667,五洲新春,0,0,0,BaoStock(单源),0,0
603668,天马科技,0,0,0,BaoStock(单源),0,0
603669,灵康药业,0,0,0,BaoStock(单源),0,0
603676,卫信康,0,0,0,BaoStock(单源),0,0
603677,奇精机械,0,0,0,BaoStock(单源),0,0
603456,九洲药业,0,24,24,BaoStock(单源),0,0
603458,勘设股份,0,24,24,BaoStock(单源),0,0
603459,红板科技,0,20,20,BaoStock(单源),0,0
603466,风语筑,0,24,24,BaoStock(单源),0,0
603477,巨星农牧,0,24,24,BaoStock(单源),0,0
603486,科沃斯,0,24,24,BaoStock(单源),0,0
603488,展鹏科技,0,24,24,BaoStock(单源),0,0
603489,八方股份,0,24,24,BaoStock(单源),0,0
603496,恒为科技,0,24,24,BaoStock(单源),0,0
603499,翔港科技,0,24,24,BaoStock(单源),0,0
603500,祥和实业,0,24,24,BaoStock(单源),0,0
603501,豪威集团,0,24,24,BaoStock(单源),0,0
603505,金石资源,0,24,24,BaoStock(单源),0,0
603506,南都物业,0,24,24,BaoStock(单源),0,0
603507,振江股份,0,24,24,BaoStock(单源),0,0
603508,思维列控,0,24,24,BaoStock(单源),0,0
603511,爱慕股份,0,24,24,BaoStock(单源),0,0
603515,欧普照明,0,24,24,BaoStock(单源),0,0
603516,淳中科技,0,24,24,BaoStock(单源),0,0
603517,ST绝味,0,24,24,BaoStock(单源),0,0
603518,锦泓集团,0,24,24,BaoStock(单源),0,0
603519,立霸股份,0,24,24,BaoStock(单源),0,0
603520,司太立,0,24,24,BaoStock(单源),0,0
603527,众源新材,0,24,24,BaoStock(单源),0,0
603528,多伦科技,0,24,24,BaoStock(单源),0,0
603529,爱玛科技,0,24,24,BaoStock(单源),0,0
603530,神马电力,0,24,24,BaoStock(单源),0,0
603533,掌阅科技,0,24,24,BaoStock(单源),0,0
603535,嘉诚国际,0,24,24,BaoStock(单源),0,0
603536,惠发食品,0,24,24,BaoStock(单源),0,0
603538,美诺华,0,24,24,BaoStock(单源),0,0
603551,奥普科技,0,24,24,BaoStock(单源),0,0
603556,海兴电力,0,24,24,BaoStock(单源),0,0
603557,*ST起步,0,24,24,BaoStock(单源),0,0
603558,健盛集团,0,24,24,BaoStock(单源),0,0
603559,ST通脉,0,24,24,BaoStock(单源),0,0
603565,中谷物流,0,24,24,BaoStock(单源),0,0
603566,普莱柯,0,0,0,BaoStock(单源),0,0
603567,珍宝岛,0,24,24,BaoStock(单源),0,0
603568,伟明环保,0,24,24,BaoStock(单源),0,0
603569,长久物流,0,24,24,BaoStock(单源),0,0
603577,汇金通,0,24,24,BaoStock(单源),0,0
603578,三星新材,0,24,24,BaoStock(单源),0,0
603579,荣泰健康,0,24,24,BaoStock(单源),0,0
603580,*ST艾艾,0,24,24,BaoStock(单源),0,0
603583,捷昌驱动,0,24,24,BaoStock(单源),0,0
603585,苏利股份,0,24,24,BaoStock(单源),0,0
603586,金麒麟,0,24,24,BaoStock(单源),0,0
603587,地素时尚,0,24,24,BaoStock(单源),0,0
603588,高能环境,0,24,24,BaoStock(单源),0,0
603773,沃格光电,0,24,24,BaoStock(单源),0,0
603776,永安行,0,24,24,BaoStock(单源),0,0
603777,来伊份,0,24,24,BaoStock(单源),0,0
603778,国晟科技,0,24,24,BaoStock(单源),0,0
603779,威龙股份,0,24,24,BaoStock(单源),0,0
603786,科博达,0,24,24,BaoStock(单源),0,0
603787,新日股份,0,24,24,BaoStock(单源),0,0
603788,宁波高发,0,24,24,BaoStock(单源),0,0
603789,*ST星农,0,24,24,BaoStock(单源),0,0
603790,雅运股份,0,24,24,BaoStock(单源),0,0
603797,联泰环保,0,24,24,BaoStock(单源),0,0
603798,康普顿,0,24,24,BaoStock(单源),0,0
603799,华友钴业,0,24,24,BaoStock(单源),0,0
603800,洪田股份,0,24,24,BaoStock(单源),0,0
603801,志邦家居,0,24,24,BaoStock(单源),0,0
603803,瑞斯康达,0,24,24,BaoStock(单源),0,0
603806,福斯特,0,24,24,BaoStock(单源),0,0
603808,歌力思,0,24,24,BaoStock(单源),0,0
603809,豪能股份,0,24,24,BaoStock(单源),0,0
603810,丰山集团,0,24,24,BaoStock(单源),0,0
603811,诚意药业,0,24,24,BaoStock(单源),0,0
603813,*ST原尚,0,24,24,BaoStock(单源),0,0
603815,交建股份,0,24,24,BaoStock(单源),0,0
603816,顾家家居,0,24,24,BaoStock(单源),0,0
603817,海峡环保,0,24,24,BaoStock(单源),0,0
603818,曲美家居,0,24,24,BaoStock(单源),0,0
603819,神力股份,0,24,24,BaoStock(单源),0,0
603822,ST嘉澳,0,24,24,BaoStock(单源),0,0
603823,百合花,0,24,24,BaoStock(单源),0,0
603825,ST华扬,0,24,24,BaoStock(单源),0,0
603826,坤彩科技,0,24,24,BaoStock(单源),0,0
603828,*ST利达,0,24,24,BaoStock(单源),0,0
603829,洛凯股份,0,0,0,BaoStock(单源),0,0
603833,欧派家居,0,24,24,BaoStock(单源),0,0
603836,海程邦达,0,24,24,BaoStock(单源),0,0
603838,*ST四通,0,24,24,BaoStock(单源),0,0
603839,安正时尚,0,24,24,BaoStock(单源),0,0
603843,*ST正平,0,24,24,BaoStock(单源),0,0
603848,好太太,0,24,24,BaoStock(单源),0,0
603855,华荣股份,0,24,24,BaoStock(单源),0,0
603856,东宏股份,0,24,24,BaoStock(单源),0,0
603858,步长制药,0,24,24,BaoStock(单源),0,0
603859,能科科技,0,24,24,BaoStock(单源),0,0
603860,中公高科,0,24,24,BaoStock(单源),0,0
603861,白云电器,0,24,24,BaoStock(单源),0,0
603863,松炀资源,0,24,24,BaoStock(单源),0,0
603866,桃李面包,0,24,24,BaoStock(单源),0,0
603867,新化股份,0,24,24,BaoStock(单源),0,0
603868,飞科电器,0,24,24,BaoStock(单源),0,0
603869,ST智知,0,24,24,BaoStock(单源),0,0
603958,哈森股份,0,24,24,BaoStock(单源),0,0
603959,ST百利,0,24,24,BaoStock(单源),0,0
603960,克来机电,0,24,24,BaoStock(单源),0,0
603966,法兰泰克,0,24,24,BaoStock(单源),0,0
603967,中创物流,0,24,24,BaoStock(单源),0,0
603968,醋化股份,0,24,24,BaoStock(单源),0,0
603969,银龙股份,0,24,24,BaoStock(单源),0,0
603970,中农立华,0,24,24,BaoStock(单源),0,0
603976,正川股份,0,24,24,BaoStock(单源),0,0
603977,国泰集团,0,24,24,BaoStock(单源),0,0
603978,深圳新星,0,24,24,BaoStock(单源),0,0
603979,金诚信,0,24,24,BaoStock(单源),0,0
603980,吉华集团,0,24,24,BaoStock(单源),0,0
603982,泉峰汽车,0,24,24,BaoStock(单源),0,0
603983,丸美生物,0,24,24,BaoStock(单源),0,0
603985,恒润股份,0,24,24,BaoStock(单源),0,0
603986,兆易创新,0,24,24,BaoStock(单源),0,0
603987,康德莱,0,24,24,BaoStock(单源),0,0
603988,中电电机,0,24,24,BaoStock(单源),0,0
603989,艾华集团,0,24,24,BaoStock(单源),0,0
603990,麦迪科技,0,24,24,BaoStock(单源),0,0
603991,至正股份,0,24,24,BaoStock(单源),0,0
603992,松霖科技,0,24,24,BaoStock(单源),0,0
603993,洛阳钼业,0,24,24,BaoStock(单源),0,0
603995,甬金股份,0,24,24,BaoStock(单源),0,0
603997,继峰股份,0,24,24,BaoStock(单源),0,0
603998,方盛制药,0,24,24,BaoStock(单源),0,0
603999,读者传媒,0,24,24,BaoStock(单源),0,0
605001,威奥股份,0,24,24,BaoStock(单源),0,0
605003,众望布艺,0,24,24,BaoStock(单源),0,0
605005,合兴股份,0,24,24,BaoStock(单源),0,0
605006,山东玻纤,0,24,24,BaoStock(单源),0,0
605007,五洲特纸,0,24,24,BaoStock(单源),0,0
605008,长鸿高科,0,24,24,BaoStock(单源),0,0
605009,豪悦护理,0,24,24,BaoStock(单源),0,0
605011,杭州热电,0,24,24,BaoStock(单源),0,0
605016,百龙创园,0,24,24,BaoStock(单源),0,0
605018,长华集团,0,24,24,BaoStock(单源),0,0
605020,永和股份,0,24,24,BaoStock(单源),0,0
605028,世茂能源,0,24,24,BaoStock(单源),0,0
605033,美邦股份,0,24,24,BaoStock(单源),0,0
605050,福然德,0,24,24,BaoStock(单源),0,0
605055,迎丰股份,0,24,24,BaoStock(单源),0,0
605056,咸亨国际,0,24,24,BaoStock(单源),0,0
605058,澳弘电子,0,24,24,BaoStock(单源),0,0
605060,联德股份,0,24,24,BaoStock(单源),0,0
605066,天正电气,0,24,24,BaoStock(单源),0,0
605068,明新旭腾,0,24,24,BaoStock(单源),0,0
605069,正和生态,0,24,24,BaoStock(单源),0,0
605077,华康股份,0,24,24,BaoStock(单源),0,0
603678,火炬电子,0,24,24,BaoStock(单源),0,0
603679,华体科技,0,24,24,BaoStock(单源),0,0
603680,今创集团,0,24,24,BaoStock(单源),0,0
603681,永冠新材,0,24,24,BaoStock(单源),0,0
603682,锦和商管,0,24,24,BaoStock(单源),0,0
603683,晶华新材,0,24,24,BaoStock(单源),0,0
603685,晨丰科技,0,24,24,BaoStock(单源),0,0
603686,福龙马,0,0,0,BaoStock(单源),0,0
603687,大胜达,0,0,0,BaoStock(单源),0,0
603688,石英股份,0,24,24,BaoStock(单源),0,0
603689,皖天然气,0,24,24,BaoStock(单源),0,0
603690,至纯科技,0,24,24,BaoStock(单源),0,0
603693,江苏新能,0,24,24,BaoStock(单源),0,0
603696,安记食品,0,24,24,BaoStock(单源),0,0
603697,有友食品,0,24,24,BaoStock(单源),0,0
603698,航天工程,0,24,24,BaoStock(单源),0,0
603699,纽威股份,0,0,0,BaoStock(单源),0,0
603700,宁水集团,0,0,0,BaoStock(单源),0,0
603701,德宏股份,0,0,0,BaoStock(单源),0,0
603703,盛洋科技,0,0,0,BaoStock(单源),0,0
603706,东方环宇,0,0,0,BaoStock(单源),0,0
603707,健友股份,0,0,0,BaoStock(单源),0,0
603708,家家悦,0,0,0,BaoStock(单源),0,0
603709,中源家居,0,0,0,BaoStock(单源),0,0
603711,香飘飘,0,24,24,BaoStock(单源),0,0
603712,七一二,0,24,24,BaoStock(单源),0,0
603713,密尔克卫,0,24,24,BaoStock(单源),0,0
603716,塞力医疗,0,24,24,BaoStock(单源),0,0
603717,天域生物,0,24,24,BaoStock(单源),0,0
603718,*ST海利,0,24,24,BaoStock(单源),0,0
603719,良品铺子,0,24,24,BaoStock(单源),0,0
603721,*ST天择,0,24,24,BaoStock(单源),0,0
603722,阿科力,0,24,24,BaoStock(单源),0,0
603725,天安新材,0,24,24,BaoStock(单源),0,0
603726,朗迪集团,0,24,24,BaoStock(单源),0,0
603727,XD博迈科,0,24,24,BaoStock(单源),0,0
603728,鸣志电器,0,24,24,BaoStock(单源),0,0
603729,ST龙韵,0,24,24,BaoStock(单源),0,0
603730,岱美股份,0,24,24,BaoStock(单源),0,0
603733,仙鹤股份,0,24,24,BaoStock(单源),0,0
603737,三棵树,0,24,24,BaoStock(单源),0,0
603738,泰晶科技,0,24,24,BaoStock(单源),0,0
603739,蔚蓝生物,0,24,24,BaoStock(单源),0,0
603755,日辰股份,0,24,24,BaoStock(单源),0,0
603757,大元泵业,0,24,24,BaoStock(单源),0,0
603758,秦安股份,0,24,24,BaoStock(单源),0,0
603759,海天股份,0,24,24,BaoStock(单源),0,0
603766,隆鑫通用,0,24,24,BaoStock(单源),0,0
603767,中马传动,0,24,24,BaoStock(单源),0,0
603768,常青股份,0,24,24,BaoStock(单源),0,0
603871,嘉友国际,0,24,24,BaoStock(单源),0,0
603876,鼎胜新材,0,24,24,BaoStock(单源),0,0
603877,太平鸟,0,24,24,BaoStock(单源),0,0
603878,武进不锈,0,24,24,BaoStock(单源),0,0
603879,永悦科技,0,24,24,BaoStock(单源),0,0
603880,南卫股份,0,24,24,BaoStock(单源),0,0
603881,数据港,0,24,24,BaoStock(单源),0,0
603882,金域医学,0,24,24,BaoStock(单源),0,0
603883,老百姓,0,24,24,BaoStock(单源),0,0
603885,吉祥航空,0,24,24,BaoStock(单源),0,0
603886,元祖股份,0,24,24,BaoStock(单源),0,0
603887,城地香江,0,24,24,BaoStock(单源),0,0
603888,新华网,0,24,24,BaoStock(单源),0,0
603889,新澳股份,0,24,24,BaoStock(单源),0,0
603890,春秋电子,0,24,24,BaoStock(单源),0,0
603893,瑞芯微,0,24,24,BaoStock(单源),0,0
603895,天永智能,0,24,24,BaoStock(单源),0,0
603896,寿仙谷,0,24,24,BaoStock(单源),0,0
603897,长城科技,0,24,24,BaoStock(单源),0,0
603898,好莱客,0,24,24,BaoStock(单源),0,0
603899,晨光股份,0,0,0,BaoStock(单源),0,0
603900,莱绅通灵,0,0,0,BaoStock(单源),0,0
603901,永创智能,0,0,0,BaoStock(单源),0,0
603903,中持股份,0,0,0,BaoStock(单源),0,0
603906,龙蟠科技,0,0,0,BaoStock(单源),0,0
603908,牧高笛,0,24,24,BaoStock(单源),0,0
603909,建发合诚,0,24,24,BaoStock(单源),0,0
603912,佳力图,0,24,24,BaoStock(单源),0,0
603915,国茂股份,0,24,24,BaoStock(单源),0,0
603916,苏博特,0,24,24,BaoStock(单源),0,0
603917,合力科技,0,24,24,BaoStock(单源),0,0
603918,金桥信息,0,24,24,BaoStock(单源),0,0
603919,金徽酒,0,24,24,BaoStock(单源),0,0
603920,世运电路,0,24,24,BaoStock(单源),0,0
603922,ST金鸿顺,0,24,24,BaoStock(单源),0,0
603926,铁流股份,0,24,24,BaoStock(单源),0,0
603927,中科软,0,24,24,BaoStock(单源),0,0
603928,兴业股份,0,24,24,BaoStock(单源),0,0
603929,亚翔集成,0,24,24,BaoStock(单源),0,0
603931,格林达,0,24,24,BaoStock(单源),0,0
603933,睿能科技,0,0,0,BaoStock(单源),0,0
603936,博敏电子,0,0,0,BaoStock(单源),0,0
603937,丽岛新材,0,0,0,BaoStock(单源),0,0
603938,三孚股份,0,24,24,BaoStock(单源),0,0
603939,益丰药房,0,0,0,BaoStock(单源),0,0
603948,建业股份,0,0,0,BaoStock(单源),0,0
603949,雪龙集团,0,24,24,BaoStock(单源),0,0
603950,长源东谷,0,24,24,BaoStock(单源),0,0
603955,大千生态,0,24,24,BaoStock(单源),0,0
603956,威派格,0,24,24,BaoStock(单源),0,0
605080,浙江自然,0,24,24,BaoStock(单源),0,0
605081,*ST太和,0,24,24,BaoStock(单源),0,0
605086,龙高股份,0,24,24,BaoStock(单源),0,0
605088,冠盛股份,0,24,24,BaoStock(单源),0,0
605089,味知香,0,24,24,BaoStock(单源),0,0
605090,九丰能源,0,24,24,BaoStock(单源),0,0
605098,行动教育,0,24,24,BaoStock(单源),0,0
605099,共创草坪,0,24,24,BaoStock(单源),0,0
605100,华丰股份,0,24,24,BaoStock(单源),0,0
605108,同庆楼,0,24,24,BaoStock(单源),0,0
605111,新洁能,0,24,24,BaoStock(单源),0,0
605116,奥锐特,0,24,24,BaoStock(单源),0,0
605117,德业股份,0,24,24,BaoStock(单源),0,0
605118,力鼎光电,0,24,24,BaoStock(单源),0,0
605122,四方新材,0,24,24,BaoStock(单源),0,0
605123,派克新材,0,24,24,BaoStock(单源),0,0
605128,上海沿浦,0,24,24,BaoStock(单源),0,0
605133,嵘泰股份,0,0,0,BaoStock(单源),0,0
605136,丽人丽妆,0,0,0,BaoStock(单源),0,0
605138,盛泰集团,0,0,0,BaoStock(单源),0,0
605151,西上海,0,0,0,BaoStock(单源),0,0
605155,西大门,0,24,24,BaoStock(单源),0,0
605158,华达新材,0,24,24,BaoStock(单源),0,0
605162,新中港,0,24,24,BaoStock(单源),0,0
605166,聚合顺,0,24,24,BaoStock(单源),0,0
605167,利柏特,0,24,24,BaoStock(单源),0,0
605168,三人行,0,24,24,BaoStock(单源),0,0
605169,洪通燃气,0,24,24,BaoStock(单源),0,0
605177,东亚药业,0,24,24,BaoStock(单源),0,0
605178,时空科技,0,24,24,BaoStock(单源),0,0
605179,一鸣食品,0,0,0,BaoStock(单源),0,0
605180,华生科技,0,0,0,BaoStock(单源),0,0
605183,确成股份,0,0,0,BaoStock(单源),0,0
605186,健麾信息,0,0,0,BaoStock(单源),0,0
605188,国光连锁,0,24,24,BaoStock(单源),0,0
605189,富春染织,0,24,24,BaoStock(单源),0,0
605196,华通线缆,0,24,24,BaoStock(单源),0,0
605198,安德利,0,24,24,BaoStock(单源),0,0
605199,ST葫芦娃,0,24,24,BaoStock(单源),0,0
605208,永茂泰,0,24,24,BaoStock(单源),0,0
605218,伟时电子,0,24,24,BaoStock(单源),0,0
605222,起帆电缆,0,24,24,BaoStock(单源),0,0
605228,神通科技,0,24,24,BaoStock(单源),0,0
605255,天普股份,0,24,24,BaoStock(单源),0,0
605258,协和电子,0,24,24,BaoStock(单源),0,0
605259,绿田机械,0,24,24,BaoStock(单源),0,0
605266,健之佳,0,24,24,BaoStock(单源),0,0
605268,王力安防,0,24,24,BaoStock(单源),0,0
605277,新亚电子,0,24,24,BaoStock(单源),0,0
605286,同力天启,0,24,24,BaoStock(单源),0,0
688010,福光股份,0,24,24,BaoStock(单源),0,0
688011,新光光电,0,24,24,BaoStock(单源),0,0
688012,中微公司,0,24,24,BaoStock(单源),0,0
688013,天臣医疗,0,24,24,BaoStock(单源),0,0
688015,交控科技,0,0,0,BaoStock(单源),0,0
688016,心脉医疗,0,0,0,BaoStock(单源),0,0
688017,绿的谐波,0,0,0,BaoStock(单源),0,0
688018,乐鑫科技,0,24,24,BaoStock(单源),0,0
688019,安集科技,0,24,24,BaoStock(单源),0,0
688020,方邦股份,0,24,24,BaoStock(单源),0,0
688021,奥福科技,0,24,24,BaoStock(单源),0,0
688022,ST瀚川,0,24,24,BaoStock(单源),0,0
688023,安恒信息,0,24,24,BaoStock(单源),0,0
688025,杰普特,0,24,24,BaoStock(单源),0,0
688026,洁特生物,0,24,24,BaoStock(单源),0,0
688027,国盾量子,0,24,24,BaoStock(单源),0,0
688028,沃尔德,0,24,24,BaoStock(单源),0,0
688029,南微医学,0,24,24,BaoStock(单源),0,0
688030,山石网科,0,24,24,BaoStock(单源),0,0
688031,星环科技,0,24,24,BaoStock(单源),0,0
688032,禾迈股份,0,24,24,BaoStock(单源),0,0
688033,*ST天宜,0,24,24,BaoStock(单源),0,0
688035,德邦科技,0,24,24,BaoStock(单源),0,0
688036,传音控股,0,24,24,BaoStock(单源),0,0
688037,芯源微,0,24,24,BaoStock(单源),0,0
688038,中科通达,0,24,24,BaoStock(单源),0,0
688039,当虹科技,0,24,24,BaoStock(单源),0,0
688041,海光信息,0,24,24,BaoStock(单源),0,0
688045,必易微,0,24,24,BaoStock(单源),0,0
688046,药康生物,0,24,24,BaoStock(单源),0,0
688047,龙芯中科,0,24,24,BaoStock(单源),0,0
688048,长光华芯,0,24,24,BaoStock(单源),0,0
688049,炬芯科技,0,24,24,BaoStock(单源),0,0
688050,爱博医疗,0,24,24,BaoStock(单源),0,0
688051,佳华科技,0,24,24,BaoStock(单源),0,0
688052,纳芯微,0,24,24,BaoStock(单源),0,0
688053,ST思科瑞,0,0,0,BaoStock(单源),0,0
688055,龙腾光电,0,0,0,BaoStock(单源),0,0
688056,莱伯泰科,0,0,0,BaoStock(单源),0,0
688057,金达莱,0,24,24,BaoStock(单源),0,0
688058,宝兰德,0,24,24,BaoStock(单源),0,0
688059,华锐精密,0,24,24,BaoStock(单源),0,0
688060,云涌科技,0,24,24,BaoStock(单源),0,0
688061,灿瑞科技,0,24,24,BaoStock(单源),0,0
688062,迈威生物,0,24,24,BaoStock(单源),0,0
688063,派能科技,0,24,24,BaoStock(单源),0,0
688065,凯赛生物,0,24,24,BaoStock(单源),0,0
688066,*ST航图,0,24,24,BaoStock(单源),0,0
688067,爱威科技,0,24,24,BaoStock(单源),0,0
688068,热景生物,0,24,24,BaoStock(单源),0,0
605287,德才股份,0,24,24,BaoStock(单源),0,0
605288,凯迪股份,0,24,24,BaoStock(单源),0,0
605289,罗曼股份,0,24,24,BaoStock(单源),0,0
605296,神农集团,0,0,0,BaoStock(单源),0,0
605298,必得科技,0,0,0,BaoStock(单源),0,0
605299,舒华体育,0,0,0,BaoStock(单源),0,0
605300,佳禾食品,0,24,24,BaoStock(单源),0,0
605303,园林股份,0,24,24,BaoStock(单源),0,0
605305,中际联合,0,0,0,BaoStock(单源),0,0
605318,法狮龙,0,0,0,BaoStock(单源),0,0
605319,无锡振华,0,0,0,BaoStock(单源),0,0
605333,沪光股份,0,24,24,BaoStock(单源),0,0
605336,*ST帅电,0,24,24,BaoStock(单源),0,0
605337,李子园,0,24,24,BaoStock(单源),0,0
605338,巴比食品,0,24,24,BaoStock(单源),0,0
605339,南侨食品,0,24,24,BaoStock(单源),0,0
605358,立昂微,0,24,24,BaoStock(单源),0,0
605365,立达信,0,0,0,BaoStock(单源),0,0
605366,宏柏新材,0,24,24,BaoStock(单源),0,0
605368,蓝天燃气,0,24,24,BaoStock(单源),0,0
605369,拱东医疗,0,24,24,BaoStock(单源),0,0
605376,博迁新材,0,24,24,BaoStock(单源),0,0
605377,华旺科技,0,24,24,BaoStock(单源),0,0
605378,野马电池,0,24,24,BaoStock(单源),0,0
605388,均瑶健康,0,24,24,BaoStock(单源),0,0
605389,长龄液压,0,24,24,BaoStock(单源),0,0
605398,新炬网络,0,24,24,BaoStock(单源),0,0
605399,晨光新材,0,24,24,BaoStock(单源),0,0
605488,福莱新材,0,24,24,BaoStock(单源),0,0
605499,东鹏饮料,0,24,24,BaoStock(单源),0,0
605500,森林包装,0,24,24,BaoStock(单源),0,0
605507,国邦医药,0,24,24,BaoStock(单源),0,0
605555,德昌股份,0,24,24,BaoStock(单源),0,0
605566,福莱蒽特,0,24,24,BaoStock(单源),0,0
605567,春雪食品,0,0,0,BaoStock(单源),0,0
605577,龙版传媒,0,0,0,BaoStock(单源),0,0
605580,恒盛能源,0,0,0,BaoStock(单源),0,0
605588,冠石科技,0,0,0,BaoStock(单源),0,0
605589,圣泉集团,0,0,0,BaoStock(单源),0,0
605598,上海港湾,0,24,24,BaoStock(单源),0,0
605599,菜百股份,0,24,24,BaoStock(单源),0,0
688001,华兴源创,0,24,24,BaoStock(单源),0,0
688002,睿创微纳,0,24,24,BaoStock(单源),0,0
688003,天准科技,0,24,24,BaoStock(单源),0,0
688004,博汇科技,0,24,24,BaoStock(单源),0,0
688005,容百科技,0,24,24,BaoStock(单源),0,0
688006,杭可科技,0,24,24,BaoStock(单源),0,0
688007,光峰科技,0,24,24,BaoStock(单源),0,0
688008,澜起科技,0,24,24,BaoStock(单源),0,0
688009,中国通号,0,24,24,BaoStock(单源),0,0
688069,德林海,0,24,24,BaoStock(单源),0,0
688070,纵横股份,0,24,24,BaoStock(单源),0,0
688071,华依科技,0,24,24,BaoStock(单源),0,0
688072,拓荆科技,0,24,24,BaoStock(单源),0,0
688073,毕得医药,0,24,24,BaoStock(单源),0,0
688075,安旭生物,0,24,24,BaoStock(单源),0,0
688076,ST诺泰,0,24,24,BaoStock(单源),0,0
688077,大地熊,0,24,24,BaoStock(单源),0,0
688078,龙软科技,0,24,24,BaoStock(单源),0,0
688079,美迪凯,0,24,24,BaoStock(单源),0,0
688080,映翰通,0,0,0,BaoStock(单源),0,0
688081,兴图新科,0,24,24,BaoStock(单源),0,0
688082,盛美上海,0,24,24,BaoStock(单源),0,0
688083,中望软件,0,24,24,BaoStock(单源),0,0
688084,晶品特装,0,24,24,BaoStock(单源),0,0
688085,三友医疗,0,24,24,BaoStock(单源),0,0
688087,英科再生,0,24,24,BaoStock(单源),0,0
688088,虹软科技,0,24,24,BaoStock(单源),0,0
688089,嘉必优,0,24,24,BaoStock(单源),0,0
688090,瑞松科技,0,24,24,BaoStock(单源),0,0
688091,上海谊众,0,24,24,BaoStock(单源),0,0
688092,爱科科技,0,0,0,BaoStock(单源),0,0
688093,世华科技,0,0,0,BaoStock(单源),0,0
688095,福昕软件,0,0,0,BaoStock(单源),0,0
688096,京源环保,0,24,24,BaoStock(单源),0,0
688097,博众精工,0,24,24,BaoStock(单源),0,0
688098,申联生物,0,24,24,BaoStock(单源),0,0
688099,晶晨股份,0,24,24,BaoStock(单源),0,0
688100,威胜信息,0,24,24,BaoStock(单源),0,0
688101,三达膜,0,24,24,BaoStock(单源),0,0
688102,斯瑞新材,0,24,24,BaoStock(单源),0,0
688103,国力电子,0,24,24,BaoStock(单源),0,0
688105,诺唯赞,0,24,24,BaoStock(单源),0,0
688106,金宏气体,0,24,24,BaoStock(单源),0,0
688107,安路科技,0,24,24,BaoStock(单源),0,0
688108,赛诺医疗,0,24,24,BaoStock(单源),0,0
688109,品茗科技,0,24,24,BaoStock(单源),0,0
688110,东芯股份,0,24,24,BaoStock(单源),0,0
688111,金山办公,0,0,0,BaoStock(单源),0,0
688112,鼎阳科技,0,24,24,BaoStock(单源),0,0
688113,联测科技,0,24,24,BaoStock(单源),0,0
688114,华大智造,0,24,24,BaoStock(单源),0,0
688115,思林杰,0,24,24,BaoStock(单源),0,0
688116,天奈科技,0,24,24,BaoStock(单源),0,0
688117,圣诺生物,0,24,24,BaoStock(单源),0,0
688118,普元信息,0,24,24,BaoStock(单源),0,0
688119,中钢洛耐,0,0,0,BaoStock(单源),0,0
688120,华海清科,0,0,0,BaoStock(单源),0,0
688121,卓然股份,0,0,0,BaoStock(单源),0,0
688122,西部超导,0,0,0,BaoStock(单源),0,0
688123,聚辰股份,0,24,24,BaoStock(单源),0,0
688125,安达智能,0,24,24,BaoStock(单源),0,0
688126,沪硅产业,0,24,24,BaoStock(单源),0,0
688127,蓝特光学,0,24,24,BaoStock(单源),0,0
688128,中国电研,0,24,24,BaoStock(单源),0,0
688129,东来技术,0,24,24,BaoStock(单源),0,0
688130,晶华微,0,24,24,BaoStock(单源),0,0
688131,皓元医药,0,24,24,BaoStock(单源),0,0
688132,邦彦技术,0,24,24,BaoStock(单源),0,0
688133,泰坦科技,0,24,24,BaoStock(单源),0,0
688135,利扬芯片,0,24,24,BaoStock(单源),0,0
688136,科兴制药,0,24,24,BaoStock(单源),0,0
688137,近岸蛋白,0,24,24,BaoStock(单源),0,0
688138,清溢光电,0,24,24,BaoStock(单源),0,0
688139,海尔生物,0,24,24,BaoStock(单源),0,0
688141,杰华特,0,24,24,BaoStock(单源),0,0
688143,长盈通,0,24,24,BaoStock(单源),0,0
688146,中船特气,0,24,24,BaoStock(单源),0,0
688147,微导纳米,0,24,24,BaoStock(单源),0,0
688148,芳源股份,0,24,24,BaoStock(单源),0,0
688150,莱特光电,0,24,24,BaoStock(单源),0,0
688151,华强科技,0,24,24,BaoStock(单源),0,0
688152,麒麟信安,0,0,0,BaoStock(单源),0,0
688153,唯捷创芯,0,0,0,BaoStock(单源),0,0
688155,先惠技术,0,0,0,BaoStock(单源),0,0
688156,路德科技,0,0,0,BaoStock(单源),0,0
688157,松井股份,0,0,0,BaoStock(单源),0,0
688158,优刻得,0,0,0,BaoStock(单源),0,0
688159,有方科技,0,0,0,BaoStock(单源),0,0
688160,步科股份,0,24,24,BaoStock(单源),0,0
688161,威高骨科,0,24,24,BaoStock(单源),0,0
688162,巨一科技,0,24,24,BaoStock(单源),0,0
688163,赛伦生物,0,24,24,BaoStock(单源),0,0
688165,埃夫特,0,24,24,BaoStock(单源),0,0
688166,博瑞医药,0,24,24,BaoStock(单源),0,0
688167,炬光科技,0,24,24,BaoStock(单源),0,0
688168,安博通,0,24,24,BaoStock(单源),0,0
688169,石头科技,0,24,24,BaoStock(单源),0,0
688170,德龙激光,0,24,24,BaoStock(单源),0,0
688171,纬德信息,0,24,24,BaoStock(单源),0,0
688172,燕东微,0,24,24,BaoStock(单源),0,0
688173,希荻微,0,24,24,BaoStock(单源),0,0
688175,高凌信息,0,24,24,BaoStock(单源),0,0
688176,亚虹医药,0,24,24,BaoStock(单源),0,0
688177,百奥泰,0,24,24,BaoStock(单源),0,0
688178,万德斯,0,24,24,BaoStock(单源),0,0
688179,阿拉丁,0,24,24,BaoStock(单源),0,0
688180,君实生物,0,24,24,BaoStock(单源),0,0
688181,八亿时空,0,24,24,BaoStock(单源),0,0
688182,灿勤科技,0,24,24,BaoStock(单源),0,0
688237,超卓航科,0,24,24,BaoStock(单源),0,0
688238,和元生物,0,24,24,BaoStock(单源),0,0
688239,航宇科技,0,24,24,BaoStock(单源),0,0
688244,永信至诚,0,24,24,BaoStock(单源),0,0
688246,嘉和美康,0,24,24,BaoStock(单源),0,0
688247,宣泰医药,0,0,0,BaoStock(单源),0,0
688248,南网科技,0,0,0,BaoStock(单源),0,0
688249,晶合集成,0,0,0,BaoStock(单源),0,0
688251,井松智能,0,24,24,BaoStock(单源),0,0
688252,天德钰,0,24,24,BaoStock(单源),0,0
688253,英诺特,0,24,24,BaoStock(单源),0,0
688255,凯尔达,0,24,24,BaoStock(单源),0,0
688256,DR寒武纪,0,24,24,BaoStock(单源),0,0
688257,新锐股份,0,24,24,BaoStock(单源),0,0
688258,卓易信息,0,24,24,BaoStock(单源),0,0
688259,创耀科技,0,24,24,BaoStock(单源),0,0
688260,昀冢科技,0,24,24,BaoStock(单源),0,0
688261,东微半导,0,24,24,BaoStock(单源),0,0
688262,国芯科技,0,24,24,BaoStock(单源),0,0
688265,南模生物,0,24,24,BaoStock(单源),0,0
688266,泽璟制药,0,24,24,BaoStock(单源),0,0
688267,中触媒,0,24,24,BaoStock(单源),0,0
688268,华特气体,0,24,24,BaoStock(单源),0,0
688269,凯立新材,0,24,24,BaoStock(单源),0,0
688270,ST臻镭,0,24,24,BaoStock(单源),0,0
688271,联影医疗,0,24,24,BaoStock(单源),0,0
688272,富吉瑞,0,24,24,BaoStock(单源),0,0
688273,麦澜德,0,24,24,BaoStock(单源),0,0
688275,万润新能,0,24,24,BaoStock(单源),0,0
688276,百克生物,0,24,24,BaoStock(单源),0,0
688277,天智航,0,24,24,BaoStock(单源),0,0
688278,特宝生物,0,24,24,BaoStock(单源),0,0
688279,峰岹科技,0,24,24,BaoStock(单源),0,0
688280,精进电动,0,24,24,BaoStock(单源),0,0
688281,华秦科技,0,24,24,BaoStock(单源),0,0
688282,理工导航,0,24,24,BaoStock(单源),0,0
688283,坤恒顺维,0,24,24,BaoStock(单源),0,0
688285,高铁电气,0,24,24,BaoStock(单源),0,0
688286,敏芯股份,0,24,24,BaoStock(单源),0,0
688287,*ST观典,0,24,24,BaoStock(单源),0,0
688288,鸿泉技术,0,24,24,BaoStock(单源),0,0
688289,圣湘生物,0,24,24,BaoStock(单源),0,0
688290,景业智能,0,24,24,BaoStock(单源),0,0
688291,金橙子,0,24,24,BaoStock(单源),0,0
688292,浩瀚深度,0,24,24,BaoStock(单源),0,0
688293,奥浦迈,0,0,0,BaoStock(单源),0,0
688295,中复神鹰,0,0,0,BaoStock(单源),0,0
688296,和达科技,0,0,0,BaoStock(单源),0,0
688297,中无人机,0,0,0,BaoStock(单源),0,0
688298,东方生物,0,0,0,BaoStock(单源),0,0
688299,长阳科技,0,24,24,BaoStock(单源),0,0
688300,联瑞新材,0,24,24,BaoStock(单源),0,0
688301,奕瑞科技,0,24,24,BaoStock(单源),0,0
688302,海创药业,0,24,24,BaoStock(单源),0,0
688303,大全能源,0,24,24,BaoStock(单源),0,0
688305,科德数控,0,24,24,BaoStock(单源),0,0
688306,均普智能,0,24,24,BaoStock(单源),0,0
688307,中润光学,0,24,24,BaoStock(单源),0,0
688308,欧科亿,0,24,24,BaoStock(单源),0,0
688309,恒誉环保,0,24,24,BaoStock(单源),0,0
688310,迈得医疗,0,24,24,BaoStock(单源),0,0
688311,盟升电子,0,24,24,BaoStock(单源),0,0
688312,燕麦科技,0,24,24,BaoStock(单源),0,0
688313,仕佳光子,0,24,24,BaoStock(单源),0,0
688314,康拓医疗,0,24,24,BaoStock(单源),0,0
688315,诺禾致源,0,24,24,BaoStock(单源),0,0
688316,青云科技,0,24,24,BaoStock(单源),0,0
688317,之江生物,0,24,24,BaoStock(单源),0,0
688318,财富趋势,0,24,24,BaoStock(单源),0,0
688319,欧林生物,0,24,24,BaoStock(单源),0,0
688320,禾川科技,0,24,24,BaoStock(单源),0,0
688321,微芯生物,0,24,24,BaoStock(单源),0,0
688322,奥比中光,0,24,24,BaoStock(单源),0,0
688323,瑞华泰,0,24,24,BaoStock(单源),0,0
688325,赛微微电,0,0,0,BaoStock(单源),0,0
688326,经纬恒润,0,0,0,BaoStock(单源),0,0
688327,云从科技,0,0,0,BaoStock(单源),0,0
688328,深科达,0,24,24,BaoStock(单源),0,0
688329,艾隆科技,0,24,24,BaoStock(单源),0,0
688330,宏力达,0,24,24,BaoStock(单源),0,0
688331,荣昌生物,0,24,24,BaoStock(单源),0,0
688332,中科蓝讯,0,24,24,BaoStock(单源),0,0
688333,铂力特,0,24,24,BaoStock(单源),0,0
688334,西高院,0,24,24,BaoStock(单源),0,0
688335,复洁科技,0,24,24,BaoStock(单源),0,0
688336,三生国健,0,24,24,BaoStock(单源),0,0
688337,普源精电,0,24,24,BaoStock(单源),0,0
688338,赛科希德,0,24,24,BaoStock(单源),0,0
688339,亿华通,0,24,24,BaoStock(单源),0,0
688343,云天励飞,0,24,24,BaoStock(单源),0,0
688345,博力威,0,24,24,BaoStock(单源),0,0
688347,华虹公司,0,24,24,BaoStock(单源),0,0
688348,昱能科技,0,24,24,BaoStock(单源),0,0
688349,三一重能,0,24,24,BaoStock(单源),0,0
688350,富淼科技,0,24,24,BaoStock(单源),0,0
688351,微电生理,0,24,24,BaoStock(单源),0,0
688352,颀中科技,0,24,24,BaoStock(单源),0,0
688353,华盛锂电,0,24,24,BaoStock(单源),0,0
688355,明志科技,0,24,24,BaoStock(单源),0,0
688356,键凯科技,0,24,24,BaoStock(单源),0,0
688183,生益电子,0,24,24,BaoStock(单源),0,0
688184,ST帕瓦,0,24,24,BaoStock(单源),0,0
688185,康希诺,0,24,24,BaoStock(单源),0,0
688186,广大特材,0,0,0,BaoStock(单源),0,0
688187,时代电气,0,0,0,BaoStock(单源),0,0
688188,柏楚电子,0,0,0,BaoStock(单源),0,0
688189,南新制药,0,0,0,BaoStock(单源),0,0
688190,云路股份,0,24,24,BaoStock(单源),0,0
688191,智洋创新,0,24,24,BaoStock(单源),0,0
688192,迪哲医药,0,0,0,BaoStock(单源),0,0
688193,仁度生物,0,0,0,BaoStock(单源),0,0
688195,腾景科技,0,0,0,BaoStock(单源),0,0
688196,卓越新能,0,0,0,BaoStock(单源),0,0
688197,首药控股,0,0,0,BaoStock(单源),0,0
688198,佰仁医疗,0,0,0,BaoStock(单源),0,0
688199,久日新材,0,0,0,BaoStock(单源),0,0
688200,华峰测控,0,0,0,BaoStock(单源),0,0
688201,ST信安,0,24,24,BaoStock(单源),0,0
688202,美迪西,0,24,24,BaoStock(单源),0,0
688203,海正生材,0,24,24,BaoStock(单源),0,0
688205,德科立,0,24,24,BaoStock(单源),0,0
688206,概伦电子,0,24,24,BaoStock(单源),0,0
688207,格灵深瞳,0,24,24,BaoStock(单源),0,0
688208,道通科技,0,24,24,BaoStock(单源),0,0
688209,英集芯,0,24,24,BaoStock(单源),0,0
688210,统联精密,0,24,24,BaoStock(单源),0,0
688211,中科微至,0,24,24,BaoStock(单源),0,0
688212,澳华内镜,0,24,24,BaoStock(单源),0,0
688213,思特威,0,0,0,BaoStock(单源),0,0
688215,瑞晟智能,0,0,0,BaoStock(单源),0,0
688216,气派科技,0,24,24,BaoStock(单源),0,0
688217,睿昂基因,0,24,24,BaoStock(单源),0,0
688218,江苏北人,0,24,24,BaoStock(单源),0,0
688219,会通股份,0,24,24,BaoStock(单源),0,0
688220,翱捷科技,0,24,24,BaoStock(单源),0,0
688221,前沿生物,0,0,0,BaoStock(单源),0,0
688222,成都先导,0,0,0,BaoStock(单源),0,0
688223,晶科能源,0,0,0,BaoStock(单源),0,0
688225,亚信安全,0,24,24,BaoStock(单源),0,0
688226,威腾电气,0,24,24,BaoStock(单源),0,0
688227,品高股份,0,24,24,BaoStock(单源),0,0
688228,开普云,0,24,24,BaoStock(单源),0,0
688229,博睿数据,0,24,24,BaoStock(单源),0,0
688230,芯导科技,0,24,24,BaoStock(单源),0,0
688231,隆达股份,0,24,24,BaoStock(单源),0,0
688232,新点软件,0,24,24,BaoStock(单源),0,0
688233,神工股份,0,24,24,BaoStock(单源),0,0
688234,天岳先进,0,24,24,BaoStock(单源),0,0
688235,百济神州,0,24,24,BaoStock(单源),0,0
688236,春立医疗,0,24,24,BaoStock(单源),0,0
688357,建龙微纳,0,24,24,BaoStock(单源),0,0
688358,祥生医疗,0,24,24,BaoStock(单源),0,0
688359,三孚新科,0,24,24,BaoStock(单源),0,0
688360,德马科技,0,24,24,BaoStock(单源),0,0
688361,中科飞测,0,24,24,BaoStock(单源),0,0
688362,甬矽电子,0,24,24,BaoStock(单源),0,0
688363,华熙生物,0,24,24,BaoStock(单源),0,0
688365,光云科技,0,24,24,BaoStock(单源),0,0
688366,昊海生科,0,24,24,BaoStock(单源),0,0
688367,工大高科,0,24,24,BaoStock(单源),0,0
688368,晶丰明源,0,24,24,BaoStock(单源),0,0
688369,致远互联,0,24,24,BaoStock(单源),0,0
688370,丛麟科技,0,24,24,BaoStock(单源),0,0
688371,菲沃泰,0,24,24,BaoStock(单源),0,0
688372,伟测科技,0,24,24,BaoStock(单源),0,0
688373,盟科药业,0,24,24,BaoStock(单源),0,0
688375,国博电子,0,24,24,BaoStock(单源),0,0
688376,美埃科技,0,24,24,BaoStock(单源),0,0
688377,迪威尔,0,24,24,BaoStock(单源),0,0
688378,奥来德,0,0,0,BaoStock(单源),0,0
688379,华光新材,0,0,0,BaoStock(单源),0,0
688380,中微半导,0,0,0,BaoStock(单源),0,0
688381,帝奥微,0,24,24,BaoStock(单源),0,0
688382,益方生物,0,24,24,BaoStock(单源),0,0
688383,新益昌,0,24,24,BaoStock(单源),0,0
688385,复旦微电,0,24,24,BaoStock(单源),0,0
688386,泛亚微透,0,24,24,BaoStock(单源),0,0
688387,信科移动,0,24,24,BaoStock(单源),0,0
688388,嘉元科技,0,24,24,BaoStock(单源),0,0
688389,普门科技,0,0,0,BaoStock(单源),0,0
688390,固德威,0,24,24,BaoStock(单源),0,0
688391,钜泉科技,0,24,24,BaoStock(单源),0,0
688392,骄成超声,0,24,24,BaoStock(单源),0,0
688393,安必平,0,24,24,BaoStock(单源),0,0
688395,正弦电气,0,24,24,BaoStock(单源),0,0
688396,华润微,0,24,24,BaoStock(单源),0,0
688398,赛特新材,0,24,24,BaoStock(单源),0,0
688399,硕世生物,0,24,24,BaoStock(单源),0,0
688400,凌云光,0,24,24,BaoStock(单源),0,0
688401,路维光电,0,24,24,BaoStock(单源),0,0
688403,汇成股份,0,24,24,BaoStock(单源),0,0
688408,中信博,0,24,24,BaoStock(单源),0,0
688409,富创精密,0,24,24,BaoStock(单源),0,0
688410,山外山,0,24,24,BaoStock(单源),0,0
688411,海博思创,0,0,0,BaoStock(单源),0,0
688416,恒烁股份,0,0,0,BaoStock(单源),0,0
688418,震有科技,0,0,0,BaoStock(单源),0,0
688419,耐科装备,0,0,0,BaoStock(单源),0,0
688420,美腾科技,0,0,0,BaoStock(单源),0,0
688425,铁建重工,0,0,0,BaoStock(单源),0,0
688521,芯原股份,0,24,24,BaoStock(单源),0,0
688522,纳睿雷达,0,24,24,BaoStock(单源),0,0
688523,航天环宇,0,24,24,BaoStock(单源),0,0
688525,佰维存储,0,24,24,BaoStock(单源),0,0
688526,科前生物,0,24,24,BaoStock(单源),0,0
688528,秦川物联,0,24,24,BaoStock(单源),0,0
688529,豪森智能,0,24,24,BaoStock(单源),0,0
688530,欧莱新材,0,24,24,BaoStock(单源),0,0
688531,日联科技,0,24,24,BaoStock(单源),0,0
688533,上声电子,0,24,24,BaoStock(单源),0,0
688535,华海诚科,0,24,24,BaoStock(单源),0,0
688536,思瑞浦,0,24,24,BaoStock(单源),0,0
688538,和辉光电,0,24,24,BaoStock(单源),0,0
688539,高华科技,0,24,24,BaoStock(单源),0,0
688543,国科军工,0,24,24,BaoStock(单源),0,0
688545,兴福电子,0,24,24,BaoStock(单源),0,0
688548,广钢气体,0,24,24,BaoStock(单源),0,0
688549,中巨芯,0,24,24,BaoStock(单源),0,0
688550,瑞联新材,0,24,24,BaoStock(单源),0,0
688551,科威尔,0,24,24,BaoStock(单源),0,0
688552,航天南湖,0,24,24,BaoStock(单源),0,0
688553,汇宇制药,0,24,24,BaoStock(单源),0,0
688556,高测股份,0,24,24,BaoStock(单源),0,0
688557,兰剑智能,0,24,24,BaoStock(单源),0,0
688558,国盛智科,0,24,24,BaoStock(单源),0,0
688559,海目星,0,24,24,BaoStock(单源),0,0
688560,明冠新材,0,24,24,BaoStock(单源),0,0
688561,奇安信,0,24,24,BaoStock(单源),0,0
688562,航天软件,0,24,24,BaoStock(单源),0,0
688563,航材股份,0,24,24,BaoStock(单源),0,0
688565,力源科技,0,24,24,BaoStock(单源),0,0
688566,吉贝尔,0,24,24,BaoStock(单源),0,0
688567,孚能科技,0,24,24,BaoStock(单源),0,0
688568,中科星图,0,24,24,BaoStock(单源),0,0
688569,铁科轨道,0,24,24,BaoStock(单源),0,0
688570,天玛智控,0,24,24,BaoStock(单源),0,0
688571,杭华股份,0,24,24,BaoStock(单源),0,0
688573,信宇人,0,24,24,BaoStock(单源),0,0
688575,亚辉龙,0,24,24,BaoStock(单源),0,0
688576,西山科技,0,0,0,BaoStock(单源),0,0
688577,浙海德曼,0,0,0,BaoStock(单源),0,0
688578,艾力斯,0,0,0,BaoStock(单源),0,0
688579,地纬智能,0,0,0,BaoStock(单源),0,0
688580,伟思医疗,0,0,0,BaoStock(单源),0,0
688581,安杰思,0,0,0,BaoStock(单源),0,0
688582,芯动联科,0,24,24,BaoStock(单源),0,0
688583,思看科技,0,24,24,BaoStock(单源),0,0
688584,上海合晶,0,24,24,BaoStock(单源),0,0
688585,上纬新材,0,24,24,BaoStock(单源),0,0
688586,江航装备,0,24,24,BaoStock(单源),0,0
688426,康为世纪,0,0,0,BaoStock(单源),0,0
688428,诺诚健华,0,0,0,BaoStock(单源),0,0
688429,时创能源,0,24,24,BaoStock(单源),0,0
688432,有研硅,0,24,24,BaoStock(单源),0,0
688433,华曙高科,0,24,24,BaoStock(单源),0,0
688435,英方软件,0,24,24,BaoStock(单源),0,0
688439,振华风光,0,24,24,BaoStock(单源),0,0
688443,智翔金泰,0,24,24,BaoStock(单源),0,0
688448,磁谷科技,0,24,24,BaoStock(单源),0,0
688449,联芸科技,0,24,24,BaoStock(单源),0,0
688450,光格科技,0,24,24,BaoStock(单源),0,0
688455,科捷智能,0,24,24,BaoStock(单源),0,0
688456,有研粉材,0,24,24,BaoStock(单源),0,0
688458,美芯晟,0,24,24,BaoStock(单源),0,0
688459,哈铁科技,0,24,24,BaoStock(单源),0,0
688466,金科环境,0,24,24,BaoStock(单源),0,0
688468,科美诊断,0,24,24,BaoStock(单源),0,0
688469,芯联集成,0,24,24,BaoStock(单源),0,0
688472,阿特斯,0,24,24,BaoStock(单源),0,0
688475,萤石网络,0,24,24,BaoStock(单源),0,0
688478,晶升股份,0,24,24,BaoStock(单源),0,0
688479,友车科技,0,24,24,BaoStock(单源),0,0
688480,赛恩斯,0,24,24,BaoStock(单源),0,0
688484,南芯科技,0,0,0,BaoStock(单源),0,0
688485,九州一轨,0,0,0,BaoStock(单源),0,0
688486,龙迅股份,0,0,0,BaoStock(单源),0,0
688488,艾迪药业,0,24,24,BaoStock(单源),0,0
688489,三未信安,0,24,24,BaoStock(单源),0,0
688496,ST清越,0,24,24,BaoStock(单源),0,0
688498,源杰科技,0,24,24,BaoStock(单源),0,0
688499,利元亨,0,24,24,BaoStock(单源),0,0
688500,慧辰股份,0,0,0,BaoStock(单源),0,0
688501,青达环保,0,0,0,BaoStock(单源),0,0
688502,茂莱光学,0,0,0,BaoStock(单源),0,0
688503,聚和材料,0,0,0,BaoStock(单源),0,0
688505,复旦张江,0,0,0,BaoStock(单源),0,0
688506,百利天恒,0,0,0,BaoStock(单源),0,0
688507,索辰科技,0,0,0,BaoStock(单源),0,0
688508,芯朋微,0,0,0,BaoStock(单源),0,0
688509,正元地信,0,0,0,BaoStock(单源),0,0
688510,航亚科技,0,0,0,BaoStock(单源),0,0
688511,天微电子,0,0,0,BaoStock(单源),0,0
688512,慧智微,0,0,0,BaoStock(单源),0,0
688513,苑东生物,0,0,0,BaoStock(单源),0,0
688515,裕太微,0,0,0,BaoStock(单源),0,0
688516,奥特维,0,0,0,BaoStock(单源),0,0
688517,金冠电气,0,0,0,BaoStock(单源),0,0
688518,联赢激光,0,0,0,BaoStock(单源),0,0
688519,南亚新材,0,0,0,BaoStock(单源),0,0
688520,神州细胞,0,0,0,BaoStock(单源),0,0
688588,凌志软件,0,24,24,BaoStock(单源),0,0
688589,力合微,0,24,24,BaoStock(单源),0,0
688590,新致软件,0,24,24,BaoStock(单源),0,0
688591,泰凌微,0,24,24,BaoStock(单源),0,0
688592,司南导航,0,0,0,BaoStock(单源),0,0
688593,新相微,0,0,0,BaoStock(单源),0,0
688595,芯海科技,0,0,0,BaoStock(单源),0,0
688596,正帆科技,0,0,0,BaoStock(单源),0,0
688597,煜邦电力,0,0,0,BaoStock(单源),0,0
688598,金博股份,0,0,0,BaoStock(单源),0,0
688599,天合光能,0,0,0,BaoStock(单源),0,0
688600,皖仪科技,0,0,0,BaoStock(单源),0,0
688601,力芯微,0,0,0,BaoStock(单源),0,0
688602,康鹏科技,0,0,0,BaoStock(单源),0,0
688603,天承科技,0,24,24,BaoStock(单源),0,0
688605,先锋精科,0,0,0,BaoStock(单源),0,0
688606,奥泰生物,0,0,0,BaoStock(单源),0,0
688607,康众医疗,0,0,0,BaoStock(单源),0,0
688608,恒玄科技,0,0,0,BaoStock(单源),0,0
688609,九联科技,0,0,0,BaoStock(单源),0,0
688610,埃科光电,0,0,0,BaoStock(单源),0,0
688611,杭州柯林,0,0,0,BaoStock(单源),0,0
688612,威迈斯,0,0,0,BaoStock(单源),0,0
688613,奥精医疗,0,0,0,BaoStock(单源),0,0
688615,合合信息,0,0,0,BaoStock(单源),0,0
688616,西力科技,0,0,0,BaoStock(单源),0,0
688617,惠泰医疗,0,0,0,BaoStock(单源),0,0
688618,三旺通信,0,0,0,BaoStock(单源),0,0
688619,罗普特,0,0,0,BaoStock(单源),0,0
688620,安凯微,0,0,0,BaoStock(单源),0,0
688621,阳光诺和,0,0,0,BaoStock(单源),0,0
688622,*ST禾信,0,0,0,BaoStock(单源),0,0
688623,双元科技,0,0,0,BaoStock(单源),0,0
688625,呈和科技,0,0,0,BaoStock(单源),0,0
688626,翔宇医疗,0,0,0,BaoStock(单源),0,0
688627,精智达,0,0,0,BaoStock(单源),0,0
688628,优利德,0,0,0,BaoStock(单源),0,0
688629,华丰科技,0,0,0,BaoStock(单源),0,0
688630,芯碁微装,0,0,0,BaoStock(单源),0,0
688631,莱斯信息,0,0,0,BaoStock(单源),0,0
688633,星球石墨,0,0,0,BaoStock(单源),0,0
688636,智明达,0,0,0,BaoStock(单源),0,0
688638,誉辰智能,0,0,0,BaoStock(单源),0,0
688639,华恒生物,0,0,0,BaoStock(单源),0,0
688646,ST逸飞,0,0,0,BaoStock(单源),0,0
688648,中邮科技,0,0,0,BaoStock(单源),0,0
688651,盛邦安全,0,0,0,BaoStock(单源),0,0
688652,京仪装备,0,0,0,BaoStock(单源),0,0
688653,康希通信,0,0,0,BaoStock(单源),0,0
688655,迅捷兴,0,0,0,BaoStock(单源),0,0
688722,同益中,0,0,0,BaoStock(单源),0,0
688726,拉普拉斯,0,0,0,BaoStock(单源),0,0
688727,恒坤新材,0,0,0,BaoStock(单源),0,0
688728,格科微,0,0,0,BaoStock(单源),0,0
688729,屹唐股份,0,0,0,BaoStock(单源),0,0
688733,壹石通,0,0,0,BaoStock(单源),0,0
688737,中自科技,0,0,0,BaoStock(单源),0,0
688739,成大生物,0,0,0,BaoStock(单源),0,0
688750,金天钛业,0,0,0,BaoStock(单源),0,0
688755,汉邦科技,0,0,0,BaoStock(单源),0,0
688757,胜科纳米,0,0,0,BaoStock(单源),0,0
688758,赛分科技,0,0,0,BaoStock(单源),0,0
688759,必贝特,0,0,0,BaoStock(单源),0,0
688765,禾元生物,0,0,0,BaoStock(单源),0,0
688766,普冉股份,0,0,0,BaoStock(单源),0,0
688767,博拓生物,0,0,0,BaoStock(单源),0,0
688768,容知日新,0,0,0,BaoStock(单源),0,0
688772,珠海冠宇,0,0,0,BaoStock(单源),0,0
688775,影石创新,0,0,0,BaoStock(单源),0,0
688776,国光电气,0,0,0,BaoStock(单源),0,0
688777,中控技术,0,0,0,BaoStock(单源),0,0
688778,厦钨新能,0,0,0,BaoStock(单源),0,0
688779,五矿新能,0,0,0,BaoStock(单源),0,0
688781,视涯科技,0,0,0,BaoStock(单源),0,0
688783,西安奕材,0,0,0,BaoStock(单源),0,0
688785,恒运昌,0,0,0,BaoStock(单源),0,0
688786,悦安新材,0,0,0,BaoStock(单源),0,0
688787,海天瑞声,0,0,0,BaoStock(单源),0,0
688788,科思科技,0,0,0,BaoStock(单源),0,0
688789,宏华数科,0,0,0,BaoStock(单源),0,0
688790,昂瑞微,0,0,0,BaoStock(单源),0,0
688793,倍轻松,0,0,0,BaoStock(单源),0,0
688795,摩尔线程,0,0,0,BaoStock(单源),0,0
688796,百奥赛图,0,0,0,BaoStock(单源),0,0
688798,艾为电子,0,0,0,BaoStock(单源),0,0
688799,华纳药厂,0,0,0,BaoStock(单源),0,0
688800,瑞可达,0,0,0,BaoStock(单源),0,0
688802,沐曦股份,0,0,0,BaoStock(单源),0,0
688805,健信超导,0,0,0,BaoStock(单源),0,0
688807,优迅股份,0,0,0,BaoStock(单源),0,0
688808,联讯仪器,0,0,0,BaoStock(单源),0,0
688809,强一股份,0,0,0,BaoStock(单源),0,0
688811,有研复材,0,0,0,BaoStock(单源),0,0
688813,泰金新能,0,0,0,BaoStock(单源),0,0
688816,易思维,0,0,0,BaoStock(单源),0,0
688818,电科蓝天,0,0,0,BaoStock(单源),0,0
688819,天能股份,0,0,0,BaoStock(单源),0,0
688820,盛合晶微,0,0,0,BaoStock(单源),0,0
688981,中芯国际,0,0,0,BaoStock(单源),0,0
689009,九号公司,0,0,0,BaoStock(单源),0,0
688656,浩欧博,0,24,24,BaoStock(单源),0,0
688657,浩辰软件,0,24,24,BaoStock(单源),0,0
688658,悦康药业,0,24,24,BaoStock(单源),0,0
688659,元琛科技,0,24,24,BaoStock(单源),0,0
688660,电气风电,0,24,24,BaoStock(单源),0,0
688661,和林微纳,0,24,24,BaoStock(单源),0,0
688662,富信科技,0,24,24,BaoStock(单源),0,0
688663,新风光,0,0,0,BaoStock(单源),0,0
688665,四方光电,0,0,0,BaoStock(单源),0,0
688667,菱电电控,0,0,0,BaoStock(单源),0,0
688668,鼎通科技,0,0,0,BaoStock(单源),0,0
688669,聚石化学,0,0,0,BaoStock(单源),0,0
688670,金迪克,0,0,0,BaoStock(单源),0,0
688671,碧兴物联,0,0,0,BaoStock(单源),0,0
688676,XD金盘科,0,0,0,BaoStock(单源),0,0
688677,海泰新光,0,0,0,BaoStock(单源),0,0
688678,福立旺,0,0,0,BaoStock(单源),0,0
688679,通源环境,0,0,0,BaoStock(单源),0,0
688680,海优新材,0,0,0,BaoStock(单源),0,0
688681,科汇股份,0,0,0,BaoStock(单源),0,0
688682,霍莱沃,0,0,0,BaoStock(单源),0,0
688683,莱尔科技,0,0,0,BaoStock(单源),0,0
688685,迈信林,0,0,0,BaoStock(单源),0,0
688686,奥普特,0,0,0,BaoStock(单源),0,0
688687,凯因科技,0,0,0,BaoStock(单源),0,0
688689,银河微电,0,0,0,BaoStock(单源),0,0
688690,纳微科技,0,0,0,BaoStock(单源),0,0
688691,灿芯股份,0,0,0,BaoStock(单源),0,0
688692,达梦数据,0,0,0,BaoStock(单源),0,0
688693,锴威特,0,0,0,BaoStock(单源),0,0
688695,中创股份,0,0,0,BaoStock(单源),0,0
688696,极米科技,0,0,0,BaoStock(单源),0,0
688697,纽威数控,0,0,0,BaoStock(单源),0,0
688698,伟创电气,0,0,0,BaoStock(单源),0,0
688699,明微电子,0,0,0,BaoStock(单源),0,0
688700,东威科技,0,0,0,BaoStock(单源),0,0
688701,卓锦股份,0,0,0,BaoStock(单源),0,0
688702,盛科通信,0,0,0,BaoStock(单源),0,0
688707,振华新材,0,0,0,BaoStock(单源),0,0
688708,佳驰科技,0,0,0,BaoStock(单源),0,0
688709,成都华微,0,0,0,BaoStock(单源),0,0
688710,益诺思,0,0,0,BaoStock(单源),0,0
688711,宏微科技,0,0,0,BaoStock(单源),0,0
688712,北芯生命,0,0,0,BaoStock(单源),0,0
688716,中研股份,0,0,0,BaoStock(单源),0,0
688717,艾罗能源,0,0,0,BaoStock(单源),0,0
688718,唯赛勃,0,0,0,BaoStock(单源),0,0
688719,爱科赛博,0,0,0,BaoStock(单源),0,0
688720,艾森股份,0,0,0,BaoStock(单源),0,0
688721,龙图光罩,0,0,0,BaoStock(单源),0,0
