code,board,run_n_limit_ups,run_max_consecutive,first_limit_date,last_limit_date,start_date,peak_date,peak_price,w1_total_return_pct,w1_n_days,w1_avg_daily_return_pct,w1_max_daily_return_pct,w1_min_daily_return_pct,w1_daily_return_std,w1_avg_amplitude_pct,w1_max_amplitude_pct,w1_vol_ratio_2nd_vs_1st,w1_vol_trend_slope,w1_vol_last_vs_first,w1_n_up_gaps,w1_n_down_gaps,w1_avg_gap_pct,w1_max_gap_pct,w1_avg_body_ratio,w1_bullish_pct,w1_avg_upper_shadow_pct,w1_avg_lower_shadow_pct,w1_start_date,w1_end_date,w2_total_return_pct,w2_n_days,w2_avg_daily_return_pct,w2_max_daily_return_pct,w2_min_daily_return_pct,w2_daily_return_std,w2_avg_amplitude_pct,w2_max_amplitude_pct,w2_vol_ratio_2nd_vs_1st,w2_vol_trend_slope,w2_vol_last_vs_first,w2_n_up_gaps,w2_n_down_gaps,w2_avg_gap_pct,w2_max_gap_pct,w2_avg_body_ratio,w2_bullish_pct,w2_avg_upper_shadow_pct,w2_avg_lower_shadow_pct,w2_start_date,w2_end_date,w2_peak_day_return_pct,w2_peak_is_limit_up,w2_next_day_return_pct,w2_next_day_is_limit_down
8,深主板,2,2,2026-03-30,2026-03-31,2026-03-27,2026-04-01,3.6,21.11,3.0,10.05,10.1,10.0,0.05,5.77,10.44,6.4,0.6514,7.0,1.0,1.0,4.16,9.43,0.656,100.0,0.0,34.4,2026-03-27,2026-03-31,5.05,4,1.84,10.1,-4.59,6.14,8.6,11.01,3.76,0.412,3.36,2,0,6.2,10.09,0.618,50.0,3.7,34.5,2026-03-30,2026-04-02,0.0,False,-4.59,False
20,深主板,5,5,2026-03-16,2026-03-20,2026-03-13,2026-03-23,25.66,20.98,3.0,9.99,10.01,9.97,0.02,4.22,9.97,3.37,0.4699,3.43,1.0,0.0,4.99,9.97,0.355,66.7,23.1,8.1,2026-03-13,2026-03-17,-10.66,4,-3.25,10.0,-9.99,9.37,7.76,22.19,10.31,0.6444,12.67,2,1,5.64,10.0,0.46,0.0,3.3,0.7,2026-03-19,2026-03-24,-9.99,False,-9.76,False
26,深主板,2,1,2026-04-13,2026-04-15,2026-04-10,2026-04-21,18.78,19.44,4.0,6.24,10.0,-1.28,5.31,8.38,10.72,3.34,0.504,4.92,2.0,0.0,2.89,5.56,0.549,75.0,23.2,21.9,2026-04-10,2026-04-15,-1.25,4,-0.27,5.51,-7.35,5.33,5.25,8.51,1.52,0.1556,1.45,0,2,-1.91,-0.56,0.548,75.0,29.9,15.2,2026-04-17,2026-04-22,5.51,False,-7.35,False
29,深主板,2,2,2026-05-11,2026-05-12,2026-05-08,2026-05-19,31.11,21.01,3.0,10.01,10.01,10.0,0.0,7.38,9.47,3.1,0.6419,4.08,1.0,0.0,0.87,1.7,0.789,100.0,8.8,12.3,2026-05-08,2026-05-12,-8.41,4,-2.73,3.15,-9.99,5.45,7.6,10.76,1.42,0.1687,1.58,1,1,0.12,1.34,0.523,50.0,38.2,9.4,2026-05-15,2026-05-20,-1.34,False,-9.99,True
35,深主板,2,2,2026-02-27,2026-03-02,2026-02-26,2026-03-13,8.6,21.04,3.0,10.02,10.05,9.99,0.03,4.39,5.84,1.69,0.4031,2.18,2.0,0.0,10.02,10.05,0.051,0.0,11.1,83.8,2026-02-26,2026-03-02,-7.47,4,-2.55,-1.36,-3.88,1.03,8.06,9.89,0.84,-0.1043,0.71,0,0,-0.41,0.62,0.318,25.0,33.0,35.2,2026-03-11,2026-03-16,-1.36,False,-3.88,False
36,深主板,2,2,2026-01-21,2026-01-22,2026-01-20,2026-01-26,7.19,21.03,3.0,10.02,10.05,9.98,0.03,9.99,13.19,0.78,-0.2376,0.6,1.0,0.0,1.05,2.11,0.92,66.7,6.3,1.7,2026-01-20,2026-01-22,-8.1,4,-2.62,2.95,-10.01,5.45,8.28,14.31,1.17,0.116,1.85,2,0,1.02,1.47,0.581,50.0,19.0,22.8,2026-01-22,2026-01-27,-10.01,False,-0.79,False
39,深主板,2,2,2026-02-03,2026-02-04,2026-02-02,2026-02-05,11.75,21.0,3.0,10.0,10.03,9.97,0.03,8.46,9.01,1.32,0.2149,1.52,1.0,0.0,1.35,1.74,0.778,100.0,19.6,2.6,2026-02-02,2026-02-04,5.88,4,2.08,10.03,-2.75,5.67,6.55,8.39,0.97,-0.0513,0.74,2,1,0.78,1.74,0.713,50.0,13.1,15.6,2026-02-03,2026-02-06,-1.05,False,-2.75,False
48,深主板,2,2,2026-01-20,2026-01-21,2026-01-19,2026-01-28,19.98,20.99,3.0,10.0,10.01,9.99,0.01,7.03,9.75,1.4,0.292,1.74,1.0,0.0,2.48,4.76,0.808,100.0,6.6,12.6,2026-01-19,2026-01-21,-4.83,4,-1.63,-0.31,-3.07,1.13,5.44,7.3,1.0,-0.035,0.85,0,0,0.1,0.31,0.271,0.0,36.4,36.5,2026-01-26,2026-01-29,-1.51,False,-3.07,False
56,深主板,3,2,2026-02-05,2026-02-10,2026-02-04,2026-02-11,2.36,21.28,3.0,10.13,10.14,10.11,0.02,7.46,9.18,1.61,0.185,1.52,1.0,0.0,0.99,1.45,0.882,100.0,6.7,5.1,2026-02-04,2026-02-06,-4.11,4,-1.05,10.05,-9.96,8.31,8.4,10.96,0.7,-0.1464,0.65,1,2,-1.8,1.83,0.549,25.0,33.0,12.0,2026-02-09,2026-02-12,-9.96,False,-3.23,False
62,深主板,3,2,2026-04-22,2026-04-27,2026-04-21,2026-05-06,40.13,15.79,4.0,5.24,10.04,-4.36,6.79,7.61,11.36,1.52,0.2377,2.18,2.0,1.0,0.85,2.47,0.808,50.0,6.1,13.0,2026-04-21,2026-04-24,5.08,4,1.68,3.56,-0.11,1.5,7.37,10.6,1.09,0.0307,1.08,1,1,0.22,2.9,0.404,75.0,39.5,20.1,2026-04-29,2026-05-07,-0.11,False,1.57,False
66,深主板,3,3,2026-04-30,2026-05-07,2026-04-29,2026-05-12,25.74,20.98,3.0,9.99,9.99,9.99,0.0,4.64,7.21,0.66,-0.5759,0.11,2.0,0.0,7.71,9.99,0.381,66.7,0.8,27.7,2026-04-29,2026-05-06,9.09,4,3.02,8.38,-0.67,3.88,7.34,9.15,0.98,-0.0495,0.79,1,1,1.38,6.19,0.559,50.0,23.8,20.3,2026-05-08,2026-05-13,8.38,False,-0.67,False
70,深主板,3,3,2026-02-10,2026-02-12,2026-02-09,2026-02-13,19.99,10.03,2.0,10.03,10.03,10.03,0.0,6.51,8.05,0.25,-1.2088,0.25,1.0,0.0,5.8,5.8,0.409,100.0,14.8,44.3,2026-02-09,2026-02-10,2.65,4,1.23,9.98,-10.0,8.34,6.47,13.9,2.05,0.3691,16.9,2,1,3.82,9.98,0.161,0.0,24.9,34.0,2026-02-11,2026-02-24,-10.0,False,3.7,False
78,深主板,2,2,2026-01-13,2026-01-14,2026-01-12,2026-01-15,4.83,21.02,3.0,10.01,10.05,9.97,0.04,7.19,11.03,2.96,0.7033,4.24,1.0,0.0,1.13,1.72,0.765,100.0,5.6,18.0,2026-01-12,2026-01-14,-8.33,4,-2.47,10.05,-10.1,8.92,12.55,16.35,0.91,0.0157,1.29,1,0,0.89,1.72,0.749,50.0,15.4,9.7,2026-01-13,2026-01-16,-7.35,False,-10.1,True
96,深主板,2,2,2026-03-02,2026-03-03,2026-02-27,2026-03-04,13.2,21.08,3.0,10.03,10.04,10.03,0.0,5.42,8.06,9.42,0.9086,13.02,2.0,0.0,4.7,6.75,0.624,100.0,1.8,35.8,2026-02-27,2026-03-03,-1.82,4,-0.32,10.03,-8.44,7.71,8.44,10.37,0.69,-0.0891,0.89,1,1,0.27,2.65,0.567,50.0,14.0,29.2,2026-03-02,2026-03-05,-8.44,False,-2.55,False
402,深主板,2,2,2026-04-10,2026-04-13,2026-04-09,2026-04-14,3.22,20.95,3.0,9.98,10.07,9.88,0.1,5.73,9.8,10.39,0.9327,14.54,1.0,0.0,1.98,3.95,0.778,66.7,6.7,15.6,2026-04-09,2026-04-13,3.6,4,1.4,10.07,-5.88,6.59,7.67,9.8,1.87,0.2479,2.52,0,1,-0.54,0.33,0.636,50.0,21.0,15.4,2026-04-10,2026-04-15,0.0,False,-5.88,False
402,深主板,3,3,2026-04-29,2026-05-06,2026-04-28,2026-05-07,3.48,20.99,3.0,10.0,10.07,9.92,0.07,2.6,4.73,3.14,0.8787,5.27,2.0,0.0,8.95,9.92,0.217,33.3,12.5,32.5,2026-04-28,2026-04-30,3.15,4,1.23,10.09,-4.01,6.3,7.07,11.75,1.28,0.1075,1.46,0,1,-0.77,0.0,0.478,50.0,20.0,32.2,2026-04-30,2026-05-08,-4.01,False,-2.39,False
417,深主板,3,3,2026-05-18,2026-05-20,2026-05-15,2026-05-21,10.48,21.12,3.0,10.05,10.07,10.04,0.02,1.68,5.03,0.37,-0.3886,0.55,2.0,0.0,10.05,10.07,0.231,0.0,4.6,5.6,2026-05-15,2026-05-19,7.51,3,3.87,10.05,-2.31,6.18,5.81,13.53,6.49,0.877,9.17,2,0,9.55,9.97,0.382,33.3,0.0,28.5,2026-05-19,2026-05-21,-2.31,False,,
426,深主板,2,2,2026-01-23,2026-01-26,2026-01-22,2026-01-29,74.8,20.91,3.0,9.96,10.0,9.91,0.05,4.64,5.98,0.95,-0.059,0.89,2.0,0.0,6.64,8.85,0.458,100.0,9.2,45.0,2026-01-22,2026-01-26,-2.16,4,-0.41,9.41,-10.01,7.93,9.56,14.34,0.79,-0.1643,0.52,2,1,-1.43,3.92,0.275,25.0,47.9,24.6,2026-01-27,2026-01-30,-0.64,False,-10.01,True
503,深主板,2,2,2026-01-09,2026-01-12,2026-01-08,2026-01-13,12.54,21.06,3.0,10.03,10.05,10.01,0.02,6.61,9.29,1.97,0.633,3.08,1.0,0.0,5.02,10.05,0.608,66.7,5.2,34.0,2026-01-08,2026-01-12,5.5,4,1.96,10.05,-2.41,5.73,7.95,11.03,1.86,0.287,3.75,2,1,5.35,10.05,0.482,25.0,20.7,31.1,2026-01-09,2026-01-14,-2.41,False,-1.77,False
506,深主板,3,3,2026-01-19,2026-01-21,2026-01-16,2026-01-29,28.52,9.99,2.0,9.99,9.99,9.99,0.0,5.47,7.08,2.35,0.8058,2.35,1.0,0.0,2.27,2.27,0.567,50.0,41.1,2.2,2026-01-16,2026-01-19,8.91,4,3.34,10.01,-9.99,9.43,6.57,11.33,0.97,-0.2112,0.23,2,1,2.16,9.99,0.405,50.0,0.0,34.5,2026-01-27,2026-01-30,9.99,True,-9.99,True
506,深主板,4,4,2026-01-26,2026-01-29,2026-01-23,2026-01-30,25.67,,,,,,,,,,,,,,,,,,,,2026-01-23,2026-01-20,-10.91,4,-3.34,9.99,-10.01,9.42,3.74,10.97,0.13,-0.5155,0.02,1,2,-3.34,9.99,0.201,25.0,0.0,29.9,2026-01-28,2026-02-02,-9.99,False,-10.01,True
509,深主板,2,2,2026-03-05,2026-03-06,2026-03-04,2026-03-25,4.84,20.91,3.0,9.96,10.0,9.92,0.04,7.67,12.28,8.8,1.0257,13.72,1.0,0.0,1.03,1.52,0.731,100.0,3.3,23.5,2026-03-04,2026-03-06,6.6,4,2.34,10.02,-5.01,6.14,8.84,9.78,1.3,0.0182,0.84,0,0,-0.07,0.0,0.73,50.0,17.0,10.1,2026-03-23,2026-03-26,2.0,False,-5.01,False
509,深主板,2,1,2026-03-20,2026-03-24,2026-03-19,2026-03-25,4.84,9.93,2.0,9.93,9.93,9.93,0.0,7.39,9.69,1.69,0.5137,1.69,0.0,0.0,0.48,0.48,0.515,100.0,21.4,27.1,2026-03-19,2026-03-20,6.6,4,2.34,10.02,-5.01,6.14,8.84,9.78,1.3,0.0182,0.84,0,0,-0.07,0.0,0.73,50.0,17.0,10.1,2026-03-23,2026-03-26,2.0,False,-5.01,False
510,深主板,2,2,2026-02-27,2026-03-02,2026-02-26,2026-03-03,23.5,10.03,2.0,10.03,10.03,10.03,0.0,8.79,10.73,1.09,0.0873,1.09,0.0,0.0,-0.65,-0.65,0.558,50.0,28.7,15.4,2026-02-26,2026-02-27,-0.83,4,-0.02,10.0,-6.77,7.23,9.96,14.43,1.44,0.0808,1.05,2,1,1.13,4.36,0.709,75.0,20.1,9.0,2026-02-27,2026-03-04,-6.77,False,-3.3,False
516,深主板,2,2,2026-01-13,2026-01-14,2026-01-12,2026-01-15,5.94,9.96,2.0,9.96,9.96,9.96,0.0,7.07,11.01,1.34,0.2891,1.34,0.0,0.0,0.0,0.0,0.818,100.0,6.2,12.0,2026-01-12,2026-01-13,-7.82,4,-2.3,9.95,-10.02,8.76,7.88,11.01,0.66,-0.0505,1.24,1,2,-1.92,4.09,0.683,50.0,16.6,15.1,2026-01-13,2026-01-16,-10.02,False,-6.82,False
518,深主板,2,2,2026-05-20,2026-05-21,2026-05-18,2026-05-21,3.75,20.97,3.0,9.99,10.0,9.97,0.01,8.39,9.87,4.68,0.8449,6.84,2.0,0.0,2.13,2.64,0.807,66.7,1.5,17.7,2026-05-18,2026-05-21,20.97,3,9.99,10.0,9.97,0.01,8.39,9.87,4.68,0.8449,6.84,2,0,2.13,2.64,0.807,66.7,1.5,17.7,2026-05-18,2026-05-21,9.97,True,,
533,深主板,3,3,2026-02-02,2026-02-04,2026-01-30,2026-02-10,11.91,21.0,3.0,10.0,10.02,9.98,0.02,4.19,7.79,2.02,0.7158,3.4,2.0,0.0,6.58,10.02,0.407,33.3,5.0,20.9,2026-01-30,2026-02-03,-2.93,4,-0.93,2.22,-5.37,3.23,8.04,12.89,0.66,-0.196,0.57,0,2,-1.73,0.44,0.481,75.0,37.6,14.3,2026-02-06,2026-02-11,0.35,False,-5.37,False
533,深主板,4,4,2026-03-04,2026-03-09,2026-03-03,2026-03-12,19.66,10.02,2.0,10.02,10.02,10.02,0.0,9.84,9.93,0.61,-0.4882,0.61,0.0,0.0,-0.54,-0.54,0.595,50.0,21.2,19.3,2026-03-03,2026-03-04,-3.96,4,-1.12,5.43,-9.98,6.5,10.3,12.47,0.85,-0.1219,0.6,1,2,-1.44,3.0,0.438,25.0,29.4,26.8,2026-03-10,2026-03-13,5.43,False,-9.98,True
533,深主板,2,2,2026-03-16,2026-03-17,2026-03-13,2026-03-18,21.84,,,,,,,,,,,,,,,,,,,,2026-03-13,2026-03-05,-0.43,4,0.1,10.02,-5.92,7.07,12.24,14.09,0.94,-0.0132,0.99,1,1,0.38,2.05,0.66,50.0,15.7,18.4,2026-03-16,2026-03-19,-3.8,False,-5.92,False
534,深主板,2,2,2026-03-06,2026-03-09,2026-03-05,2026-03-10,49.14,10.0,2.0,10.0,10.0,10.0,0.0,7.96,10.23,0.73,-0.3064,0.73,0.0,0.0,-0.99,-0.99,0.742,100.0,20.9,4.9,2026-03-05,2026-03-06,12.51,4,4.14,9.99,-2.62,5.19,9.38,13.58,1.13,0.1073,1.69,1,1,0.02,3.62,0.606,75.0,11.3,28.1,2026-03-06,2026-03-11,5.05,False,-2.62,False
534,深主板,2,1,2026-04-08,2026-04-10,2026-04-07,2026-04-13,46.6,10.01,2.0,10.01,10.01,10.01,0.0,5.83,5.9,0.47,-0.7285,0.47,1.0,0.0,4.14,4.14,0.877,50.0,0.7,11.5,2026-04-07,2026-04-08,7.13,4,2.47,9.99,-3.24,5.55,7.38,9.91,1.23,0.0159,0.89,1,1,1.44,5.95,0.427,75.0,13.9,43.3,2026-04-09,2026-04-14,0.66,False,-3.24,False
537,深主板,3,3,2026-03-10,2026-03-12,2026-03-09,2026-03-13,13.76,20.96,3.0,9.98,10.0,9.96,0.02,3.59,7.48,1.4,0.4917,2.25,2.0,0.0,8.43,10.0,0.179,66.7,26.9,21.9,2026-03-09,2026-03-11,-1.23,4,-0.1,10.03,-9.36,7.94,8.9,13.08,2.85,0.3045,1.89,2,1,5.84,9.99,0.559,50.0,3.2,40.9,2026-03-11,2026-03-16,-0.96,False,-9.36,False
539,深主板,2,2,2026-03-18,2026-03-19,2026-03-17,2026-03-26,8.14,20.98,3.0,9.99,10.0,9.98,0.01,3.11,6.0,2.04,0.7181,3.43,2.0,0.0,7.76,10.0,0.323,33.3,13.7,20.6,2026-03-17,2026-03-19,2.36,4,1.03,10.03,-7.34,7.11,12.08,17.49,1.19,-0.002,0.82,2,1,-0.02,2.95,0.475,50.0,23.1,29.4,2026-03-24,2026-03-27,0.4,False,-7.34,False
539,深主板,2,2,2026-03-24,2026-03-25,2026-03-23,2026-03-26,8.14,,,,,,,,,,,,,,,,,,,,2026-03-23,2026-03-19,2.36,4,1.03,10.03,-7.34,7.11,12.08,17.49,1.19,-0.002,0.82,2,1,-0.02,2.95,0.475,50.0,23.1,29.4,2026-03-24,2026-03-27,0.4,False,-7.34,False
545,深主板,2,2,2026-02-24,2026-02-25,2026-02-13,2026-03-02,3.72,20.85,3.0,9.93,9.97,9.89,0.04,6.08,7.6,2.69,0.6233,3.65,2.0,0.0,2.2,2.47,0.896,66.7,6.1,4.3,2026-02-13,2026-02-25,3.58,4,1.22,5.07,-1.14,2.75,8.03,9.2,0.81,-0.0677,0.87,3,0,3.97,4.48,0.406,25.0,38.2,21.2,2026-02-26,2026-03-03,-1.14,False,-0.29,False
553,深主板,2,2,2026-04-30,2026-05-06,2026-04-29,2026-05-07,7.63,20.97,3.0,9.99,10.0,9.97,0.01,2.9,6.27,3.57,0.8921,5.84,2.0,0.0,7.42,10.0,0.27,66.7,2.2,37.4,2026-04-29,2026-05-06,4.25,4,1.57,9.97,-3.0,5.95,4.48,6.27,1.29,0.1746,2.95,1,0,1.57,4.84,0.412,25.0,18.3,15.5,2026-04-30,2026-05-08,-2.27,False,-3.0,False
554,深主板,2,2,2026-03-02,2026-03-03,2026-02-27,2026-03-04,11.94,10.04,2.0,10.04,10.04,10.04,0.0,3.59,4.24,0.57,-0.5449,0.57,1.0,0.0,10.04,10.04,0.25,50.0,1.3,73.7,2026-02-27,2026-03-02,10.45,4,3.62,10.04,-6.28,7.1,6.85,13.08,5.56,0.4946,4.05,2,1,6.15,10.04,0.173,0.0,3.7,79.0,2026-03-02,2026-03-05,7.1,False,-6.28,False
567,深主板,2,2,2026-04-29,2026-04-30,2026-04-28,2026-05-12,7.05,21.05,3.0,10.02,10.07,9.98,0.04,4.24,7.2,6.04,0.9304,9.12,2.0,0.0,6.01,8.71,0.605,100.0,9.5,30.0,2026-04-28,2026-04-30,-1.46,4,-0.46,1.66,-3.92,2.47,5.56,7.55,0.89,-0.0686,0.79,0,0,-0.59,-0.44,0.421,75.0,26.5,31.4,2026-05-08,2026-05-13,-3.92,False,1.66,False
586,深主板,5,5,2026-04-02,2026-04-09,2026-04-01,2026-04-10,24.61,21.04,3.0,10.02,10.03,10.01,0.01,4.23,9.1,1.21,-0.1871,0.57,1.0,0.0,5.01,10.03,0.488,33.3,4.8,13.1,2026-04-01,2026-04-03,-5.43,4,-1.49,9.98,-9.99,8.42,5.54,9.86,1.64,0.4437,18.26,1,2,-0.87,9.46,0.43,50.0,10.5,21.6,2026-04-08,2026-04-13,-9.99,False,-4.47,False
592,深主板,2,1,2026-01-23,2026-01-27,2026-01-22,2026-01-28,11.5,8.98,4.0,3.35,10.0,-9.93,9.39,8.38,11.43,1.08,-0.0256,0.81,1.0,0.0,0.82,2.06,0.797,75.0,9.3,11.0,2026-01-22,2026-01-27,8.86,4,3.06,9.99,-5.12,6.23,8.44,11.43,1.3,0.0458,0.97,1,0,0.72,2.06,0.799,50.0,12.0,8.1,2026-01-26,2026-01-29,4.31,False,-5.12,False
592,深主板,2,2,2026-03-30,2026-03-31,2026-03-27,2026-04-02,12.85,10.04,2.0,10.04,10.04,10.04,0.0,7.23,11.7,2.65,0.9034,2.65,0.0,1.0,-1.52,-1.52,0.466,100.0,41.4,12.0,2026-03-27,2026-03-30,-8.61,4,-2.82,4.58,-7.08,5.25,6.8,7.36,0.92,-0.0559,0.81,1,1,0.15,3.0,0.66,50.0,14.3,19.7,2026-03-31,2026-04-03,4.58,False,-7.08,False
593,深主板,3,3,2026-01-12,2026-01-14,2026-01-09,2026-01-15,18.95,10.02,2.0,10.02,10.02,10.02,0.0,9.28,10.08,0.82,-0.1923,0.82,0.0,0.0,-0.15,-0.15,0.805,100.0,9.9,9.5,2026-01-09,2026-01-12,3.92,4,1.66,9.98,-10.01,8.5,10.41,17.94,1.42,0.1805,2.13,1,2,-2.46,3.66,0.575,50.0,13.4,29.2,2026-01-13,2026-01-16,5.0,False,-10.01,True
593,深主板,2,2,2026-01-23,2026-01-26,2026-01-22,2026-01-27,18.38,,,,,,,,,,,,,,,,,,,,2026-01-22,2026-01-13,4.53,4,1.66,10.0,-3.73,5.98,8.37,9.85,1.1,0.0919,1.68,1,0,0.62,1.64,0.626,50.0,10.7,26.6,2026-01-23,2026-01-28,-3.73,False,-1.29,False
593,深主板,2,1,2026-02-25,2026-02-27,2026-02-24,2026-03-03,17.0,8.93,4.0,3.34,10.03,-10.0,9.43,10.38,14.95,1.65,0.169,1.52,1.0,0.0,0.92,3.46,0.836,75.0,4.2,12.2,2026-02-24,2026-02-27,-3.43,4,-0.95,7.23,-8.54,6.45,7.48,10.05,1.43,0.1001,1.19,1,1,-1.51,2.65,0.509,50.0,22.8,26.3,2026-02-27,2026-03-04,7.23,False,-8.54,False
593,深主板,3,2,2026-04-23,2026-04-28,2026-04-22,2026-05-07,27.99,10.03,2.0,10.03,10.03,10.03,0.0,8.52,9.88,1.2,0.1829,1.2,1.0,0.0,1.79,1.79,0.547,50.0,32.0,13.3,2026-04-22,2026-04-23,3.91,4,1.4,6.72,-4.67,4.68,10.41,14.02,0.96,-0.067,0.73,0,0,-0.19,0.41,0.435,50.0,17.0,39.5,2026-04-30,2026-05-08,-4.67,False,2.14,False
601,深主板,2,2,2026-03-06,2026-03-09,2026-03-05,2026-03-12,7.38,20.97,3.0,9.99,10.04,9.93,0.05,8.09,11.11,2.54,0.7512,4.04,0.0,0.0,-0.09,0.0,0.617,100.0,23.5,14.8,2026-03-05,2026-03-09,-0.77,4,-0.06,7.37,-7.85,6.22,8.2,10.27,0.81,-0.1083,0.69,0,2,-1.8,0.61,0.552,50.0,27.8,17.1,2026-03-10,2026-03-13,0.29,False,-7.85,False
601,深主板,5,3,2026-03-18,2026-03-25,2026-03-17,2026-03-26,9.0,,,,,,,,,,,,,,,,,,,,2026-03-17,2026-03-09,-3.23,4,-0.77,10.05,-9.02,7.99,8.63,11.52,1.16,0.0074,0.89,2,0,3.34,6.7,0.769,50.0,7.2,16.0,2026-03-24,2026-03-27,-9.02,False,-3.35,False
601,深主板,2,2,2026-05-12,2026-05-13,2026-05-11,2026-05-14,9.79,21.09,3.0,10.04,10.07,10.01,0.03,4.95,9.15,0.76,-0.1341,0.77,1.0,0.0,4.39,8.65,0.492,100.0,14.8,36.0,2026-05-11,2026-05-13,-2.6,4,-0.59,10.01,-7.53,7.61,11.64,19.93,4.33,0.4552,3.78,2,0,5.97,10.0,0.644,50.0,9.8,25.8,2026-05-12,2026-05-15,-7.53,False,-4.25,False
603,深主板,3,2,2026-01-23,2026-01-28,2026-01-22,2026-01-29,73.59,21.0,3.0,10.0,10.0,10.0,0.0,6.67,12.54,0.53,-0.5232,0.28,2.0,0.0,7.17,9.69,0.548,100.0,12.9,32.3,2026-01-22,2026-01-26,-0.23,4,0.26,10.01,-10.0,8.18,9.46,15.6,0.73,-0.2422,0.3,2,1,-1.1,4.04,0.414,50.0,38.8,19.8,2026-01-27,2026-01-30,0.77,False,-10.0,True
620,深主板,2,2,2026-01-06,2026-01-07,2026-01-05,2026-01-08,3.58,,,,,,,,,,,,,,,,,,,,2026-01-05,2022-12-28,7.92,4,2.76,9.9,-5.22,6.2,4.46,8.12,3.86,0.3584,1.9,1,1,2.04,9.9,0.392,50.0,23.5,12.3,2026-01-06,2026-01-09,3.6,False,-5.22,False
630,深主板,4,2,2026-01-23,2026-01-29,2026-01-22,2026-01-30,9.08,20.99,3.0,10.0,10.06,9.94,0.06,5.76,8.75,2.26,0.419,2.54,2.0,0.0,3.85,6.41,0.673,100.0,0.0,32.7,2026-01-22,2026-01-26,-10.9,4,-3.33,10.06,-10.04,9.47,7.72,10.66,0.39,-0.3949,0.07,1,2,-2.48,6.83,0.408,50.0,8.6,25.6,2026-01-28,2026-02-02,-10.01,False,-10.04,True
636,深主板,2,2,2026-02-24,2026-02-25,2026-02-13,2026-03-02,27.5,10.01,2.0,10.01,10.01,10.01,0.0,2.56,5.12,0.47,-0.7287,0.47,1.0,0.0,10.01,10.01,0.472,0.0,2.3,0.5,2026-02-13,2026-02-24,-7.31,4,-2.34,1.92,-10.0,5.43,8.04,10.9,0.86,-0.1088,0.69,0,1,-1.12,-0.19,0.512,75.0,35.0,13.8,2026-02-26,2026-03-03,1.92,False,-10.0,True
657,深主板,2,1,2026-02-25,2026-02-27,2026-02-24,2026-03-03,71.5,10.0,2.0,10.0,10.0,10.0,0.0,6.89,9.71,1.6,0.4609,1.6,0.0,0.0,0.97,0.97,0.694,50.0,13.8,16.9,2026-02-24,2026-02-25,0.39,4,0.23,4.23,-5.91,4.41,8.65,10.36,0.92,-0.0156,1.0,1,1,0.93,7.22,0.675,50.0,18.8,13.7,2026-02-27,2026-03-04,-5.91,False,2.37,False
670,深主板,3,3,2026-01-20,2026-01-22,2026-01-05,2026-01-23,11.23,20.96,3.0,9.98,10.0,9.96,0.02,1.21,3.62,0.11,-1.082,0.11,2.0,0.0,9.98,10.0,0.202,33.3,2.4,10.7,2026-01-05,2026-01-21,5.99,4,2.16,10.05,-5.83,6.49,6.7,16.2,24.36,0.6818,45.16,2,1,5.54,10.05,0.353,25.0,9.2,5.5,2026-01-21,2026-01-26,-5.83,False,2.27,False
672,深主板,2,2,2026-05-11,2026-05-12,2026-05-08,2026-05-18,18.9,20.99,3.0,9.99,10.0,9.99,0.01,6.04,8.07,2.37,0.4737,2.81,2.0,0.0,1.94,2.75,0.844,66.7,2.7,12.9,2026-05-08,2026-05-12,8.1,4,2.79,10.01,-3.97,5.72,5.5,8.87,1.18,0.2086,2.02,1,1,3.02,10.01,0.273,25.0,22.1,50.6,2026-05-14,2026-05-19,10.01,True,-3.97,False
677,深主板,2,1,2026-03-20,2026-03-24,2026-03-19,2026-03-31,5.41,,,,,,,,,,,,,,,,,,,,2026-03-19,2026-03-13,0.79,4,0.31,4.87,-2.18,3.22,5.67,9.48,1.59,0.1138,1.13,0,1,-0.71,0.61,0.288,50.0,42.4,28.8,2026-03-27,2026-04-01,4.87,False,-1.74,False
681,深主板,3,2,2026-01-12,2026-01-15,2026-01-09,2026-01-16,31.6,9.99,2.0,9.99,9.99,9.99,0.0,2.27,4.53,0.09,-1.6663,0.09,1.0,0.0,9.99,9.99,0.297,50.0,2.5,17.8,2026-01-09,2026-01-12,-10.9,4,-3.33,9.99,-10.0,9.42,8.15,17.67,0.23,-0.4593,0.38,0,2,-6.78,-0.34,0.317,50.0,36.8,6.5,2026-01-14,2026-01-19,-10.0,False,-10.0,True
715,深主板,2,1,2026-04-21,2026-04-23,2026-04-20,2026-04-27,6.68,15.96,4.0,5.28,10.0,-4.15,6.66,8.08,12.56,3.4,0.5226,9.8,0.0,1.0,-0.82,-0.18,0.534,50.0,9.5,37.1,2026-04-20,2026-04-23,-6.96,4,-2.32,1.93,-5.75,3.19,7.48,12.56,0.84,-0.0857,0.75,0,2,-2.46,-0.48,0.393,50.0,43.3,17.3,2026-04-23,2026-04-28,1.93,False,-3.15,False
720,深主板,2,2,2026-01-16,2026-01-19,2026-01-15,2026-01-20,4.18,20.85,3.0,9.93,9.97,9.89,0.04,6.94,11.25,8.8,0.9253,12.48,1.0,1.0,1.41,3.93,0.719,66.7,12.5,15.6,2026-01-15,2026-01-19,4.4,4,1.61,9.89,-2.81,5.86,8.34,11.25,0.95,0.0138,1.2,1,2,-0.73,2.5,0.577,75.0,11.5,30.8,2026-01-16,2026-01-21,-2.25,False,-2.81,False
720,深主板,8,4,2026-03-24,2026-04-07,2026-03-23,2026-04-08,7.18,21.01,3.0,10.0,10.11,9.9,0.1,2.22,6.65,0.4,-0.5656,0.32,2.0,0.0,10.0,10.11,0.12,0.0,14.7,6.7,2026-03-23,2026-03-25,1.52,4,0.85,9.93,-10.0,8.23,8.19,11.79,2.09,0.1712,1.15,2,1,4.29,9.43,0.5,50.0,7.3,42.7,2026-04-03,2026-04-09,2.6,False,-10.0,True
720,深主板,2,2,2026-05-07,2026-05-08,2026-05-06,2026-05-14,6.27,21.06,3.0,10.03,10.06,10.0,0.03,4.95,6.85,2.67,0.8425,4.56,2.0,0.0,4.75,5.03,0.794,100.0,2.4,18.3,2026-05-06,2026-05-08,-3.16,4,-0.78,10.02,-6.87,7.66,9.08,11.18,1.06,-0.0887,0.62,0,2,-1.22,0.0,0.679,50.0,21.7,10.4,2026-05-12,2026-05-15,-6.87,False,-5.49,False
722,深主板,3,3,2026-03-24,2026-03-26,2026-03-23,2026-03-27,19.64,21.04,3.0,10.02,10.03,10.01,0.01,4.23,7.5,0.4,-0.6812,0.18,2.0,0.0,5.89,10.03,0.502,33.3,11.7,4.7,2026-03-23,2026-03-25,-5.49,4,-1.54,10.02,-7.39,8.17,7.92,17.03,1.81,0.3206,14.79,2,0,2.57,7.0,0.471,25.0,11.2,16.7,2026-03-25,2026-03-30,-7.24,False,-7.39,False
737,深主板,2,2,2026-01-28,2026-01-29,2026-01-27,2026-01-30,21.5,21.0,3.0,10.0,10.0,10.0,0.0,8.54,11.04,1.48,0.2446,1.65,1.0,0.0,2.65,4.71,0.484,66.7,16.7,35.0,2026-01-27,2026-01-29,-6.2,4,-1.75,10.0,-10.01,8.53,8.88,14.57,0.68,-0.2745,0.06,1,2,-2.67,4.71,0.371,50.0,13.1,24.8,2026-01-28,2026-02-02,-5.25,False,-10.01,True
751,深主板,3,2,2026-01-23,2026-01-28,2026-01-22,2026-01-29,7.82,10.0,2.0,10.0,10.0,10.0,0.0,7.18,8.39,1.07,0.0689,1.07,1.0,0.0,1.54,1.54,0.603,100.0,21.0,18.7,2026-01-22,2026-01-23,6.5,4,2.52,10.06,-9.95,8.88,9.29,12.38,0.75,-0.2983,0.13,1,2,-0.94,9.28,0.333,50.0,35.1,31.6,2026-01-27,2026-01-30,7.45,False,-9.95,True
767,深主板,2,2,2026-03-26,2026-03-27,2026-03-25,2026-03-30,5.12,20.9,3.0,9.96,9.98,9.94,0.02,7.13,10.69,0.88,0.1343,1.25,2.0,0.0,5.88,5.94,0.72,100.0,5.2,22.8,2026-03-25,2026-03-27,-8.64,4,-2.58,9.94,-10.02,8.9,7.75,11.79,1.05,0.1604,2.32,1,2,-2.19,5.83,0.603,75.0,24.3,15.4,2026-03-26,2026-03-31,-10.02,False,-7.64,False
767,深主板,2,2,2026-05-12,2026-05-13,2026-05-11,2026-05-14,5.62,21.04,3.0,10.02,10.11,9.93,0.09,6.7,10.54,1.26,0.0166,1.04,1.0,0.0,2.47,4.95,0.56,66.7,16.7,27.4,2026-05-11,2026-05-13,5.38,4,2.05,10.11,-8.2,7.64,12.77,20.0,2.61,0.288,1.84,2,0,4.9,9.77,0.718,75.0,6.4,21.8,2026-05-12,2026-05-15,-8.2,False,4.26,False
783,深主板,2,2,2026-04-30,2026-05-06,2026-04-29,2026-05-12,9.24,21.07,3.0,10.03,10.06,10.01,0.02,3.69,7.74,4.75,0.5104,4.58,2.0,0.0,4.81,8.13,0.627,66.7,19.0,18.3,2026-04-29,2026-05-06,6.81,4,2.28,6.57,-1.79,3.42,5.85,10.39,1.0,0.0173,1.13,0,0,-0.61,-0.36,0.495,50.0,26.3,24.2,2026-05-08,2026-05-13,2.05,False,-1.79,False
785,深主板,2,2,2026-01-12,2026-01-13,2026-01-09,2026-01-14,3.77,21.14,3.0,10.06,10.07,10.06,0.0,6.55,9.45,5.0,0.7319,6.37,1.0,0.0,1.68,3.35,0.802,100.0,0.0,19.8,2026-01-09,2026-01-13,1.83,4,0.81,10.06,-4.43,6.56,9.21,10.43,1.28,0.0857,1.28,1,1,0.29,3.35,0.564,50.0,25.7,17.9,2026-01-12,2026-01-15,-4.43,False,-3.19,False
788,深主板,2,2,2026-04-01,2026-04-02,2026-03-31,2026-04-03,7.85,21.14,3.0,10.06,10.07,10.06,0.0,4.9,8.54,8.41,0.8722,11.36,1.0,0.0,4.83,8.99,0.467,66.7,25.0,28.3,2026-03-31,2026-04-02,5.34,4,1.91,10.06,-3.09,5.81,7.61,10.1,1.78,0.2278,2.24,2,0,3.6,8.99,0.482,50.0,20.8,31.0,2026-04-01,2026-04-07,-1.25,False,-3.09,False
811,深主板,2,1,2026-05-11,2026-05-13,2026-05-08,2026-05-21,38.46,10.01,2.0,10.01,10.01,10.01,0.0,6.2,6.35,0.84,-0.1796,0.84,1.0,0.0,4.64,4.64,0.574,100.0,15.6,27.1,2026-05-08,2026-05-11,-7.54,3,-3.84,-2.84,-4.84,1.0,9.62,11.19,0.84,-0.1027,0.82,1,1,-1.35,1.41,0.575,66.7,23.3,19.2,2026-05-19,2026-05-21,-4.84,False,,
815,深主板,2,1,2026-01-26,2026-01-28,2026-01-23,2026-02-02,15.2,19.3,4.0,6.2,10.03,-1.44,5.4,4.09,8.81,1.93,0.3043,4.55,2.0,1.0,2.97,10.02,0.315,75.0,13.2,55.3,2026-01-23,2026-01-28,6.89,4,2.32,6.51,-2.95,3.94,9.18,10.18,1.04,0.0045,0.99,0,1,-0.65,0.07,0.444,75.0,41.5,14.0,2026-01-29,2026-02-03,-2.95,False,6.51,False
815,深主板,3,3,2026-03-05,2026-03-09,2026-03-04,2026-03-10,19.73,20.99,3.0,10.0,10.01,9.98,0.02,7.67,8.63,1.75,0.2177,1.65,2.0,0.0,2.33,2.37,0.766,100.0,14.5,8.9,2026-03-04,2026-03-06,8.71,4,2.94,9.99,-0.95,5.0,9.28,11.9,1.52,0.1989,2.22,3,0,2.94,5.96,0.634,50.0,17.4,19.1,2026-03-06,2026-03-11,-0.22,False,-0.95,False
815,深主板,2,2,2026-03-18,2026-03-19,2026-03-17,2026-03-25,22.62,,,,,,,,,,,,,,,,,,,,2026-03-17,2026-03-06,3.71,4,1.34,5.98,-5.5,4.94,8.81,13.28,0.91,-0.0538,0.82,1,1,-0.66,1.22,0.339,75.0,47.7,18.5,2026-03-23,2026-03-26,3.55,False,-5.5,False
818,深主板,3,2,2026-04-29,2026-05-07,2026-04-28,2026-05-08,19.64,20.19,4.0,6.44,9.99,-0.65,5.01,6.01,7.26,1.26,0.1387,2.0,3.0,0.0,2.76,3.76,0.664,75.0,20.3,13.3,2026-04-28,2026-05-06,7.66,4,2.64,10.03,-3.61,5.63,6.07,7.12,1.71,0.1613,1.4,2,1,1.9,4.99,0.578,50.0,19.6,22.6,2026-05-06,2026-05-11,1.51,False,-3.61,False
826,深主板,2,2,2026-02-25,2026-02-26,2026-02-24,2026-02-27,3.05,20.96,3.0,9.98,10.04,9.92,0.06,7.14,10.11,5.38,0.7944,7.23,0.0,0.0,0.0,0.0,0.764,66.7,13.3,10.2,2026-02-24,2026-02-26,0.4,4,0.47,9.92,-9.96,8.15,7.83,12.1,1.71,0.0523,0.46,1,1,-1.16,6.5,0.576,50.0,7.4,10.0,2026-02-25,2026-03-02,1.44,False,-9.96,True
839,深主板,2,1,2026-02-13,2026-02-25,2026-02-12,2026-02-26,3.74,10.06,2.0,10.06,10.06,10.06,0.0,1.46,2.92,0.77,-0.258,0.77,1.0,0.0,10.06,10.06,0.167,0.0,16.7,16.7,2026-02-12,2026-02-13,4.66,4,1.72,9.91,-5.04,6.19,8.3,12.83,0.88,-0.1569,0.52,0,1,-1.28,-0.84,0.469,75.0,42.2,10.9,2026-02-24,2026-02-27,-5.04,False,0.28,False
839,深主板,2,2,2026-03-10,2026-03-11,2026-03-09,2026-03-12,4.26,10.03,2.0,10.03,10.03,10.03,0.0,5.68,8.01,1.46,0.3721,1.46,1.0,0.0,1.52,1.52,0.574,100.0,0.0,42.6,2026-03-09,2026-03-10,0.55,4,0.42,9.94,-6.43,6.95,7.7,10.28,1.38,0.1706,2.43,2,1,4.39,9.94,0.583,25.0,12.3,29.5,2026-03-10,2026-03-13,-2.26,False,-6.43,False
863,深主板,2,1,2026-05-06,2026-05-08,2026-04-30,2026-05-11,5.96,16.08,4.0,5.31,10.1,-4.12,6.67,8.6,11.24,1.17,0.0591,1.17,0.0,1.0,-0.49,0.39,0.705,75.0,14.7,14.9,2026-04-30,2026-05-08,7.42,4,2.57,9.96,-4.01,5.73,7.16,8.88,1.25,0.0106,0.83,0,1,-0.52,0.39,0.63,50.0,25.0,12.0,2026-05-07,2026-05-12,1.78,False,-4.01,False
878,深主板,2,2,2026-01-28,2026-01-29,2026-01-27,2026-01-30,29.18,21.03,3.0,10.01,10.02,10.0,0.01,8.87,11.74,1.69,0.3354,1.98,2.0,0.0,2.25,2.95,0.426,66.7,16.5,40.8,2026-01-27,2026-01-29,-10.9,4,-3.33,10.0,-10.01,9.43,8.06,11.74,0.4,-0.3848,0.09,1,2,-4.41,2.95,0.426,50.0,14.4,18.0,2026-01-28,2026-02-02,-10.01,False,-9.99,True
880,深主板,2,2,2026-01-21,2026-01-22,2026-01-20,2026-01-26,40.38,20.99,3.0,10.0,10.0,9.99,0.01,2.43,5.5,0.91,0.134,1.25,2.0,0.0,10.0,10.0,0.028,0.0,21.2,42.7,2026-01-20,2026-01-22,-0.46,4,-0.11,4.03,-3.37,3.08,6.34,10.5,0.82,0.0143,1.61,2,1,1.26,3.35,0.176,50.0,32.6,49.9,2026-01-22,2026-01-27,-3.37,False,-0.97,False
889,深主板,5,3,2026-04-08,2026-04-15,2026-04-07,2026-04-20,5.45,10.12,2.0,10.12,10.12,10.12,0.0,5.31,7.24,1.99,0.6626,1.99,1.0,0.0,2.76,2.76,0.78,100.0,9.1,12.9,2026-04-07,2026-04-08,-6.8,4,-2.12,5.8,-9.34,6.2,11.16,16.6,0.76,-0.1457,0.63,1,2,-2.65,2.46,0.538,50.0,30.3,15.9,2026-04-16,2026-04-21,-2.84,False,-9.34,False
889,深主板,2,1,2026-04-24,2026-04-28,2026-04-23,2026-05-08,5.89,,,,,,,,,,,,,,,,,,,,2026-04-23,2026-04-14,8.23,4,2.81,10.08,-2.77,5.38,6.38,10.17,2.9,0.292,1.67,2,0,5.12,8.64,0.729,50.0,17.1,10.0,2026-05-06,2026-05-11,1.12,False,-2.77,False
889,深主板,2,2,2026-05-06,2026-05-07,2026-04-30,2026-05-08,5.89,,,,,,,,,,,,,,,,,,,,2026-04-30,2026-04-28,8.23,4,2.81,10.08,-2.77,5.38,6.38,10.17,2.9,0.292,1.67,2,0,5.12,8.64,0.729,50.0,17.1,10.0,2026-05-06,2026-05-11,1.12,False,-2.77,False
890,深主板,6,4,2026-02-13,2026-03-04,2026-02-12,2026-03-05,9.58,20.99,3.0,9.99,10.04,9.95,0.04,5.97,9.95,2.35,0.0282,1.11,1.0,0.0,3.74,7.3,0.565,100.0,5.6,38.0,2026-02-12,2026-02-24,12.28,4,4.04,10.05,-1.09,4.59,10.28,13.64,0.92,-0.096,0.65,1,1,0.95,5.07,0.427,25.0,19.8,37.4,2026-03-03,2026-03-06,3.16,False,-1.09,False
890,深主板,4,4,2026-03-12,2026-03-17,2026-03-11,2026-03-19,14.27,,,,,,,,,,,,,,,,,,,,2026-03-11,2026-03-02,-2.16,4,-0.64,2.94,-6.21,3.99,9.75,10.96,0.86,-0.0448,0.92,1,2,-0.84,2.53,0.401,50.0,18.7,41.2,2026-03-17,2026-03-20,2.94,False,-6.21,False
890,深主板,2,2,2026-03-27,2026-03-30,2026-03-26,2026-04-07,17.61,,,,,,,,,,,,,,,,,,,,2026-03-26,2026-03-16,-0.19,4,0.27,9.99,-9.88,8.12,5.79,10.27,0.91,0.0538,1.35,1,2,-0.71,9.99,0.324,75.0,31.9,35.8,2026-04-02,2026-04-08,9.99,True,-9.88,True
892,深主板,3,3,2026-02-09,2026-02-11,2026-02-06,2026-02-12,9.53,21.05,3.0,10.02,10.06,9.99,0.04,1.53,4.59,0.47,-0.5313,0.31,2.0,0.0,10.02,10.06,0.01,33.3,12.7,19.6,2026-02-06,2026-02-10,-10.14,4,-3.08,10.03,-9.94,9.27,5.34,9.43,1.82,0.3357,21.03,1,2,-1.38,10.03,0.198,25.0,30.2,25.0,2026-02-10,2026-02-13,-9.32,False,-9.94,True
899,深主板,3,3,2026-02-25,2026-02-27,2026-02-24,2026-03-02,16.07,21.06,3.0,10.03,10.03,10.02,0.0,6.68,8.78,1.96,0.3731,2.22,1.0,0.0,3.21,6.05,0.779,100.0,5.8,16.3,2026-02-24,2026-02-26,3.39,4,1.34,10.02,-6.34,6.72,8.47,11.22,3.3,0.3735,2.45,2,1,1.51,6.78,0.368,50.0,37.1,26.1,2026-02-26,2026-03-03,0.34,False,-6.34,False
917,深主板,2,2,2026-01-09,2026-01-12,2026-01-08,2026-01-13,14.45,10.04,2.0,10.04,10.04,10.04,0.0,4.48,4.56,1.84,0.5933,1.84,1.0,0.0,5.93,5.93,0.455,100.0,30.0,24.5,2026-01-08,2026-01-09,2.82,4,1.13,10.03,-4.75,6.4,7.84,14.56,1.2,0.0156,0.9,3,0,4.76,6.8,0.683,50.0,13.6,18.1,2026-01-09,2026-01-14,-4.75,False,-1.9,False
919,深主板,2,2,2026-04-07,2026-04-08,2026-04-03,2026-04-09,9.8,21.06,3.0,10.03,10.05,10.0,0.03,7.06,11.36,5.09,0.8375,7.24,1.0,0.0,2.47,4.94,0.563,66.7,15.4,28.3,2026-04-03,2026-04-08,-2.1,4,-0.43,10.0,-7.58,7.54,10.08,15.5,2.46,0.3556,3.8,1,1,0.2,4.94,0.549,50.0,22.7,22.4,2026-04-07,2026-04-10,-3.7,False,-7.58,False
925,深主板,3,3,2026-04-23,2026-04-27,2026-04-22,2026-04-29,10.74,21.05,3.0,10.02,10.05,10.0,0.02,4.36,6.94,3.46,0.1994,2.05,2.0,0.0,6.47,8.73,0.72,100.0,8.3,19.7,2026-04-22,2026-04-24,-9.19,4,-3.13,0.0,-5.84,2.4,8.58,12.3,1.77,0.3209,13.65,1,0,0.53,1.58,0.305,25.0,31.0,13.5,2026-04-27,2026-04-30,0.0,False,-5.84,False
925,深主板,2,2,2026-05-12,2026-05-13,2026-05-11,2026-05-14,11.59,,,,,,,,,,,,,,,,,,,,2026-05-11,2026-04-24,-10.87,4,-3.32,10.04,-10.04,9.45,7.14,8.72,0.87,0.0045,1.24,1,2,-3.4,2.7,0.719,50.0,24.1,4.0,2026-05-12,2026-05-15,-9.97,False,-10.04,True
927,深主板,2,2,2026-03-25,2026-03-26,2026-03-24,2026-03-27,3.43,21.01,3.0,10.01,10.14,9.87,0.14,5.98,9.54,3.9,0.973,6.71,1.0,0.0,2.65,4.93,0.856,100.0,0.0,14.4,2026-03-24,2026-03-26,0.0,4,0.24,9.87,-6.29,6.95,7.7,10.22,1.29,0.1783,3.6,1,0,1.85,4.93,0.771,50.0,10.2,12.7,2026-03-25,2026-03-30,-6.29,False,-2.88,False
949,深主板,2,2,2026-01-19,2026-01-20,2026-01-16,2026-01-21,7.88,,,,,,,,,,,,,,,,,,,,2026-01-16,2026-01-06,10.62,4,3.53,10.03,-1.45,4.81,8.37,9.72,1.25,0.1147,1.6,1,0,1.69,4.56,0.649,50.0,7.7,27.4,2026-01-19,2026-01-22,2.01,False,-1.45,False
950,深主板,2,2,2026-04-02,2026-04-03,2026-04-01,2026-04-07,7.41,21.02,3.0,10.01,10.02,10.0,0.01,5.18,8.26,1.82,0.4692,2.45,1.0,0.0,5.46,10.0,0.419,66.7,14.7,10.1,2026-04-01,2026-04-03,1.69,4,0.82,10.02,-7.56,7.2,6.57,9.52,2.27,0.3124,2.97,1,1,-0.11,1.82,0.441,25.0,11.4,19.5,2026-04-02,2026-04-08,0.0,False,-7.56,False
960,深主板,2,2,2026-02-27,2026-03-02,2026-02-26,2026-03-03,46.98,21.0,3.0,10.0,10.01,9.99,0.01,7.36,9.72,1.1,0.1439,1.31,1.0,0.0,2.25,4.82,0.678,66.7,17.9,14.4,2026-02-26,2026-03-02,-4.19,4,-1.07,10.01,-10.0,8.31,7.74,9.72,0.94,-0.0059,1.05,1,2,-2.46,4.82,0.649,75.0,26.6,8.6,2026-02-27,2026-03-04,-10.0,False,-3.23,False
962,深主板,2,2,2026-02-11,2026-02-12,2026-02-10,2026-02-27,59.95,,,,,,,,,,,,,,,,,,,,2026-02-10,2026-02-03,12.33,4,4.04,7.17,-1.97,4.25,7.91,9.88,0.9,-0.0283,0.96,1,0,0.83,3.49,0.591,75.0,16.8,24.1,2026-02-25,2026-03-02,6.93,False,-1.97,False
967,深主板,2,1,2026-04-14,2026-04-16,2026-04-13,2026-04-20,14.58,22.95,4.0,7.2,10.02,1.63,3.95,6.1,7.07,0.99,-0.0246,0.86,3.0,0.0,5.54,8.56,0.433,75.0,12.6,44.1,2026-04-13,2026-04-16,2.91,4,1.07,7.12,-4.61,4.79,6.91,7.87,0.95,0.0341,1.36,2,1,1.69,7.19,0.274,25.0,19.4,53.2,2026-04-16,2026-04-21,0.71,False,-4.61,False
967,深主板,2,2,2026-05-06,2026-05-07,2026-04-30,2026-05-08,17.09,10.02,2.0,10.02,10.02,10.02,0.0,7.26,7.3,1.41,0.3414,1.41,1.0,0.0,5.38,5.38,0.625,50.0,5.6,31.9,2026-04-30,2026-05-06,-0.67,4,0.08,9.98,-9.02,7.78,8.8,10.38,1.1,0.0493,1.15,1,1,-0.39,2.01,0.497,50.0,22.0,28.4,2026-05-06,2026-05-11,-0.73,False,-9.02,False
968,深主板,2,2,2026-03-02,2026-03-03,2026-02-27,2026-03-04,11.4,10.0,2.0,10.0,10.0,10.0,0.0,4.04,5.18,2.19,0.7476,2.19,1.0,0.0,10.0,10.0,0.2,50.0,16.0,64.0,2026-02-27,2026-03-02,6.87,4,2.59,10.04,-9.08,8.36,7.79,13.04,1.85,0.205,1.66,2,1,1.36,9.09,0.224,50.0,20.0,57.6,2026-03-02,2026-03-05,6.82,False,-9.08,False
969,深主板,2,2,2026-01-09,2026-01-12,2026-01-08,2026-01-14,31.12,10.0,2.0,10.0,10.0,10.0,0.0,6.91,7.51,0.86,-0.1547,0.86,1.0,0.0,3.06,3.06,0.61,100.0,30.8,8.1,2026-01-08,2026-01-09,-0.54,4,-0.09,3.46,-5.84,4.1,7.93,9.79,1.35,0.1852,2.44,2,1,2.26,10.0,0.495,50.0,27.0,23.5,2026-01-12,2026-01-15,3.46,False,-5.84,False
980,深主板,2,2,2026-04-29,2026-04-30,2026-04-28,2026-05-11,2.9,10.1,2.0,10.1,10.1,10.1,0.0,4.76,5.68,1.24,0.2111,1.24,1.0,0.0,3.85,3.85,0.562,50.0,37.5,6.3,2026-04-28,2026-04-29,4.18,4,1.41,4.92,-1.08,2.56,7.68,9.75,1.44,0.0685,0.98,0,2,-1.59,0.0,0.373,100.0,44.3,18.4,2026-05-07,2026-05-12,4.92,False,-1.08,False
981,深主板,2,1,2026-01-12,2026-01-14,2026-01-09,2026-01-15,5.65,,,,,,,,,,,,,,,,,,,,2026-01-09,2026-01-06,-1.94,4,-0.31,10.1,-10.05,8.24,9.86,10.78,0.72,-0.1514,0.61,0,1,-2.08,-0.35,0.683,50.0,23.0,8.8,2026-01-13,2026-01-16,-10.05,False,-0.98,False
990,深主板,2,1,2026-04-07,2026-04-09,2026-04-03,2026-04-13,11.07,18.58,4.0,6.0,9.99,-1.95,5.62,7.37,8.88,2.54,0.3985,2.84,1.0,1.0,-1.37,1.39,0.785,75.0,5.5,16.1,2026-04-03,2026-04-09,-2.45,4,-0.82,0.0,-1.81,0.75,5.05,8.88,0.49,-0.3054,0.43,1,1,-0.09,1.85,0.571,50.0,3.5,39.3,2026-04-09,2026-04-14,-0.65,False,0.0,False
995,深主板,4,4,2026-01-29,2026-02-03,2026-01-28,2026-02-04,21.2,21.05,3.0,10.02,10.03,10.01,0.01,7.26,11.33,2.21,0.4767,2.72,1.0,1.0,4.21,10.01,0.501,66.7,10.3,39.6,2026-01-28,2026-01-30,14.67,4,4.78,9.99,-1.61,4.81,12.32,15.01,1.3,0.064,1.06,1,1,0.42,2.7,0.692,75.0,22.6,8.3,2026-02-02,2026-02-05,-1.61,False,5.96,False
1202,深主板,2,2,2026-01-12,2026-01-13,2026-01-09,2026-01-19,20.06,10.02,2.0,10.02,10.02,10.02,0.0,6.13,9.9,3.76,1.1592,3.76,0.0,0.0,0.12,0.12,0.586,50.0,6.6,34.8,2026-01-09,2026-01-12,-3.83,4,-1.28,-0.11,-3.37,1.48,5.67,8.12,1.08,-0.0647,0.65,0,1,-1.54,-0.58,0.181,75.0,39.1,42.8,2026-01-15,2026-01-20,-0.11,False,-3.37,False
1202,深主板,2,2,2026-01-21,2026-01-22,2026-01-20,2026-01-23,24.38,,,,,,,,,,,,,,,,,,,,2026-01-20,2026-01-13,-9.51,4,-2.86,10.0,-10.0,9.12,10.85,21.63,1.58,0.1168,1.18,2,1,1.76,4.82,0.893,50.0,6.3,4.4,2026-01-21,2026-01-26,-8.6,False,-10.0,True
1203,深主板,2,1,2026-01-21,2026-01-23,2026-01-20,2026-01-26,34.98,18.95,4.0,6.1,10.01,-1.7,5.51,9.17,11.48,1.57,0.1522,1.37,3.0,0.0,2.85,4.08,0.703,50.0,13.0,16.6,2026-01-20,2026-01-23,3.38,4,1.3,9.99,-3.89,6.18,9.68,11.48,1.21,0.0539,1.09,1,1,-0.22,2.22,0.432,25.0,33.0,23.9,2026-01-22,2026-01-27,-2.2,False,-3.89,False
1209,深主板,3,3,2026-02-25,2026-02-27,2026-02-24,2026-03-02,34.99,21.0,3.0,10.0,10.01,9.99,0.01,7.06,9.42,8.43,0.5909,8.04,0.0,0.0,-0.17,0.04,0.879,100.0,0.0,12.1,2026-02-24,2026-02-26,-10.89,4,-3.33,10.01,-10.01,9.44,16.05,19.54,1.38,0.1387,1.46,1,1,-0.75,4.83,0.621,50.0,24.9,13.0,2026-02-26,2026-03-03,-9.99,False,-10.01,True
1210,深主板,2,2,2026-05-13,2026-05-14,2026-05-12,2026-05-20,31.35,20.99,3.0,9.99,10.0,9.99,0.01,6.43,9.08,1.7,0.4917,2.44,2.0,0.0,4.93,8.07,0.713,100.0,3.4,25.3,2026-05-12,2026-05-14,-0.68,4,-0.15,2.61,-5.64,3.88,6.81,9.15,0.85,-0.074,0.8,0,3,-1.79,-1.51,0.593,75.0,21.3,19.4,2026-05-18,2026-05-21,2.58,False,-5.64,False
1211,深主板,2,2,2026-04-24,2026-04-27,2026-04-23,2026-05-20,61.66,10.0,2.0,10.0,10.0,10.0,0.0,7.81,12.45,2.26,0.7729,2.26,0.0,1.0,-1.78,-1.78,0.77,50.0,4.5,18.5,2026-04-23,2026-04-24,-9.51,4,-3.13,3.03,-10.0,5.35,6.98,8.79,1.51,0.2387,2.05,0,2,-2.31,0.54,0.481,50.0,33.7,18.2,2026-05-18,2026-05-21,-2.42,False,-10.0,True
1211,深主板,2,2,2026-05-11,2026-05-12,2026-05-08,2026-05-20,61.66,,,,,,,,,,,,,,,,,,,,2026-05-08,2026-04-27,-9.51,4,-3.13,3.03,-10.0,5.35,6.98,8.79,1.51,0.2387,2.05,0,2,-2.31,0.54,0.481,50.0,33.7,18.2,2026-05-18,2026-05-21,-2.42,False,-10.0,True
1217,深主板,2,1,2026-02-09,2026-02-11,2026-02-06,2026-02-12,16.49,30.18,4.0,9.2,10.01,7.6,1.12,7.18,10.96,2.41,0.1799,1.21,1.0,1.0,2.1,7.99,0.626,100.0,19.8,17.7,2026-02-06,2026-02-11,-2.91,4,-0.7,9.97,-6.61,7.56,7.29,10.96,1.14,-0.1518,0.44,1,2,0.14,7.99,0.553,50.0,21.2,23.4,2026-02-10,2026-02-13,-6.61,False,-5.47,False
1223,深主板,2,2,2026-05-13,2026-05-14,2026-05-12,2026-05-15,73.49,21.0,3.0,10.0,10.0,9.99,0.0,8.39,11.27,3.72,0.6685,4.76,1.0,0.0,0.52,1.1,0.776,66.7,3.6,18.8,2026-05-12,2026-05-14,4.13,4,1.54,9.99,-4.01,6.08,8.6,11.27,1.12,0.0659,1.32,1,1,-0.48,1.1,0.53,50.0,26.9,20.1,2026-05-13,2026-05-18,-1.37,False,-4.01,False
1234,深主板,3,3,2026-04-22,2026-04-24,2026-04-21,2026-04-27,38.3,21.03,3.0,10.01,10.01,10.01,0.0,7.49,10.83,4.43,0.6478,5.26,0.0,0.0,0.29,0.88,0.797,66.7,5.3,15.0,2026-04-21,2026-04-23,-4.46,4,-1.16,9.99,-10.01,8.33,13.33,18.98,1.3,0.169,1.78,1,1,-2.64,3.02,0.769,75.0,19.1,4.0,2026-04-23,2026-04-28,-10.01,False,-3.48,False
1255,深主板,5,5,2026-01-12,2026-01-16,2026-01-09,2026-01-19,58.97,10.01,2.0,10.01,10.01,10.01,0.0,5.94,9.86,1.35,0.3014,1.35,0.0,0.0,0.03,0.03,0.467,50.0,0.0,53.3,2026-01-09,2026-01-12,-10.9,4,-3.33,10.0,-10.0,9.43,10.52,18.68,3.95,0.3974,2.47,2,1,2.24,4.86,0.92,50.0,8.0,0.0,2026-01-15,2026-01-20,-10.0,False,-10.0,True
1258,深主板,2,1,2026-03-19,2026-03-23,2026-03-18,2026-03-25,12.33,9.98,2.0,9.98,9.98,9.98,0.0,8.51,10.15,1.27,0.2374,1.27,0.0,0.0,-0.21,-0.21,0.605,50.0,22.7,16.8,2026-03-18,2026-03-19,2.17,4,0.92,6.69,-7.97,6.38,11.07,14.16,1.01,0.0284,1.19,0,2,-2.71,0.0,0.651,75.0,23.0,11.9,2026-03-23,2026-03-26,4.06,False,-7.97,False
1259,深主板,8,8,2026-05-11,2026-05-20,2026-05-08,2026-05-21,88.58,21.01,3.0,10.0,10.01,10.0,0.01,4.43,9.1,0.85,-0.3931,0.29,2.0,0.0,5.52,10.0,0.547,66.7,5.1,6.9,2026-05-08,2026-05-12,20.2,3,9.64,10.0,9.28,0.36,9.08,15.97,2.37,0.1263,1.48,1,0,5.29,10.0,0.298,66.7,2.4,67.8,2026-05-19,2026-05-21,9.28,False,,
1260,深主板,2,1,2026-01-13,2026-01-15,2026-01-12,2026-01-20,26.3,31.12,4.0,9.45,10.02,8.36,0.78,6.27,9.85,2.95,0.4076,6.8,1.0,0.0,3.42,10.02,0.467,75.0,6.4,46.9,2026-01-12,2026-01-15,3.94,4,1.36,4.7,-3.69,3.63,7.81,16.09,1.08,0.1428,5.04,0,2,-4.6,0.0,0.567,50.0,16.9,1.3,2026-01-16,2026-01-21,3.07,False,-3.69,False
1266,深主板,2,2,2026-04-28,2026-04-29,2026-04-27,2026-05-07,45.55,21.0,3.0,10.0,10.01,9.99,0.01,1.82,5.45,0.95,0.2628,1.51,2.0,0.0,10.0,10.01,0.112,33.3,5.1,17.0,2026-04-27,2026-04-29,6.48,4,2.15,4.22,-1.77,2.78,5.51,7.64,0.61,-0.2645,0.41,2,1,0.77,1.9,0.323,50.0,42.6,25.1,2026-04-30,2026-05-08,4.22,False,-1.77,False
1288,深主板,2,1,2026-01-22,2026-01-26,2026-01-21,2026-01-28,40.703,19.93,4.0,6.37,10.0,-0.88,5.13,7.04,9.57,1.13,0.1039,1.96,1.0,0.0,0.73,1.17,0.724,75.0,6.8,20.8,2026-01-21,2026-01-26,-2.31,4,-0.6,4.26,-8.72,5.78,9.67,14.74,1.31,0.2078,2.56,0,2,-4.37,-0.03,0.691,75.0,16.2,14.7,2026-01-26,2026-01-29,4.26,False,-8.72,False
1299,深主板,3,3,2026-04-10,2026-04-14,2026-04-09,2026-04-15,14.285,20.96,3.0,9.98,9.98,9.98,0.0,7.93,10.39,3.17,0.5888,3.88,0.0,0.0,-0.01,0.19,0.851,100.0,2.0,12.9,2026-04-09,2026-04-13,-8.73,4,-2.6,10.03,-9.98,8.97,10.2,14.44,1.61,0.1605,1.42,0,1,-1.45,0.89,0.765,50.0,12.4,11.2,2026-04-13,2026-04-16,-9.98,False,-7.85,False
1316,深主板,2,2,2026-01-22,2026-01-23,2026-01-21,2026-01-26,37.9,21.25,3.0,10.11,10.12,10.11,0.01,8.59,10.5,1.09,0.1875,1.4,1.0,0.0,4.03,8.06,0.473,100.0,17.2,35.6,2026-01-21,2026-01-23,6.54,4,2.55,10.12,-10.09,9.0,10.99,13.57,1.62,0.2461,2.39,1,1,1.72,8.06,0.686,75.0,6.4,25.0,2026-01-22,2026-01-27,-10.09,False,7.61,False
1316,深主板,2,2,2026-04-30,2026-05-06,2026-04-29,2026-05-11,45.1,21.2,3.0,10.09,10.09,10.09,0.0,3.36,5.46,1.93,0.4432,2.44,2.0,0.0,6.62,8.18,0.549,100.0,24.2,20.9,2026-04-29,2026-05-06,-0.87,4,-0.24,2.74,-4.7,3.22,7.32,10.4,0.65,-0.2363,0.47,0,1,-0.69,0.05,0.51,75.0,22.4,26.6,2026-05-07,2026-05-12,2.74,False,-4.7,False
1330,深主板,2,2,2026-02-09,2026-02-10,2026-02-06,2026-02-11,13.72,20.95,3.0,9.98,9.99,9.96,0.01,6.72,10.57,0.72,-0.3346,0.46,2.0,0.0,9.23,9.99,0.167,66.7,5.8,77.5,2026-02-06,2026-02-10,6.35,4,2.47,9.96,-10.0,8.88,3.97,6.34,1.73,-0.0729,0.1,2,1,2.83,10.02,0.149,25.0,0.0,60.1,2026-02-09,2026-02-12,7.46,False,-10.0,True
1337,深主板,8,5,2026-01-15,2026-01-29,2026-01-14,2026-01-30,65.68,19.88,4.0,6.37,10.16,-1.2,5.35,7.73,11.16,1.77,0.2058,1.64,0.0,1.0,-0.48,0.18,0.626,75.0,25.1,12.3,2026-01-14,2026-01-19,-11.0,4,-3.36,10.05,-10.08,9.49,4.75,14.71,0.09,-0.543,0.01,1,2,-3.35,10.08,0.25,25.0,0.0,25.0,2026-01-28,2026-02-02,-10.06,False,-10.08,True
1376,深主板,2,1,2026-01-15,2026-01-19,2026-01-14,2026-01-30,25.22,22.81,4.0,7.17,10.02,1.47,4.03,7.54,10.73,1.68,0.1633,1.43,1.0,0.0,0.56,1.92,0.582,75.0,19.4,22.4,2026-01-14,2026-01-19,-0.94,4,-0.06,10.0,-6.95,7.28,5.86,9.65,1.91,0.3285,5.86,1,1,-0.36,4.53,0.34,25.0,26.2,14.9,2026-01-28,2026-02-02,-3.22,False,-6.95,False
1376,深主板,2,2,2026-01-28,2026-01-29,2026-01-27,2026-01-30,25.22,,,,,,,,,,,,,,,,,,,,2026-01-27,2026-01-19,-0.94,4,-0.06,10.0,-6.95,7.28,5.86,9.65,1.91,0.3285,5.86,1,1,-0.36,4.53,0.34,25.0,26.2,14.9,2026-01-28,2026-02-02,-3.22,False,-6.95,False
1389,深主板,2,2,2026-01-21,2026-01-22,2026-01-20,2026-02-02,112.87,21.0,3.0,10.0,10.0,10.0,0.0,7.03,9.96,2.46,0.6453,3.54,1.0,0.0,2.67,6.0,0.544,100.0,18.1,27.5,2026-01-20,2026-01-22,2.35,4,0.78,2.39,-0.32,1.17,6.82,7.6,0.9,-0.0663,0.8,1,0,0.6,2.58,0.09,75.0,62.8,28.2,2026-01-29,2026-02-03,0.28,False,2.39,False
1396,深主板,2,2,2026-02-24,2026-02-25,2026-02-13,2026-02-26,61.44,21.02,3.0,10.01,10.01,10.01,0.0,8.04,11.07,3.22,0.2951,2.46,0.0,0.0,-0.2,0.02,0.615,100.0,25.6,12.9,2026-02-13,2026-02-25,10.99,4,3.64,10.01,-0.55,4.58,10.14,11.07,1.76,0.1242,1.08,1,1,-0.73,1.16,0.509,100.0,34.8,14.3,2026-02-24,2026-02-27,1.45,False,-0.55,False
1400,深主板,4,4,2026-01-06,2026-01-09,2026-01-05,2026-01-15,128.91,21.0,3.0,10.0,10.0,10.0,0.0,9.97,10.49,1.23,0.128,1.3,1.0,0.0,0.47,1.93,0.752,66.7,8.6,16.2,2026-01-05,2026-01-07,7.08,4,2.54,10.0,-6.57,6.87,12.25,17.69,1.08,0.0085,0.96,2,1,0.42,2.72,0.566,50.0,28.7,14.7,2026-01-13,2026-01-16,-6.57,False,4.2,False
1400,深主板,2,1,2026-02-26,2026-03-02,2026-02-25,2026-03-11,158.99,26.42,4.0,8.16,10.0,4.48,2.6,7.46,11.01,1.59,0.171,1.75,1.0,1.0,-0.06,2.05,0.615,75.0,6.3,32.2,2026-02-25,2026-03-02,7.04,4,2.46,10.0,-4.15,5.82,10.06,13.96,1.01,-0.1114,0.55,1,1,-0.64,1.16,0.476,75.0,26.9,25.5,2026-03-09,2026-03-12,1.51,False,-4.15,False
1400,深主板,2,1,2026-03-06,2026-03-10,2026-03-05,2026-03-11,158.99,,,,,,,,,,,,,,,,,,,,2026-03-05,2026-03-02,7.04,4,2.46,10.0,-4.15,5.82,10.06,13.96,1.01,-0.1114,0.55,1,1,-0.64,1.16,0.476,75.0,26.9,25.5,2026-03-09,2026-03-12,1.51,False,-4.15,False
1400,深主板,2,2,2026-04-17,2026-04-20,2026-04-16,2026-04-22,221.98,21.0,3.0,10.0,10.0,10.0,0.0,8.78,11.72,1.26,0.1277,1.3,0.0,0.0,0.79,0.91,0.614,100.0,5.6,33.0,2026-04-16,2026-04-20,-3.3,4,-1.1,0.31,-2.42,1.12,7.78,11.72,0.74,-0.1219,0.72,0,2,-1.5,0.96,0.285,75.0,39.7,31.8,2026-04-20,2026-04-23,-1.21,False,-2.42,False
1896,深主板,7,7,2026-02-11,2026-02-27,2026-02-10,2026-03-12,17.88,21.02,3.0,10.01,10.07,9.95,0.06,0.97,2.92,0.2,-0.955,0.11,2.0,0.0,10.01,10.07,0.083,33.3,11.7,13.3,2026-02-10,2026-02-12,-2.34,4,-0.55,4.93,-10.02,6.73,9.04,13.47,1.22,0.0926,1.32,1,1,-0.11,1.83,0.493,50.0,24.6,26.1,2026-03-10,2026-03-13,3.44,False,-10.02,True
1896,深主板,2,1,2026-05-19,2026-05-21,2026-05-18,2026-05-21,16.37,11.21,4.0,3.97,10.01,-8.09,8.53,10.02,12.37,1.79,0.32,2.58,1.0,1.0,0.42,2.29,0.67,75.0,19.9,13.1,2026-05-18,2026-05-21,1.11,3,0.96,10.01,-8.09,9.05,11.43,12.37,1.64,0.4056,2.16,1,0,1.14,2.29,0.885,66.7,1.4,10.1,2026-05-19,2026-05-21,10.01,True,,
2008,深主板,3,1,2026-05-07,2026-05-13,2026-05-06,2026-05-14,156.3,10.02,2.0,10.02,10.02,10.02,0.0,7.09,9.21,0.76,-0.2674,0.76,0.0,0.0,-0.12,-0.12,0.608,100.0,17.4,21.8,2026-05-06,2026-05-07,6.43,4,2.26,10.02,-3.98,5.81,7.71,8.66,1.05,-0.0324,0.82,2,0,2.01,3.29,0.457,50.0,24.2,30.1,2026-05-12,2026-05-15,0.74,False,-3.98,False
2009,深主板,2,2,2026-01-26,2026-01-27,2026-01-23,2026-02-02,31.1,20.98,3.0,9.99,10.0,9.98,0.01,5.39,11.92,0.59,0.0696,1.1,2.0,0.0,8.76,9.98,0.355,66.7,11.1,20.1,2026-01-23,2026-01-27,17.44,4,5.56,10.0,1.92,3.35,8.36,10.74,1.11,0.0116,0.95,1,1,0.31,2.18,0.439,100.0,35.3,20.8,2026-01-29,2026-02-03,4.76,False,1.92,False
2015,深主板,2,2,2026-02-06,2026-02-09,2026-02-05,2026-02-10,13.32,21.08,3.0,10.03,10.04,10.03,0.0,7.44,10.45,2.05,0.4498,2.53,1.0,1.0,1.28,3.65,0.614,100.0,16.0,22.6,2026-02-05,2026-02-09,3.23,4,1.25,10.03,-3.26,6.21,6.79,10.45,1.04,0.0081,1.01,1,1,0.21,3.65,0.612,50.0,22.7,16.1,2026-02-06,2026-02-11,-3.01,False,-3.26,False
2015,深主板,2,2,2026-03-06,2026-03-09,2026-03-05,2026-03-13,22.99,10.0,2.0,10.0,10.0,10.0,0.0,6.3,7.17,0.73,-0.3149,0.73,1.0,0.0,2.96,2.96,0.713,50.0,7.1,21.6,2026-03-05,2026-03-06,9.99,4,3.39,9.99,-4.13,5.8,10.96,13.08,0.98,-0.0197,0.92,1,0,0.94,2.99,0.51,75.0,16.8,32.2,2026-03-11,2026-03-16,4.31,False,-4.13,False
2017,深主板,2,2,2026-01-09,2026-01-12,2026-01-08,2026-01-14,29.99,10.0,2.0,10.0,10.0,10.0,0.0,8.74,9.09,1.27,0.2385,1.27,0.0,0.0,0.92,0.92,0.662,100.0,23.2,10.6,2026-01-08,2026-01-09,-5.12,4,-1.62,3.94,-7.82,4.82,8.56,9.26,0.85,-0.0581,0.84,1,1,0.69,4.66,0.642,50.0,25.4,10.4,2026-01-12,2026-01-15,3.94,False,-7.82,False
2025,深主板,2,1,2026-01-06,2026-01-08,2026-01-05,2026-01-12,72.33,21.88,4.0,6.91,10.01,0.72,4.38,9.27,10.82,1.33,0.1202,1.4,0.0,0.0,-0.26,0.26,0.524,100.0,34.6,13.0,2026-01-05,2026-01-08,1.08,4,0.66,7.57,-9.99,7.64,8.42,10.36,0.68,-0.1743,0.57,2,1,1.22,6.37,0.694,50.0,16.0,14.7,2026-01-08,2026-01-13,7.57,False,-9.99,True
2025,深主板,2,1,2026-04-07,2026-04-09,2026-04-03,2026-04-15,82.58,28.97,4.0,8.86,10.01,6.58,1.61,6.98,10.01,1.14,0.0466,1.13,2.0,1.0,3.07,6.46,0.488,100.0,23.1,28.1,2026-04-03,2026-04-09,-1.37,4,-0.42,1.71,-4.23,2.7,6.53,8.3,1.13,0.051,1.15,0,1,-0.62,0.28,0.309,75.0,46.8,22.3,2026-04-13,2026-04-16,1.26,False,-4.23,False
2028,深主板,2,2,2026-01-16,2026-01-19,2026-01-15,2026-01-20,202.45,10.0,2.0,10.0,10.0,10.0,0.0,3.66,5.12,1.3,0.2582,1.3,1.0,0.0,9.99,9.99,0.415,100.0,8.7,49.9,2026-01-15,2026-01-16,5.94,4,2.11,10.0,-3.75,5.8,5.54,7.32,1.01,0.0185,1.11,1,1,-0.28,2.19,0.444,75.0,8.5,47.1,2026-01-16,2026-01-21,-3.75,False,0.07,False
2030,深主板,2,2,2026-01-26,2026-01-27,2026-01-23,2026-01-28,8.2,21.04,3.0,10.02,10.05,9.99,0.03,2.6,4.54,9.58,1.1263,16.13,2.0,0.0,8.44,9.89,0.448,100.0,3.7,51.5,2026-01-23,2026-01-27,-2.0,4,-0.34,9.99,-9.96,8.16,5.55,9.7,1.43,0.2003,3.49,1,2,-0.63,6.99,0.414,75.0,25.2,33.4,2026-01-26,2026-01-29,-1.04,False,-9.96,True
2030,深主板,2,2,2026-05-08,2026-05-11,2026-05-07,2026-05-12,7.79,20.86,3.0,9.94,9.94,9.93,0.0,7.01,10.96,4.42,0.766,6.03,2.0,0.0,3.04,3.77,0.516,66.7,14.8,33.6,2026-05-07,2026-05-11,3.61,4,1.4,9.94,-5.75,6.48,9.74,13.37,1.64,0.2013,2.08,1,2,0.09,3.77,0.494,75.0,28.0,22.6,2026-05-08,2026-05-13,-5.75,False,0.0,False
2031,深主板,2,2,2026-05-07,2026-05-08,2026-05-06,2026-05-18,8.8,20.89,3.0,9.95,9.97,9.93,0.02,6.57,9.35,2.93,0.7335,4.35,1.0,0.0,2.02,4.05,0.753,100.0,8.9,15.9,2026-05-06,2026-05-08,9.69,4,3.26,9.95,-2.62,5.16,10.46,13.69,1.19,0.0375,1.01,0,2,-2.69,-0.95,0.572,75.0,32.9,9.9,2026-05-14,2026-05-19,-2.62,False,2.44,False
2033,深主板,2,2,2026-04-15,2026-04-16,2026-04-14,2026-04-21,11.27,21.75,3.0,10.34,10.36,10.32,0.02,6.64,10.59,6.12,0.7123,7.29,1.0,0.0,1.79,3.68,0.743,66.7,9.7,15.9,2026-04-14,2026-04-16,0.1,4,0.11,5.85,-3.09,4.07,7.76,9.86,0.87,-0.0656,0.82,0,2,-1.65,-0.5,0.38,25.0,39.1,22.8,2026-04-17,2026-04-22,-3.09,False,-2.42,False
2038,深主板,3,2,2026-03-25,2026-03-30,2026-03-24,2026-04-03,9.4,16.37,4.0,5.39,10.04,-3.84,6.53,6.25,10.74,1.48,0.2512,3.22,1.0,0.0,3.02,10.04,0.515,50.0,10.2,38.3,2026-03-24,2026-03-27,10.68,4,3.61,10.04,-4.23,5.91,11.14,12.23,1.2,0.0791,1.24,0,1,-1.11,0.58,0.434,75.0,32.0,24.5,2026-04-01,2026-04-07,5.03,False,-4.23,False
2040,深主板,2,2,2026-03-02,2026-03-03,2026-02-27,2026-03-04,12.41,21.05,3.0,10.02,10.03,10.02,0.0,6.63,10.53,6.18,0.7784,7.93,2.0,0.0,3.6,3.77,0.763,100.0,1.7,22.1,2026-02-27,2026-03-03,-6.77,4,-1.94,10.03,-10.02,8.63,7.44,10.53,0.76,-0.0474,1.05,1,2,-1.99,3.43,0.635,50.0,15.1,21.4,2026-03-02,2026-03-05,-10.02,False,-5.82,False
2044,深主板,4,4,2026-01-09,2026-01-14,2026-01-08,2026-01-15,8.88,10.05,2.0,10.05,10.05,10.05,0.0,6.07,6.1,0.61,-0.4812,0.61,1.0,0.0,3.59,3.59,0.736,100.0,25.0,1.4,2026-01-08,2026-01-09,3.37,4,1.47,9.99,-9.99,8.42,4.25,8.11,5.29,0.4928,14.86,2,1,1.8,9.99,0.03,0.0,35.4,36.6,2026-01-13,2026-01-16,4.42,False,-9.99,True
2046,深主板,2,2,2026-01-09,2026-01-12,2026-01-08,2026-01-14,54.97,10.01,2.0,10.01,10.01,10.01,0.0,4.78,6.04,1.45,0.3682,1.45,1.0,0.0,3.7,3.7,0.754,100.0,6.0,18.6,2026-01-08,2026-01-09,-6.13,4,-2.06,1.45,-3.88,2.48,8.34,12.12,0.76,-0.0841,0.82,1,1,0.83,4.31,0.462,50.0,18.4,35.4,2026-01-12,2026-01-15,-3.88,False,-3.74,False
2051,深主板,3,2,2026-04-02,2026-04-08,2026-04-01,2026-04-09,12.68,16.32,4.0,5.37,9.99,-3.83,6.51,8.26,9.88,1.47,0.1678,1.55,1.0,0.0,1.12,3.78,0.839,50.0,6.3,9.7,2026-04-01,2026-04-07,2.39,4,1.02,10.02,-6.7,6.88,6.76,10.26,2.09,0.1659,1.13,2,0,6.14,10.02,0.648,25.0,6.8,28.3,2026-04-07,2026-04-10,-0.26,False,-6.7,False
2051,深主板,2,2,2026-04-14,2026-04-15,2026-04-13,2026-04-21,12.27,,,,,,,,,,,,,,,,,,,,2026-04-13,2026-04-07,0.17,4,0.1,3.91,-2.86,2.83,7.09,8.42,0.67,-0.1679,0.63,0,1,-0.5,0.35,0.308,50.0,32.1,37.1,2026-04-17,2026-04-22,-0.75,False,-2.86,False
2054,深主板,2,2,2026-02-06,2026-02-09,2026-02-05,2026-02-12,11.38,9.96,2.0,9.96,9.96,9.96,0.0,7.75,10.25,2.22,0.7569,2.22,0.0,1.0,-1.2,-1.2,0.662,100.0,22.9,10.9,2026-02-05,2026-02-06,-0.56,4,-0.18,1.89,-1.58,1.49,5.81,8.17,0.92,-0.086,0.69,0,1,-0.31,0.66,0.208,25.0,59.6,19.5,2026-02-10,2026-02-13,1.89,False,-1.58,False
2080,深主板,2,2,2026-02-11,2026-02-12,2026-02-10,2026-02-26,53.57,10.0,2.0,10.0,10.0,10.0,0.0,7.19,8.1,0.55,-0.5806,0.55,1.0,0.0,3.49,3.49,0.762,100.0,14.7,9.1,2026-02-10,2026-02-11,-2.15,4,-0.68,2.9,-4.25,2.92,5.75,8.32,1.08,0.0351,1.09,0,0,-0.32,0.02,0.484,50.0,14.4,37.1,2026-02-24,2026-02-27,2.9,False,-4.25,False
2081,深主板,5,5,2026-04-17,2026-04-23,2026-04-16,2026-05-15,8.6,21.07,3.0,10.03,10.09,9.97,0.06,6.1,9.8,7.41,0.9242,10.75,1.0,0.0,1.59,2.37,0.683,100.0,6.7,25.0,2026-04-16,2026-04-20,-10.28,4,-3.44,0.63,-9.94,4.64,10.55,15.16,0.77,-0.1715,0.53,0,3,-5.46,-3.03,0.181,50.0,55.7,26.2,2026-05-13,2026-05-18,-1.01,False,-9.94,True
2081,深主板,5,5,2026-04-28,2026-05-07,2026-04-27,2026-05-13,8.46,,,,,,,,,,,,,,,,,,,,2026-04-27,2026-04-20,9.38,4,3.15,10.07,-1.25,4.95,10.01,10.91,1.01,-0.0234,0.87,1,1,-0.02,2.48,0.435,75.0,23.2,33.3,2026-05-11,2026-05-14,-1.25,False,0.63,False
2082,深主板,5,2,2026-03-24,2026-04-01,2026-03-23,2026-04-07,36.24,31.57,4.0,9.58,10.01,8.74,0.59,7.47,9.08,2.15,0.3667,3.57,3.0,0.0,2.36,2.83,0.708,75.0,16.9,12.3,2026-03-23,2026-03-26,0.81,4,0.36,6.43,-3.92,4.41,8.28,10.74,1.02,-0.0102,0.93,1,2,-2.17,1.67,0.449,75.0,19.7,35.4,2026-04-02,2026-04-08,6.43,False,-3.92,False
2099,深主板,2,2,2026-02-06,2026-02-09,2026-02-05,2026-02-10,9.09,20.94,3.0,9.97,9.99,9.96,0.02,6.14,9.85,3.49,0.498,3.65,1.0,0.0,5.36,9.99,0.501,33.3,10.1,39.7,2026-02-05,2026-02-09,9.19,4,3.1,9.99,-2.15,5.09,8.72,13.48,1.93,0.1991,1.55,2,0,3.85,9.99,0.388,50.0,24.4,36.8,2026-02-06,2026-02-11,1.45,False,-2.15,False
2112,深主板,4,3,2026-01-13,2026-01-19,2026-01-12,2026-01-26,25.68,,,,,,,,,,,,,,,,,,,,2026-01-12,2026-01-07,1.93,4,0.84,10.01,-4.09,6.49,9.71,12.45,1.27,0.0309,0.92,1,0,0.65,1.01,0.514,50.0,30.7,17.9,2026-01-22,2026-01-27,-4.09,False,-3.39,False
2112,深主板,2,2,2026-02-02,2026-02-03,2026-01-30,2026-02-09,26.5,,,,,,,,,,,,,,,,,,,,2026-01-30,2026-01-23,8.92,4,3.0,10.0,-0.55,4.95,7.65,10.94,1.45,0.0842,1.06,1,0,0.51,1.93,0.463,25.0,27.9,25.8,2026-02-05,2026-02-10,-0.43,False,-0.55,False
2115,深主板,4,4,2026-01-09,2026-01-14,2026-01-08,2026-01-15,21.0,10.01,2.0,10.01,10.01,10.01,0.0,9.43,9.49,1.07,0.0645,1.07,0.0,0.0,-0.07,-0.07,0.78,100.0,16.1,5.8,2026-01-08,2026-01-09,-1.24,4,-0.08,9.99,-9.98,8.16,3.06,12.23,26.04,0.3788,1.47,2,1,2.4,9.99,0.153,0.0,0.0,9.7,2026-01-13,2026-01-16,-0.26,False,-9.98,True
2119,深主板,2,2,2026-01-15,2026-01-16,2026-01-14,2026-01-20,25.77,10.05,2.0,10.05,10.05,10.05,0.0,7.01,10.14,1.87,0.6056,1.87,0.0,0.0,-0.83,-0.83,0.509,50.0,25.7,23.4,2026-01-14,2026-01-15,13.89,4,4.46,7.47,1.83,2.32,9.09,11.8,1.23,0.1379,1.85,1,1,1.22,5.41,0.386,100.0,32.0,29.3,2026-01-16,2026-01-21,1.83,False,4.06,False
2119,深主板,2,2,2026-01-27,2026-01-28,2026-01-26,2026-01-29,27.84,,,,,,,,,,,,,,,,,,,,2026-01-26,2026-01-16,6.35,4,2.29,10.04,-5.96,6.54,8.8,11.86,0.91,-0.0089,1.06,1,2,0.77,6.96,0.565,75.0,25.9,17.6,2026-01-27,2026-01-30,-5.96,False,2.78,False
2124,深主板,3,3,2026-04-13,2026-04-15,2026-04-10,2026-04-20,3.28,21.28,3.0,10.13,10.21,10.04,0.09,7.05,10.04,6.83,0.8377,9.18,0.0,0.0,0.17,0.77,0.606,66.7,22.2,17.2,2026-04-10,2026-04-14,-1.71,4,-0.47,5.12,-5.88,4.49,10.15,12.34,0.71,-0.1781,0.55,0,2,-2.13,0.97,0.432,25.0,36.0,20.8,2026-04-16,2026-04-21,-0.65,False,-5.88,False
2126,深主板,2,2,2026-02-03,2026-02-04,2026-02-02,2026-02-12,49.95,21.0,3.0,10.0,10.01,10.0,0.0,6.13,9.42,2.63,0.5399,3.25,2.0,0.0,3.0,4.91,0.854,66.7,9.0,5.5,2026-02-02,2026-02-04,-0.45,4,-0.07,5.57,-4.06,4.1,4.59,5.94,1.05,-0.0311,0.8,1,1,-0.06,2.44,0.432,50.0,49.3,7.5,2026-02-10,2026-02-13,5.57,False,-4.06,False
2131,深主板,4,4,2026-01-09,2026-01-14,2026-01-08,2026-01-15,10.4,10.03,2.0,10.03,10.03,10.03,0.0,8.86,9.0,0.41,-0.8332,0.41,0.0,0.0,0.44,0.44,0.574,100.0,27.9,14.8,2026-01-08,2026-01-09,3.65,4,1.57,9.97,-10.0,8.45,4.15,11.35,3.89,0.2316,0.66,1,1,-1.6,5.2,0.306,50.0,0.0,19.4,2026-01-13,2026-01-21,4.73,False,-10.0,True
2149,深主板,2,2,2026-01-22,2026-01-23,2026-01-21,2026-02-04,57.98,21.0,3.0,10.0,10.0,10.0,0.0,7.02,7.58,1.03,0.1077,1.22,2.0,0.0,3.98,5.76,0.611,66.7,13.8,25.1,2026-01-21,2026-01-23,5.54,4,1.98,8.63,-5.38,5.74,9.54,11.73,0.74,-0.1195,0.74,0,2,-2.31,0.95,0.427,50.0,31.1,26.2,2026-02-02,2026-02-05,-5.38,False,2.69,False
2149,深主板,2,2,2026-04-30,2026-05-06,2026-04-29,2026-05-12,78.87,9.99,2.0,9.99,9.99,9.99,0.0,7.19,9.53,1.26,0.2274,1.26,0.0,0.0,-0.48,-0.48,0.705,100.0,18.9,10.5,2026-04-29,2026-04-30,3.48,4,1.17,4.14,-1.46,2.3,6.31,8.5,0.92,-0.0462,0.86,1,0,0.48,1.88,0.223,50.0,46.5,31.2,2026-05-08,2026-05-13,-1.46,False,0.83,False
2150,深主板,2,1,2026-01-23,2026-01-27,2026-01-22,2026-01-28,27.68,19.81,4.0,6.34,10.0,-0.97,5.17,7.38,10.55,1.74,0.267,2.52,2.0,0.0,0.85,2.02,0.691,75.0,16.6,14.3,2026-01-22,2026-01-27,4.12,4,1.59,9.99,-6.81,6.86,8.32,10.55,1.05,0.003,0.96,0,1,-1.27,-0.31,0.551,50.0,25.8,19.1,2026-01-26,2026-01-29,1.58,False,-6.81,False
2150,深主板,2,2,2026-03-11,2026-03-12,2026-03-10,2026-03-18,35.1,21.02,3.0,10.01,10.01,10.01,0.0,6.44,9.84,0.98,0.0886,1.17,1.0,0.0,2.25,4.99,0.802,66.7,4.6,15.2,2026-03-10,2026-03-12,0.03,4,0.24,10.0,-5.08,6.91,8.25,9.09,1.31,0.0654,1.06,0,0,0.13,0.4,0.778,25.0,10.6,11.6,2026-03-16,2026-03-19,-5.08,False,-4.2,False
2150,深主板,2,2,2026-03-20,2026-03-23,2026-03-19,2026-03-25,39.51,,,,,,,,,,,,,,,,,,,,2026-03-19,2026-03-12,-3.86,4,-1.19,5.43,-5.53,4.75,7.5,10.65,0.97,-0.0459,0.79,0,3,-2.66,-1.25,0.546,50.0,13.1,32.3,2026-03-23,2026-03-26,5.43,False,-5.53,False
2153,深主板,2,2,2026-01-14,2026-01-15,2026-01-13,2026-01-19,16.764,20.99,3.0,9.99,10.02,9.96,0.03,3.71,9.07,0.35,-0.3778,0.57,2.0,0.0,9.99,10.02,0.039,33.3,17.9,44.9,2026-01-13,2026-01-15,-10.41,4,-3.5,2.14,-8.25,4.29,9.64,16.53,1.03,0.1057,1.96,1,2,-3.37,1.52,0.405,50.0,30.5,28.9,2026-01-15,2026-01-20,2.14,False,-8.25,False
2155,深主板,6,5,2026-01-26,2026-02-03,2026-01-09,2026-02-04,39.5,10.01,2.0,10.01,10.01,10.01,0.0,2.18,4.35,0.12,-1.5558,0.12,1.0,0.0,10.01,10.01,0.44,50.0,4.0,2.0,2026-01-09,2026-01-26,-1.77,4,-0.29,10.0,-8.94,7.82,8.68,11.61,0.94,-0.0347,0.89,2,1,2.97,7.84,0.522,25.0,32.9,14.9,2026-02-02,2026-02-05,-1.94,False,-8.94,False
2155,深主板,2,2,2026-02-27,2026-03-02,2026-02-26,2026-03-03,43.67,10.01,2.0,10.01,10.01,10.01,0.0,7.26,9.95,1.63,0.4771,1.63,0.0,0.0,-0.76,-0.76,0.556,50.0,29.3,15.1,2026-02-26,2026-02-27,2.89,4,1.15,10.0,-4.65,6.36,8.06,9.95,1.05,0.0242,1.1,1,2,-1.81,6.1,0.579,75.0,31.1,11.0,2026-02-27,2026-03-04,-1.9,False,-4.65,False
2158,深主板,2,2,2026-04-30,2026-05-06,2026-04-29,2026-05-11,34.2,21.0,3.0,10.0,10.0,10.0,0.0,6.57,9.34,3.97,0.7009,5.18,1.0,0.0,0.64,1.09,0.809,66.7,6.4,12.7,2026-04-29,2026-05-06,2.25,4,0.81,6.08,-1.83,3.73,6.72,10.57,0.77,-0.2007,0.47,0,1,-0.69,0.86,0.297,75.0,34.3,36.0,2026-05-07,2026-05-12,6.08,False,-1.83,False
2165,深主板,2,2,2026-01-20,2026-01-21,2026-01-19,2026-02-04,14.99,20.93,3.0,9.97,9.98,9.96,0.01,5.08,9.17,7.45,0.9902,11.5,1.0,0.0,4.99,9.98,0.562,66.7,3.3,40.4,2026-01-19,2026-01-21,3.69,4,1.51,10.04,-8.57,7.68,12.05,15.8,1.14,-0.0017,0.88,1,0,1.91,5.84,0.525,25.0,33.2,14.3,2026-02-02,2026-02-05,3.07,False,-8.57,False
2165,深主板,2,1,2026-01-30,2026-02-03,2026-01-29,2026-02-04,14.99,,,,,,,,,,,,,,,,,,,,2026-01-29,2026-01-21,3.69,4,1.51,10.04,-8.57,7.68,12.05,15.8,1.14,-0.0017,0.88,1,0,1.91,5.84,0.525,25.0,33.2,14.3,2026-02-02,2026-02-05,3.07,False,-8.57,False
2173,深主板,4,4,2026-01-06,2026-01-09,2026-01-05,2026-01-13,38.31,10.02,2.0,10.02,10.02,10.02,0.0,0.0,0.0,0.36,-0.9351,0.36,1.0,0.0,10.02,10.02,0.0,0.0,0.0,0.0,2026-01-05,2026-01-06,-3.58,4,-1.06,6.78,-5.08,5.54,10.49,12.93,0.86,-0.0458,0.92,1,0,0.4,2.19,0.502,50.0,22.0,27.8,2026-01-09,2026-01-14,-5.08,False,-4.87,False
2175,深主板,2,2,2026-04-27,2026-04-28,2026-04-24,2026-04-30,2.75,20.92,3.0,9.96,10.04,9.89,0.08,8.26,14.45,2.84,0.3824,2.71,1.0,0.0,0.91,2.66,0.561,66.7,11.1,32.7,2026-04-24,2026-04-28,-0.76,4,-0.02,9.89,-5.09,7.0,5.26,14.45,0.03,-0.7709,0.02,1,2,-2.42,2.66,0.421,50.0,0.0,7.9,2026-04-27,2026-05-06,-4.84,False,-5.09,False
2181,深主板,3,2,2026-01-09,2026-01-14,2026-01-08,2026-01-22,12.6,10.04,2.0,10.04,10.04,10.04,0.0,6.99,9.72,1.61,0.4652,1.61,0.0,0.0,-0.11,-0.11,0.782,100.0,11.5,10.2,2026-01-08,2026-01-09,4.38,4,1.49,3.96,-3.23,3.34,8.94,11.43,1.03,0.0438,1.27,0,2,-1.3,0.18,0.532,75.0,30.6,16.2,2026-01-20,2026-01-23,3.96,False,-3.23,False
2181,深主板,2,2,2026-04-07,2026-04-08,2026-04-03,2026-04-09,14.26,20.95,3.0,9.98,9.99,9.96,0.01,8.06,10.43,0.89,-0.1943,0.64,2.0,0.0,4.08,5.0,0.836,66.7,3.3,13.2,2026-04-03,2026-04-08,6.44,4,2.24,9.99,-2.18,5.5,8.64,12.53,2.42,0.2272,1.41,2,0,4.23,7.16,0.663,50.0,16.1,17.6,2026-04-07,2026-04-10,-1.08,False,-2.18,False
2181,深主板,2,2,2026-04-30,2026-05-06,2026-04-29,2026-05-18,21.66,10.01,2.0,10.01,10.01,10.01,0.0,7.51,8.55,0.66,-0.4031,0.66,1.0,0.0,1.4,1.4,0.71,100.0,17.0,12.0,2026-04-29,2026-04-30,-10.89,4,-3.33,10.0,-10.01,9.43,11.54,22.23,1.46,0.0883,1.09,1,2,-0.8,6.35,0.602,25.0,24.9,15.0,2026-05-14,2026-05-19,-10.01,False,-9.99,True
2192,深主板,4,4,2026-03-24,2026-03-27,2026-03-23,2026-03-30,84.44,21.01,3.0,10.0,10.01,10.0,0.0,4.62,7.66,2.25,0.4197,2.54,2.0,0.0,7.64,7.77,0.571,100.0,22.1,20.8,2026-03-23,2026-03-25,7.57,4,2.72,10.0,-6.95,7.12,7.26,9.44,1.39,0.1111,1.28,2,0,3.53,6.86,0.688,50.0,8.1,23.1,2026-03-26,2026-03-31,5.1,False,-6.95,False
2192,深主板,2,2,2026-04-29,2026-04-30,2026-04-28,2026-05-06,115.0,10.0,2.0,10.0,10.0,10.0,0.0,8.56,10.48,1.18,0.1613,1.18,0.0,0.0,0.2,0.2,0.481,50.0,17.3,34.6,2026-04-28,2026-04-29,5.85,4,2.11,10.0,-5.47,6.32,7.91,10.48,1.2,0.0435,1.03,2,0,3.29,5.29,0.713,50.0,0.0,28.7,2026-04-29,2026-05-07,1.79,False,-5.47,False
2195,深主板,5,3,2026-01-06,2026-01-14,2026-01-05,2026-01-15,12.19,10.0,2.0,10.0,10.0,10.0,0.0,0.0,0.0,0.5,-0.6681,0.5,1.0,0.0,10.0,10.0,0.0,0.0,0.0,0.0,2026-01-05,2026-01-06,-10.93,4,-3.34,10.01,-10.03,9.44,6.47,12.51,0.1,-0.6788,0.04,0,3,-6.76,-1.75,0.491,25.0,9.4,16.5,2026-01-13,2026-01-16,-10.01,False,-10.03,True
2201,深主板,4,2,2026-01-19,2026-01-26,2026-01-16,2026-01-28,15.98,,,,,,,,,,,,,,,,,,,,2026-01-16,2026-01-14,-10.32,4,-3.43,3.99,-7.68,5.26,8.57,13.24,0.77,-0.1693,0.55,0,3,-5.46,-2.33,0.493,75.0,26.0,24.7,2026-01-26,2026-01-29,3.99,False,-6.59,False
2201,深主板,2,2,2026-04-21,2026-04-22,2026-04-20,2026-04-23,16.85,21.01,3.0,10.01,10.03,9.98,0.03,8.18,11.13,2.27,0.535,2.97,0.0,1.0,-0.67,0.0,0.922,100.0,0.0,7.8,2026-04-20,2026-04-22,1.94,4,0.84,9.98,-4.05,6.47,10.52,14.26,1.16,0.0761,1.36,1,1,0.08,4.31,0.622,50.0,35.3,2.5,2026-04-21,2026-04-24,-3.39,False,-4.05,False
2202,深主板,5,5,2026-01-06,2026-01-12,2026-01-05,2026-01-13,37.03,9.99,2.0,9.99,9.99,9.99,0.0,8.39,13.33,0.95,-0.0492,0.95,0.0,1.0,-2.8,-2.8,0.849,50.0,0.0,15.1,2026-01-05,2026-01-06,4.51,4,1.65,9.99,-3.36,5.94,8.23,15.94,1.75,0.1684,1.34,3,0,3.48,6.42,0.368,25.0,14.0,49.2,2026-01-09,2026-01-14,-3.36,False,-1.68,False
2207,深主板,2,2,2026-01-28,2026-01-29,2026-01-27,2026-01-30,12.3,21.0,3.0,10.0,10.04,9.96,0.04,8.38,10.73,1.56,0.2402,1.66,2.0,0.0,2.88,4.04,0.498,100.0,16.0,34.2,2026-01-27,2026-01-29,-1.48,4,-0.16,10.04,-9.98,8.18,8.47,14.57,0.75,-0.2568,0.06,2,1,-1.0,4.04,0.406,50.0,12.2,22.2,2026-01-28,2026-02-02,-0.54,False,-9.98,True
2207,深主板,3,3,2026-03-02,2026-03-04,2026-02-27,2026-03-05,16.01,,,,,,,,,,,,,,,,,,,,2026-02-27,2026-02-24,-3.88,4,-1.01,10.03,-6.85,7.81,9.93,17.71,1.44,0.2477,19.79,1,2,-4.11,3.81,0.143,50.0,37.9,22.9,2026-03-03,2026-03-06,-6.85,False,-6.21,False
2208,深主板,2,1,2026-01-16,2026-01-20,2026-01-15,2026-01-21,16.72,10.04,2.0,10.04,10.04,10.04,0.0,6.9,8.27,1.71,0.5246,1.71,1.0,0.0,1.09,1.09,0.815,100.0,16.2,2.3,2026-01-15,2026-01-16,7.06,4,2.44,10.03,-2.4,5.44,8.78,11.36,1.25,0.0056,0.82,1,1,-1.01,1.58,0.484,75.0,30.3,21.3,2026-01-19,2026-01-22,-0.31,False,-2.4,False
2208,深主板,5,3,2026-05-12,2026-05-19,2026-05-11,2026-05-20,26.36,21.05,3.0,10.02,10.02,10.02,0.0,8.87,9.96,1.23,0.1363,1.31,1.0,0.0,1.55,3.09,0.678,100.0,19.9,12.3,2026-05-11,2026-05-13,1.97,4,1.0,9.98,-10.01,8.29,7.39,11.21,1.61,0.2952,21.52,1,2,-0.97,2.89,0.59,50.0,8.2,7.9,2026-05-18,2026-05-21,3.03,False,-10.01,True
2210,深主板,4,3,2026-04-27,2026-05-06,2026-04-24,2026-05-08,3.43,20.88,3.0,9.95,10.04,9.85,0.09,4.21,6.98,2.49,0.637,3.54,2.0,0.0,6.66,7.3,0.511,66.7,13.3,35.6,2026-04-24,2026-04-28,-3.05,4,-1.02,0.3,-1.82,0.95,6.15,8.23,0.6,-0.2262,0.49,0,0,-0.0,0.91,0.4,25.0,41.1,18.8,2026-05-06,2026-05-11,-1.82,False,-1.55,False
2213,深主板,2,2,2026-04-08,2026-04-09,2026-04-07,2026-04-17,39.45,21.03,3.0,10.02,10.02,10.01,0.0,6.92,7.45,2.79,0.7232,4.17,2.0,0.0,2.69,3.31,0.733,100.0,20.2,6.5,2026-04-07,2026-04-09,7.03,4,2.43,10.01,-1.59,5.37,8.03,11.66,0.9,-0.1129,0.62,1,1,0.24,1.88,0.56,50.0,16.5,27.6,2026-04-15,2026-04-20,-1.59,False,-1.14,False
2213,深主板,2,1,2026-04-14,2026-04-16,2026-04-13,2026-04-17,39.45,,,,,,,,,,,,,,,,,,,,2026-04-13,2026-04-09,7.03,4,2.43,10.01,-1.59,5.37,8.03,11.66,0.9,-0.1129,0.62,1,1,0.24,1.88,0.56,50.0,16.5,27.6,2026-04-15,2026-04-20,-1.59,False,-1.14,False
2217,深主板,2,2,2026-04-17,2026-04-20,2026-04-16,2026-04-21,3.16,9.84,2.0,9.84,9.84,9.84,0.0,7.09,10.07,2.5,0.8584,2.5,0.0,0.0,-0.41,-0.41,0.613,100.0,10.0,28.7,2026-04-16,2026-04-17,9.33,4,3.14,10.07,-1.68,5.03,8.01,11.74,2.97,0.2931,1.7,2,1,2.43,8.58,0.652,75.0,16.0,18.8,2026-04-17,2026-04-22,1.02,False,-1.68,False
2217,深主板,2,2,2026-05-06,2026-05-07,2026-04-30,2026-05-11,3.76,,,,,,,,,,,,,,,,,,,,2026-04-30,2026-04-20,-0.86,4,-0.24,4.08,-2.8,3.07,7.0,8.4,0.93,0.0042,1.12,2,0,2.4,3.79,0.441,50.0,27.9,28.0,2026-05-07,2026-05-12,4.08,False,-2.8,False
2218,深主板,2,2,2026-01-14,2026-01-15,2026-01-13,2026-01-16,6.16,20.95,3.0,9.98,10.02,9.94,0.04,5.69,8.84,0.55,-0.3766,0.47,1.0,0.0,5.12,10.02,0.569,33.3,1.0,42.2,2026-01-13,2026-01-15,-3.73,4,-0.96,10.02,-8.04,7.87,9.67,20.58,4.73,0.4271,3.1,2,1,3.37,10.02,0.647,50.0,9.1,26.2,2026-01-14,2026-01-19,-8.04,False,-4.85,False
2218,深主板,3,3,2026-01-23,2026-01-27,2026-01-22,2026-01-28,7.27,,,,,,,,,,,,,,,,,,,,2026-01-22,2026-01-15,9.15,4,3.15,9.98,-4.93,6.15,5.73,9.3,2.97,0.4279,16.69,2,0,1.69,2.87,0.434,50.0,28.3,3.3,2026-01-26,2026-01-29,4.39,False,-4.93,False
2218,深主板,2,2,2026-03-23,2026-03-24,2026-03-20,2026-03-25,7.73,21.04,3.0,10.02,10.02,10.02,0.0,7.65,10.47,1.71,0.231,1.68,1.0,1.0,2.82,6.98,0.595,100.0,15.6,24.9,2026-03-20,2026-03-24,4.25,4,1.6,10.02,-5.89,6.53,7.75,10.47,1.98,0.1865,1.4,2,0,4.53,6.98,0.777,50.0,2.2,20.1,2026-03-23,2026-03-26,0.69,False,-5.89,False
2219,深主板,2,2,2026-01-13,2026-01-14,2026-01-12,2026-01-15,2.97,21.15,3.0,10.07,10.13,10.0,0.07,1.96,3.08,1.22,-0.1593,0.63,2.0,0.0,9.85,10.0,0.381,66.7,0.0,28.6,2026-01-12,2026-01-14,-6.4,4,-1.82,10.0,-10.0,8.56,6.43,16.92,3.84,0.3303,1.78,2,1,2.79,10.0,0.264,25.0,23.2,25.4,2026-01-13,2026-01-16,-5.45,False,-10.0,True
2237,深主板,2,1,2026-01-26,2026-01-28,2026-01-23,2026-01-29,23.56,24.53,4.0,7.64,10.02,2.91,3.35,6.29,10.32,1.54,0.1468,1.39,2.0,0.0,2.68,6.4,0.627,100.0,19.3,17.9,2026-01-23,2026-01-28,6.11,4,2.39,10.02,-9.98,8.83,7.6,10.81,0.94,-0.0922,0.65,2,1,-1.05,5.23,0.32,75.0,40.6,27.4,2026-01-27,2026-01-30,7.14,False,-9.98,True
2254,深主板,2,1,2026-05-12,2026-05-14,2026-05-11,2026-05-20,15.63,23.77,4.0,7.43,9.98,2.34,3.6,5.18,9.67,1.52,0.1983,2.03,2.0,0.0,2.67,6.28,0.716,100.0,3.4,25.0,2026-05-11,2026-05-14,-1.16,4,-0.31,5.37,-4.04,4.08,7.24,10.72,0.87,-0.1333,0.58,0,2,-1.92,-0.26,0.57,75.0,28.8,14.3,2026-05-18,2026-05-21,5.37,False,-4.04,False
2261,深主板,2,2,2026-03-06,2026-03-09,2026-03-05,2026-03-10,44.06,10.0,2.0,10.0,10.0,10.0,0.0,9.7,11.42,1.12,0.1148,1.12,0.0,1.0,-1.75,-1.75,0.888,50.0,0.0,11.2,2026-03-05,2026-03-06,5.2,4,1.86,10.01,-2.79,5.78,9.53,11.76,1.08,0.0632,1.34,1,1,-0.45,1.13,0.472,50.0,35.1,17.7,2026-03-06,2026-03-11,-2.79,False,-1.63,False
2263,深主板,4,2,2026-03-26,2026-04-02,2026-03-25,2026-04-03,5.18,21.13,3.0,10.06,10.12,10.0,0.06,7.61,10.0,4.2,0.9107,6.71,1.0,0.0,2.84,5.68,0.685,100.0,4.4,27.0,2026-03-25,2026-03-27,14.19,4,4.63,10.0,-1.48,4.72,12.03,16.31,1.14,0.0535,1.17,0,3,-2.33,-1.5,0.435,100.0,38.5,18.0,2026-04-01,2026-04-07,-1.48,False,5.36,False
2264,深主板,2,2,2026-01-14,2026-01-15,2026-01-13,2026-01-16,11.45,,,,,,,,,,,,,,,,,,,,2026-01-13,2026-01-05,-10.01,4,-3.03,10.01,-10.01,9.23,7.04,9.02,0.73,-0.0417,1.12,1,2,-6.01,1.91,0.506,75.0,44.8,4.6,2026-01-14,2026-01-19,-10.01,False,-9.1,False
2272,深主板,3,3,2026-05-18,2026-05-20,2026-05-15,2026-05-21,24.85,9.98,2.0,9.98,9.98,9.98,0.0,5.31,5.39,1.0,0.0034,1.0,1.0,0.0,5.66,5.66,0.584,50.0,19.9,21.7,2026-05-15,2026-05-18,-0.97,3,0.01,10.01,-9.98,10.0,8.36,10.69,1.43,0.414,2.07,1,1,4.24,10.01,0.61,33.3,4.0,35.0,2026-05-19,2026-05-21,-9.98,False,,
2279,深主板,2,2,2026-01-21,2026-01-22,2026-01-20,2026-01-29,11.31,10.05,2.0,10.05,10.05,10.05,0.0,3.46,6.93,0.35,-0.9645,0.35,1.0,0.0,10.05,10.05,0.308,0.0,10.8,8.3,2026-01-20,2026-01-21,-5.36,4,-1.76,3.1,-4.53,3.45,7.92,12.86,0.68,-0.2336,0.43,0,3,-2.08,-1.94,0.477,50.0,45.2,7.1,2026-01-27,2026-01-30,3.1,False,-3.85,False
2281,深主板,2,2,2026-05-08,2026-05-11,2026-05-07,2026-05-20,246.8,21.0,3.0,10.0,10.0,10.0,0.0,10.55,12.22,1.12,0.0401,1.09,1.0,1.0,0.71,4.03,0.745,100.0,2.8,22.6,2026-05-07,2026-05-11,3.53,4,1.44,10.0,-8.08,7.41,9.73,12.08,1.1,0.076,1.33,0,1,-1.22,-0.19,0.64,75.0,20.8,15.2,2026-05-18,2026-05-21,2.39,False,-8.08,False
2283,深主板,2,1,2026-02-24,2026-02-26,2026-02-13,2026-02-27,11.16,21.39,4.0,6.79,10.3,-0.2,4.95,9.29,11.44,0.83,-0.0839,0.77,1.0,0.0,0.42,1.22,0.619,75.0,16.5,21.6,2026-02-13,2026-02-26,5.9,4,2.11,10.27,-4.67,6.18,7.36,11.44,0.86,-0.116,0.66,0,2,-1.73,-0.51,0.444,50.0,37.7,18.0,2026-02-25,2026-03-02,0.74,False,-4.67,False
2297,深主板,6,6,2026-04-13,2026-04-20,2026-04-10,2026-04-24,22.45,21.04,3.0,10.02,10.02,10.02,0.0,1.31,3.92,0.37,-0.5334,0.38,2.0,0.0,10.02,10.02,0.225,0.0,10.1,0.8,2026-04-10,2026-04-14,1.18,4,0.65,9.61,-7.94,7.17,6.65,8.77,0.79,-0.0799,0.84,1,2,-2.54,1.23,0.687,75.0,12.6,18.7,2026-04-22,2026-04-27,0.27,False,-7.94,False
2309,深主板,4,4,2026-03-20,2026-03-25,2026-03-19,2026-03-26,5.3,21.1,3.0,10.04,10.12,9.97,0.07,4.62,8.66,0.77,-0.3548,0.4,1.0,0.0,5.28,9.97,0.352,66.7,25.9,5.6,2026-03-19,2026-03-23,-6.07,4,-1.73,9.98,-8.65,8.32,7.53,13.92,1.52,0.3016,14.88,1,2,-1.6,4.77,0.315,25.0,25.5,18.0,2026-03-24,2026-03-27,-6.51,False,-8.65,False
2310,深主板,3,3,2026-03-19,2026-03-23,2026-03-18,2026-03-30,4.11,10.1,2.0,10.1,10.1,10.1,0.0,11.11,11.15,0.74,-0.294,0.74,0.0,1.0,-2.09,-2.09,0.656,50.0,20.3,14.1,2026-03-18,2026-03-19,-2.01,4,-0.34,10.03,-10.0,8.19,11.56,15.36,1.2,0.0278,0.96,1,2,0.51,6.51,0.701,25.0,9.3,20.6,2026-03-26,2026-03-31,-1.04,False,-10.0,True
2313,深主板,2,1,2026-04-24,2026-04-28,2026-04-23,2026-05-06,10.54,15.53,4.0,5.16,10.05,-4.56,6.88,7.85,9.25,1.58,0.1551,1.41,2.0,0.0,1.33,2.28,0.716,75.0,21.0,7.5,2026-04-23,2026-04-28,2.2,4,0.79,4.99,-3.71,3.56,5.93,8.33,0.8,-0.1673,0.56,0,1,-0.99,0.94,0.327,50.0,37.1,30.2,2026-04-29,2026-05-07,4.99,False,1.09,False
2316,深主板,3,3,2026-01-08,2026-01-12,2026-01-07,2026-01-13,6.15,9.96,2.0,9.96,9.96,9.96,0.0,6.62,9.63,1.83,0.587,1.83,0.0,0.0,0.0,0.0,0.823,50.0,8.8,8.9,2026-01-07,2026-01-08,-6.13,4,-1.73,9.98,-10.03,8.52,7.01,9.14,1.35,0.2275,1.95,1,2,-2.1,7.88,0.618,75.0,19.2,19.0,2026-01-09,2026-01-14,-10.03,False,-5.13,False
2317,深主板,2,2,2026-05-07,2026-05-08,2026-05-06,2026-05-11,23.22,20.99,3.0,9.99,10.0,9.98,0.01,4.02,9.08,2.57,0.1582,1.65,1.0,0.0,5.32,10.0,0.5,66.7,9.1,40.9,2026-05-06,2026-05-08,3.61,4,1.38,10.0,-4.54,6.24,6.27,9.08,2.35,0.2134,1.32,2,0,4.08,10.0,0.494,25.0,6.4,44.2,2026-05-07,2026-05-12,-1.33,False,-4.54,False
2323,深主板,4,4,2026-02-09,2026-02-12,2026-02-06,2026-02-13,2.75,21.35,3.0,10.16,10.2,10.11,0.05,6.33,7.65,3.24,0.7586,4.78,2.0,0.0,2.37,3.06,0.72,100.0,14.3,13.7,2026-02-06,2026-02-10,-5.88,4,-1.64,10.08,-9.92,8.52,11.11,16.53,1.53,0.3523,4.29,1,1,-0.36,2.29,0.693,50.0,11.1,19.7,2026-02-11,2026-02-24,-9.92,False,-5.08,False
2323,深主板,3,2,2026-03-13,2026-03-18,2026-03-12,2026-03-19,3.05,19.05,4.0,6.13,10.0,-1.57,5.45,8.18,10.55,1.27,0.0684,1.19,0.0,0.0,0.15,0.87,0.576,50.0,28.8,13.6,2026-03-12,2026-03-17,-7.27,4,-2.1,10.18,-9.9,8.79,9.94,12.55,3.46,0.3895,2.49,1,1,1.69,6.55,0.743,50.0,13.3,12.4,2026-03-17,2026-03-20,-9.9,False,-6.59,False
2324,深主板,3,3,2026-01-06,2026-01-08,2026-01-05,2026-01-09,25.66,10.01,2.0,10.01,10.01,10.01,0.0,3.16,6.31,0.35,-0.9709,0.35,1.0,0.0,10.01,10.01,0.401,50.0,0.0,9.9,2026-01-05,2026-01-06,12.26,4,4.06,10.0,-2.65,5.19,5.66,13.38,13.58,0.6499,11.81,2,0,5.58,10.0,0.305,25.0,9.7,9.8,2026-01-07,2026-01-12,-2.65,False,4.82,False
2328,深主板,3,2,2026-04-09,2026-04-14,2026-04-08,2026-04-16,13.58,10.06,2.0,10.06,10.06,10.06,0.0,6.73,10.23,1.12,0.1162,1.12,0.0,0.0,-0.6,-0.6,0.585,100.0,14.8,26.7,2026-04-08,2026-04-09,9.8,4,3.26,7.2,-2.99,4.47,7.84,9.28,0.88,-0.0318,0.96,0,1,-0.23,0.51,0.599,75.0,18.3,21.9,2026-04-14,2026-04-17,7.2,False,-2.99,False
2339,深主板,2,2,2026-01-16,2026-01-19,2026-01-15,2026-01-20,12.39,,,,,,,,,,,,,,,,,,,,2026-01-15,2026-01-05,4.34,4,1.6,10.04,-2.81,5.97,8.68,12.55,2.01,0.1904,1.41,1,0,1.73,3.96,0.553,50.0,24.6,20.0,2026-01-16,2026-01-21,-2.81,False,-2.44,False
2339,深主板,2,2,2026-03-04,2026-03-05,2026-03-03,2026-03-09,13.55,20.97,3.0,9.99,10.01,9.97,0.02,8.68,10.01,1.65,0.5619,2.61,1.0,0.0,1.61,3.99,0.933,66.7,1.6,5.1,2026-03-03,2026-03-05,3.31,4,1.1,3.15,-0.76,1.6,5.65,6.74,0.73,-0.1383,0.63,1,1,-0.56,2.29,0.414,75.0,35.2,23.4,2026-03-05,2026-03-10,0.92,False,-0.76,False
2342,深主板,4,4,2026-01-08,2026-01-13,2026-01-07,2026-01-14,14.62,10.03,2.0,10.03,10.03,10.03,0.0,7.22,10.92,1.07,0.0708,1.07,0.0,0.0,0.33,0.33,0.419,50.0,15.6,42.4,2026-01-07,2026-01-08,4.3,4,1.79,10.02,-10.0,8.55,6.91,15.36,0.91,-0.003,1.89,1,2,-2.23,4.06,0.39,50.0,19.7,16.3,2026-01-12,2026-01-15,5.34,False,-10.0,True
2342,深主板,3,3,2026-01-21,2026-01-23,2026-01-20,2026-01-29,15.71,,,,,,,,,,,,,,,,,,,,2026-01-20,2026-01-09,11.28,4,3.76,9.99,-2.68,5.18,12.03,13.97,1.33,0.1051,1.29,1,0,0.45,2.41,0.489,75.0,34.9,16.2,2026-01-27,2026-01-30,-2.68,False,3.96,False
2342,深主板,2,2,2026-02-03,2026-02-04,2026-02-02,2026-02-11,21.42,,,,,,,,,,,,,,,,,,,,2026-02-02,2026-01-22,-14.16,4,-4.89,-1.0,-10.02,3.79,8.89,15.32,0.55,-0.3688,0.07,0,3,-6.12,-4.15,0.175,75.0,39.2,18.3,2026-02-09,2026-02-12,-3.64,False,-10.02,True
2342,深主板,2,2,2026-04-08,2026-04-09,2026-04-07,2026-04-21,21.42,10.02,2.0,10.02,10.02,10.02,0.0,6.94,8.61,1.12,0.1147,1.12,1.0,0.0,1.71,1.71,0.549,100.0,22.1,23.1,2026-04-07,2026-04-08,5.72,4,2.08,10.02,-5.93,6.51,8.28,13.77,1.14,0.068,1.25,0,2,-2.27,0.73,0.486,75.0,34.9,16.5,2026-04-17,2026-04-22,10.02,True,-5.93,False
2348,深主板,2,2,2026-04-07,2026-04-08,2026-04-03,2026-04-14,9.68,21.04,3.0,10.02,10.06,9.97,0.04,3.98,4.47,2.96,0.6712,4.1,2.0,0.0,6.01,6.83,0.818,66.7,5.3,12.9,2026-04-03,2026-04-08,4.92,4,1.65,3.57,-1.99,2.57,4.65,5.93,0.76,-0.1343,0.67,1,1,0.48,2.57,0.346,50.0,35.1,30.3,2026-04-10,2026-04-15,3.57,False,-1.99,False
2350,深主板,3,2,2026-02-26,2026-03-03,2026-02-25,2026-03-13,16.21,21.02,3.0,10.01,10.02,10.0,0.01,4.79,7.32,1.11,-0.0815,0.83,2.0,0.0,4.46,6.96,0.615,100.0,12.1,26.4,2026-02-25,2026-02-27,-10.88,4,-3.69,0.14,-9.01,3.89,10.12,17.35,0.89,-0.1196,0.62,2,1,0.72,3.54,0.375,50.0,27.3,35.2,2026-03-11,2026-03-16,-9.01,False,0.14,False
2354,深主板,2,1,2026-01-12,2026-01-14,2026-01-09,2026-01-15,8.23,9.93,2.0,9.93,9.93,9.93,0.0,7.05,7.43,1.76,0.5502,1.76,1.0,0.0,3.67,3.67,0.863,100.0,0.8,12.9,2026-01-09,2026-01-12,-4.39,4,-1.19,9.82,-7.85,7.84,9.14,10.08,0.75,-0.0907,0.82,0,2,-3.14,-0.52,0.69,50.0,19.3,11.7,2026-01-13,2026-01-16,-5.53,False,-7.85,False
2355,深主板,2,2,2026-02-04,2026-02-05,2026-02-03,2026-02-06,7.57,21.04,3.0,10.02,10.03,10.0,0.02,6.29,9.56,5.03,0.6288,5.63,1.0,0.0,0.87,2.06,0.764,66.7,2.6,21.0,2026-02-03,2026-02-05,6.91,4,2.4,10.0,-3.34,5.6,6.65,9.56,1.27,0.0299,0.89,1,1,0.11,2.06,0.621,75.0,18.8,19.1,2026-02-04,2026-02-09,-3.34,False,0.55,False
2356,深主板,2,2,2026-02-27,2026-03-02,2026-02-26,2026-03-03,4.86,20.83,3.0,9.92,9.95,9.9,0.03,7.25,9.91,4.8,0.6273,5.44,1.0,0.0,0.59,1.18,0.844,66.7,7.4,8.2,2026-02-26,2026-03-02,3.32,4,1.27,9.95,-3.23,6.14,9.42,10.02,1.36,0.0786,1.12,1,1,-0.13,1.18,0.561,50.0,18.7,25.2,2026-02-27,2026-03-04,-3.23,False,-2.9,False
2358,深主板,3,3,2026-01-16,2026-01-20,2026-01-15,2026-01-21,8.38,10.07,2.0,10.07,10.07,10.07,0.0,3.12,4.03,0.99,-0.0051,0.99,1.0,0.0,5.8,5.8,0.673,100.0,15.4,17.3,2026-01-15,2026-01-16,2.11,4,0.9,10.0,-4.1,6.45,5.69,12.83,14.46,0.6289,13.4,1,1,2.94,10.0,0.141,0.0,23.4,12.5,2026-01-19,2026-01-22,-3.2,False,-4.1,False
2361,深主板,3,2,2026-02-03,2026-02-06,2026-02-02,2026-02-09,16.09,18.88,4.0,6.09,10.04,-1.79,5.57,8.58,12.42,1.37,0.1534,1.73,2.0,1.0,0.7,1.97,0.611,50.0,28.0,11.0,2026-02-02,2026-02-05,6.71,4,2.33,10.04,-1.97,5.46,11.39,13.53,1.12,0.0764,1.35,2,0,1.15,1.84,0.514,50.0,17.8,30.8,2026-02-05,2026-02-10,-1.97,False,-1.07,False
2361,深主板,4,4,2026-03-26,2026-03-31,2026-03-25,2026-04-02,18.3,21.03,3.0,10.01,10.03,10.0,0.01,8.03,11.95,4.17,0.682,5.25,1.0,1.0,-0.47,2.13,0.762,100.0,14.8,9.0,2026-03-25,2026-03-27,-4.61,4,-1.41,3.03,-8.96,5.37,9.24,11.76,1.08,0.0889,1.6,1,0,0.88,3.03,0.371,50.0,28.0,34.9,2026-03-31,2026-04-03,1.71,False,-8.96,False
2361,深主板,2,2,2026-04-20,2026-04-21,2026-04-17,2026-04-22,23.95,,,,,,,,,,,,,,,,,,,,2026-04-17,2026-04-15,11.44,4,3.81,9.99,-2.79,5.22,7.75,9.11,0.97,-0.0113,0.97,1,1,1.02,4.07,0.709,75.0,5.9,23.2,2026-04-20,2026-04-23,4.23,False,-2.79,False
2364,深主板,4,4,2026-04-09,2026-04-14,2026-04-08,2026-04-21,45.45,20.98,3.0,9.99,9.99,9.99,0.0,1.03,3.1,0.17,-1.002,0.11,2.0,0.0,9.99,9.99,0.237,33.3,2.6,7.0,2026-04-08,2026-04-10,6.92,4,2.31,6.82,-0.95,3.29,7.47,8.6,0.94,-0.0294,0.91,1,0,0.55,1.39,0.405,50.0,24.3,35.2,2026-04-17,2026-04-22,1.05,False,-0.95,False
2374,深主板,2,2,2026-05-15,2026-05-18,2026-05-14,2026-05-19,3.97,21.05,3.0,10.02,10.14,9.91,0.12,6.21,7.32,1.87,0.4834,2.53,2.0,0.0,6.31,10.14,0.308,33.3,26.7,42.6,2026-05-14,2026-05-18,6.48,4,2.27,10.14,-2.56,5.62,6.52,8.14,1.7,0.1836,1.83,1,1,1.5,10.14,0.353,50.0,22.9,41.8,2026-05-15,2026-05-20,-2.56,False,-0.79,False
2378,深主板,2,2,2026-02-11,2026-02-12,2026-02-10,2026-03-03,46.2,20.97,3.0,9.99,9.99,9.99,0.0,7.61,9.55,1.25,0.2538,1.59,1.0,0.0,1.08,2.68,0.703,66.7,13.8,15.9,2026-02-10,2026-02-12,10.79,4,3.67,8.23,-5.26,6.31,9.89,16.14,1.62,0.286,3.93,1,1,0.78,10.0,0.646,50.0,14.3,21.1,2026-02-27,2026-03-04,-5.26,False,8.05,False
2378,深主板,3,3,2026-02-25,2026-02-27,2026-02-24,2026-03-03,46.2,,,,,,,,,,,,,,,,,,,,2026-02-24,2026-02-12,10.79,4,3.67,8.23,-5.26,6.31,9.89,16.14,1.62,0.286,3.93,1,1,0.78,10.0,0.646,50.0,14.3,21.1,2026-02-27,2026-03-04,-5.26,False,8.05,False
2384,深主板,2,2,2026-04-08,2026-04-09,2026-04-07,2026-04-15,151.0,21.0,3.0,10.0,10.0,10.0,0.0,3.04,4.72,1.28,0.444,2.05,2.0,0.0,8.37,10.0,0.325,33.3,9.3,58.2,2026-04-07,2026-04-09,1.85,4,0.62,2.57,-0.57,1.39,4.15,5.08,0.83,-0.1006,0.74,0,0,-0.19,0.12,0.385,75.0,38.4,23.0,2026-04-13,2026-04-16,-0.14,False,2.57,False
2389,深主板,2,1,2026-03-02,2026-03-04,2026-02-27,2026-03-05,29.85,19.23,4.0,6.18,10.02,-1.47,5.41,5.98,10.88,2.08,0.3656,8.23,2.0,1.0,2.95,8.91,0.512,75.0,18.0,30.8,2026-02-27,2026-03-04,5.58,4,2.03,10.02,-5.77,6.45,7.93,10.88,1.14,0.003,0.88,0,3,-2.17,-1.8,0.665,50.0,16.3,17.3,2026-03-03,2026-03-06,1.84,False,-5.77,False
2400,深主板,4,4,2026-01-09,2026-01-14,2026-01-08,2026-01-15,13.9,9.97,2.0,9.97,9.97,9.97,0.0,7.21,9.64,1.83,0.5881,1.83,0.0,0.0,0.0,0.0,0.692,100.0,13.3,17.4,2026-01-08,2026-01-09,-8.21,4,-2.42,10.04,-10.0,8.88,8.96,11.73,1.23,-0.0019,0.74,0,1,-1.0,0.29,0.62,25.0,1.9,36.1,2026-01-13,2026-01-16,-7.31,False,-10.0,True
2413,深主板,2,2,2026-01-06,2026-01-07,2026-01-05,2026-01-13,20.29,9.99,2.0,9.99,9.99,9.99,0.0,3.26,6.52,5.22,1.3568,5.22,1.0,0.0,5.0,5.0,0.348,50.0,0.0,15.2,2026-01-05,2026-01-06,-10.87,4,-3.32,10.0,-9.99,9.42,10.01,11.98,0.78,-0.1262,0.69,0,1,-1.32,0.55,0.76,50.0,11.2,12.9,2026-01-09,2026-01-14,-9.99,False,-9.99,True
2418,深主板,2,2,2026-04-10,2026-04-13,2026-04-09,2026-04-23,7.12,21.08,3.0,10.04,10.06,10.02,0.02,7.42,10.19,1.1,0.1099,1.23,1.0,0.0,1.66,3.51,0.833,100.0,8.6,8.1,2026-04-09,2026-04-13,0.33,4,0.34,9.95,-5.53,6.85,12.21,15.5,0.87,-0.1136,0.64,1,1,-0.03,2.52,0.722,25.0,16.2,11.6,2026-04-21,2026-04-24,-3.41,False,-5.53,False
2418,深主板,3,2,2026-04-17,2026-04-22,2026-04-16,2026-04-23,7.12,,,,,,,,,,,,,,,,,,,,2026-04-16,2026-04-13,0.33,4,0.34,9.95,-5.53,6.85,12.21,15.5,0.87,-0.1136,0.64,1,1,-0.03,2.52,0.722,25.0,16.2,11.6,2026-04-21,2026-04-24,-3.41,False,-5.53,False
2421,深主板,4,4,2026-05-15,2026-05-20,2026-05-14,2026-05-21,4.7,20.89,3.0,9.95,9.97,9.93,0.02,8.29,10.76,4.89,0.6748,5.85,0.0,0.0,0.34,0.68,0.879,66.7,2.6,9.6,2026-05-14,2026-05-18,2.06,3,1.4,10.05,-7.26,8.66,9.11,21.72,11.58,0.8564,14.8,2,0,6.31,10.05,0.163,0.0,12.4,38.0,2026-05-19,2026-05-21,-7.26,False,,
2428,深主板,2,2,2026-02-25,2026-02-26,2026-02-24,2026-02-27,48.83,21.02,3.0,10.01,10.01,10.01,0.0,2.99,3.14,0.81,-0.0917,0.84,2.0,0.0,9.93,9.99,0.079,66.7,16.2,75.9,2026-02-24,2026-02-26,13.21,4,4.46,10.01,-5.35,6.96,6.19,9.74,4.03,0.4557,3.82,1,0,3.53,9.99,0.361,75.0,3.8,60.1,2026-02-25,2026-03-02,8.72,False,-5.35,False
2428,深主板,2,1,2026-03-20,2026-03-24,2026-03-19,2026-03-30,54.3,13.03,4.0,4.47,10.0,-6.58,7.82,5.85,10.94,3.08,0.383,2.43,2.0,1.0,5.52,9.97,0.519,50.0,18.3,29.8,2026-03-19,2026-03-24,4.75,4,1.79,10.0,-6.57,6.77,8.93,12.62,1.28,0.0846,1.21,0,1,-1.52,0.0,0.62,50.0,20.4,17.7,2026-03-26,2026-03-31,1.93,False,-6.57,False
2428,深主板,3,2,2026-04-17,2026-04-22,2026-04-16,2026-04-23,82.76,21.01,3.0,10.0,10.01,10.0,0.0,4.9,6.63,1.67,0.2729,1.79,2.0,0.0,5.2,7.4,0.503,100.0,18.3,31.3,2026-04-16,2026-04-20,12.75,4,4.16,10.0,0.31,4.2,8.78,10.48,1.6,0.1236,1.16,1,1,0.18,1.4,0.307,100.0,45.4,23.9,2026-04-21,2026-04-24,2.18,False,0.31,False
2429,深主板,2,2,2026-02-09,2026-02-10,2026-02-06,2026-02-11,12.43,20.96,3.0,9.98,10.0,9.96,0.02,1.1,3.3,0.55,-0.3419,0.52,2.0,0.0,9.98,10.0,0.011,33.3,10.8,21.5,2026-02-06,2026-02-10,11.22,4,3.7,9.96,-0.35,4.49,4.45,9.8,8.08,0.5274,5.68,2,0,4.73,9.96,0.188,25.0,20.6,10.6,2026-02-09,2026-02-12,-0.35,False,1.5,False
2432,深主板,2,2,2026-03-18,2026-03-19,2026-03-17,2026-03-20,67.49,10.0,2.0,10.0,10.0,10.0,0.0,7.16,9.89,1.52,0.4135,1.52,0.0,0.0,-0.31,-0.31,0.495,100.0,47.1,3.4,2026-03-17,2026-03-18,0.95,4,0.54,10.01,-5.44,6.77,8.52,9.89,1.12,0.059,1.27,1,0,1.29,3.87,0.693,50.0,20.1,10.6,2026-03-18,2026-03-23,-5.44,False,-2.95,False
2432,深主板,3,2,2026-03-27,2026-04-01,2026-03-26,2026-04-10,94.8,,,,,,,,,,,,,,,,,,,,2026-03-26,2026-03-19,-1.9,4,-0.5,5.39,-7.35,5.25,7.54,10.21,0.98,0.0046,1.04,1,1,-0.51,1.33,0.537,75.0,20.7,25.6,2026-04-08,2026-04-13,5.39,False,-7.35,False
2440,深主板,2,2,2026-01-28,2026-01-29,2026-01-27,2026-02-04,13.1,10.03,2.0,10.03,10.03,10.03,0.0,4.71,5.12,0.94,-0.064,0.94,1.0,0.0,4.4,4.4,0.762,100.0,3.6,20.2,2026-01-27,2026-01-28,-0.33,4,-0.06,4.32,-3.69,3.31,7.65,8.18,0.71,-0.1788,0.59,0,2,-0.84,0.24,0.416,25.0,31.9,26.5,2026-02-02,2026-02-05,-0.8,False,-3.69,False
2440,深主板,2,2,2026-02-06,2026-02-09,2026-02-05,2026-02-10,15.6,,,,,,,,,,,,,,,,,,,,2026-02-05,2026-01-29,13.32,4,4.39,9.99,-2.67,5.27,7.2,8.82,2.44,0.2578,1.62,2,1,2.63,6.88,0.547,75.0,12.5,32.8,2026-02-06,2026-02-11,5.85,False,-2.67,False
2442,深主板,2,2,2026-05-20,2026-05-21,2026-05-19,2026-05-21,7.37,21.02,3.0,10.01,10.02,10.0,0.01,7.87,9.85,3.54,0.8332,5.48,1.0,0.0,0.9,1.79,0.59,66.7,21.1,19.9,2026-05-19,2026-05-21,21.02,3,10.01,10.02,10.0,0.01,7.87,9.85,3.54,0.8332,5.48,1,0,0.9,1.79,0.59,66.7,21.1,19.9,2026-05-19,2026-05-21,10.0,True,,
2445,深主板,5,5,2026-03-09,2026-03-13,2026-02-12,2026-03-16,4.77,21.22,3.0,10.1,10.13,10.07,0.03,1.08,3.24,0.13,-1.1212,0.05,2.0,0.0,10.1,10.13,0.296,0.0,0.0,3.7,2026-02-12,2026-03-10,-9.31,4,-2.8,10.05,-10.02,9.11,7.42,18.07,10.07,0.6296,46.21,2,1,3.08,10.05,0.291,0.0,18.0,2.9,2026-03-12,2026-03-17,-10.02,False,-8.42,False
2446,深主板,3,2,2026-01-12,2026-01-15,2026-01-09,2026-01-16,14.57,10.04,2.0,10.04,10.04,10.04,0.0,9.07,9.47,0.84,-0.1733,0.84,1.0,0.0,2.3,2.3,0.696,100.0,15.2,15.1,2026-01-09,2026-01-12,-10.94,4,-3.35,9.97,-10.02,9.42,10.03,18.13,0.79,-0.1012,0.73,0,3,-6.24,-2.52,0.785,50.0,18.8,2.7,2026-01-14,2026-01-19,-10.02,False,-10.0,True
2453,深主板,2,2,2026-04-30,2026-05-06,2026-04-29,2026-05-07,6.77,20.98,3.0,9.99,10.0,9.98,0.01,6.93,8.27,2.24,0.6897,3.52,1.0,0.0,4.77,8.56,0.567,100.0,4.5,38.7,2026-04-29,2026-05-06,12.12,4,3.99,9.98,-1.41,4.67,9.24,11.29,1.79,0.2734,3.6,1,1,1.45,8.56,0.445,100.0,26.5,29.1,2026-04-30,2026-05-08,3.4,False,-1.41,False
2455,深主板,4,3,2026-01-28,2026-02-03,2026-01-27,2026-02-25,15.6,20.94,3.0,9.97,9.99,9.96,0.01,4.51,5.42,3.81,0.7586,5.35,2.0,0.0,7.0,9.84,0.433,66.7,2.5,54.2,2026-01-27,2026-01-29,1.81,4,0.64,4.84,-1.54,2.97,10.59,12.47,1.12,0.0291,1.03,2,1,3.95,8.23,0.295,25.0,25.0,45.5,2026-02-13,2026-02-26,-1.38,False,-1.54,False
2455,深主板,4,4,2026-02-06,2026-02-11,2026-02-05,2026-02-25,15.6,,,,,,,,,,,,,,,,,,,,2026-02-05,2026-01-29,1.81,4,0.64,4.84,-1.54,2.97,10.59,12.47,1.12,0.0291,1.03,2,1,3.95,8.23,0.295,25.0,25.0,45.5,2026-02-13,2026-02-26,-1.38,False,-1.54,False
2462,深主板,2,2,2026-01-06,2026-01-07,2026-01-05,2026-01-08,19.69,21.01,3.0,10.01,10.01,10.0,0.01,3.62,8.23,0.73,-0.0381,0.94,2.0,0.0,9.97,10.01,0.667,66.7,0.0,33.3,2026-01-05,2026-01-07,-7.31,4,-2.12,10.01,-9.99,8.71,5.31,14.41,3.27,0.3902,3.62,2,1,2.57,10.01,0.57,25.0,14.3,28.7,2026-01-06,2026-01-09,-9.99,False,-6.39,False
2465,深主板,3,3,2026-01-12,2026-01-14,2026-01-09,2026-01-15,23.87,,,,,,,,,,,,,,,,,,,,2026-01-09,2026-01-06,-10.91,4,-3.34,10.0,-10.02,9.43,2.88,7.03,0.06,-0.5965,0.04,1,2,-3.34,10.0,0.0,0.0,0.0,50.0,2026-01-13,2026-01-16,-9.99,False,-10.02,True
2468,深主板,2,2,2026-04-15,2026-04-16,2026-04-14,2026-04-17,18.08,21.01,3.0,10.0,10.01,10.0,0.0,2.81,4.6,3.12,0.9947,5.8,2.0,0.0,9.91,10.0,0.252,33.3,4.1,37.4,2026-04-14,2026-04-16,3.66,4,1.4,10.01,-4.71,6.26,3.59,5.94,0.94,0.0875,4.43,1,0,3.22,9.82,0.282,25.0,16.3,30.5,2026-04-15,2026-04-20,-4.71,False,-1.11,False
2470,深主板,4,4,2026-02-24,2026-02-27,2026-02-13,2026-03-02,3.41,9.91,2.0,9.91,9.91,9.91,0.0,5.6,6.01,1.72,0.5299,1.72,1.0,0.0,4.25,4.25,0.838,50.0,4.5,11.7,2026-02-13,2026-02-24,-1.06,4,-0.11,9.93,-6.13,7.14,9.83,18.9,1.62,0.3034,26.94,3,0,4.69,8.06,0.471,25.0,12.3,15.5,2026-02-26,2026-03-03,-6.13,False,-4.12,False
2470,深主板,2,1,2026-03-13,2026-03-17,2026-03-12,2026-03-19,3.82,,,,,,,,,,,,,,,,,,,,2026-03-12,2026-03-06,-16.11,4,-5.6,-0.28,-10.12,4.06,11.46,14.29,0.68,-0.1648,0.62,1,2,-1.72,2.79,0.61,50.0,25.2,13.8,2026-03-17,2026-03-20,-6.41,False,-10.12,True
2471,深主板,2,2,2026-01-22,2026-01-23,2026-01-21,2026-01-26,9.02,10.04,2.0,10.04,10.04,10.04,0.0,1.91,3.82,0.4,-0.8598,0.4,1.0,0.0,10.04,10.04,0.296,0.0,14.8,5.6,2026-01-21,2026-01-22,9.13,4,3.22,10.03,-7.01,7.37,6.63,15.33,5.08,0.5596,7.46,2,0,4.76,10.03,0.371,25.0,7.5,5.4,2026-01-22,2026-01-27,-7.01,False,6.66,False
2471,深主板,2,2,2026-02-02,2026-02-03,2026-01-30,2026-02-10,10.87,,,,,,,,,,,,,,,,,,,,2026-01-30,2026-01-23,-4.81,4,-1.31,10.03,-8.19,8.08,10.2,12.08,0.81,-0.1095,0.69,0,1,-0.7,0.0,0.685,50.0,22.9,8.6,2026-02-06,2026-02-11,-8.19,False,-5.78,False
2487,深主板,2,2,2026-03-12,2026-03-13,2026-03-11,2026-03-16,82.403,21.03,3.0,10.01,10.02,10.01,0.01,8.47,11.63,2.38,0.5871,3.25,0.0,0.0,0.37,0.74,0.667,100.0,7.7,25.6,2026-03-11,2026-03-13,-2.18,4,-0.47,10.01,-6.39,7.43,9.77,11.63,1.13,0.0962,1.6,0,1,-0.03,0.91,0.73,50.0,16.9,10.1,2026-03-12,2026-03-17,-6.39,False,-5.01,False
2490,深主板,3,3,2026-03-02,2026-03-04,2026-02-27,2026-03-09,14.52,10.0,2.0,10.0,10.0,10.0,0.0,1.78,2.73,0.59,-0.5087,0.59,1.0,0.0,10.0,10.0,0.292,50.0,4.2,66.7,2026-02-27,2026-03-02,-6.14,4,-1.91,3.94,-9.97,5.89,8.04,10.5,0.99,0.0072,1.07,1,1,0.3,10.0,0.514,50.0,39.1,9.5,2026-03-05,2026-03-10,0.3,False,-9.97,True
2491,深主板,2,2,2026-01-30,2026-02-02,2026-01-29,2026-02-06,9.81,21.01,3.0,10.0,10.06,9.94,0.06,11.45,18.09,0.93,-0.0343,0.93,1.0,1.0,1.18,7.26,0.657,100.0,10.8,23.5,2026-01-29,2026-02-02,1.82,4,0.66,3.79,-3.96,3.34,10.16,12.26,0.83,-0.1234,0.67,1,1,-2.46,1.61,0.214,75.0,40.3,38.3,2026-02-04,2026-02-09,3.79,False,2.15,False
2491,深主板,2,1,2026-02-24,2026-02-26,2026-02-13,2026-03-04,13.19,10.04,2.0,10.04,10.04,10.04,0.0,9.14,13.17,0.89,-0.1122,0.89,1.0,0.0,5.83,5.83,0.678,50.0,19.7,12.5,2026-02-13,2026-02-24,9.71,4,3.29,9.98,-3.56,5.53,12.15,17.23,0.95,-0.0327,0.88,2,1,-1.46,4.41,0.66,75.0,16.8,17.2,2026-03-02,2026-03-05,3.43,False,-3.56,False
2491,深主板,2,2,2026-03-24,2026-03-25,2026-03-23,2026-03-31,12.8,21.02,3.0,10.01,10.04,9.98,0.03,6.01,7.92,1.05,-0.2892,0.4,2.0,0.0,5.12,6.95,0.645,66.7,14.1,21.3,2026-03-23,2026-03-25,6.6,4,2.2,4.72,-1.97,2.97,11.08,17.3,1.12,0.0201,0.98,0,2,-2.25,-0.98,0.429,75.0,32.0,25.1,2026-03-27,2026-04-01,4.72,False,-1.97,False
2491,深主板,2,2,2026-04-07,2026-04-08,2026-04-03,2026-04-09,16.66,,,,,,,,,,,,,,,,,,,,2026-04-03,2026-03-25,5.57,4,2.19,9.99,-9.6,8.48,9.38,14.0,2.67,0.2873,1.68,2,1,2.07,7.6,0.581,75.0,11.4,30.5,2026-04-07,2026-04-10,6.18,False,-9.6,False
2491,深主板,2,1,2026-04-16,2026-04-20,2026-04-15,2026-04-23,18.2,,,,,,,,,,,,,,,,,,,,2026-04-15,2026-04-08,-6.57,4,-2.16,2.81,-7.01,4.01,7.15,9.52,0.78,-0.1073,0.74,0,2,-1.64,-0.78,0.33,50.0,49.9,17.1,2026-04-21,2026-04-24,-2.26,False,-7.01,False
2491,深主板,4,4,2026-05-07,2026-05-12,2026-05-06,2026-05-13,27.45,10.02,2.0,10.02,10.02,10.02,0.0,4.95,8.67,0.35,-0.959,0.35,1.0,0.0,10.02,10.02,0.351,50.0,9.8,55.1,2026-05-06,2026-05-07,8.45,4,3.08,9.99,-8.53,8.26,6.54,9.05,2.39,0.3201,2.63,1,1,1.63,7.79,0.461,50.0,8.0,46.0,2026-05-11,2026-05-14,7.8,False,-8.53,False
2498,深主板,3,3,2026-01-16,2026-01-20,2026-01-15,2026-01-26,6.53,21.21,3.0,10.1,10.1,10.09,0.0,2.59,5.5,1.33,-0.1318,0.68,2.0,0.0,7.07,10.09,0.37,66.7,14.8,14.8,2026-01-15,2026-01-19,-6.45,4,-2.07,3.87,-8.27,4.96,11.47,16.86,0.79,-0.137,0.64,0,2,-3.05,0.84,0.413,75.0,37.0,21.7,2026-01-22,2026-01-27,3.87,False,-8.27,False
2498,深主板,4,4,2026-02-12,2026-02-25,2026-02-11,2026-02-26,8.79,10.02,2.0,10.02,10.02,10.02,0.0,6.63,10.41,3.21,1.0491,3.21,1.0,0.0,1.43,1.43,0.75,50.0,12.5,12.5,2026-02-11,2026-02-12,10.87,4,3.61,10.07,-1.43,4.8,7.49,11.34,1.7,0.1657,1.44,1,0,1.5,5.1,0.497,75.0,15.7,34.6,2026-02-24,2026-02-27,2.2,False,-1.43,False
2498,深主板,3,3,2026-03-04,2026-03-06,2026-03-03,2026-03-13,10.95,,,,,,,,,,,,,,,,,,,,2026-03-03,2026-02-13,-0.32,4,0.21,9.96,-9.44,7.92,11.08,16.49,1.54,0.125,1.24,1,1,-0.24,2.89,0.666,50.0,18.2,15.2,2026-03-11,2026-03-16,-9.44,False,0.11,False
2498,深主板,2,2,2026-05-12,2026-05-13,2026-05-11,2026-05-14,11.7,10.0,2.0,10.0,10.0,10.0,0.0,7.38,10.59,1.74,0.5392,1.74,0.0,0.0,-0.99,-0.99,0.551,50.0,30.3,14.7,2026-05-11,2026-05-12,-4.4,4,-1.18,9.99,-7.81,7.94,10.76,15.57,1.57,0.0932,1.03,3,0,4.48,6.27,0.86,50.0,2.1,11.9,2026-05-12,2026-05-15,-7.81,False,-5.71,False
2506,深主板,2,2,2026-01-23,2026-01-26,2026-01-22,2026-01-28,3.83,21.05,3.0,10.02,10.18,9.87,0.15,5.53,7.96,1.08,0.1667,1.35,2.0,0.0,5.64,9.87,0.59,66.7,7.7,33.3,2026-01-22,2026-01-26,3.19,4,1.17,6.96,-4.88,4.83,10.11,15.72,1.05,0.1305,2.6,0,1,-0.59,0.54,0.31,50.0,24.7,44.3,2026-01-26,2026-01-29,-4.88,False,1.42,False
2506,深主板,4,4,2026-02-04,2026-02-09,2026-02-03,2026-02-11,5.74,,,,,,,,,,,,,,,,,,,,2026-02-03,2026-01-26,-5.36,4,-1.65,4.37,-9.32,5.71,9.42,12.17,1.41,0.2227,3.61,1,1,1.12,7.34,0.231,25.0,32.8,44.1,2026-02-09,2026-02-12,0.0,False,-9.32,False
2512,深主板,2,2,2026-01-09,2026-01-12,2026-01-08,2026-01-13,8.38,10.0,2.0,10.0,10.0,10.0,0.0,6.33,8.37,1.23,0.2071,1.23,0.0,0.0,0.79,0.79,0.833,100.0,5.6,11.1,2026-01-08,2026-01-09,7.07,4,2.44,9.96,-1.97,5.34,7.85,12.85,2.93,0.3049,1.88,2,1,6.24,9.97,0.504,50.0,19.2,30.5,2026-01-09,2026-01-14,-1.97,False,-0.67,False
2519,深主板,6,5,2026-01-06,2026-01-14,2026-01-05,2026-01-15,10.69,9.96,2.0,9.96,9.96,9.96,0.0,6.52,8.84,0.53,-0.6165,0.53,1.0,0.0,7.43,7.43,0.67,100.0,0.0,33.0,2026-01-05,2026-01-06,-10.94,4,-3.35,9.98,-10.03,9.43,8.77,22.07,0.11,-0.6842,0.04,0,2,-6.48,-0.29,0.555,25.0,18.4,1.1,2026-01-13,2026-01-16,-10.03,False,-9.99,True
2524,深主板,2,2,2026-01-26,2026-01-27,2026-01-23,2026-01-28,5.37,21.13,3.0,10.06,10.1,10.02,0.04,9.35,15.29,5.27,0.9873,8.6,0.0,0.0,-0.17,0.65,0.726,66.7,4.8,22.6,2026-01-23,2026-01-27,-6.73,4,-1.94,10.1,-8.63,8.53,9.4,15.29,1.55,0.207,3.09,0,2,-5.2,-0.99,0.578,75.0,24.6,17.6,2026-01-26,2026-01-29,-8.63,False,-7.28,False
2536,深主板,2,2,2026-04-08,2026-04-09,2026-04-07,2026-04-14,37.48,20.98,3.0,9.99,10.0,9.99,0.01,5.79,7.78,2.1,0.5694,2.98,2.0,0.0,2.63,3.82,0.922,100.0,7.8,0.0,2026-04-07,2026-04-09,4.34,4,1.45,4.11,-1.21,2.17,5.03,8.08,0.91,-0.1014,0.67,0,0,-0.56,-0.06,0.339,50.0,55.6,10.5,2026-04-10,2026-04-15,4.11,False,-1.21,False
2546,深主板,3,2,2026-01-15,2026-01-20,2026-01-14,2026-01-21,10.33,9.97,2.0,9.97,9.97,9.97,0.0,5.67,8.81,2.7,0.9186,2.7,0.0,0.0,0.28,0.28,0.583,100.0,25.0,16.7,2026-01-14,2026-01-15,-1.32,4,-0.17,10.01,-7.33,7.4,9.47,11.44,0.96,-0.0309,0.88,1,2,-0.77,4.18,0.584,75.0,22.2,19.4,2026-01-19,2026-01-22,-3.2,False,-7.33,False
2552,深主板,4,4,2026-05-07,2026-05-12,2026-05-06,2026-05-20,39.31,21.01,3.0,10.0,10.02,9.98,0.02,5.92,7.12,0.82,-0.123,0.78,2.0,0.0,3.4,4.18,0.74,100.0,11.2,14.8,2026-05-06,2026-05-08,2.43,4,1.03,9.99,-6.66,6.86,7.68,10.03,1.91,0.2464,1.83,2,1,1.44,8.63,0.439,50.0,35.7,20.5,2026-05-18,2026-05-21,-6.66,False,-0.22,False
2552,深主板,2,2,2026-05-18,2026-05-19,2026-05-15,2026-05-20,39.31,,,,,,,,,,,,,,,,,,,,2026-05-15,2026-05-08,2.43,4,1.03,9.99,-6.66,6.86,7.68,10.03,1.91,0.2464,1.83,2,1,1.44,8.63,0.439,50.0,35.7,20.5,2026-05-18,2026-05-21,-6.66,False,-0.22,False
2554,深主板,2,2,2026-03-02,2026-03-03,2026-02-27,2026-03-04,5.08,9.91,2.0,9.91,9.91,9.91,0.0,4.49,6.87,3.26,1.0607,3.26,1.0,0.0,6.37,6.37,0.234,50.0,5.6,71.0,2026-02-27,2026-03-02,-1.72,4,-0.28,10.09,-8.38,7.71,8.07,9.79,0.87,-0.0589,0.83,1,1,-0.25,1.29,0.624,50.0,11.4,26.2,2026-03-02,2026-03-05,-8.38,False,-2.55,False
2560,深主板,3,3,2026-03-31,2026-04-02,2026-03-30,2026-04-03,10.264,21.01,3.0,10.0,10.02,9.99,0.01,5.55,7.5,3.26,0.5759,3.88,2.0,0.0,5.03,5.37,0.682,100.0,0.0,31.8,2026-03-30,2026-04-01,11.62,4,3.88,10.02,-3.38,5.53,10.19,14.9,1.33,0.1749,2.21,2,0,4.72,9.44,0.47,75.0,18.3,34.6,2026-04-01,2026-04-07,-3.38,False,4.99,False
2565,深主板,2,2,2026-03-17,2026-03-18,2026-03-16,2026-03-19,17.48,20.97,3.0,9.99,10.0,9.97,0.01,6.25,12.52,4.09,0.8331,6.09,2.0,0.0,4.52,6.94,0.661,100.0,13.0,20.8,2026-03-16,2026-03-18,4.75,4,1.94,9.97,-10.02,8.62,8.33,12.52,1.64,0.2408,2.87,2,0,1.01,2.1,0.765,75.0,12.8,10.7,2026-03-17,2026-03-20,5.86,False,-10.02,True
2574,深主板,3,3,2026-01-12,2026-01-14,2026-01-09,2026-01-15,7.59,10.05,2.0,10.05,10.05,10.05,0.0,5.95,9.29,2.89,0.9714,2.89,0.0,0.0,0.0,0.0,0.825,100.0,13.3,4.2,2026-01-09,2026-01-12,-9.16,4,-2.75,10.01,-10.01,9.05,9.65,13.39,0.55,-0.1561,0.78,0,3,-4.84,-1.82,0.791,75.0,14.5,6.5,2026-01-13,2026-01-16,-10.01,False,-8.24,False
2575,深主板,2,2,2026-03-09,2026-03-10,2026-03-06,2026-03-11,9.59,20.99,3.0,9.99,10.01,9.98,0.02,9.32,10.6,2.82,0.5821,3.57,1.0,0.0,0.71,2.24,0.725,100.0,14.9,12.5,2026-03-06,2026-03-10,5.36,4,1.92,9.98,-3.51,5.81,9.71,13.4,1.31,0.1,1.36,3,0,3.35,5.44,0.734,50.0,12.3,14.3,2026-03-09,2026-03-12,-3.51,False,-0.71,False
2578,深主板,2,2,2026-03-30,2026-03-31,2026-03-27,2026-04-01,4.68,21.19,3.0,10.09,10.09,10.08,0.01,1.93,3.88,2.62,0.7744,4.22,2.0,0.0,9.85,10.08,0.341,66.7,6.7,25.9,2026-03-27,2026-03-31,-0.47,4,0.1,10.09,-6.82,7.24,5.54,10.61,3.36,0.4544,7.68,2,0,4.28,9.62,0.396,25.0,5.6,29.9,2026-03-30,2026-04-02,-6.82,False,-2.97,False
2580,深主板,7,7,2026-04-09,2026-04-17,2026-04-08,2026-04-20,33.64,,,,,,,,,,,,,,,,,,,,2026-04-08,2026-03-31,6.83,4,2.64,10.0,-10.0,8.98,4.96,5.54,0.97,-0.0795,0.6,2,1,1.73,9.81,0.574,50.0,22.7,19.9,2026-04-16,2026-04-21,7.91,False,-10.0,True
2591,深主板,2,1,2026-04-30,2026-05-07,2026-04-29,2026-05-12,9.41,15.26,4.0,5.09,10.05,-4.78,6.98,5.96,8.79,3.86,0.4801,5.1,1.0,1.0,3.1,10.0,0.621,50.0,2.8,35.2,2026-04-29,2026-05-07,2.97,4,0.99,2.63,-0.22,1.2,5.31,6.05,0.59,-0.3009,0.39,1,0,0.11,1.45,0.291,50.0,57.4,13.5,2026-05-08,2026-05-13,0.56,False,-0.22,False
2623,深主板,2,2,2026-01-23,2026-01-26,2026-01-22,2026-01-29,26.5,20.98,3.0,9.99,10.0,9.98,0.01,6.9,8.78,8.13,0.9846,12.33,1.0,0.0,0.84,1.3,0.878,100.0,1.7,10.6,2026-01-22,2026-01-26,4.17,4,1.48,6.49,-4.93,4.77,12.01,16.85,0.76,-0.1919,0.48,0,2,-2.26,0.34,0.439,75.0,36.8,19.3,2026-01-27,2026-01-30,6.49,False,-4.93,False
2624,深主板,2,2,2026-02-06,2026-02-09,2026-02-05,2026-02-10,23.68,21.02,3.0,10.01,10.02,10.01,0.0,6.76,12.77,1.28,-0.0306,0.93,1.0,1.0,3.83,9.3,0.648,100.0,17.0,18.3,2026-02-05,2026-02-09,13.64,4,4.45,10.02,-1.02,4.51,7.4,12.77,2.77,0.2819,1.69,1,0,3.21,9.3,0.53,75.0,17.8,29.3,2026-02-06,2026-02-11,4.37,False,-1.02,False
2629,深主板,2,2,2026-03-02,2026-03-03,2026-02-27,2026-03-04,7.75,21.04,3.0,10.02,10.04,10.0,0.02,8.34,8.66,3.04,0.5874,3.77,2.0,0.0,3.53,5.97,0.541,100.0,16.7,29.2,2026-02-27,2026-03-03,-5.97,4,-1.67,10.04,-9.99,8.52,8.16,10.1,0.66,-0.1137,0.83,1,2,-2.75,1.09,0.604,50.0,13.3,26.4,2026-03-02,2026-03-05,-9.99,False,-5.07,False
2634,深主板,2,2,2026-03-30,2026-03-31,2026-03-27,2026-04-08,9.67,20.97,3.0,9.99,10.01,9.96,0.03,8.13,9.96,2.17,0.3538,2.26,1.0,0.0,3.23,7.01,0.706,100.0,2.2,27.3,2026-03-27,2026-03-31,1.08,4,0.58,10.01,-4.87,6.7,7.45,10.92,0.81,-0.0311,1.06,0,2,-2.42,0.23,0.435,50.0,22.8,33.6,2026-04-03,2026-04-09,10.01,True,-3.41,False
2636,深主板,2,1,2026-01-15,2026-01-19,2026-01-14,2026-01-27,27.54,10.0,2.0,10.0,10.0,10.0,0.0,7.58,10.64,1.86,0.6037,1.86,0.0,0.0,-0.61,-0.61,0.71,100.0,23.6,5.4,2026-01-14,2026-01-15,3.08,4,1.03,2.85,-1.27,1.72,6.76,8.71,0.69,-0.1562,0.65,0,1,-1.52,-0.47,0.397,75.0,25.2,35.0,2026-01-23,2026-01-28,1.52,False,-1.27,False
2636,深主板,2,2,2026-01-22,2026-01-23,2026-01-21,2026-01-27,27.54,,,,,,,,,,,,,,,,,,,,2026-01-21,2026-01-19,3.08,4,1.03,2.85,-1.27,1.72,6.76,8.71,0.69,-0.1562,0.65,0,1,-1.52,-0.47,0.397,75.0,25.2,35.0,2026-01-23,2026-01-28,1.52,False,-1.27,False
2639,深主板,3,2,2026-01-07,2026-01-12,2026-01-06,2026-01-13,29.21,10.02,2.0,10.02,10.02,10.02,0.0,7.58,10.25,1.37,0.3129,1.37,0.0,1.0,-1.15,-1.15,0.771,100.0,10.7,12.2,2026-01-06,2026-01-07,9.56,4,3.21,10.01,-1.43,4.92,11.24,13.58,0.8,-0.149,0.6,1,1,0.26,3.51,0.361,50.0,30.9,33.0,2026-01-09,2026-01-14,1.04,False,-1.43,False
2640,深主板,2,2,2026-04-30,2026-05-06,2026-04-29,2026-05-12,4.61,21.08,3.0,10.04,10.14,9.94,0.1,3.05,4.98,2.53,0.6494,3.63,2.0,0.0,9.08,9.94,0.322,66.7,10.3,57.6,2026-04-29,2026-05-06,7.26,4,2.54,9.93,-4.63,5.94,6.77,10.13,0.81,-0.0561,0.91,1,1,-0.19,1.32,0.74,75.0,18.2,7.8,2026-05-08,2026-05-13,-4.63,False,2.31,False
2645,深主板,2,2,2026-04-29,2026-04-30,2026-04-28,2026-05-11,30.12,20.99,3.0,9.99,10.0,9.99,0.01,5.89,8.54,1.57,0.3766,2.04,1.0,0.0,3.4,6.19,0.863,66.7,2.9,10.8,2026-04-28,2026-04-30,6.72,4,2.36,9.9,-4.45,5.88,6.74,9.6,1.27,0.0669,1.1,1,2,-0.85,2.19,0.646,75.0,11.0,24.4,2026-05-07,2026-05-12,9.9,True,-4.45,False
2652,深主板,2,2,2026-04-28,2026-04-29,2026-04-27,2026-05-08,6.77,20.94,3.0,9.97,9.98,9.96,0.01,7.72,8.9,1.2,0.0399,1.09,1.0,0.0,1.2,1.42,0.804,100.0,4.6,15.0,2026-04-27,2026-04-29,6.08,4,2.03,5.25,-1.67,2.85,7.05,11.23,0.62,-0.2201,0.5,0,1,-0.72,-0.33,0.271,75.0,49.8,23.1,2026-05-06,2026-05-11,2.5,False,-1.67,False
2655,深主板,2,2,2026-05-07,2026-05-08,2026-05-06,2026-05-11,41.11,10.02,2.0,10.02,10.02,10.02,0.0,7.77,9.52,0.53,-0.621,0.53,0.0,0.0,-0.06,-0.06,0.711,100.0,18.4,10.6,2026-05-06,2026-05-07,-2.62,4,-0.6,10.0,-7.67,7.63,10.48,15.56,2.42,0.3021,2.55,3,0,4.21,4.47,0.855,50.0,4.3,10.2,2026-05-07,2026-05-12,-7.67,False,-4.12,False
2663,深主板,2,2,2026-04-07,2026-04-08,2026-04-03,2026-04-09,2.47,9.95,2.0,9.95,9.95,9.95,0.0,10.7,11.44,1.0,-0.0031,1.0,0.0,0.0,0.0,0.0,0.824,50.0,4.3,13.2,2026-04-03,2026-04-07,6.79,4,2.35,9.95,-1.65,5.38,6.87,9.95,0.96,-0.0059,1.01,1,0,0.77,2.71,0.579,50.0,25.2,16.9,2026-04-07,2026-04-10,-1.65,False,-1.26,False
2667,深主板,3,2,2026-01-23,2026-01-28,2026-01-22,2026-01-29,22.97,21.0,3.0,10.0,10.0,10.0,0.0,7.09,9.03,0.75,-0.3105,0.48,1.0,0.0,2.84,5.11,0.624,100.0,19.4,18.1,2026-01-22,2026-01-26,4.13,4,1.73,9.98,-10.0,8.52,8.6,11.16,0.68,-0.2639,0.28,0,2,-2.52,-0.15,0.65,75.0,19.2,15.7,2026-01-27,2026-01-30,5.19,False,-10.0,True
2678,深主板,2,1,2026-01-29,2026-02-02,2026-01-28,2026-02-10,6.19,13.09,4.0,4.49,10.08,-6.57,7.82,7.1,9.95,1.53,0.1929,2.89,0.0,1.0,-0.83,0.0,0.837,50.0,4.4,12.0,2026-01-28,2026-02-02,0.17,4,0.09,3.28,-2.84,2.5,4.41,5.68,0.84,-0.0787,0.77,0,0,0.11,0.33,0.467,50.0,40.8,12.5,2026-02-06,2026-02-11,-0.17,False,-2.84,False
2707,深主板,2,2,2026-01-14,2026-01-15,2026-01-13,2026-01-16,8.93,21.04,3.0,10.02,10.05,9.99,0.03,3.87,6.3,1.01,-0.3156,0.37,2.0,0.0,6.62,10.05,0.377,66.7,28.3,0.6,2026-01-13,2026-01-15,1.45,4,0.77,10.05,-8.47,7.56,5.11,9.01,2.25,0.1519,0.99,2,1,3.21,10.05,0.483,25.0,19.9,6.9,2026-01-14,2026-01-19,-8.47,False,0.72,False
2716,深主板,5,3,2026-01-20,2026-01-28,2026-01-19,2026-01-29,21.3,10.03,2.0,10.03,10.03,10.03,0.0,7.91,9.44,0.96,-0.0443,0.96,1.0,0.0,2.04,2.04,0.537,50.0,0.7,45.6,2026-01-19,2026-01-20,7.94,4,3.01,9.98,-9.98,9.19,11.66,16.5,0.61,-0.326,0.19,1,1,-0.58,8.25,0.299,50.0,35.6,34.6,2026-01-27,2026-01-30,9.02,False,-9.98,True
2718,深主板,2,2,2026-01-06,2026-01-07,2026-01-05,2026-01-14,68.56,9.99,2.0,9.99,9.99,9.99,0.0,3.84,4.5,0.37,-0.9302,0.37,1.0,0.0,8.7,8.7,0.185,50.0,0.0,81.5,2026-01-05,2026-01-06,8.9,4,3.33,10.01,-10.01,9.43,9.37,11.67,0.59,-0.31,0.24,2,0,2.28,5.44,0.871,75.0,0.0,12.9,2026-01-12,2026-01-15,10.0,True,-10.01,True
2718,深主板,3,3,2026-01-12,2026-01-14,2026-01-09,2026-01-15,67.99,,,,,,,,,,,,,,,,,,,,2026-01-09,2026-01-06,-10.91,4,-3.34,10.0,-10.01,9.43,6.45,10.19,0.36,-0.3552,0.44,1,1,-2.87,2.23,0.621,50.0,0.0,12.9,2026-01-13,2026-01-16,-10.01,False,-10.0,True
2723,深主板,2,2,2026-02-10,2026-02-11,2026-02-09,2026-02-12,11.04,21.04,3.0,10.02,10.04,10.0,0.02,7.99,15.32,1.6,0.7189,3.01,2.0,0.0,10.02,10.04,0.241,33.3,8.4,34.1,2026-02-09,2026-02-11,-10.61,4,-3.23,10.04,-9.98,9.38,6.73,15.32,0.91,0.1851,9.27,1,2,-0.6,10.04,0.382,0.0,10.5,26.3,2026-02-10,2026-02-13,-9.98,False,-9.75,False
2757,深主板,2,1,2026-01-06,2026-01-08,2026-01-05,2026-01-13,29.45,9.99,2.0,9.99,9.99,9.99,0.0,4.89,6.35,0.83,-0.1836,0.83,1.0,0.0,9.99,9.99,0.261,50.0,0.0,73.9,2026-01-05,2026-01-06,5.68,4,2.09,8.0,-7.37,6.76,13.62,17.79,0.8,-0.1086,0.74,2,1,1.2,3.56,0.507,75.0,32.9,16.4,2026-01-09,2026-01-14,-7.37,False,5.64,False
2769,深主板,2,2,2026-01-12,2026-01-13,2026-01-09,2026-01-14,15.13,10.04,2.0,10.04,10.04,10.04,0.0,5.28,8.0,1.29,0.2506,1.29,1.0,0.0,1.23,1.23,0.741,50.0,8.6,17.2,2026-01-09,2026-01-12,6.4,4,2.32,10.0,-6.6,6.83,8.98,11.8,1.73,0.1881,1.82,2,1,0.61,1.76,0.689,75.0,14.5,16.5,2026-01-12,2026-01-15,3.56,False,-6.6,False
2771,深主板,2,2,2026-03-24,2026-03-25,2026-03-23,2026-04-01,17.5,21.02,3.0,10.01,10.01,10.01,0.0,10.11,10.86,1.03,0.1443,1.29,1.0,0.0,1.85,2.86,0.82,66.7,3.3,14.7,2026-03-23,2026-03-25,-2.26,4,-0.74,1.66,-2.04,1.7,5.32,5.84,0.75,-0.1291,0.66,2,1,0.74,1.87,0.623,50.0,14.6,23.2,2026-03-30,2026-04-02,-2.04,False,-1.85,False
2774,深主板,4,4,2026-01-06,2026-01-09,2026-01-05,2026-01-12,16.45,9.99,2.0,9.99,9.99,9.99,0.0,8.33,9.99,3.07,1.017,3.07,1.0,0.0,3.33,3.33,0.914,100.0,0.0,8.6,2026-01-05,2026-01-06,-6.03,4,-1.69,10.01,-10.01,8.52,11.57,21.07,1.75,-0.0314,0.4,2,1,2.54,10.03,0.786,50.0,3.8,17.6,2026-01-08,2026-01-13,-5.08,False,-10.01,True
2782,深主板,2,2,2026-05-13,2026-05-14,2026-05-12,2026-05-20,30.66,20.98,3.0,9.99,9.99,9.99,0.0,7.62,9.37,1.52,0.4706,2.27,1.0,0.0,1.54,2.75,0.745,66.7,0.0,25.5,2026-05-12,2026-05-14,12.44,4,4.07,10.01,-0.14,4.32,8.19,9.89,1.88,0.2552,2.01,2,0,5.74,10.04,0.73,25.0,10.7,16.3,2026-05-18,2026-05-21,2.36,False,-0.14,False
2787,深主板,2,2,2026-04-23,2026-04-24,2026-04-22,2026-04-27,22.4,,,,,,,,,,,,,,,,,,,,2026-04-22,2026-04-15,-4.22,4,-1.08,9.98,-10.01,8.3,10.27,16.42,1.91,0.3321,2.14,2,1,-0.68,2.78,0.817,75.0,17.1,1.2,2026-04-23,2026-04-28,-10.01,False,-3.22,False
2788,深主板,3,3,2026-01-06,2026-01-08,2026-01-05,2026-01-13,28.29,10.02,2.0,10.02,10.02,10.02,0.0,10.64,11.28,0.81,-0.2065,0.81,1.0,0.0,1.55,1.55,0.716,100.0,15.9,12.5,2026-01-05,2026-01-06,-9.4,4,-3.16,1.72,-7.46,3.77,11.59,19.14,1.22,0.1349,1.47,2,0,1.37,2.05,0.272,0.0,33.9,38.8,2026-01-09,2026-01-14,-3.74,False,-7.46,False
2792,深主板,3,2,2026-01-07,2026-01-12,2026-01-06,2026-01-13,73.35,10.01,2.0,10.01,10.01,10.01,0.0,11.63,13.47,0.79,-0.2311,0.79,0.0,0.0,-0.76,-0.76,0.833,100.0,16.5,0.2,2026-01-06,2026-01-07,3.6,4,1.55,10.0,-10.0,8.46,8.85,18.84,2.11,0.1288,0.94,2,1,3.1,10.0,0.438,50.0,12.3,18.9,2026-01-09,2026-01-14,4.65,False,-10.0,True
2796,深主板,2,2,2026-01-15,2026-01-16,2026-01-14,2026-01-22,49.59,,,,,,,,,,,,,,,,,,,,2026-01-14,2026-01-07,4.08,4,1.54,9.63,-5.87,6.35,8.27,10.23,0.94,-0.0225,0.95,0,1,-0.64,0.4,0.415,50.0,20.8,37.7,2026-01-20,2026-01-23,0.86,False,-5.87,False
2802,深主板,2,2,2026-04-16,2026-04-17,2026-04-15,2026-04-20,17.02,21.01,3.0,10.0,10.02,9.99,0.02,6.85,9.08,3.1,0.5869,3.82,1.0,0.0,0.61,1.21,0.668,66.7,8.7,24.5,2026-04-15,2026-04-17,-0.54,4,0.06,10.02,-5.74,7.07,8.66,13.32,1.96,0.2156,1.83,1,1,-2.04,1.21,0.684,75.0,15.7,15.9,2026-04-16,2026-04-21,-4.1,False,-5.74,False
2805,深主板,3,3,2026-04-29,2026-05-06,2026-04-28,2026-05-13,27.3,21.03,3.0,10.01,10.01,10.01,0.0,4.54,5.83,0.74,-0.2942,0.51,2.0,0.0,7.03,9.2,0.441,100.0,15.8,40.1,2026-04-28,2026-04-30,-3.5,4,-0.84,9.99,-10.0,8.25,7.28,10.26,0.72,-0.1335,0.76,0,1,-0.73,0.0,0.707,50.0,10.9,18.4,2026-05-11,2026-05-14,9.99,True,-10.0,True
2809,深主板,2,2,2026-01-20,2026-01-21,2026-01-19,2026-01-26,14.58,21.0,3.0,10.0,10.0,10.0,0.0,5.76,9.75,3.72,0.6781,4.81,1.0,0.0,3.39,6.78,0.868,100.0,0.0,13.2,2026-01-19,2026-01-21,1.53,4,0.66,7.17,-6.48,5.59,9.71,14.68,0.88,-0.1014,0.68,0,2,-3.45,-0.91,0.46,75.0,38.3,15.6,2026-01-22,2026-01-27,7.17,False,-6.48,False
2811,深主板,2,2,2026-02-24,2026-02-25,2026-02-13,2026-02-26,17.98,21.0,3.0,10.0,10.02,9.98,0.02,6.42,9.18,3.81,0.5502,4.16,1.0,0.0,0.61,1.23,0.679,66.7,25.0,7.1,2026-02-13,2026-02-25,5.02,4,1.81,9.98,-2.98,5.8,6.85,9.18,1.27,0.0694,1.13,0,0,-0.04,0.0,0.723,50.0,12.1,15.6,2026-02-24,2026-02-27,-1.58,False,-2.98,False
2821,深主板,2,2,2026-03-31,2026-04-01,2026-03-30,2026-04-02,129.8,21.0,3.0,10.0,10.0,10.0,0.0,4.67,7.71,4.09,0.544,4.33,2.0,0.0,4.2,4.94,0.747,100.0,3.9,21.4,2026-03-30,2026-04-01,10.19,4,3.44,10.0,-3.62,5.57,5.47,7.71,1.43,0.1104,1.25,2,1,1.32,3.47,0.704,75.0,13.0,16.6,2026-03-31,2026-04-03,3.94,False,-3.62,False
2824,深主板,2,2,2026-04-09,2026-04-10,2026-04-08,2026-04-16,31.83,21.02,3.0,10.01,10.01,10.01,0.0,6.34,10.19,2.13,0.324,2.14,1.0,0.0,3.73,7.84,0.629,100.0,5.7,31.4,2026-04-08,2026-04-10,12.07,4,4.01,9.99,-2.84,5.27,9.34,11.81,1.42,0.1479,1.45,2,1,0.82,4.09,0.669,50.0,19.5,13.7,2026-04-14,2026-04-17,-2.84,False,4.86,False
2828,深主板,2,2,2026-03-02,2026-03-03,2026-02-27,2026-03-04,17.9,9.98,2.0,9.98,9.98,9.98,0.0,2.75,2.81,1.39,0.3248,1.39,1.0,0.0,9.98,9.98,0.118,50.0,13.2,75.0,2026-02-27,2026-03-02,-0.67,4,0.1,10.01,-9.66,8.03,9.02,19.38,3.05,0.3545,2.46,2,1,2.37,9.29,0.465,25.0,14.7,38.8,2026-03-02,2026-03-05,-0.06,False,-9.66,False
2830,深主板,6,4,2026-01-30,2026-02-09,2026-01-29,2026-02-10,35.74,9.98,2.0,9.98,9.98,9.98,0.0,7.59,10.54,1.36,0.3047,1.36,0.0,0.0,-0.66,-0.66,0.607,100.0,28.6,10.7,2026-01-29,2026-01-30,-9.56,4,-2.88,10.02,-10.0,9.14,11.42,18.21,1.23,-0.0728,0.55,2,1,0.2,5.09,0.745,50.0,23.5,2.0,2026-02-06,2026-02-11,-8.66,False,-10.0,True
2842,深主板,2,1,2026-01-26,2026-01-28,2026-01-23,2026-01-29,30.78,10.01,2.0,10.01,10.01,10.01,0.0,10.51,10.82,0.82,-0.1972,0.82,0.0,0.0,0.09,0.09,0.548,100.0,20.3,24.9,2026-01-23,2026-01-26,-0.38,4,0.12,9.99,-6.18,7.07,12.6,14.7,1.01,-0.0024,0.98,2,1,-1.38,3.02,0.49,75.0,32.5,18.5,2026-01-27,2026-01-30,-3.47,False,-6.18,False
2842,深主板,2,2,2026-02-11,2026-02-12,2026-02-10,2026-03-03,48.5,,,,,,,,,,,,,,,,,,,,2026-02-10,2026-02-06,10.8,4,3.66,10.01,-4.46,6.04,10.39,13.9,1.43,0.1698,1.82,1,1,-0.32,3.78,0.721,75.0,19.2,8.7,2026-02-27,2026-03-04,-4.46,False,5.43,False
2842,深主板,2,2,2026-02-27,2026-03-02,2026-02-26,2026-03-03,48.5,,,,,,,,,,,,,,,,,,,,2026-02-26,2026-02-11,10.8,4,3.66,10.01,-4.46,6.04,10.39,13.9,1.43,0.1698,1.82,1,1,-0.32,3.78,0.721,75.0,19.2,8.7,2026-02-27,2026-03-04,-4.46,False,5.43,False
2842,深主板,2,2,2026-04-29,2026-04-30,2026-04-28,2026-05-07,40.2,21.0,3.0,10.0,10.0,10.0,0.0,6.46,7.63,1.96,0.4201,2.38,2.0,0.0,3.9,4.34,0.758,100.0,3.0,21.2,2026-04-28,2026-04-30,-2.44,4,-0.79,2.29,-4.04,2.58,4.49,5.14,0.6,-0.2116,0.54,1,1,-0.02,1.4,0.497,50.0,23.0,27.2,2026-04-30,2026-05-08,-0.61,False,-4.04,False
2843,深主板,3,3,2026-02-26,2026-03-02,2026-02-25,2026-03-03,30.58,10.01,2.0,10.01,10.01,10.01,0.0,6.71,7.38,0.78,-0.2463,0.78,1.0,0.0,7.14,7.14,0.651,50.0,6.2,28.7,2026-02-25,2026-02-26,11.63,4,3.87,10.01,-2.69,5.19,5.9,11.62,4.99,0.5011,6.74,2,0,3.39,6.25,0.264,25.0,20.1,28.6,2026-02-27,2026-03-04,4.28,False,-2.69,False
2865,深主板,2,1,2026-01-06,2026-01-08,2026-01-05,2026-01-19,96.2,10.0,2.0,10.0,10.0,10.0,0.0,7.03,9.21,1.22,0.1995,1.22,1.0,0.0,1.31,1.31,0.805,50.0,7.6,11.8,2026-01-05,2026-01-06,1.97,4,0.86,8.57,-7.21,6.45,10.73,11.23,1.02,0.0279,1.13,0,1,-1.77,-0.63,0.489,75.0,35.5,15.6,2026-01-15,2026-01-20,1.23,False,-7.21,False
2865,深主板,2,2,2026-01-22,2026-01-23,2026-01-21,2026-01-26,109.38,,,,,,,,,,,,,,,,,,,,2026-01-21,2026-01-13,15.18,4,4.98,10.0,-3.05,5.74,7.19,11.82,3.16,0.3622,1.95,2,1,5.75,10.0,0.451,50.0,7.1,47.8,2026-01-22,2026-01-27,8.0,False,-3.05,False
2865,深主板,2,2,2026-05-08,2026-05-11,2026-05-07,2026-05-14,110.63,21.0,3.0,10.0,10.01,10.0,0.0,6.54,8.53,1.04,-0.0239,0.95,2.0,0.0,5.97,9.5,0.547,100.0,10.6,34.6,2026-05-07,2026-05-11,-6.46,4,-2.2,-1.2,-3.06,0.76,9.43,11.3,1.06,-0.0158,0.88,1,0,1.13,4.44,0.367,0.0,31.9,31.4,2026-05-12,2026-05-15,-1.2,False,-3.06,False
2877,深主板,2,2,2026-03-04,2026-03-05,2026-03-03,2026-03-06,11.6,21.0,3.0,10.0,10.0,10.0,0.0,6.27,10.81,2.86,0.4604,3.06,1.0,0.0,4.56,10.0,0.557,33.3,7.5,36.8,2026-03-03,2026-03-05,10.61,4,3.52,10.0,0.09,4.59,7.92,10.81,2.48,0.2903,2.12,1,1,0.95,10.0,0.442,75.0,23.5,32.2,2026-03-04,2026-03-09,0.09,False,0.46,False
2902,深主板,2,2,2026-03-25,2026-03-26,2026-03-24,2026-04-09,30.79,10.0,2.0,10.0,10.0,10.0,0.0,2.61,5.21,0.13,-1.5337,0.13,1.0,0.0,10.0,10.0,0.24,50.0,3.3,22.8,2026-03-24,2026-03-25,5.13,4,1.84,10.0,-2.64,5.78,6.17,9.23,1.23,0.0175,0.88,2,1,3.37,10.0,0.154,0.0,41.2,43.4,2026-04-07,2026-04-10,-1.84,False,-2.64,False
2902,深主板,2,2,2026-04-27,2026-04-28,2026-04-24,2026-05-15,43.03,10.0,2.0,10.0,10.0,10.0,0.0,2.58,4.77,0.52,-0.6395,0.52,1.0,0.0,9.57,9.57,0.706,50.0,19.8,9.7,2026-04-24,2026-04-27,-2.95,4,-0.98,1.23,-2.1,1.56,7.84,11.06,0.92,-0.0953,0.67,0,2,-1.13,0.1,0.354,75.0,46.1,18.5,2026-05-13,2026-05-18,1.23,False,-2.1,False
2903,深主板,2,2,2026-03-09,2026-03-10,2026-03-06,2026-03-11,33.41,21.0,3.0,10.0,10.0,10.0,0.0,5.69,7.28,2.01,0.4213,2.41,2.0,0.0,5.41,6.63,0.452,66.7,22.1,32.7,2026-03-06,2026-03-10,2.17,4,0.92,10.0,-4.02,6.43,9.19,15.99,2.62,0.3173,2.56,2,0,4.04,6.63,0.575,50.0,10.5,32.0,2026-03-09,2026-03-12,-4.02,False,-3.22,False
2903,深主板,3,2,2026-04-29,2026-05-07,2026-04-28,2026-05-12,50.11,23.42,4.0,7.33,10.01,1.99,3.78,7.3,10.84,0.99,-0.0745,0.54,2.0,1.0,2.32,5.35,0.648,75.0,24.1,11.1,2026-04-28,2026-05-06,4.79,4,1.64,6.7,-1.7,3.64,6.73,9.34,0.82,-0.1273,0.64,0,1,-0.18,0.81,0.207,50.0,38.3,40.9,2026-05-08,2026-05-13,6.7,False,-0.08,False
2913,深主板,2,2,2026-03-05,2026-03-06,2026-03-04,2026-03-10,54.5,10.0,2.0,10.0,10.0,10.0,0.0,6.44,9.3,1.79,0.566,1.79,1.0,0.0,2.03,2.03,0.453,50.0,28.0,26.6,2026-03-04,2026-03-05,-0.77,4,-0.26,0.19,-1.07,0.58,6.3,10.92,0.73,-0.132,0.69,0,1,-0.95,0.0,0.339,75.0,41.2,25.0,2026-03-06,2026-03-11,-1.07,False,0.19,False
2916,深主板,2,1,2026-02-24,2026-02-26,2026-02-13,2026-03-02,295.66,23.46,4.0,7.35,10.0,2.03,3.76,6.25,10.43,1.17,0.1416,1.93,1.0,0.0,1.35,2.58,0.524,75.0,34.4,13.1,2026-02-13,2026-02-26,-6.61,4,-2.2,1.51,-6.49,3.29,6.99,10.43,0.89,-0.0747,0.76,0,2,-1.51,0.01,0.623,75.0,16.0,21.7,2026-02-26,2026-03-03,1.51,False,-6.49,False
2918,深主板,6,6,2026-05-08,2026-05-15,2026-05-07,2026-05-19,18.05,21.01,3.0,10.0,10.03,9.98,0.02,4.03,9.33,1.49,-0.0004,1.0,1.0,0.0,5.06,10.03,0.482,33.3,11.5,7.0,2026-05-07,2026-05-11,-24.26,4,-8.62,0.0,-15.86,6.55,8.91,12.82,1.69,0.1179,1.07,0,3,-8.11,-2.92,0.226,25.0,47.2,30.1,2026-05-15,2026-05-20,0.0,False,-15.86,True
2929,深主板,3,2,2026-04-30,2026-05-08,2026-04-29,2026-05-14,96.56,10.01,2.0,10.01,10.01,10.01,0.0,5.42,6.74,2.41,0.8253,2.41,1.0,0.0,3.56,3.56,0.469,50.0,35.9,17.2,2026-04-29,2026-04-30,16.53,4,5.34,10.0,-1.0,4.64,9.69,12.06,1.76,0.2058,1.59,2,0,3.89,10.0,0.691,75.0,15.1,15.7,2026-05-12,2026-05-15,-1.0,False,7.01,False
2930,深主板,2,2,2026-05-07,2026-05-08,2026-05-06,2026-05-13,16.88,21.06,3.0,10.03,10.04,10.01,0.01,7.92,10.56,0.92,-0.2484,0.53,1.0,0.0,1.83,4.18,0.734,100.0,16.3,10.3,2026-05-06,2026-05-08,-2.77,4,-0.81,6.25,-5.11,5.03,7.04,7.63,0.78,-0.1991,0.48,1,0,0.33,1.34,0.664,50.0,18.8,14.8,2026-05-11,2026-05-14,6.25,False,-5.11,False
2931,深主板,6,6,2026-01-06,2026-01-13,2026-01-05,2026-01-23,99.53,10.01,2.0,10.01,10.01,10.01,0.0,0.0,0.0,0.56,-0.5595,0.56,1.0,0.0,10.01,10.01,0.0,0.0,0.0,0.0,2026-01-05,2026-01-06,21.01,4,6.67,10.01,0.0,4.72,0.16,0.63,5.01,0.2285,0.0,2,0,6.67,10.01,0.0,0.0,0.0,25.0,2026-01-21,2026-01-26,10.0,True,0.0,False
2931,深主板,5,5,2026-01-19,2026-01-23,2026-01-16,2026-01-26,99.53,,,,,,,,,,,,,,,,,,,,2026-01-16,2026-01-06,10.0,4,3.33,10.0,0.0,4.72,0.16,0.63,0.0,-0.4996,0.0,1,0,3.33,10.0,0.0,0.0,0.0,25.0,2026-01-22,2026-01-27,0.0,False,0.0,False
2940,深主板,2,2,2026-04-16,2026-04-17,2026-04-15,2026-04-20,43.08,10.01,2.0,10.01,10.01,10.01,0.0,8.61,11.71,0.85,-0.159,0.85,0.0,1.0,-2.32,-2.32,0.675,100.0,3.7,28.8,2026-04-15,2026-04-16,9.89,4,3.31,10.0,-1.71,4.92,10.08,11.96,1.56,0.1533,1.64,2,1,2.41,7.51,0.616,50.0,18.3,20.1,2026-04-16,2026-04-21,1.63,False,-1.71,False
2940,深主板,2,2,2026-05-13,2026-05-14,2026-05-12,2026-05-20,45.65,20.98,3.0,9.99,9.99,9.99,0.0,5.63,8.56,1.4,0.1994,1.51,2.0,0.0,3.91,5.71,0.868,66.7,6.3,6.8,2026-05-12,2026-05-14,8.82,4,2.88,4.85,0.0,2.08,9.82,10.71,0.83,-0.1009,0.74,0,2,-5.9,-0.6,0.606,100.0,17.8,21.6,2026-05-18,2026-05-21,4.85,False,0.0,False
2943,深主板,3,2,2026-01-22,2026-01-27,2026-01-21,2026-01-28,82.59,10.0,2.0,10.0,10.0,10.0,0.0,8.89,8.96,0.76,-0.2758,0.76,1.0,0.0,1.11,1.11,0.68,50.0,25.1,7.0,2026-01-21,2026-01-22,9.06,4,3.05,10.0,-1.31,4.97,8.55,11.64,0.67,-0.225,0.48,2,1,2.0,7.26,0.722,25.0,14.2,13.6,2026-01-26,2026-01-29,0.45,False,-1.31,False
2951,深主板,3,3,2026-02-11,2026-02-13,2026-02-10,2026-02-24,19.48,9.97,2.0,9.97,9.97,9.97,0.0,5.9,9.81,2.23,0.7631,2.23,0.0,0.0,-0.82,-0.82,0.534,50.0,6.9,39.7,2026-02-10,2026-02-11,-7.06,4,-2.04,9.99,-10.01,8.66,7.42,11.12,1.16,0.1259,1.68,1,1,-0.27,5.31,0.722,50.0,12.7,15.1,2026-02-12,2026-02-25,-10.01,False,-6.1,False
2952,深主板,2,1,2026-03-03,2026-03-05,2026-03-02,2026-03-06,28.5,19.32,4.0,6.2,10.0,-1.39,5.37,6.43,9.09,2.15,0.319,2.96,0.0,1.0,-0.57,0.45,0.684,75.0,3.7,27.9,2026-03-02,2026-03-05,7.6,4,2.6,10.0,-1.4,5.24,8.42,14.35,1.31,0.0425,0.93,0,2,-2.38,0.0,0.468,100.0,19.1,34.1,2026-03-04,2026-03-09,-1.4,False,-0.8,False
2957,深主板,2,2,2026-04-07,2026-04-08,2026-04-03,2026-04-21,51.55,21.0,3.0,10.0,10.01,9.99,0.01,7.88,10.93,1.09,0.07,1.15,1.0,0.0,2.43,4.9,0.636,66.7,10.7,25.7,2026-04-03,2026-04-08,8.46,4,2.77,4.36,-0.38,2.23,6.29,8.42,1.05,0.0739,1.47,1,0,2.54,7.61,0.476,75.0,18.9,33.5,2026-04-17,2026-04-22,4.36,False,-0.38,False
2962,深主板,2,2,2026-04-09,2026-04-10,2026-04-08,2026-04-21,19.2,21.05,3.0,10.02,10.02,10.02,0.0,5.58,8.91,5.32,0.8157,7.33,2.0,0.0,3.67,5.99,0.734,100.0,1.9,24.7,2026-04-08,2026-04-10,3.05,4,1.03,4.21,-1.22,2.31,8.1,9.73,0.81,-0.1121,0.69,0,2,-1.51,0.23,0.355,100.0,58.8,5.7,2026-04-17,2026-04-22,0.11,False,-1.22,False
2969,深主板,2,1,2026-01-12,2026-01-14,2026-01-09,2026-01-23,23.48,,,,,,,,,,,,,,,,,,,,2026-01-09,2026-01-06,19.37,4,6.17,9.99,0.0,4.41,6.78,11.52,0.38,-0.4824,0.0,1,1,2.21,8.14,0.456,50.0,2.9,26.5,2026-01-21,2026-01-26,8.52,False,0.0,False
2969,深主板,3,2,2026-01-19,2026-01-22,2026-01-16,2026-01-23,23.48,,,,,,,,,,,,,,,,,,,,2026-01-16,2026-01-06,19.37,4,6.17,9.99,0.0,4.41,6.78,11.52,0.38,-0.4824,0.0,1,1,2.21,8.14,0.456,50.0,2.9,26.5,2026-01-21,2026-01-26,8.52,False,0.0,False
2971,深主板,2,2,2026-05-14,2026-05-15,2026-05-13,2026-05-18,45.33,10.01,2.0,10.01,10.01,10.01,0.0,7.01,7.88,1.32,0.276,1.32,1.0,0.0,2.79,2.79,0.616,100.0,20.1,18.4,2026-05-13,2026-05-14,2.83,4,1.14,10.01,-5.19,6.46,11.52,15.87,1.3,0.1309,1.66,0,2,-2.98,-0.51,0.452,75.0,36.1,18.7,2026-05-14,2026-05-19,-1.41,False,-5.19,False
2975,深主板,2,2,2026-04-08,2026-04-09,2026-04-07,2026-04-13,71.538,21.0,3.0,10.0,10.0,10.0,0.0,5.4,7.32,2.65,0.4218,2.77,2.0,0.0,4.0,5.33,0.692,100.0,18.4,12.4,2026-04-07,2026-04-09,0.35,4,0.12,1.99,-1.2,1.36,5.03,6.76,0.65,-0.1142,0.81,0,0,-0.02,0.19,0.435,50.0,35.2,21.4,2026-04-09,2026-04-14,-0.42,False,-1.2,False
2980,深主板,3,3,2026-02-27,2026-03-03,2026-02-26,2026-03-17,40.28,20.99,3.0,10.0,10.01,9.98,0.01,4.36,9.56,0.4,-0.6941,0.17,1.0,0.0,4.74,10.01,0.563,66.7,9.7,0.7,2026-02-26,2026-03-02,8.79,4,2.97,9.99,-1.91,5.09,6.67,8.69,1.43,0.105,1.21,2,0,0.9,1.66,0.515,25.0,24.9,23.6,2026-03-13,2026-03-18,-1.91,False,0.84,False
2980,深主板,2,2,2026-04-03,2026-04-07,2026-04-02,2026-04-28,87.2,10.0,2.0,10.0,10.0,10.0,0.0,8.99,9.93,0.66,-0.4062,0.66,1.0,0.0,1.15,1.15,0.846,50.0,8.5,6.9,2026-04-02,2026-04-03,-1.14,4,-0.3,5.14,-4.36,4.0,9.0,11.22,0.83,-0.1019,0.74,0,3,-2.17,-1.25,0.429,75.0,18.0,39.1,2026-04-24,2026-04-29,5.14,False,-4.36,False
2980,深主板,4,3,2026-04-13,2026-04-17,2026-04-10,2026-04-21,84.22,,,,,,,,,,,,,,,,,,,,2026-04-10,2026-04-03,11.08,4,3.62,6.67,-1.19,3.44,8.55,10.0,0.83,-0.0366,1.0,1,1,-0.17,2.82,0.54,75.0,23.1,23.0,2026-04-17,2026-04-22,5.38,False,-1.19,False
2980,深主板,2,1,2026-05-14,2026-05-18,2026-05-13,2026-05-20,114.91,10.0,2.0,10.0,10.0,10.0,0.0,10.67,12.97,1.23,0.2095,1.23,1.0,0.0,1.8,1.8,0.586,100.0,9.9,31.4,2026-05-13,2026-05-14,-0.09,4,0.0,3.66,-2.12,2.6,11.83,14.09,1.0,0.0448,1.29,2,1,6.09,10.53,0.604,25.0,14.0,25.7,2026-05-18,2026-05-21,-1.53,False,3.66,False
2989,深主板,3,2,2026-04-28,2026-05-06,2026-04-27,2026-05-18,35.67,22.17,4.0,6.99,10.02,0.95,4.27,6.18,9.7,1.09,0.1325,1.8,1.0,0.0,1.13,4.03,0.636,75.0,8.4,28.0,2026-04-27,2026-04-30,5.17,4,1.76,6.88,-1.93,3.73,5.88,8.86,1.67,0.1204,1.12,0,0,0.49,0.98,0.524,50.0,35.4,12.2,2026-05-14,2026-05-19,6.88,False,-1.93,False
2990,深主板,4,4,2026-04-14,2026-04-17,2026-04-13,2026-05-08,67.49,21.01,3.0,10.0,10.01,10.0,0.0,8.55,11.23,2.43,0.3922,2.53,0.0,0.0,-0.12,0.6,0.889,100.0,6.3,4.9,2026-04-13,2026-04-15,2.76,4,1.1,10.0,-4.35,6.34,8.57,11.28,1.08,-0.0778,0.65,1,0,0.38,1.17,0.521,50.0,17.1,30.8,2026-05-06,2026-05-11,-2.33,False,-4.35,False
2990,深主板,2,1,2026-04-30,2026-05-07,2026-04-29,2026-05-15,70.8,,,,,,,,,,,,,,,,,,,,2026-04-29,2026-04-17,0.95,4,0.59,10.0,-8.33,7.49,9.29,11.41,0.83,-0.09,0.76,1,1,0.11,1.79,0.573,50.0,11.1,31.6,2026-05-13,2026-05-18,0.12,False,-8.33,False
2995,深主板,2,1,2026-01-19,2026-01-21,2026-01-16,2026-02-02,37.73,17.59,4.0,5.73,10.01,-2.81,6.04,8.79,13.86,3.34,0.3815,2.77,3.0,0.0,3.6,4.99,0.766,50.0,16.0,7.5,2026-01-16,2026-01-21,17.92,4,5.7,10.01,1.85,3.35,10.13,13.46,1.32,0.2018,2.72,3,0,3.12,5.2,0.328,100.0,15.6,51.6,2026-01-29,2026-02-03,1.85,False,5.23,False
2995,深主板,4,2,2026-01-26,2026-01-30,2026-01-23,2026-02-06,38.56,,,,,,,,,,,,,,,,,,,,2026-01-23,2026-01-21,2.13,4,0.91,10.0,-3.8,6.43,9.14,10.79,1.34,0.132,1.49,1,0,1.88,5.02,0.794,25.0,14.4,6.2,2026-02-04,2026-02-09,-3.8,False,-3.49,False
2995,深主板,2,1,2026-03-27,2026-03-31,2026-03-26,2026-04-01,25.4,10.0,2.0,10.0,10.0,10.0,0.0,8.82,10.66,0.64,-0.4395,0.64,0.0,0.0,-0.51,-0.51,0.825,50.0,6.7,10.8,2026-03-26,2026-03-27,3.84,4,1.44,9.99,-3.96,6.11,6.71,8.23,1.44,0.046,0.87,2,0,1.14,2.19,0.74,25.0,6.0,20.0,2026-03-30,2026-04-02,-1.7,False,-3.96,False
3007,深主板,5,5,2026-01-08,2026-01-14,2026-01-07,2026-01-15,56.7,9.99,2.0,9.99,9.99,9.99,0.0,6.96,8.16,1.11,0.1048,1.11,1.0,0.0,1.02,1.02,0.542,100.0,27.6,18.2,2026-01-07,2026-01-08,-10.91,4,-3.34,9.99,-10.01,9.43,4.89,10.46,0.15,-0.4356,0.11,1,2,-5.31,1.21,0.338,25.0,10.3,30.9,2026-01-13,2026-01-16,-10.01,False,-10.0,True
3018,深主板,4,3,2026-02-05,2026-02-11,2026-02-04,2026-03-04,30.0,21.04,3.0,10.02,10.02,10.02,0.0,4.21,9.75,1.77,-0.1429,0.57,1.0,0.0,4.68,10.02,0.461,33.3,8.8,11.7,2026-02-04,2026-02-06,7.05,4,2.39,6.34,-3.66,4.34,8.17,12.07,0.9,-0.0343,0.93,1,0,1.01,3.91,0.336,50.0,33.7,32.7,2026-03-02,2026-03-05,6.34,False,-3.66,False
3018,深主板,4,4,2026-04-17,2026-04-22,2026-04-16,2026-04-28,58.25,10.01,2.0,10.01,10.01,10.01,0.0,8.95,12.47,1.15,0.1389,1.15,0.0,0.0,-0.39,-0.39,0.462,50.0,21.1,32.7,2026-04-16,2026-04-17,-3.88,4,-1.3,-0.27,-3.06,1.25,6.7,11.75,0.68,-0.2085,0.54,2,1,0.3,1.99,0.479,25.0,34.0,18.1,2026-04-24,2026-04-29,-0.58,False,-0.27,False
3018,深主板,3,3,2026-05-14,2026-05-18,2026-05-13,2026-05-19,71.56,21.01,3.0,10.01,10.01,10.01,0.0,1.29,2.93,0.37,-0.4321,0.5,2.0,0.0,10.01,10.01,0.138,0.0,0.5,52.4,2026-05-13,2026-05-15,12.26,4,4.02,9.99,-0.17,4.34,9.05,16.62,1.46,0.1419,1.72,2,0,3.37,6.07,0.346,25.0,18.9,46.4,2026-05-15,2026-05-20,2.23,False,-0.17,False
3036,深主板,2,2,2026-04-24,2026-04-27,2026-04-23,2026-05-13,46.5,,,,,,,,,,,,,,,,,,,,2026-04-23,2026-04-15,5.91,4,1.93,2.64,1.1,0.63,9.18,10.45,0.8,-0.1369,0.62,0,0,-0.01,0.23,0.259,75.0,22.4,51.7,2026-05-11,2026-05-14,1.1,False,2.64,False
3041,深主板,2,2,2026-01-12,2026-01-13,2026-01-09,2026-01-14,74.0,10.0,2.0,10.0,10.0,10.0,0.0,6.14,9.62,0.56,-0.5718,0.56,1.0,0.0,10.0,10.0,0.379,50.0,4.1,57.9,2026-01-09,2026-01-12,-1.69,4,-0.29,9.99,-7.41,7.45,6.39,11.68,1.87,0.2231,2.13,1,2,0.34,9.99,0.052,0.0,31.6,63.2,2026-01-12,2026-01-15,-3.46,False,-7.41,False
3041,深主板,2,2,2026-05-06,2026-05-07,2026-04-30,2026-05-12,71.0,20.99,3.0,10.0,10.0,9.99,0.0,7.94,10.08,1.88,0.3484,2.1,1.0,0.0,1.33,2.52,0.77,66.7,0.1,22.9,2026-04-30,2026-05-07,1.52,4,0.67,8.37,-5.77,5.84,7.11,9.11,0.69,-0.1698,0.58,1,0,0.1,1.36,0.465,50.0,29.1,24.4,2026-05-08,2026-05-13,-5.77,False,-0.58,False
3042,深主板,4,4,2026-01-23,2026-01-28,2026-01-22,2026-01-29,27.95,21.04,3.0,10.02,10.03,10.01,0.01,6.57,10.16,5.03,0.7532,6.56,1.0,0.0,2.17,4.5,0.714,100.0,7.3,21.3,2026-01-22,2026-01-26,-10.91,4,-3.34,10.0,-10.01,9.43,14.24,22.21,1.58,0.0548,0.84,1,1,2.19,10.0,0.946,50.0,3.2,2.1,2026-01-27,2026-01-30,-10.0,False,-10.01,True
3042,深主板,2,2,2026-03-27,2026-03-30,2026-03-26,2026-03-31,20.09,20.99,3.0,10.0,10.02,9.98,0.02,6.45,10.46,2.83,0.4477,2.99,1.0,1.0,1.02,3.39,0.739,100.0,7.1,19.0,2026-03-26,2026-03-30,3.67,4,1.42,10.02,-5.87,6.55,7.22,10.46,1.63,0.1305,1.24,2,0,1.89,3.39,0.793,50.0,5.2,15.6,2026-03-27,2026-04-01,-5.87,False,0.11,False
300042,创业板,2,1,2026-03-16,2026-03-18,2026-03-13,2026-03-19,60.59,60.74,4.0,17.21,20.0,11.62,3.95,12.46,16.64,1.93,0.2831,2.64,2.0,0.0,1.96,4.13,0.694,75.0,22.5,8.1,2026-03-13,2026-03-18,2.32,4,1.56,20.0,-7.87,13.04,11.73,14.83,0.83,-0.1078,0.69,2,1,0.22,4.13,0.713,50.0,21.2,7.5,2026-03-17,2026-03-20,-7.87,False,-7.45,False
300063,创业板,3,3,2026-01-09,2026-01-13,2026-01-08,2026-01-14,18.39,20.02,2.0,20.02,20.02,20.02,0.0,10.91,16.96,4.3,1.2455,4.3,0.0,0.0,-0.33,-0.33,0.83,100.0,13.6,3.4,2026-01-08,2026-01-09,7.07,4,3.84,19.97,-20.02,17.22,12.79,21.74,1.05,-0.0045,0.91,1,2,1.11,19.89,0.631,75.0,6.3,30.6,2026-01-12,2026-01-15,11.59,False,-20.02,True
300067,创业板,3,3,2026-04-21,2026-04-23,2026-04-20,2026-04-28,7.75,43.94,3.0,19.98,20.0,19.95,0.02,0.0,0.0,0.0,1.0185,0.0,2.0,0.0,19.98,20.0,0.0,0.0,0.0,0.0,2026-04-20,2026-04-22,6.75,4,2.49,13.5,-3.78,7.81,10.1,14.46,0.95,-0.1159,0.6,2,1,1.07,5.52,0.44,25.0,36.4,19.5,2026-04-24,2026-04-29,13.5,False,-3.78,False
300102,创业板,2,2,2026-01-08,2026-01-09,2026-01-07,2026-01-12,44.592,20.01,2.0,20.01,20.01,20.01,0.0,14.41,18.82,1.51,0.4067,1.51,0.0,1.0,-1.58,-1.58,0.666,100.0,16.9,16.4,2026-01-07,2026-01-08,15.17,4,5.42,20.0,-7.64,11.34,17.17,19.67,1.0,-0.0092,0.95,2,0,4.18,8.69,0.531,50.0,22.2,24.7,2026-01-08,2026-01-13,3.9,False,-7.64,False
300139,创业板,2,1,2026-01-26,2026-01-28,2026-01-23,2026-01-29,84.72,60.16,4.0,17.08,20.01,11.21,4.15,13.59,16.96,1.2,0.0787,1.29,1.0,1.0,1.06,5.51,0.793,75.0,15.8,4.9,2026-01-23,2026-01-28,14.74,4,6.51,20.01,-20.0,18.75,15.5,16.96,0.96,-0.1323,0.47,1,1,-0.03,18.98,0.451,75.0,29.4,25.5,2026-01-27,2026-01-30,19.52,False,-20.0,True
300157,创业板,2,2,2026-03-02,2026-03-03,2026-02-27,2026-03-04,10.02,20.03,2.0,20.03,20.03,20.03,0.0,11.1,11.59,1.36,0.304,1.36,1.0,0.0,13.02,13.02,0.368,50.0,33.3,29.9,2026-02-27,2026-03-02,0.83,4,1.11,20.02,-8.74,13.38,13.69,19.7,0.94,-0.0368,0.88,1,2,-0.74,10.01,0.402,50.0,17.4,42.4,2026-03-02,2026-03-05,-8.74,False,-7.94,False
300164,创业板,2,2,2026-01-28,2026-01-29,2026-01-27,2026-01-30,14.43,44.07,3.0,20.03,20.04,20.02,0.01,13.41,14.6,1.19,0.0951,1.21,2.0,0.0,7.48,10.06,0.67,100.0,12.7,20.3,2026-01-27,2026-01-29,0.18,4,1.04,20.04,-14.21,14.23,14.41,15.66,1.03,-0.0134,0.9,1,1,-3.12,10.06,0.548,75.0,28.6,16.6,2026-01-28,2026-02-02,-2.72,False,-14.21,False
300164,创业板,2,2,2026-03-02,2026-03-03,2026-02-27,2026-03-05,25.96,19.97,2.0,19.97,19.97,19.97,0.0,6.11,9.56,0.47,-0.7227,0.47,1.0,0.0,19.97,19.97,0.09,50.0,24.7,66.3,2026-02-27,2026-03-02,-6.45,4,-1.66,13.18,-9.42,10.5,17.33,32.7,0.96,0.0248,1.26,1,2,-3.89,1.38,0.284,75.0,28.7,42.9,2026-03-03,2026-03-06,-8.75,False,-9.42,False
300182,创业板,2,2,2026-02-09,2026-02-10,2026-02-06,2026-02-11,9.46,43.95,3.0,19.98,20.03,19.93,0.05,7.8,10.23,4.46,0.4762,4.15,2.0,0.0,11.59,13.64,0.547,66.7,11.1,34.2,2026-02-06,2026-02-10,27.13,4,8.63,20.03,1.13,8.19,9.63,13.11,2.14,0.2426,1.72,2,1,8.0,13.64,0.602,75.0,3.0,36.8,2026-02-09,2026-02-12,4.73,False,1.13,False
300191,创业板,2,2,2026-03-02,2026-03-03,2026-02-27,2026-03-04,57.88,19.99,2.0,19.99,19.99,19.99,0.0,8.59,9.66,1.47,0.3834,1.47,1.0,0.0,16.25,16.25,0.352,50.0,26.8,38.0,2026-02-27,2026-03-02,5.81,4,2.62,20.01,-8.16,12.42,12.98,24.98,1.41,0.1236,1.37,1,1,1.89,9.5,0.496,50.0,18.7,31.7,2026-03-02,2026-03-05,-3.99,False,-8.16,False
300244,创业板,2,2,2026-01-09,2026-01-12,2026-01-08,2026-01-14,33.3,43.98,3.0,19.99,20.0,19.98,0.01,8.47,13.44,1.72,0.0563,1.17,2.0,0.0,9.62,15.1,0.88,100.0,8.4,3.6,2026-01-08,2026-01-12,11.28,4,3.79,11.9,-1.69,5.85,10.1,19.63,1.66,0.2062,2.37,1,1,4.98,19.99,0.551,75.0,28.1,16.8,2026-01-12,2026-01-15,1.17,False,-1.69,False
300265,创业板,2,2,2026-03-04,2026-03-05,2026-03-03,2026-03-06,21.99,44.03,3.0,20.01,20.02,20.0,0.01,12.79,18.96,1.72,0.4298,2.27,1.0,1.0,4.82,11.52,0.93,66.7,1.9,5.0,2026-03-03,2026-03-05,14.88,4,5.24,20.02,-3.96,10.56,10.74,18.96,1.09,0.0878,1.55,2,1,3.36,11.52,0.754,75.0,18.0,6.6,2026-03-04,2026-03-09,-3.96,False,-0.34,False
300364,创业板,2,2,2026-02-09,2026-02-10,2026-02-06,2026-02-11,43.8,44.01,3.0,20.01,20.01,20.0,0.01,4.15,8.12,2.64,0.7948,4.33,2.0,0.0,19.98,20.0,0.194,33.3,4.2,43.1,2026-02-06,2026-02-10,5.36,4,2.47,20.01,-6.61,12.41,7.18,12.19,1.61,0.2546,3.91,2,1,6.58,19.95,0.309,25.0,8.3,35.8,2026-02-09,2026-02-12,-6.0,False,-6.61,False
300385,创业板,2,2,2026-03-23,2026-03-24,2026-03-20,2026-03-31,22.1,43.97,3.0,19.99,19.99,19.98,0.0,1.51,4.54,0.0,1.1692,0.0,2.0,0.0,17.26,19.98,0.333,33.3,0.0,0.0,2026-03-20,2026-03-24,13.2,4,4.9,19.98,-9.31,11.97,16.39,22.05,0.98,-0.0488,0.79,1,1,-0.86,2.09,0.511,75.0,26.0,22.9,2026-03-27,2026-04-01,4.04,False,-9.31,False
300418,创业板,2,2,2026-01-09,2026-01-12,2026-01-08,2026-01-13,72.09,19.99,2.0,19.99,19.99,19.99,0.0,10.98,17.14,2.76,0.9364,2.76,0.0,0.0,-0.58,-0.58,0.629,100.0,21.4,15.7,2026-01-08,2026-01-09,15.88,4,5.52,19.99,-3.22,10.31,13.55,17.14,1.24,0.0568,1.07,2,0,5.01,7.99,0.662,75.0,26.1,7.8,2026-01-09,2026-01-14,-3.22,False,-0.21,False
300449,创业板,2,2,2026-05-11,2026-05-12,2026-05-08,2026-05-13,12.83,43.91,3.0,19.96,19.98,19.95,0.01,2.26,6.78,0.54,-0.3003,0.58,2.0,0.0,19.96,19.98,0.148,33.3,16.7,1.9,2026-05-08,2026-05-12,15.59,4,5.58,19.98,-8.37,11.58,6.06,13.85,13.12,0.6284,11.81,1,1,5.79,19.98,0.266,25.0,16.5,6.9,2026-05-11,2026-05-14,5.14,False,-8.37,False
300461,创业板,2,2,2026-02-05,2026-02-06,2026-02-04,2026-02-24,59.0,43.99,3.0,20.0,20.0,19.99,0.01,12.97,23.69,0.76,0.1209,1.2,2.0,0.0,11.39,17.74,0.787,66.7,10.9,10.4,2026-02-04,2026-02-06,9.13,4,2.96,3.8,1.9,0.79,7.08,9.69,0.9,-0.0724,0.78,2,0,2.32,3.78,0.14,50.0,47.2,38.8,2026-02-12,2026-02-25,3.18,False,1.9,False
300483,创业板,2,2,2026-03-02,2026-03-03,2026-02-27,2026-03-04,24.78,43.77,3.0,19.9,19.99,19.82,0.09,9.98,13.81,5.35,0.6145,5.79,2.0,0.0,4.37,5.47,0.733,66.7,16.7,10.0,2026-02-27,2026-03-03,2.83,4,1.72,19.99,-8.51,12.95,14.03,20.79,0.93,-0.0332,0.9,1,1,0.19,5.47,0.668,50.0,12.3,20.9,2026-03-02,2026-03-05,-8.51,False,-6.33,False
300520,创业板,2,1,2026-01-12,2026-01-14,2026-01-09,2026-01-15,55.26,20.01,2.0,20.01,20.01,20.01,0.0,11.47,17.97,2.12,0.7187,2.12,1.0,0.0,1.19,1.19,0.606,100.0,26.9,12.6,2026-01-09,2026-01-12,6.31,4,2.75,20.01,-6.45,12.21,13.96,17.28,0.83,-0.0612,0.87,0,1,-1.05,-0.5,0.69,25.0,25.9,5.1,2026-01-13,2026-01-16,-5.31,False,-6.45,False
300561,创业板,2,2,2026-04-10,2026-04-13,2026-04-09,2026-04-17,18.44,43.94,3.0,19.98,19.98,19.97,0.01,10.16,29.8,0.46,-0.1186,0.85,2.0,0.0,19.98,19.98,0.282,0.0,5.1,33.3,2026-04-09,2026-04-13,4.63,4,1.58,6.6,-1.79,3.62,6.75,9.62,0.9,-0.1133,0.63,0,2,-1.39,-0.82,0.372,75.0,21.6,41.2,2026-04-15,2026-04-20,6.6,False,-0.06,False
300632,创业板,2,2,2026-04-29,2026-04-30,2026-04-28,2026-05-19,42.24,44.03,3.0,20.01,20.01,20.01,0.0,2.43,5.36,1.16,0.3957,1.88,2.0,0.0,20.01,20.01,0.227,0.0,7.0,37.0,2026-04-28,2026-04-30,0.11,4,1.13,20.0,-16.43,14.9,14.92,23.01,1.08,0.006,0.95,0,3,-4.33,-3.57,0.591,75.0,24.5,16.3,2026-05-15,2026-05-20,20.0,True,-16.43,False
300639,创业板,2,2,2026-01-26,2026-01-27,2026-01-23,2026-01-28,10.07,44.04,3.0,20.02,20.03,20.0,0.02,9.82,15.59,11.77,0.989,17.18,2.0,0.0,4.58,7.17,0.882,100.0,0.0,11.8,2026-01-23,2026-01-27,9.52,4,3.8,20.0,-9.88,12.33,14.26,16.0,1.28,0.141,1.96,1,0,2.28,7.17,0.698,75.0,26.5,3.8,2026-01-26,2026-01-29,1.26,False,-9.88,False
300657,创业板,2,2,2026-05-18,2026-05-19,2026-05-15,2026-05-20,53.95,43.99,3.0,19.99,20.0,19.99,0.01,4.72,7.81,1.12,0.3659,1.79,2.0,0.0,15.31,19.99,0.52,33.3,10.2,4.5,2026-05-15,2026-05-19,12.86,4,4.7,20.0,-6.66,11.24,7.49,11.07,2.38,0.402,6.07,2,0,6.0,10.62,0.56,25.0,16.8,2.3,2026-05-18,2026-05-21,-6.66,False,0.76,False
300749,创业板,2,2,2026-02-09,2026-02-10,2026-02-06,2026-02-25,37.22,44.01,3.0,20.0,20.02,19.99,0.01,10.44,14.42,2.8,0.4041,2.78,2.0,0.0,5.71,8.68,0.872,66.7,1.5,11.3,2026-02-06,2026-02-10,13.71,4,5.02,19.99,-8.46,11.66,12.34,14.04,1.0,-0.0139,0.93,2,1,3.33,6.98,0.454,50.0,26.8,27.7,2026-02-13,2026-02-26,3.52,False,-8.46,False
300753,创业板,2,1,2026-01-06,2026-01-08,2026-01-05,2026-01-13,44.12,,,,,,,,,,,,,,,,,,,,2026-01-05,2026-01-05,-1.77,4,-0.27,10.94,-7.9,8.1,10.04,12.64,0.72,-0.1471,0.66,1,1,0.08,1.88,0.517,25.0,37.1,11.3,2026-01-09,2026-01-14,-7.9,False,-3.87,False
300758,创业板,2,2,2026-01-14,2026-01-15,2026-01-13,2026-01-16,19.8,44.02,3.0,20.01,20.01,20.0,0.01,9.71,18.58,1.41,0.1227,1.31,1.0,1.0,9.07,20.0,0.508,66.7,14.6,34.6,2026-01-13,2026-01-15,-0.83,4,0.75,20.0,-15.08,14.53,12.68,19.16,1.62,0.1184,1.14,1,2,3.07,20.0,0.448,50.0,19.9,35.3,2026-01-14,2026-01-19,-15.08,False,-2.68,False
300785,创业板,2,1,2026-01-12,2026-01-14,2026-01-09,2026-01-15,76.89,20.0,2.0,20.0,20.0,20.0,0.0,12.86,16.82,0.71,-0.336,0.71,1.0,0.0,12.68,12.68,0.686,100.0,13.6,17.9,2026-01-09,2026-01-12,-10.08,4,-2.11,20.0,-20.0,16.6,13.15,14.57,0.61,-0.214,0.58,1,2,-4.94,3.43,0.456,25.0,26.4,28.0,2026-01-13,2026-01-16,-20.0,False,-6.33,False
300792,创业板,2,1,2026-01-12,2026-01-14,2026-01-09,2026-01-15,46.312,40.26,4.0,12.47,20.01,-2.61,10.66,14.97,20.96,1.74,0.2497,2.23,2.0,1.0,3.67,6.71,0.796,75.0,17.8,2.6,2026-01-09,2026-01-14,10.81,4,4.24,20.01,-10.81,12.59,14.85,20.96,0.72,-0.1191,0.77,0,2,-3.28,-0.21,0.53,50.0,24.4,22.6,2026-01-13,2026-01-16,-10.81,False,3.52,False
300834,创业板,3,3,2026-03-31,2026-04-02,2026-03-30,2026-04-03,52.19,43.98,3.0,19.99,20.0,19.98,0.01,6.56,8.25,4.53,0.6768,5.54,2.0,0.0,19.94,19.97,0.274,100.0,1.3,71.3,2026-03-30,2026-04-01,26.93,4,8.63,20.01,-1.54,8.84,12.05,15.39,1.34,0.0591,1.0,2,1,6.02,13.16,0.173,75.0,28.6,54.1,2026-04-01,2026-04-07,7.43,False,-1.54,False
300887,创业板,2,1,2026-01-06,2026-01-08,2026-01-05,2026-01-12,16.79,38.63,4.0,12.09,19.98,-3.69,11.16,14.58,20.16,1.46,0.1787,1.82,1.0,1.0,3.7,12.67,0.706,75.0,11.2,18.2,2026-01-05,2026-01-08,-13.02,4,-4.22,7.0,-10.9,7.98,15.27,20.16,0.74,-0.1759,0.54,0,3,-4.06,-1.99,0.557,50.0,25.4,18.9,2026-01-08,2026-01-13,7.0,False,-10.9,False
300905,创业板,2,2,2026-04-16,2026-04-17,2026-04-15,2026-04-20,64.2,43.99,3.0,20.0,20.0,19.99,0.0,7.89,9.35,1.0,0.1253,1.25,2.0,0.0,14.39,19.99,0.534,66.7,12.4,34.2,2026-04-15,2026-04-17,18.31,4,6.19,19.99,-0.85,9.76,10.44,17.6,2.28,0.2577,2.11,2,0,11.14,19.99,0.473,25.0,12.7,40.0,2026-04-16,2026-04-21,-0.85,False,-0.56,False
300912,创业板,4,4,2026-02-04,2026-02-09,2026-02-03,2026-02-10,48.0,43.98,3.0,19.99,20.0,19.98,0.01,0.0,0.0,0.0,0.5964,0.0,2.0,0.0,19.99,20.0,0.0,0.0,0.0,0.0,2026-02-03,2026-02-05,7.58,4,3.43,20.0,-14.19,13.98,7.37,15.09,18.06,0.6536,16.74,2,1,9.43,20.0,0.333,0.0,9.5,7.2,2026-02-06,2026-02-11,4.47,False,-14.19,False
300959,创业板,2,2,2026-05-12,2026-05-13,2026-05-11,2026-05-18,192.98,44.0,3.0,20.0,20.0,20.0,0.0,5.77,12.47,1.88,0.6429,3.04,2.0,0.0,19.64,20.0,0.139,33.3,14.3,38.5,2026-05-11,2026-05-13,17.74,4,5.76,10.81,-2.55,5.92,9.84,18.17,0.59,-0.3156,0.33,1,2,-0.07,5.83,0.398,50.0,41.7,18.4,2026-05-14,2026-05-19,9.04,False,-2.55,False
300986,创业板,5,5,2026-01-06,2026-01-12,2026-01-05,2026-01-13,33.38,43.96,3.0,19.99,20.0,19.97,0.01,12.27,12.98,0.86,-0.028,0.95,2.0,0.0,6.36,8.32,0.838,100.0,0.0,16.2,2026-01-05,2026-01-07,19.99,4,6.66,19.99,0.0,9.42,0.65,2.59,0.0,-1.1279,0.0,1,0,6.66,19.99,0.0,0.0,0.0,25.0,2026-01-09,2026-01-14,0.0,False,0.0,False
301008,创业板,2,2,2026-03-30,2026-03-31,2026-03-27,2026-04-01,49.5,43.99,3.0,20.0,20.01,19.99,0.01,6.25,10.5,13.45,1.1017,21.5,2.0,0.0,18.8,19.99,0.298,66.7,3.9,66.2,2026-03-27,2026-03-31,16.23,4,5.76,20.01,-8.08,11.47,10.08,13.94,1.59,0.2386,3.38,2,1,10.28,17.62,0.353,25.0,9.9,54.8,2026-03-30,2026-04-02,5.37,False,-8.08,False
301022,创业板,5,1,2026-04-28,2026-05-08,2026-04-27,2026-05-20,33.99,-27.34,3.0,-7.34,29.0,-43.67,36.33,5.53,7.87,0.58,-0.3578,0.48,1.0,1.0,-3.87,36.01,0.626,33.3,31.3,6.0,2026-04-27,2026-04-28,4.3,4,1.47,5.97,-2.03,3.34,5.27,6.84,0.84,-0.0081,1.17,1,0,0.89,2.13,0.406,50.0,37.9,21.6,2026-05-18,2026-05-21,-2.03,False,0.46,False
301023,创业板,5,1,2026-04-28,2026-05-08,2026-04-27,2026-05-20,49.3,-51.75,5.0,90.8,392.54,-79.37,193.92,2.89,3.56,0.83,-0.0383,0.92,2.0,2.0,89.64,385.28,0.46,60.0,26.5,27.6,2026-04-27,2026-04-29,5.29,4,1.75,4.01,0.09,1.66,6.41,8.88,1.75,0.2159,1.68,0,2,-2.7,-0.65,0.616,100.0,20.0,18.4,2026-05-18,2026-05-21,4.01,False,1.14,False
301024,创业板,5,1,2026-04-28,2026-05-08,2026-04-27,2026-05-15,52.23,-32.52,5.0,16.67,127.95,-56.02,77.32,3.64,4.49,1.54,0.075,1.08,2.0,2.0,16.17,125.23,0.273,60.0,25.5,47.2,2026-04-27,2026-04-29,2.26,4,0.87,6.78,-5.18,4.88,6.66,9.07,1.42,0.1027,1.19,0,1,-0.61,0.0,0.513,75.0,27.6,21.1,2026-05-13,2026-05-18,6.78,False,-5.18,False
301026,创业板,5,1,2026-04-28,2026-05-08,2026-04-27,2026-05-12,32.82,-27.9,5.0,12.48,104.44,-51.75,66.71,3.73,4.69,1.7,0.0944,1.22,2.0,2.0,11.35,102.82,0.318,80.0,30.6,37.5,2026-04-27,2026-04-29,-0.16,4,-0.05,0.43,-0.74,0.5,2.0,2.68,0.49,-0.1344,1.01,1,0,0.24,1.39,0.5,75.0,22.8,27.2,2026-05-08,2026-05-13,-0.74,False,0.16,False
301029,创业板,5,1,2026-04-28,2026-05-08,2026-04-27,2026-05-15,31.46,-29.46,5.0,14.2,116.83,-54.27,71.48,5.4,7.42,1.1,-0.0219,0.74,2.0,2.0,11.31,104.62,0.562,80.0,26.2,17.6,2026-04-27,2026-04-29,4.96,4,1.7,6.95,-2.63,3.96,4.65,9.55,2.48,0.3024,2.29,0,0,0.59,0.82,0.418,75.0,29.6,28.7,2026-05-13,2026-05-18,6.95,False,0.79,False
301030,创业板,6,1,2026-04-27,2026-05-08,2026-04-24,2026-05-12,11.97,-27.8,5.0,10.45,97.06,-51.46,62.83,9.63,14.34,2.08,0.1746,1.89,2.0,2.0,17.1,122.21,0.587,40.0,24.1,17.2,2026-04-24,2026-04-28,1.08,4,0.38,2.96,-2.43,2.21,9.45,16.35,0.33,-0.347,0.58,0,2,-1.8,-0.87,0.541,75.0,32.9,13.0,2026-05-08,2026-05-13,0.61,False,-2.43,False
301031,创业板,2,1,2026-04-29,2026-04-30,2026-04-28,2026-05-06,162.58,-3.03,5.0,7.27,48.0,-34.3,40.73,4.56,7.36,0.67,-0.1656,0.51,2.0,2.0,8.35,51.32,0.349,60.0,44.4,20.7,2026-04-28,2026-04-30,47.72,4,15.94,48.0,-0.42,22.67,3.81,4.04,1.24,0.064,1.12,1,0,17.23,51.32,0.384,25.0,21.0,40.6,2026-04-29,2026-05-07,-0.42,False,0.23,False
301037,创业板,5,1,2026-04-28,2026-05-08,2026-04-27,2026-05-11,17.76,-29.02,5.0,20.48,137.74,-56.44,82.0,5.17,5.71,1.01,0.019,1.11,2.0,2.0,16.61,129.28,0.648,100.0,25.1,10.1,2026-04-27,2026-04-29,55.63,4,18.37,53.99,-1.89,25.27,3.01,4.12,0.68,-0.3113,0.01,2,0,17.83,51.81,0.678,75.0,23.8,8.4,2026-05-07,2026-05-12,3.01,False,-1.89,False
301038,创业板,5,1,2026-04-28,2026-05-08,2026-04-27,2026-05-11,22.16,-43.38,5.0,32.23,190.6,-66.8,107.18,3.3,3.93,1.53,0.0764,1.32,2.0,2.0,33.82,195.96,0.271,20.0,21.3,51.6,2026-04-27,2026-04-29,74.72,4,24.15,69.01,-1.05,31.8,5.03,8.86,1.6,-0.0579,0.02,2,0,22.4,66.06,0.432,75.0,34.3,22.6,2026-05-07,2026-05-12,4.48,False,-1.05,False
301047,创业板,2,1,2026-04-29,2026-04-30,2026-04-28,2026-05-12,74.65,1.36,5.0,21.49,90.0,-47.29,68.51,2.52,5.19,0.96,0.2315,51.38,2.0,2.0,20.65,89.89,0.364,80.0,23.6,40.1,2026-04-28,2026-04-30,-0.1,4,-0.02,2.27,-1.34,1.63,2.71,3.97,0.38,-0.1533,1.13,0,0,0.16,0.57,0.541,50.0,24.9,21.0,2026-05-08,2026-05-13,-0.99,False,-1.34,False
301050,创业板,5,1,2026-04-28,2026-05-08,2026-04-27,2026-05-11,43.18,-61.0,5.0,131.77,547.83,-84.47,258.29,2.71,4.15,0.53,-0.2068,0.5,2.0,2.0,131.6,541.23,0.572,60.0,16.2,26.6,2026-04-27,2026-04-29,152.17,4,50.69,151.99,-1.24,71.64,2.92,3.21,0.49,-0.4015,0.01,2,0,48.73,145.22,0.513,75.0,20.0,28.7,2026-05-07,2026-05-12,1.33,False,-1.24,False
301051,创业板,2,1,2026-04-29,2026-04-30,2026-04-28,2026-05-11,26.25,2.45,5.0,46.09,152.01,-60.56,105.92,4.04,5.3,0.94,0.2267,87.56,2.0,2.0,44.6,155.24,0.461,40.0,37.6,16.3,2026-04-28,2026-04-30,153.48,4,50.86,152.0,-0.19,71.52,5.91,7.25,0.35,-0.4879,0.0,2,0,47.4,140.94,0.341,75.0,28.8,37.1,2026-05-07,2026-05-12,0.78,False,-0.19,False
301052,创业板,2,1,2026-04-29,2026-04-30,2026-04-28,2026-05-08,35.47,0.56,5.0,4.57,34.68,-25.72,30.11,3.14,4.62,1.06,0.2608,64.31,2.0,2.0,4.18,34.38,0.267,80.0,46.6,26.7,2026-04-28,2026-04-30,4.81,4,4.19,34.67,-22.4,23.46,3.71,4.81,1.04,0.0242,1.11,1,1,5.48,37.62,0.322,25.0,51.5,16.4,2026-05-06,2026-05-11,34.67,True,0.3,False
301059,创业板,5,1,2026-04-28,2026-05-08,2026-04-27,2026-05-12,16.77,-46.6,5.0,58.05,280.47,-73.59,146.36,1.66,2.01,1.07,-0.007,0.89,2.0,2.0,56.64,274.43,0.556,80.0,23.9,20.5,2026-04-27,2026-04-29,8.05,4,2.74,9.24,-2.94,5.01,4.4,11.64,2.1,0.576,5.37,1,1,-0.23,1.14,0.602,75.0,17.1,22.6,2026-05-08,2026-05-13,9.24,False,-2.94,False
301061,创业板,2,1,2026-04-29,2026-04-30,2026-04-28,2026-05-12,67.25,-18.04,5.0,51.97,170.4,-68.33,118.44,8.82,17.07,1.05,-0.0057,1.94,2.0,2.0,62.14,203.32,0.635,20.0,9.7,26.9,2026-04-28,2026-04-30,-0.24,4,-0.08,0.43,-0.67,0.45,3.53,4.24,0.36,-0.4834,0.01,2,0,1.08,1.4,0.43,25.0,24.3,32.6,2026-05-08,2026-05-12,-0.67,False,0.0,False
301065,创业板,2,1,2026-04-29,2026-04-30,2026-04-28,2026-05-11,24.59,1.59,5.0,8.6,50.0,-33.77,41.4,2.22,3.1,1.17,0.2924,105.65,2.0,2.0,7.37,50.25,0.456,60.0,32.8,21.6,2026-04-28,2026-04-30,45.85,4,15.74,50.0,-2.61,24.24,2.32,3.47,0.68,-0.3129,0.01,1,0,15.7,47.07,0.699,50.0,1.5,28.7,2026-05-07,2026-05-12,-0.16,False,-2.61,False
301066,创业板,5,1,2026-04-28,2026-05-08,2026-04-27,2026-05-13,17.38,-26.45,5.0,11.75,100.65,-50.13,64.61,3.61,4.9,0.73,-0.0701,1.0,2.0,2.0,11.16,99.16,0.327,80.0,26.9,40.5,2026-04-27,2026-04-29,0.55,4,0.24,3.55,-4.18,3.25,4.07,5.33,2.38,0.208,1.19,0,0,-0.25,0.0,0.516,75.0,30.7,17.7,2026-05-11,2026-05-14,3.55,False,-4.18,False
301067,创业板,5,1,2026-04-28,2026-05-08,2026-04-27,2026-05-11,34.22,-44.95,5.0,46.6,235.71,-71.01,127.88,4.86,6.89,1.02,0.0501,1.66,2.0,2.0,45.0,234.91,0.373,60.0,38.8,23.9,2026-04-27,2026-04-29,66.03,4,24.03,80.0,-4.81,39.58,3.94,6.45,0.64,-0.3304,0.01,1,0,26.19,78.42,0.572,50.0,12.2,30.7,2026-05-07,2026-05-12,-3.1,False,-4.81,False
301068,创业板,5,1,2026-04-28,2026-05-08,2026-04-27,2026-05-11,36.22,-44.42,5.0,31.7,192.03,-66.57,107.44,4.11,6.99,0.55,-0.2333,0.39,2.0,2.0,33.08,192.44,0.327,20.0,41.2,26.2,2026-04-27,2026-04-29,62.62,4,21.75,69.0,-4.2,33.46,3.89,5.03,0.6,-0.3495,0.01,2,0,23.66,69.95,0.346,0.0,19.3,46.1,2026-05-07,2026-05-12,0.45,False,-4.2,False
301070,创业板,3,1,2026-04-07,2026-04-09,2026-04-06,2026-04-13,147.014,29.61,5.0,11.54,43.82,-24.9,32.41,14.06,17.75,1.88,0.2529,2.7,2.0,2.0,-0.49,31.14,0.819,80.0,11.4,6.7,2026-04-06,2026-04-08,-0.82,4,4.65,43.82,-33.39,31.53,9.04,10.09,0.93,-0.0442,0.87,1,2,0.67,35.23,0.441,50.0,20.0,35.9,2026-04-10,2026-04-13,43.82,True,-33.39,True
301070,创业板,4,1,2026-04-13,2026-04-16,2026-04-12,2026-04-20,142.339,,,,,,,,,,,,,,,,,,,,2026-04-12,2026-04-08,4.45,4,5.26,43.82,-25.47,28.82,9.09,12.47,1.01,0.0031,1.01,2,1,6.66,49.8,0.554,50.0,36.2,8.4,2026-04-17,2026-04-20,43.82,True,-25.47,True
301070,创业板,4,1,2026-04-20,2026-04-23,2026-04-19,2026-04-27,142.958,,,,,,,,,,,,,,,,,,,,2026-04-19,2026-04-14,-1.06,4,4.27,43.82,-31.62,30.91,4.47,7.03,0.77,-0.1588,0.6,2,1,5.34,45.82,0.3,25.0,29.9,40.1,2026-04-24,2026-04-27,43.82,True,-31.62,True
301070,创业板,6,1,2026-04-27,2026-05-08,2026-04-26,2026-05-13,116.97,,,,,,,,,,,,,,,,,,,,2026-04-26,2026-04-21,-4.89,4,-1.63,0.93,-4.38,2.17,7.67,9.63,2.02,0.1119,0.91,1,1,0.48,2.0,0.292,50.0,44.6,26.2,2026-05-11,2026-05-14,-1.46,False,-4.38,False
301071,创业板,5,1,2026-04-28,2026-05-08,2026-04-27,2026-05-13,61.28,-71.72,5.0,334.05,1254.41,-92.55,551.23,4.57,5.64,0.93,-0.0218,0.89,2.0,2.0,329.78,1230.79,0.494,80.0,27.6,23.0,2026-04-27,2026-04-29,6.09,4,2.14,9.4,-4.05,5.54,7.7,11.74,2.23,0.133,0.92,0,1,-0.3,0.44,0.602,50.0,23.9,15.9,2026-05-11,2026-05-14,9.4,False,-4.05,False
301073,创业板,5,1,2026-04-28,2026-05-08,2026-04-27,2026-05-12,25.57,-56.44,5.0,95.29,420.29,-81.27,205.06,3.84,5.77,1.23,0.0524,1.38,2.0,2.0,93.44,405.95,0.587,60.0,16.5,24.8,2026-04-27,2026-04-29,-0.48,4,-0.13,1.99,-3.82,2.62,3.09,6.0,0.53,-0.0809,1.18,0,0,0.06,0.25,0.561,75.0,21.6,22.3,2026-05-08,2026-05-13,-3.82,False,1.99,False
301076,创业板,5,1,2026-04-28,2026-05-08,2026-04-27,2026-05-15,45.03,-55.83,5.0,91.67,405.71,-80.27,199.08,3.32,4.29,0.82,-0.0717,0.76,2.0,2.0,91.18,396.77,0.514,80.0,23.0,25.7,2026-04-27,2026-04-29,-21.89,4,-6.93,4.91,-25.13,13.06,4.11,5.42,2.32,0.3215,2.87,1,1,-5.83,6.2,0.353,25.0,33.8,30.9,2026-05-13,2026-05-18,4.91,False,-25.13,True
301077,创业板,7,1,2026-04-24,2026-05-08,2026-04-23,2026-05-11,32.72,-64.31,5.0,35.21,219.82,-89.76,113.91,8.5,18.11,1.01,-0.0167,1.54,1.0,3.0,33.25,234.98,0.492,80.0,20.2,30.5,2026-04-23,2026-04-28,183.67,4,63.05,191.99,-2.55,91.19,3.38,4.08,0.46,-0.4216,0.01,1,0,63.38,189.46,0.368,50.0,34.6,28.6,2026-05-07,2026-05-12,-0.31,False,-2.55,False
301079,创业板,3,2,2026-01-07,2026-01-12,2026-01-06,2026-01-13,66.5,20.01,2.0,20.01,20.01,20.01,0.0,15.14,20.15,1.41,0.3436,1.41,0.0,1.0,-2.73,-2.73,0.795,100.0,8.0,12.5,2026-01-06,2026-01-07,-6.16,4,-1.03,20.0,-13.46,14.95,13.55,18.18,0.66,-0.1961,0.59,0,3,-4.13,-1.63,0.585,50.0,13.5,28.0,2026-01-09,2026-01-14,-13.46,False,-9.64,False
301079,创业板,6,1,2026-04-28,2026-05-08,2026-04-27,2026-05-11,48.69,-26.21,5.0,2.95,70.64,-41.54,46.71,6.11,9.88,0.67,-0.0855,0.88,2.0,2.0,3.66,68.0,0.521,80.0,16.4,31.6,2026-04-27,2026-04-29,27.44,4,9.35,30.0,-2.67,14.67,7.1,9.29,0.42,-0.4463,0.01,1,0,6.69,20.74,0.485,75.0,30.9,20.6,2026-05-07,2026-05-12,0.72,False,-2.67,False
301080,创业板,6,1,2026-04-28,2026-05-08,2026-04-27,2026-05-11,46.56,-53.94,5.0,83.6,371.22,-79.15,185.06,2.78,3.23,1.01,0.0077,1.1,2.0,2.0,82.97,366.25,0.36,60.0,24.9,39.1,2026-04-27,2026-04-29,103.06,4,35.57,110.0,-3.87,52.66,4.73,5.44,0.51,-0.3944,0.01,1,0,34.81,105.25,0.48,75.0,23.5,28.5,2026-05-07,2026-05-12,0.59,False,-3.87,False
301081,创业板,6,1,2026-04-28,2026-05-08,2026-04-27,2026-05-15,20.3,-12.65,5.0,7.16,62.83,-39.95,46.52,6.2,11.73,0.73,-0.0832,0.88,2.0,2.0,4.71,60.93,0.443,80.0,33.2,22.5,2026-04-27,2026-04-29,10.43,4,3.98,19.98,-6.65,11.52,9.11,15.42,2.54,0.3553,2.89,2,1,0.95,3.66,0.516,50.0,25.2,23.2,2026-05-13,2026-05-18,19.98,True,-6.65,False
301082,创业板,6,1,2026-04-28,2026-05-08,2026-04-27,2026-05-14,12.89,-47.44,5.0,47.37,247.88,-71.69,132.07,3.2,5.46,0.63,-0.1189,0.77,2.0,2.0,48.47,244.56,0.447,60.0,22.7,32.6,2026-04-27,2026-04-29,-5.02,4,-1.67,1.59,-3.84,2.35,3.62,5.05,2.09,0.4247,131.08,0,0,-0.09,0.31,0.553,25.0,31.5,13.2,2026-05-12,2026-05-15,-3.84,False,-2.77,False
301086,创业板,6,1,2026-04-28,2026-05-08,2026-04-27,2026-05-14,247.98,-31.19,5.0,21.65,142.87,-58.2,84.79,4.5,5.37,0.77,-0.0524,0.94,2.0,2.0,20.85,139.22,0.391,80.0,34.9,26.0,2026-04-27,2026-04-29,8.33,4,2.74,6.64,0.76,2.76,7.07,8.47,2.38,0.3853,124.02,1,0,0.68,2.0,0.313,50.0,38.3,30.4,2026-05-12,2026-05-15,0.82,False,0.76,False
301087,创业板,6,1,2026-04-28,2026-05-08,2026-04-27,2026-05-11,52.58,-24.56,5.0,12.81,101.3,-50.63,65.39,4.4,5.65,0.95,0.0135,1.16,2.0,2.0,12.93,96.96,0.487,40.0,32.2,19.1,2026-04-27,2026-04-29,32.98,4,10.79,30.0,-1.65,13.78,3.4,5.87,0.7,-0.3048,0.01,1,0,10.54,31.68,0.568,25.0,23.4,19.8,2026-05-07,2026-05-12,4.01,False,-1.65,False
301091,创业板,6,1,2026-04-28,2026-05-08,2026-04-27,2026-05-14,23.05,-70.46,5.0,263.27,1002.91,-91.04,446.95,2.55,3.94,0.73,-0.1237,0.59,2.0,2.0,268.34,1022.48,0.705,20.0,18.6,11.0,2026-04-27,2026-04-29,0.5,4,0.17,0.81,-0.67,0.62,3.45,5.79,3.68,0.4768,109.31,0,0,0.27,0.5,0.19,75.0,47.8,33.2,2026-05-12,2026-05-15,0.81,False,-0.67,False
301093,创业板,6,1,2026-04-28,2026-05-08,2026-04-27,2026-05-12,110.0,-19.5,5.0,8.38,80.44,-43.72,53.9,4.59,5.51,1.0,-0.0027,0.96,2.0,2.0,6.48,76.34,0.418,100.0,23.1,35.1,2026-04-27,2026-04-29,11.5,4,3.74,7.87,1.63,2.92,7.55,10.91,0.57,-0.0514,1.27,0,0,0.02,0.35,0.363,100.0,48.0,15.7,2026-05-08,2026-05-13,7.87,False,1.71,False
301098,创业板,6,1,2026-04-28,2026-05-08,2026-04-27,2026-05-15,11.18,-30.62,5.0,18.74,131.61,-56.6,79.54,4.15,5.19,0.88,-0.0327,0.89,2.0,2.0,15.82,124.22,0.544,100.0,37.0,8.6,2026-04-27,2026-04-29,0.76,4,0.3,3.61,-3.76,3.06,5.44,7.72,0.71,-0.1829,0.55,2,0,1.34,2.66,0.372,50.0,33.7,29.1,2026-05-13,2026-05-18,-3.76,False,1.05,False
301099,创业板,6,1,2026-04-28,2026-05-08,2026-04-27,2026-05-11,66.94,-38.82,5.0,32.88,187.93,-65.66,105.91,6.27,8.03,0.73,-0.1434,0.49,2.0,2.0,30.78,181.16,0.401,80.0,52.1,7.8,2026-04-27,2026-04-29,67.76,4,22.81,69.0,-4.39,32.83,4.35,4.68,0.56,-0.3665,0.01,2,0,22.85,67.95,0.431,75.0,42.0,14.9,2026-05-07,2026-05-12,3.83,False,-4.39,False
301101,创业板,6,1,2026-04-28,2026-05-08,2026-04-27,2026-05-14,38.79,-35.12,5.0,18.09,134.22,-57.85,80.81,2.26,3.55,0.73,-0.1137,0.64,2.0,2.0,18.41,132.08,0.483,60.0,29.6,22.1,2026-04-27,2026-04-29,4.95,4,1.63,2.42,1.14,0.57,4.31,7.19,4.38,0.5988,313.65,1,0,0.72,1.58,0.398,50.0,33.0,27.3,2026-05-12,2026-05-15,1.14,False,1.32,False
301102,创业板,6,1,2026-04-28,2026-05-08,2026-04-27,2026-05-12,11.26,-50.92,5.0,68.67,323.78,-76.13,164.47,3.45,4.36,0.82,-0.1235,0.49,2.0,2.0,69.21,321.39,0.378,80.0,22.9,39.3,2026-04-27,2026-04-29,-0.18,4,-0.06,0.18,-0.54,0.34,1.41,1.71,0.68,0.0371,1.55,0,0,0.39,0.54,0.28,0.0,25.9,46.1,2026-05-08,2026-05-13,-0.54,False,0.18,False
301103,创业板,6,1,2026-04-28,2026-05-08,2026-04-27,2026-05-11,20.24,-23.54,5.0,7.61,81.78,-44.88,54.68,2.7,5.51,0.65,-0.1919,0.42,2.0,2.0,7.85,81.69,0.161,80.0,41.2,42.7,2026-04-27,2026-04-29,26.68,4,9.16,30.0,-3.33,14.84,2.14,3.65,0.74,-0.2866,0.01,2,0,9.94,28.83,0.657,50.0,14.5,19.8,2026-05-07,2026-05-12,0.8,False,-3.33,False
301106,创业板,6,1,2026-04-28,2026-05-08,2026-04-27,2026-05-14,38.42,-24.28,5.0,14.03,107.14,-50.82,67.76,6.32,9.33,1.32,0.0871,1.37,2.0,2.0,10.78,101.09,0.463,100.0,39.2,14.5,2026-04-27,2026-04-29,2.53,4,0.85,2.59,-0.99,1.46,5.11,6.7,2.14,0.4485,125.76,0,0,0.3,0.9,0.296,50.0,39.9,30.5,2026-05-12,2026-05-15,-0.99,False,0.94,False
301107,创业板,6,1,2026-04-28,2026-05-08,2026-04-27,2026-05-20,29.82,-27.4,5.0,12.48,106.28,-50.87,66.83,2.9,3.88,0.71,-0.1532,0.49,2.0,2.0,11.33,101.28,0.646,80.0,11.5,23.8,2026-04-27,2026-04-29,0.54,4,0.18,0.75,-0.14,0.41,4.67,6.93,2.05,0.2639,1.87,2,0,1.09,2.01,0.195,25.0,56.2,24.4,2026-05-18,2026-05-21,0.75,False,-0.07,False
301108,创业板,6,1,2026-04-28,2026-05-08,2026-04-27,2026-05-11,27.39,-30.43,5.0,11.26,106.73,-51.25,66.57,3.19,4.7,0.66,-0.1126,0.76,2.0,2.0,11.38,103.14,0.502,80.0,16.9,32.9,2026-04-27,2026-04-29,34.67,4,12.06,40.0,-3.55,19.8,2.41,4.03,0.62,-0.3395,0.01,1,0,13.23,38.76,0.634,50.0,23.2,13.4,2026-05-07,2026-05-12,-0.26,False,-3.55,False
301109,创业板,6,1,2026-04-28,2026-05-08,2026-04-27,2026-05-13,16.35,-52.86,5.0,100.34,418.99,-80.71,205.53,2.61,3.91,0.78,-0.1148,0.57,2.0,2.0,98.45,409.95,0.521,80.0,36.7,11.2,2026-04-27,2026-04-29,-2.92,4,-0.97,0.68,-3.4,1.76,2.46,3.77,1.38,-0.0272,0.73,0,0,-0.31,-0.06,0.453,50.0,28.4,26.3,2026-05-11,2026-05-14,0.68,False,-3.4,False
301110,创业板,6,1,2026-04-28,2026-05-08,2026-04-27,2026-05-19,76.66,-32.68,5.0,11.28,107.35,-52.65,67.55,4.93,6.57,0.91,-0.0536,0.74,2.0,2.0,11.23,103.69,0.394,60.0,37.1,23.5,2026-04-27,2026-04-29,-7.41,4,-2.28,3.88,-11.96,6.93,5.78,8.79,1.08,-0.021,0.83,0,2,-2.59,-0.89,0.675,75.0,26.7,5.9,2026-05-15,2026-05-20,3.88,False,-11.96,False
301113,创业板,6,1,2026-04-28,2026-05-08,2026-04-27,2026-05-12,27.99,-18.18,5.0,8.93,81.44,-44.14,54.32,3.74,4.24,0.99,0.009,1.08,2.0,2.0,5.87,74.65,0.676,100.0,23.0,9.4,2026-04-27,2026-04-29,-1.63,4,-0.54,0.94,-1.47,1.06,2.82,3.32,0.66,-0.0342,1.18,0,0,0.56,0.58,0.497,50.0,12.9,37.3,2026-05-08,2026-05-13,-1.47,False,-1.09,False
301117,创业板,6,1,2026-04-28,2026-05-08,2026-04-27,2026-05-11,48.18,-27.6,5.0,9.48,98.17,-48.62,61.71,5.66,6.07,0.88,-0.049,0.81,2.0,2.0,7.87,90.45,0.526,60.0,25.7,21.7,2026-04-27,2026-04-29,35.18,4,12.19,40.0,-3.75,19.74,2.9,3.96,0.49,-0.4008,0.01,1,0,12.44,38.23,0.542,75.0,18.5,27.3,2026-05-07,2026-05-12,0.32,False,-3.75,False
301119,创业板,2,1,2026-04-29,2026-04-30,2026-04-28,2026-05-12,44.78,2.89,5.0,4.01,30.0,-22.21,25.99,3.67,5.69,1.16,0.2892,64.25,2.0,2.0,2.5,28.45,0.468,80.0,28.3,24.9,2026-04-28,2026-04-30,0.35,4,0.12,1.11,-1.63,1.24,3.5,4.29,0.4,-0.1895,0.92,0,0,0.16,0.58,0.31,75.0,31.3,37.7,2026-05-08,2026-05-13,0.89,False,-1.63,False
301120,创业板,2,1,2026-04-29,2026-04-30,2026-04-28,2026-05-14,22.2,-0.2,5.0,8.3,50.0,-34.56,41.7,3.39,3.61,1.41,0.3445,72.81,2.0,2.0,7.96,52.67,0.624,40.0,25.8,11.8,2026-04-28,2026-04-30,-0.92,4,-0.22,5.68,-4.5,4.31,6.21,7.77,1.16,0.1981,70.18,2,0,0.59,1.19,0.567,25.0,25.6,17.7,2026-05-12,2026-05-15,-4.5,False,-1.83,False
301121,创业板,2,1,2026-04-29,2026-04-30,2026-04-28,2026-05-15,40.9,2.85,5.0,6.23,40.0,-28.99,33.79,3.62,5.59,0.73,0.1497,61.97,2.0,2.0,4.14,40.5,0.417,60.0,28.6,29.7,2026-04-28,2026-04-30,3.27,4,1.09,2.25,-0.62,1.24,4.15,5.9,1.52,0.1702,1.91,0,0,-0.25,0.1,0.298,75.0,44.4,25.7,2026-05-13,2026-05-18,2.25,False,-0.62,False
301122,创业板,2,1,2026-04-29,2026-04-30,2026-04-28,2026-05-11,34.67,3.87,5.0,4.2,30.0,-22.15,25.8,4.14,4.43,0.88,0.208,106.82,2.0,2.0,3.3,29.55,0.279,80.0,50.8,21.4,2026-04-28,2026-04-30,30.78,4,10.22,30.0,-2.44,14.17,2.63,3.69,0.84,-0.25,0.01,1,0,9.7,29.14,0.585,75.0,29.2,12.3,2026-05-07,2026-05-12,3.12,False,-2.44,False
301125,创业板,6,1,2026-04-28,2026-05-08,2026-04-27,2026-05-11,26.84,-49.76,5.0,66.75,312.7,-75.71,160.13,2.92,3.83,0.8,-0.0658,0.84,2.0,2.0,65.35,310.37,0.233,80.0,56.8,19.8,2026-04-27,2026-04-29,82.01,4,29.7,96.0,-9.43,47.13,6.85,13.18,0.48,-0.4071,0.02,1,0,30.01,89.46,0.636,75.0,13.6,22.8,2026-05-07,2026-05-12,2.53,False,-9.43,False
301127,创业板,6,1,2026-04-28,2026-05-08,2026-04-27,2026-05-11,14.75,-34.23,5.0,8.85,101.28,-51.14,64.14,4.13,7.72,0.76,-0.05,1.02,2.0,2.0,11.93,105.03,0.573,20.0,28.3,14.3,2026-04-27,2026-04-29,32.13,4,11.44,40.0,-4.46,20.24,5.01,6.39,0.84,-0.2512,0.01,2,0,13.07,37.7,0.507,50.0,24.5,24.8,2026-05-07,2026-05-12,-4.46,False,-1.22,False
301128,创业板,6,1,2026-04-28,2026-05-08,2026-04-27,2026-05-15,215.49,-29.78,5.0,12.87,108.05,-53.42,68.47,7.41,9.44,0.9,-0.039,0.84,2.0,2.0,11.08,100.22,0.415,40.0,41.7,16.9,2026-04-27,2026-04-29,-5.19,4,-1.62,4.2,-8.36,5.17,8.11,11.55,1.25,0.0758,1.14,1,1,0.62,3.29,0.442,50.0,33.0,22.7,2026-05-13,2026-05-18,4.2,False,-8.36,False
301129,创业板,6,1,2026-04-28,2026-05-08,2026-04-27,2026-05-14,29.92,-44.3,5.0,46.5,238.03,-70.51,128.3,2.74,3.92,0.67,-0.1483,0.55,2.0,2.0,46.13,239.15,0.361,60.0,27.8,36.1,2026-04-27,2026-04-29,1.86,4,0.72,6.77,-4.64,4.68,4.98,8.9,9.88,0.642,416.46,1,0,0.35,1.2,0.616,25.0,22.7,15.8,2026-05-12,2026-05-15,6.77,False,-4.64,False
301141,创业板,2,1,2026-05-07,2026-05-08,2026-05-06,2026-05-11,60.42,3.1,4.0,11.83,44.53,-49.05,43.09,5.3,9.94,0.75,-0.1563,0.63,2.0,1.0,9.94,42.67,0.53,100.0,21.9,25.1,2026-05-06,2026-05-08,37.28,4,12.72,40.0,-4.21,19.47,4.37,4.67,0.65,-0.323,0.01,1,0,12.05,37.21,0.556,75.0,22.6,21.8,2026-05-07,2026-05-12,2.37,False,-4.21,False
301150,创业板,2,1,2026-05-07,2026-05-08,2026-05-06,2026-05-13,83.94,-6.91,4.0,135.42,254.9,-92.37,161.14,6.94,12.99,0.65,-0.1865,0.61,2.0,1.0,139.37,255.4,0.302,25.0,53.5,16.3,2026-05-06,2026-05-08,4.66,4,1.72,6.4,-6.84,6.06,9.41,11.56,2.04,0.1419,1.02,0,2,-1.66,-0.83,0.667,75.0,18.0,15.3,2026-05-11,2026-05-14,5.6,False,-6.84,False
301153,创业板,2,1,2026-05-07,2026-05-08,2026-05-06,2026-05-11,21.5,2.11,4.0,127.92,248.27,-91.02,155.07,3.05,3.63,1.16,0.0643,1.19,2.0,1.0,125.27,243.16,0.274,75.0,54.0,18.7,2026-05-06,2026-05-08,222.37,4,75.09,226.52,-1.64,107.08,2.99,3.63,0.46,-0.4225,0.01,1,0,74.52,223.76,0.282,75.0,44.1,27.7,2026-05-07,2026-05-12,0.38,False,-1.64,False
301156,创业板,2,1,2026-05-07,2026-05-08,2026-05-06,2026-05-12,21.4,2.28,4.0,34.84,93.46,-70.95,74.95,3.07,3.66,0.98,-0.0637,0.77,2.0,1.0,33.32,94.12,0.42,50.0,37.7,20.3,2026-05-06,2026-05-08,-1.19,4,-0.4,-0.33,-0.48,0.06,3.05,3.66,0.38,-0.288,0.67,0,0,0.14,1.0,0.315,50.0,46.4,22.1,2026-05-08,2026-05-13,-0.33,False,-0.38,False
301158,创业板,2,2,2026-03-02,2026-03-03,2026-02-27,2026-03-04,35.37,44.0,3.0,20.0,20.0,20.0,0.0,10.15,14.49,4.5,0.6242,5.16,2.0,0.0,4.73,5.77,0.741,100.0,21.1,4.8,2026-02-27,2026-03-03,-3.85,4,-0.28,20.0,-13.92,14.62,13.9,16.82,0.94,-0.009,1.02,1,1,-1.35,5.77,0.694,50.0,12.6,18.0,2026-03-02,2026-03-05,-13.92,False,-6.92,False
301159,创业板,2,1,2026-01-12,2026-01-14,2026-01-09,2026-01-15,57.39,20.0,2.0,20.0,20.0,20.0,0.0,9.86,15.35,1.84,0.5898,1.84,1.0,0.0,3.06,3.06,0.891,100.0,6.9,4.0,2026-01-09,2026-01-12,-3.63,4,-0.21,20.0,-13.72,14.56,13.29,14.14,0.71,-0.1527,0.64,1,1,-0.91,9.11,0.389,25.0,36.4,24.7,2026-01-13,2026-01-16,-13.72,False,-6.92,False
301160,创业板,2,1,2026-05-07,2026-05-08,2026-05-06,2026-05-14,63.34,3.26,4.0,15.97,57.77,-54.86,50.36,3.69,4.16,0.99,-0.0062,0.98,2.0,1.0,13.74,53.69,0.389,100.0,37.9,23.2,2026-05-06,2026-05-08,0.33,4,0.13,1.82,-2.65,1.98,4.43,5.69,2.31,0.4497,95.0,0,0,-0.07,0.12,0.479,50.0,37.9,14.2,2026-05-12,2026-05-15,-2.65,False,1.82,False
301162,创业板,2,1,2026-05-07,2026-05-08,2026-05-06,2026-05-13,70.8,4.84,4.0,28.69,84.18,-66.12,67.36,4.01,5.95,0.95,0.0215,1.19,2.0,1.0,26.74,76.83,0.276,25.0,40.3,32.1,2026-05-06,2026-05-08,2.38,4,0.81,2.33,-2.03,2.01,5.46,6.32,1.86,0.0408,0.71,0,0,0.22,0.32,0.343,50.0,43.0,22.6,2026-05-11,2026-05-14,2.33,False,-2.03,False
301171,创业板,2,2,2026-01-09,2026-01-12,2026-01-08,2026-01-14,64.507,20.0,2.0,20.0,20.0,20.0,0.0,14.21,16.0,1.18,0.1617,1.18,0.0,0.0,0.8,0.8,0.767,100.0,14.6,8.7,2026-01-08,2026-01-09,28.61,4,8.96,16.16,0.0,6.71,7.64,17.07,0.65,-0.2163,0.0,1,0,6.7,20.01,0.703,50.0,4.7,0.0,2026-01-12,2026-01-15,16.16,False,0.0,False
301171,创业板,3,1,2026-04-07,2026-04-09,2026-04-06,2026-04-13,46.26,10.02,5.0,5.59,30.1,-27.45,25.24,7.44,11.87,4.95,0.268,3.26,2.0,2.0,-0.05,29.51,0.486,80.0,35.2,16.2,2026-04-06,2026-04-08,4.58,4,3.45,30.11,-18.97,20.26,3.92,5.45,1.0,0.177,1.79,1,2,1.74,28.68,0.403,75.0,44.2,15.5,2026-04-10,2026-04-13,30.11,True,-18.97,False
301171,创业板,4,1,2026-04-13,2026-04-16,2026-04-12,2026-04-20,52.6,,,,,,,,,,,,,,,,,,,,2026-04-12,2026-04-08,0.62,4,2.82,30.09,-25.64,22.77,6.47,8.1,0.38,-0.2106,0.87,1,1,0.32,24.51,0.663,75.0,22.9,10.9,2026-04-17,2026-04-20,30.09,True,-25.64,True
301171,创业板,4,1,2026-04-20,2026-04-23,2026-04-19,2026-04-27,45.65,,,,,,,,,,,,,,,,,,,,2026-04-19,2026-04-14,-8.22,4,0.02,30.08,-27.98,23.75,4.01,5.31,0.67,-0.0547,1.08,1,1,1.56,31.68,0.465,0.0,25.6,27.9,2026-04-24,2026-04-27,30.08,True,-27.98,True
301171,创业板,2,1,2026-04-27,2026-04-28,2026-04-26,2026-05-08,46.28,,,,,,,,,,,,,,,,,,,,2026-04-26,2026-04-21,19.7,4,7.37,30.14,-8.0,16.43,7.17,8.46,1.19,0.1062,1.79,1,1,11.18,36.66,0.479,25.0,47.4,4.7,2026-05-06,2026-05-11,30.14,True,-0.02,False
301179,创业板,2,1,2026-05-07,2026-05-08,2026-05-06,2026-05-13,27.4,3.93,4.0,116.09,235.63,-89.76,146.19,3.62,4.96,0.95,-0.0283,0.92,2.0,1.0,112.9,230.66,0.513,100.0,32.7,15.9,2026-05-06,2026-05-08,2.48,4,0.95,5.56,-6.23,5.15,5.42,6.84,3.76,0.3314,1.6,0,0,-0.48,0.04,0.802,50.0,6.8,13.1,2026-05-11,2026-05-14,3.53,False,-6.23,False
301181,创业板,2,1,2026-05-07,2026-05-08,2026-05-06,2026-05-13,51.88,7.58,4.0,11.8,50.38,-44.97,41.0,4.47,5.83,1.4,0.1666,1.76,2.0,1.0,8.5,42.99,0.389,75.0,52.0,9.1,2026-05-06,2026-05-08,-0.74,4,-0.21,2.27,-3.97,2.71,4.94,5.41,1.87,0.077,0.84,0,0,0.35,0.95,0.522,75.0,27.6,20.2,2026-05-11,2026-05-14,1.08,False,-3.97,False
301191,创业板,2,1,2026-05-07,2026-05-08,2026-05-06,2026-05-14,175.74,3.88,4.0,8.23,35.88,-41.19,35.03,6.92,10.93,1.03,-0.0274,0.86,2.0,1.0,6.05,34.59,0.378,100.0,35.8,26.3,2026-05-06,2026-05-08,-0.77,4,-0.21,3.89,-2.88,2.94,9.16,12.27,1.84,0.3453,81.62,1,1,1.15,5.16,0.543,25.0,27.5,18.2,2026-05-12,2026-05-15,-2.88,False,-1.66,False
301193,创业板,2,1,2026-05-07,2026-05-08,2026-05-06,2026-05-11,26.2,1.81,4.0,21.67,66.86,-61.87,59.13,5.44,7.45,0.48,-0.3263,0.41,2.0,1.0,19.95,64.4,0.43,75.0,36.0,21.1,2026-05-06,2026-05-08,48.31,4,17.53,60.0,-5.55,30.07,5.28,9.05,0.64,-0.3284,0.02,1,0,19.44,57.83,0.494,50.0,35.1,15.5,2026-05-07,2026-05-12,-1.86,False,-5.55,False
301231,创业板,2,2,2026-02-09,2026-02-10,2026-02-06,2026-02-11,60.83,44.01,3.0,20.0,20.0,20.0,0.0,2.17,6.51,0.27,-0.726,0.26,2.0,0.0,20.0,20.0,0.217,0.0,0.6,11.1,2026-02-06,2026-02-10,1.8,4,1.56,20.0,-14.19,14.09,10.03,27.16,15.56,0.6865,14.15,2,1,9.2,20.0,0.315,0.0,5.6,12.9,2026-02-09,2026-02-12,-1.14,False,-14.19,False
301302,创业板,2,2,2026-03-02,2026-03-03,2026-02-27,2026-03-04,39.29,43.96,3.0,19.99,19.99,19.98,0.0,1.27,2.41,5.87,0.9809,9.33,2.0,0.0,19.99,19.99,0.229,33.3,3.8,40.0,2026-02-27,2026-03-03,13.02,4,4.88,19.99,-9.95,12.22,9.68,24.34,2.25,0.3286,4.46,1,1,3.43,19.99,0.344,25.0,7.3,33.2,2026-03-02,2026-03-05,4.6,False,-9.95,False
301362,创业板,4,4,2026-02-02,2026-02-05,2026-01-30,2026-02-09,99.87,44.02,3.0,20.01,20.01,20.01,0.0,0.0,0.0,0.0,0.6253,0.0,2.0,0.0,20.01,20.01,0.0,0.0,0.0,0.0,2026-01-30,2026-02-03,-0.44,4,-0.07,4.11,-5.27,3.9,10.04,11.45,0.64,-0.2038,0.57,0,2,-1.72,0.0,0.438,75.0,29.2,27.0,2026-02-05,2026-02-10,-5.27,False,0.96,False
301363,创业板,2,2,2026-01-06,2026-01-07,2026-01-05,2026-01-08,43.3,44.01,3.0,20.0,20.01,19.99,0.01,2.03,6.09,5.68,1.1932,10.84,2.0,0.0,20.0,20.01,0.0,0.0,0.0,33.3,2026-01-05,2026-01-07,8.43,4,3.55,20.01,-11.81,13.02,6.34,11.34,1.55,0.2844,14.55,2,1,5.33,20.01,0.23,25.0,4.5,47.5,2026-01-06,2026-01-09,2.45,False,-11.81,False
301378,创业板,3,3,2026-01-12,2026-01-14,2026-01-09,2026-01-15,51.96,44.0,3.0,20.0,20.01,19.99,0.01,9.79,12.95,2.12,0.4359,2.52,2.0,0.0,12.72,19.99,0.555,66.7,2.9,41.6,2026-01-09,2026-01-13,-2.97,4,0.03,20.0,-14.6,14.62,13.69,20.5,1.04,-0.0056,0.92,0,2,-3.1,0.24,0.493,25.0,10.5,40.2,2026-01-13,2026-01-16,-14.6,False,-5.32,False
301636,创业板,2,2,2026-02-03,2026-02-04,2026-02-02,2026-02-09,113.8,44.0,3.0,20.0,20.01,20.0,0.0,14.24,17.82,1.51,0.2425,1.65,2.0,0.0,3.56,5.67,0.615,100.0,22.6,15.9,2026-02-02,2026-02-04,12.96,4,4.33,12.19,-3.04,6.23,14.91,19.41,0.82,-0.1156,0.68,0,2,-4.88,-0.99,0.542,100.0,39.0,6.8,2026-02-05,2026-02-10,3.84,False,-3.04,False
600026,沪主板,2,1,2026-02-12,2026-02-24,2026-02-11,2026-03-09,26.65,9.51,4.0,3.5,10.03,-9.5,9.2,5.44,9.14,1.56,0.2191,2.48,2.0,1.0,3.65,10.03,0.497,25.0,10.3,40.0,2026-02-11,2026-02-24,-6.89,4,-2.19,2.38,-9.98,5.54,13.75,17.3,0.98,-0.0277,0.89,1,2,-1.13,3.49,0.557,75.0,34.3,10.1,2026-03-05,2026-03-10,-9.98,False,2.38,False
600026,沪主板,2,2,2026-03-02,2026-03-03,2026-02-27,2026-03-09,26.65,,,,,,,,,,,,,,,,,,,,2026-02-27,2026-02-24,-6.89,4,-2.19,2.38,-9.98,5.54,13.75,17.3,0.98,-0.0277,0.89,1,2,-1.13,3.49,0.557,75.0,34.3,10.1,2026-03-05,2026-03-10,-9.98,False,2.38,False
600028,沪主板,2,2,2026-03-02,2026-03-03,2026-02-27,2026-03-04,8.11,21.05,3.0,10.02,10.06,9.99,0.04,6.0,8.57,12.26,0.7769,14.22,1.0,0.0,2.91,5.26,0.651,66.7,10.0,24.9,2026-02-27,2026-03-03,-1.13,4,-0.13,9.99,-5.37,7.15,9.29,14.46,0.77,-0.1081,0.7,1,1,0.71,3.58,0.677,50.0,3.1,29.2,2026-03-02,2026-03-05,-5.37,False,-5.0,False
600032,沪主板,3,3,2026-03-23,2026-03-25,2026-03-20,2026-03-26,14.1,21.06,3.0,10.03,10.04,10.02,0.01,12.27,15.03,1.54,0.2266,1.62,0.0,1.0,-0.91,0.74,0.678,100.0,11.3,20.9,2026-03-20,2026-03-24,-1.1,4,-0.11,9.97,-7.14,7.31,13.42,18.87,1.0,-0.0511,0.75,0,3,-2.6,-1.6,0.473,50.0,21.8,30.8,2026-03-24,2026-03-27,-3.15,False,-7.14,False
600052,沪主板,2,2,2026-04-22,2026-04-23,2026-04-21,2026-04-24,4.9,21.16,3.0,10.07,10.1,10.05,0.02,6.93,9.86,5.61,0.8627,8.03,1.0,0.0,1.23,1.92,0.658,66.7,6.7,27.6,2026-04-21,2026-04-23,4.57,4,1.72,10.1,-6.11,6.63,10.1,14.42,1.43,0.1612,1.96,2,1,2.12,6.99,0.803,75.0,10.3,9.4,2026-04-22,2026-04-27,-6.11,False,1.16,False
600058,沪主板,2,2,2026-01-15,2026-01-16,2026-01-14,2026-01-23,16.58,9.98,2.0,9.98,9.98,9.98,0.0,0.0,0.0,0.0,2.0,0.0,1.0,0.0,9.98,9.98,0.0,0.0,0.0,0.0,2026-01-14,2026-01-15,5.56,4,1.98,9.99,-3.47,5.79,9.42,10.24,1.15,0.0233,0.97,0,1,-0.29,0.51,0.462,25.0,35.4,18.4,2026-01-21,2026-01-26,-0.58,False,-3.47,False
600076,沪主板,3,3,2026-05-08,2026-05-12,2026-05-07,2026-05-14,4.66,21.1,3.0,10.05,10.09,10.0,0.05,6.44,8.06,1.7,0.4157,2.22,2.0,0.0,3.11,5.0,0.76,66.7,9.8,14.2,2026-05-07,2026-05-11,0.92,4,0.34,3.77,-2.75,2.68,7.94,10.61,1.29,0.1951,2.79,0,1,-1.36,0.24,0.227,50.0,44.5,32.8,2026-05-12,2026-05-14,3.77,False,0.0,False
600078,沪主板,3,3,2026-02-24,2026-02-26,2026-02-13,2026-02-27,14.95,20.93,3.0,9.97,9.97,9.97,0.0,2.9,5.47,1.05,0.1092,1.23,2.0,0.0,6.96,9.97,0.37,33.3,20.4,9.3,2026-02-13,2026-02-25,-1.78,4,-0.33,10.03,-6.64,7.38,5.1,10.59,3.62,0.412,4.34,1,2,1.79,10.03,0.168,0.0,18.7,39.5,2026-02-25,2026-03-02,-4.39,False,-6.64,False
600078,沪主板,2,2,2026-05-08,2026-05-11,2026-05-07,2026-05-12,16.39,21.03,3.0,10.01,10.03,9.99,0.02,9.75,11.41,0.95,-0.1043,0.8,1.0,0.0,0.71,1.42,0.765,66.7,0.0,23.5,2026-05-07,2026-05-11,1.02,4,0.56,10.03,-5.73,6.82,8.7,10.04,1.19,0.0156,0.91,0,0,0.0,0.0,0.733,50.0,9.9,16.8,2026-05-08,2026-05-13,-5.73,False,-2.61,False
600084,沪主板,2,2,2026-01-29,2026-01-30,2026-01-28,2026-02-02,8.01,20.93,3.0,9.97,9.97,9.97,0.0,2.32,2.49,2.76,0.5307,3.31,2.0,0.0,9.97,9.97,0.044,0.0,0.0,95.6,2026-01-28,2026-01-30,12.99,4,4.36,9.97,-4.71,6.48,6.84,15.8,3.35,0.4072,3.59,1,2,-0.36,9.97,0.239,50.0,23.0,53.0,2026-01-29,2026-02-03,7.83,False,-4.71,False
600096,沪主板,2,2,2026-02-24,2026-02-25,2026-02-13,2026-02-27,44.032,21.02,3.0,10.01,10.01,10.0,0.0,5.27,7.74,4.58,0.7673,6.2,2.0,0.0,2.86,3.58,0.863,66.7,3.0,10.7,2026-02-13,2026-02-25,1.59,4,0.54,2.89,-0.86,1.67,5.74,7.74,0.59,-0.2001,0.62,1,1,0.01,2.14,0.602,75.0,18.7,21.1,2026-02-25,2026-03-02,-0.4,False,-0.86,False
600103,沪主板,2,2,2026-04-20,2026-04-21,2026-04-17,2026-04-22,5.72,10.0,2.0,10.0,10.0,10.0,0.0,10.9,11.86,1.05,0.0463,1.05,0.0,0.0,-0.47,-0.47,0.743,100.0,16.7,9.0,2026-04-17,2026-04-20,8.67,4,3.05,9.94,-6.55,7.0,11.31,13.45,1.48,0.1205,1.24,1,1,0.69,5.77,0.535,50.0,24.0,22.6,2026-04-20,2026-04-23,5.77,False,-6.55,False
600105,沪主板,2,1,2026-04-08,2026-04-10,2026-04-07,2026-04-24,51.0,10.0,2.0,10.0,10.0,10.0,0.0,5.88,5.96,1.24,0.2121,1.24,1.0,0.0,4.57,4.57,0.639,50.0,23.1,13.1,2026-04-07,2026-04-08,6.57,4,2.19,6.52,-1.0,3.18,7.12,9.09,1.11,0.1074,1.97,2,0,2.49,5.64,0.433,75.0,32.0,24.7,2026-04-22,2026-04-27,1.05,False,-1.0,False
600108,沪主板,7,4,2026-02-27,2026-03-11,2026-02-26,2026-03-12,7.17,21.05,3.0,10.02,10.08,9.97,0.05,4.45,10.58,2.55,0.1125,1.46,1.0,0.0,4.9,10.08,0.394,33.3,16.7,10.6,2026-02-26,2026-03-02,4.86,4,1.98,10.05,-10.06,8.67,10.13,12.9,0.99,-0.0453,0.81,2,1,0.99,3.02,0.767,75.0,11.4,11.9,2026-03-10,2026-03-13,5.94,False,-10.06,True
600121,沪主板,2,2,2026-03-12,2026-03-13,2026-03-11,2026-03-16,5.85,20.99,3.0,9.99,10.06,9.92,0.07,4.25,9.53,2.1,0.1261,1.44,1.0,0.0,5.39,9.92,0.337,33.3,0.0,33.0,2026-03-11,2026-03-13,1.75,4,0.81,9.92,-6.55,6.84,7.28,13.26,2.15,0.2012,1.33,2,1,2.52,9.92,0.483,50.0,18.3,8.5,2026-03-12,2026-03-17,-6.55,False,-0.95,False
600130,沪主板,3,3,2026-05-06,2026-05-08,2026-04-30,2026-05-11,6.77,21.0,3.0,10.0,10.04,9.96,0.04,7.78,11.42,0.92,0.0506,1.1,1.0,1.0,1.52,4.33,0.62,66.7,16.0,21.9,2026-04-30,2026-05-07,13.06,4,4.3,10.02,-2.47,5.15,9.08,17.9,3.55,0.3803,2.68,2,1,4.23,8.94,0.409,75.0,7.0,52.1,2026-05-07,2026-05-12,5.37,False,-2.47,False
600135,沪主板,2,2,2026-01-07,2026-01-08,2026-01-06,2026-01-09,13.48,9.99,2.0,9.99,9.99,9.99,0.0,11.55,12.63,0.96,-0.0427,0.96,0.0,1.0,-2.38,-2.38,0.736,100.0,15.9,10.5,2026-01-06,2026-01-07,6.14,4,2.24,10.03,-6.68,6.87,11.57,14.57,1.34,0.025,0.85,1,1,1.13,5.97,0.815,75.0,12.0,6.5,2026-01-07,2026-01-12,-6.68,False,3.37,False
600135,沪主板,2,2,2026-03-09,2026-03-10,2026-03-06,2026-03-12,11.57,21.01,3.0,10.0,10.05,9.96,0.05,6.64,8.66,5.17,0.8612,7.52,1.0,0.0,1.96,3.48,0.832,100.0,4.9,11.9,2026-03-06,2026-03-10,-3.89,4,-1.27,2.0,-5.26,3.01,6.39,8.32,0.88,-0.0869,0.72,0,2,-1.95,-1.0,0.595,75.0,21.2,19.4,2026-03-10,2026-03-13,2.0,False,-5.26,False
600152,沪主板,2,2,2026-04-13,2026-04-14,2026-04-10,2026-04-20,15.29,20.96,3.0,9.98,9.99,9.97,0.01,9.28,11.44,0.97,0.0589,1.12,1.0,0.0,0.56,1.12,0.631,100.0,19.9,17.0,2026-04-10,2026-04-14,2.93,4,1.19,9.97,-6.6,6.8,10.83,13.31,0.88,-0.1075,0.67,1,1,-0.41,2.95,0.616,50.0,17.4,21.0,2026-04-16,2026-04-21,0.22,False,-6.6,False
600152,沪主板,3,3,2026-04-24,2026-04-28,2026-04-23,2026-05-08,16.62,,,,,,,,,,,,,,,,,,,,2026-04-23,2026-04-14,-2.92,4,-0.94,1.99,-4.93,2.92,9.0,10.97,0.94,-0.0706,0.74,0,0,-0.64,-0.45,0.292,75.0,39.2,31.7,2026-05-06,2026-05-11,1.99,False,-4.93,False
600156,沪主板,3,3,2026-04-16,2026-04-20,2026-04-15,2026-04-21,11.2,10.07,2.0,10.07,10.07,10.07,0.0,6.62,9.85,1.94,0.6385,1.94,0.0,0.0,0.0,0.0,0.889,50.0,1.9,9.2,2026-04-15,2026-04-16,9.18,4,3.13,10.04,-3.92,5.7,9.61,14.9,2.9,0.3571,2.48,1,1,1.91,10.01,0.848,75.0,6.6,8.6,2026-04-17,2026-04-22,-3.92,False,3.26,False
600156,沪主板,2,2,2026-04-28,2026-04-29,2026-04-27,2026-05-15,15.61,,,,,,,,,,,,,,,,,,,,2026-04-27,2026-04-17,-4.93,4,-1.57,2.98,-7.68,4.49,8.22,21.68,25.01,0.6806,21.24,1,1,0.35,4.86,0.304,25.0,12.6,7.0,2026-05-14,2026-05-18,-7.68,False,2.98,False
600156,沪主板,2,2,2026-05-13,2026-05-14,2026-05-12,2026-05-15,15.61,,,,,,,,,,,,,,,,,,,,2026-05-12,2026-04-29,-4.93,4,-1.57,2.98,-7.68,4.49,8.22,21.68,25.01,0.6806,21.24,1,1,0.35,4.86,0.304,25.0,12.6,7.0,2026-05-14,2026-05-18,-7.68,False,2.98,False
600163,沪主板,2,2,2026-03-25,2026-03-26,2026-03-24,2026-03-27,8.82,21.02,3.0,10.01,10.07,9.95,0.06,6.78,10.48,0.71,-0.2123,0.66,1.0,1.0,4.46,9.95,0.487,66.7,2.4,48.9,2026-03-24,2026-03-26,-3.71,4,-0.96,9.95,-7.28,7.75,8.6,13.41,2.68,0.303,2.03,2,1,4.47,9.95,0.609,25.0,3.5,35.6,2026-03-25,2026-03-30,-5.55,False,-7.28,False
600172,沪主板,2,2,2026-03-10,2026-03-11,2026-03-09,2026-03-12,11.59,10.04,2.0,10.04,10.04,10.04,0.0,7.74,8.93,1.2,0.1851,1.2,1.0,0.0,2.62,2.62,0.378,50.0,10.0,52.2,2026-03-09,2026-03-10,2.38,4,0.99,10.02,-5.23,6.53,7.83,9.18,1.19,0.0368,1.02,1,0,1.44,4.17,0.649,50.0,17.2,17.9,2026-03-10,2026-03-13,-1.8,False,-5.23,False
600172,沪主板,3,3,2026-05-11,2026-05-13,2026-05-08,2026-05-14,12.48,21.03,3.0,10.02,10.02,10.01,0.0,3.75,7.99,2.54,0.8005,4.25,2.0,0.0,7.82,10.01,0.328,66.7,9.2,24.7,2026-05-08,2026-05-12,9.94,4,3.32,10.04,-0.08,4.75,7.89,7.99,1.09,0.0257,1.04,3,0,1.31,1.49,0.453,50.0,26.9,27.8,2026-05-12,2026-05-14,-0.08,False,0.0,False
600184,沪主板,2,1,2026-04-20,2026-04-22,2026-04-17,2026-04-23,26.59,16.34,4.0,5.38,10.0,-3.85,6.53,6.83,9.09,1.19,-0.0054,0.8,1.0,0.0,0.02,1.04,0.752,75.0,15.2,9.6,2026-04-17,2026-04-22,2.68,4,1.08,10.0,-4.13,6.34,6.88,9.09,1.25,-0.0004,0.8,1,0,0.63,2.59,0.728,25.0,12.7,14.5,2026-04-21,2026-04-24,-2.63,False,-4.13,False
600198,沪主板,2,1,2026-01-14,2026-01-16,2026-01-13,2026-01-19,12.48,,,,,,,,,,,,,,,,,,,,2026-01-13,2026-01-07,-3.54,4,-0.86,9.97,-9.98,8.24,9.74,13.36,0.91,-0.1071,0.61,0,3,-3.51,-1.54,0.552,25.0,25.7,19.2,2026-01-15,2026-01-20,-2.56,False,-9.98,True
600215,沪主板,2,2,2026-01-08,2026-01-09,2026-01-07,2026-01-12,9.2,10.01,2.0,10.01,10.01,10.01,0.0,4.82,8.06,2.5,0.8555,2.5,1.0,0.0,1.14,1.14,0.818,50.0,13.6,4.5,2026-01-07,2026-01-08,3.38,4,1.4,10.01,-8.3,7.52,8.87,13.15,1.61,0.2149,3.02,1,1,1.83,10.01,0.464,50.0,19.0,34.6,2026-01-08,2026-01-13,2.48,False,-8.3,False
600227,沪主板,2,2,2026-03-06,2026-03-09,2026-03-05,2026-03-18,5.4,,,,,,,,,,,,,,,,,,,,2026-03-05,2026-03-02,-2.91,4,-0.7,9.98,-6.6,7.57,12.72,17.13,0.86,-0.0679,0.83,1,1,0.54,6.0,0.761,50.0,5.9,18.0,2026-03-16,2026-03-19,-5.48,False,-6.6,False
600227,沪主板,3,3,2026-03-13,2026-03-17,2026-03-12,2026-03-18,5.4,,,,,,,,,,,,,,,,,,,,2026-03-12,2026-03-06,-2.91,4,-0.7,9.98,-6.6,7.57,12.72,17.13,0.86,-0.0679,0.83,1,1,0.54,6.0,0.761,50.0,5.9,18.0,2026-03-16,2026-03-19,-5.48,False,-6.6,False
600230,沪主板,2,2,2026-01-19,2026-01-20,2026-01-16,2026-01-30,23.8,10.0,2.0,10.0,10.0,10.0,0.0,5.83,9.39,2.72,0.9245,2.72,0.0,0.0,0.2,0.2,0.548,50.0,17.6,27.6,2026-01-16,2026-01-19,-1.68,4,-0.32,4.62,-10.0,6.84,11.08,13.17,1.03,0.0739,1.58,1,1,-1.09,2.31,0.509,75.0,29.3,19.8,2026-01-28,2026-02-02,4.42,False,-10.0,True
600230,沪主板,2,1,2026-02-25,2026-02-27,2026-02-24,2026-03-02,27.24,10.02,2.0,10.02,10.02,10.02,0.0,8.39,10.04,1.01,0.0061,1.01,0.0,0.0,0.0,0.0,0.832,100.0,4.9,12.0,2026-02-24,2026-02-25,9.64,4,3.39,10.0,-6.94,7.4,9.22,14.1,1.13,0.0428,1.1,1,2,-1.09,1.73,0.692,50.0,8.8,22.0,2026-02-26,2026-03-03,7.11,False,-6.94,False
600234,沪主板,3,2,2026-04-17,2026-04-22,2026-04-16,2026-04-23,25.95,20.98,3.0,9.99,9.99,9.99,0.0,7.95,10.54,2.08,0.5575,2.92,1.0,0.0,1.29,3.56,0.597,100.0,2.9,37.4,2026-04-16,2026-04-20,3.16,4,1.23,10.02,-3.36,6.22,8.78,10.96,0.98,-0.0871,0.67,1,0,0.74,2.91,0.518,50.0,42.3,5.9,2026-04-21,2026-04-24,-3.36,False,-2.97,False
600234,沪主板,2,2,2026-05-08,2026-05-11,2026-05-07,2026-05-12,32.02,10.0,2.0,10.0,10.0,10.0,0.0,9.41,10.59,1.07,0.0721,1.07,0.0,0.0,-0.04,-0.04,0.585,100.0,21.3,20.2,2026-05-07,2026-05-08,3.43,4,1.32,10.0,-4.89,6.32,8.33,11.13,1.41,0.0824,1.1,1,0,1.07,3.11,0.621,50.0,7.0,30.9,2026-05-08,2026-05-13,-4.89,False,-1.14,False
600236,沪主板,2,1,2026-03-02,2026-03-04,2026-02-27,2026-03-05,11.94,22.05,4.0,6.96,10.04,0.82,4.34,8.25,11.34,2.2,0.3863,4.54,1.0,2.0,0.01,2.35,0.663,75.0,22.4,11.3,2026-02-27,2026-03-04,11.05,4,3.79,10.04,-5.77,6.86,9.3,11.53,1.8,0.2097,1.74,1,2,-1.91,2.12,0.41,75.0,32.7,26.4,2026-03-03,2026-03-06,7.1,False,-5.77,False
600246,沪主板,2,2,2026-05-19,2026-05-20,2026-05-18,2026-05-21,15.63,21.19,4.0,6.72,10.13,0.0,4.75,6.42,12.36,1.48,0.2152,1.85,2.0,0.0,2.66,5.6,0.742,50.0,8.1,17.8,2026-05-18,2026-05-20,10.7,3,5.33,10.13,0.52,4.8,8.15,12.36,1.72,0.2572,1.76,1,1,0.75,5.6,0.736,100.0,18.6,7.8,2026-05-19,2026-05-21,0.52,False,,
600256,沪主板,2,2,2026-03-02,2026-03-03,2026-02-27,2026-03-09,7.48,21.09,3.0,10.04,10.05,10.03,0.01,4.73,5.9,5.03,0.6335,5.67,2.0,0.0,7.26,8.33,0.52,100.0,2.1,45.9,2026-02-27,2026-03-03,-1.04,4,-0.26,4.26,-5.64,4.09,5.48,5.64,1.18,-0.0055,0.81,1,2,-0.27,10.0,0.583,75.0,30.0,11.6,2026-03-05,2026-03-10,4.26,False,-5.64,False
600259,沪主板,3,2,2026-02-25,2026-03-02,2026-02-24,2026-03-03,111.263,17.24,4.0,5.62,10.0,-2.97,6.08,6.95,8.55,1.08,0.0744,1.37,2.0,0.0,0.92,1.7,0.629,75.0,17.2,19.9,2026-02-24,2026-02-27,-4.96,4,-1.33,10.0,-10.0,8.38,8.22,10.27,0.97,0.043,1.31,1,2,-1.12,4.92,0.645,75.0,25.1,10.4,2026-02-27,2026-03-04,-10.0,False,-4.0,False
600266,沪主板,2,2,2026-01-06,2026-01-07,2026-01-05,2026-01-12,7.5,10.04,2.0,10.04,10.04,10.04,0.0,6.82,7.0,0.82,-0.1943,0.82,1.0,0.0,4.84,4.84,0.635,100.0,0.0,36.5,2026-01-05,2026-01-06,-4.59,4,-1.35,4.84,-9.93,6.26,11.43,15.56,0.66,-0.2468,0.37,1,1,1.14,5.63,0.507,25.0,27.5,21.8,2026-01-08,2026-01-13,4.84,False,-9.93,True
600301,沪主板,3,2,2026-02-25,2026-03-02,2026-02-24,2026-03-03,77.77,25.33,4.0,7.86,10.01,3.57,3.03,7.07,9.1,1.96,0.2663,2.24,2.0,0.0,1.74,3.89,0.517,75.0,41.4,6.9,2026-02-24,2026-02-27,6.86,4,2.38,10.01,-2.52,5.47,10.2,13.16,1.83,0.1491,1.18,1,1,-2.8,1.95,0.646,75.0,31.7,3.7,2026-02-27,2026-03-04,-0.35,False,-2.52,False
600302,沪主板,2,1,2026-01-15,2026-01-19,2026-01-14,2026-01-26,14.65,10.01,2.0,10.01,10.01,10.01,0.0,7.6,10.8,1.61,0.4672,1.61,0.0,1.0,-1.31,-1.31,0.679,100.0,20.2,11.9,2026-01-14,2026-01-15,2.05,4,0.8,7.6,-4.34,5.01,9.91,11.93,0.84,-0.0863,0.74,0,1,-1.9,-0.76,0.506,75.0,34.3,15.1,2026-01-22,2026-01-27,-0.85,False,-4.34,False
600307,沪主板,3,2,2026-03-13,2026-03-18,2026-03-12,2026-03-19,2.51,8.91,4.0,3.33,10.0,-9.91,9.36,9.02,10.4,0.86,-0.1383,0.49,1.0,1.0,-0.07,2.0,0.868,75.0,8.6,4.6,2026-03-12,2026-03-17,-3.18,4,-0.79,10.0,-6.58,7.64,8.97,10.09,1.59,0.1956,2.34,1,1,0.05,3.18,0.678,50.0,22.7,9.5,2026-03-17,2026-03-20,-5.79,False,-6.58,False
600310,沪主板,2,2,2026-03-26,2026-03-27,2026-03-25,2026-03-30,7.26,10.09,2.0,10.09,10.09,10.09,0.0,12.72,13.33,0.84,-0.1687,0.84,0.0,1.0,-2.57,-2.57,0.757,100.0,15.2,9.1,2026-03-25,2026-03-26,5.67,4,2.02,10.0,-4.24,5.94,11.31,17.09,3.51,0.3575,1.92,2,1,1.98,10.0,0.544,50.0,14.0,6.7,2026-03-26,2026-03-31,-4.24,False,0.32,False
600313,沪主板,2,1,2026-01-28,2026-01-30,2026-01-27,2026-02-02,8.63,28.72,4.0,8.79,10.06,6.36,1.72,7.98,9.97,2.36,0.3916,5.31,0.0,0.0,-0.1,0.0,0.823,75.0,8.0,9.8,2026-01-27,2026-01-30,-1.25,4,-0.14,9.96,-8.15,7.54,7.84,9.97,0.84,-0.1015,0.69,0,2,-2.03,0.0,0.571,50.0,26.2,16.8,2026-01-29,2026-02-03,-8.15,False,-2.22,False
600330,沪主板,3,2,2026-01-30,2026-02-04,2026-01-29,2026-02-10,18.65,9.98,2.0,9.98,9.98,9.98,0.0,7.3,11.36,2.07,0.6983,2.07,0.0,0.0,-0.16,-0.16,0.756,50.0,5.0,19.4,2026-01-29,2026-01-30,10.77,4,3.57,10.0,-0.06,4.56,7.03,8.73,1.09,-0.0295,0.78,2,0,4.27,6.77,0.462,25.0,35.0,18.7,2026-02-06,2026-02-11,0.76,False,-0.06,False
600330,沪主板,3,2,2026-04-17,2026-04-22,2026-04-16,2026-04-27,28.48,10.03,2.0,10.03,10.03,10.03,0.0,2.46,4.91,0.3,-1.0704,0.3,1.0,0.0,10.03,10.03,0.077,50.0,29.9,12.4,2026-04-16,2026-04-17,3.2,4,1.13,5.91,-3.65,3.9,7.81,9.35,0.99,-0.0281,0.88,1,2,1.33,6.6,0.328,25.0,47.3,20.0,2026-04-23,2026-04-28,5.91,False,-3.65,False
600337,沪主板,3,3,2026-01-06,2026-01-08,2026-01-05,2026-01-09,4.27,9.97,2.0,9.97,9.97,9.97,0.0,0.0,0.0,0.24,-1.2174,0.24,1.0,0.0,9.97,9.97,0.0,0.0,0.0,0.0,2026-01-05,2026-01-06,-3.61,4,-0.87,10.05,-10.07,8.31,4.4,11.2,26.3,0.9497,64.8,1,1,1.79,10.05,0.333,25.0,10.4,6.3,2026-01-07,2026-01-12,-10.07,False,-2.6,False
600337,沪主板,2,1,2026-04-09,2026-04-13,2026-04-08,2026-04-17,3.6,23.85,4.0,7.45,10.0,2.45,3.54,6.8,11.26,2.31,0.3669,5.77,1.0,0.0,2.45,7.69,0.72,100.0,16.7,11.4,2026-04-08,2026-04-13,3.03,4,1.03,4.55,-0.87,2.49,6.25,7.25,0.76,-0.1326,0.68,1,1,0.0,1.46,0.326,75.0,36.7,30.7,2026-04-15,2026-04-20,-0.58,False,-0.87,False
600338,沪主板,3,2,2026-04-24,2026-04-29,2026-04-23,2026-04-30,28.28,21.0,3.0,10.0,10.01,9.99,0.01,9.99,14.58,3.14,0.3059,2.48,1.0,1.0,-2.51,1.02,1.0,66.7,0.0,0.0,2026-04-23,2026-04-27,5.5,4,1.97,10.0,-3.99,5.9,6.64,10.54,1.01,-0.0023,0.98,1,1,0.08,1.16,0.422,50.0,29.1,28.7,2026-04-28,2026-05-06,-0.11,False,-3.99,False
600339,沪主板,2,2,2026-03-02,2026-03-03,2026-02-27,2026-03-04,5.54,9.91,2.0,9.91,9.91,9.91,0.0,3.98,5.36,2.82,0.9531,2.82,1.0,0.0,9.91,9.91,0.273,50.0,9.1,63.6,2026-02-27,2026-03-02,3.43,4,1.4,10.09,-8.02,7.41,8.98,17.56,2.01,0.1543,1.1,2,1,3.17,8.8,0.202,25.0,14.0,65.8,2026-03-02,2026-03-05,2.14,False,-8.02,False
600345,沪主板,2,2,2026-04-09,2026-04-10,2026-04-08,2026-04-13,57.08,,,,,,,,,,,,,,,,,,,,2026-04-08,2026-03-30,5.73,4,2.06,10.0,-5.0,6.15,6.67,10.36,1.54,0.1343,1.33,2,1,2.62,7.81,0.57,50.0,15.1,28.0,2026-04-09,2026-04-14,1.18,False,-5.0,False
600367,沪主板,2,2,2026-03-02,2026-03-03,2026-02-27,2026-03-04,26.48,21.02,3.0,10.01,10.02,10.0,0.01,4.21,5.98,2.14,0.6933,3.44,2.0,0.0,8.44,10.0,0.511,66.7,1.8,47.1,2026-02-27,2026-03-03,3.82,4,1.44,10.02,-3.55,6.1,7.29,12.65,1.12,0.1412,2.6,1,1,0.18,6.88,0.258,50.0,14.4,59.8,2026-03-02,2026-03-05,-3.55,False,-2.16,False
600370,沪主板,5,5,2026-03-12,2026-03-18,2026-03-11,2026-03-19,3.86,21.33,3.0,10.15,10.22,10.08,0.07,4.21,9.16,4.86,0.8449,7.04,1.0,0.0,5.11,10.22,0.389,66.7,0.0,61.1,2026-03-11,2026-03-13,-10.3,4,-3.13,10.0,-10.03,9.29,13.69,17.93,1.36,0.127,1.51,1,0,0.88,1.82,0.738,50.0,13.4,12.8,2026-03-17,2026-03-20,-9.37,False,-10.03,True
600379,沪主板,4,4,2026-04-28,2026-05-06,2026-04-27,2026-05-07,20.31,21.03,3.0,10.01,10.03,10.0,0.01,7.68,11.26,2.14,0.6068,3.14,1.0,0.0,2.31,5.34,0.506,66.7,16.0,33.4,2026-04-27,2026-04-29,-0.18,4,0.18,10.01,-6.16,7.05,7.15,17.82,2.62,0.2763,1.71,2,1,5.79,10.02,0.736,50.0,0.0,26.4,2026-04-30,2026-05-08,-3.3,False,-6.16,False
600379,沪主板,2,1,2026-05-11,2026-05-13,2026-05-08,2026-05-14,20.8,,,,,,,,,,,,,,,,,,,,2026-05-08,2026-04-29,10.18,4,3.39,10.01,0.0,4.68,12.78,14.89,1.65,0.1555,1.3,2,1,1.46,3.12,0.443,25.0,38.0,17.7,2026-05-12,2026-05-14,0.16,False,0.0,False
600391,沪主板,3,2,2026-01-19,2026-01-22,2026-01-16,2026-02-05,58.31,10.0,2.0,10.0,10.0,10.0,0.0,7.7,10.69,1.22,0.1981,1.22,0.0,1.0,-1.31,-1.31,0.859,50.0,9.4,4.7,2026-01-16,2026-01-19,3.54,4,1.28,6.06,-5.21,4.76,8.7,13.0,1.41,0.1002,1.21,0,2,-1.7,-0.04,0.483,75.0,31.5,20.2,2026-02-03,2026-02-06,6.06,False,-5.21,False
600396,沪主板,8,8,2026-03-16,2026-03-25,2026-03-13,2026-03-27,9.49,10.05,2.0,10.05,10.05,10.05,0.0,4.38,8.76,0.5,-0.6696,0.5,1.0,0.0,10.05,10.05,0.176,0.0,22.1,10.3,2026-03-13,2026-03-16,-3.0,4,-0.77,6.47,-10.01,6.88,7.71,10.9,1.11,0.0397,1.21,2,1,1.83,7.43,0.494,25.0,22.8,27.8,2026-03-25,2026-03-30,1.24,False,-10.01,True
600396,沪主板,2,2,2026-04-13,2026-04-14,2026-04-10,2026-04-15,8.66,20.93,3.0,9.97,10.0,9.94,0.03,8.74,10.68,0.93,-0.0993,0.81,1.0,0.0,2.13,4.11,0.859,66.7,0.5,13.5,2026-04-10,2026-04-14,-0.14,4,0.27,10.0,-9.44,7.94,9.23,13.04,1.67,0.1246,1.14,2,1,0.25,4.11,0.633,50.0,16.1,20.6,2026-04-13,2026-04-16,0.25,False,-9.44,False
600396,沪主板,4,3,2026-04-21,2026-04-27,2026-04-20,2026-05-14,18.15,,,,,,,,,,,,,,,,,,,,2026-04-20,2026-04-14,10.56,4,3.51,10.03,0.0,4.62,12.56,14.09,1.48,0.0975,1.09,2,0,4.22,6.58,0.598,50.0,11.1,29.1,2026-05-12,2026-05-14,0.48,False,0.0,False
600396,沪主板,5,3,2026-05-06,2026-05-13,2026-04-30,2026-05-14,18.15,,,,,,,,,,,,,,,,,,,,2026-04-30,2026-04-22,10.56,4,3.51,10.03,0.0,4.62,12.56,14.09,1.48,0.0975,1.09,2,0,4.22,6.58,0.598,50.0,11.1,29.1,2026-05-12,2026-05-14,0.48,False,0.0,False
600397,沪主板,5,2,2026-02-11,2026-02-27,2026-02-10,2026-03-02,22.6,20.96,3.0,9.98,9.99,9.97,0.01,4.94,9.45,1.49,0.1093,1.29,1.0,0.0,5.19,9.45,0.745,100.0,12.3,13.2,2026-02-10,2026-02-12,-1.12,4,-0.04,10.02,-10.0,8.17,10.93,14.98,1.2,-0.0025,0.83,1,0,1.93,4.88,0.611,50.0,16.7,22.2,2026-02-26,2026-03-03,-0.14,False,-10.0,True
600403,沪主板,2,1,2026-01-20,2026-01-22,2026-01-19,2026-01-23,7.58,10.04,2.0,10.04,10.04,10.04,0.0,7.31,8.17,1.09,0.0834,1.09,1.0,0.0,1.8,1.8,0.656,100.0,24.4,10.0,2026-01-19,2026-01-20,9.36,4,3.14,9.96,-1.35,4.9,7.23,11.49,0.94,-0.0489,0.8,0,0,-0.38,0.0,0.553,50.0,30.7,14.1,2026-01-21,2026-01-26,-1.35,False,0.82,False
600408,沪主板,2,1,2026-03-13,2026-03-17,2026-03-12,2026-03-19,4.56,14.67,4.0,4.93,10.13,-5.33,7.25,8.4,10.17,1.24,0.0953,1.43,1.0,0.0,0.42,1.53,0.704,75.0,22.4,7.2,2026-03-12,2026-03-17,-1.63,4,-0.48,4.22,-4.94,3.74,8.61,11.35,1.13,0.0776,1.41,2,1,-0.94,1.63,0.419,75.0,28.2,29.9,2026-03-17,2026-03-20,4.22,False,-4.94,False
600410,沪主板,2,2,2026-01-14,2026-01-15,2026-01-13,2026-01-16,24.29,,,,,,,,,,,,,,,,,,,,2026-01-13,2026-01-09,-8.42,4,-2.5,10.0,-9.95,8.89,6.96,10.59,1.98,0.08,0.79,1,2,-0.66,10.0,0.56,50.0,18.9,0.1,2026-01-14,2026-01-19,-9.95,False,-7.55,False
600435,沪主板,2,2,2026-01-06,2026-01-07,2026-01-05,2026-01-12,22.55,10.01,2.0,10.01,10.01,10.01,0.0,10.33,11.27,0.79,-0.2349,0.79,0.0,1.0,-2.01,-2.01,0.722,100.0,18.2,9.6,2026-01-05,2026-01-06,-6.6,4,-2.04,5.75,-10.01,6.44,10.16,13.38,0.59,-0.2914,0.33,0,2,-1.63,0.1,0.489,75.0,34.5,16.6,2026-01-08,2026-01-13,5.75,False,-10.01,True
600452,沪主板,2,2,2026-02-27,2026-03-02,2026-02-26,2026-03-09,16.8,21.04,3.0,10.02,10.02,10.02,0.0,6.98,10.62,1.58,0.0848,1.24,1.0,0.0,2.41,5.72,0.643,100.0,11.0,24.8,2026-02-26,2026-03-02,10.5,4,3.46,7.39,-1.96,3.96,7.69,11.03,0.87,-0.0905,0.73,1,1,-0.51,1.8,0.536,75.0,34.5,11.9,2026-03-05,2026-03-10,4.95,False,-1.96,False
600470,沪主板,2,2,2026-02-24,2026-02-25,2026-02-13,2026-02-26,8.58,20.99,3.0,9.99,10.03,9.96,0.04,5.36,7.57,1.87,0.0967,1.31,2.0,0.0,2.67,3.65,0.87,66.7,9.3,3.7,2026-02-13,2026-02-25,11.36,4,3.76,9.96,-1.79,4.82,8.88,13.25,5.89,0.5167,4.08,2,1,3.89,9.44,0.839,75.0,12.7,3.4,2026-02-24,2026-02-27,-1.79,False,3.12,False
600477,沪主板,4,4,2026-01-08,2026-01-13,2026-01-07,2026-01-14,4.73,21.21,3.0,10.1,10.1,10.09,0.0,3.03,9.09,0.37,-0.694,0.2,2.0,0.0,10.1,10.1,0.086,33.3,17.3,7.4,2026-01-07,2026-01-09,1.26,4,0.76,10.1,-9.89,8.21,5.29,17.53,2.03,0.2011,6.38,1,2,-1.39,10.1,0.214,25.0,22.9,30.8,2026-01-12,2026-01-15,2.06,False,-9.89,True
600481,沪主板,2,2,2026-02-03,2026-02-04,2026-02-02,2026-02-09,11.56,10.02,2.0,10.02,10.02,10.02,0.0,6.41,6.83,0.34,-0.9869,0.34,1.0,0.0,3.49,3.49,0.462,100.0,38.2,15.6,2026-02-02,2026-02-03,3.8,4,1.45,6.57,-7.32,6.23,10.06,14.56,1.07,0.0522,1.26,1,2,-2.38,3.14,0.691,50.0,24.5,6.4,2026-02-05,2026-02-10,6.57,False,-7.32,False
600488,沪主板,7,7,2026-03-27,2026-04-07,2026-03-26,2026-04-08,8.44,20.81,3.0,9.91,9.93,9.9,0.02,7.01,9.47,7.31,0.8052,9.38,0.0,0.0,0.0,0.0,0.65,66.7,30.0,5.0,2026-03-26,2026-03-30,1.58,4,0.73,10.04,-4.04,6.58,9.85,17.8,1.99,0.2924,2.72,2,1,3.63,9.0,0.394,50.0,17.7,42.9,2026-04-03,2026-04-09,-4.04,False,-3.8,False
600488,沪主板,2,2,2026-05-11,2026-05-12,2026-05-08,2026-05-14,7.92,10.0,2.0,10.0,10.0,10.0,0.0,8.33,11.67,1.79,0.5684,1.79,0.0,0.0,0.0,0.0,0.456,100.0,43.3,11.0,2026-05-08,2026-05-11,-3.44,4,-0.88,8.19,-10.01,7.43,9.1,13.09,0.6,-0.2812,0.19,1,2,-2.66,1.65,0.688,50.0,20.8,10.3,2026-05-12,2026-05-15,8.19,False,-10.01,True
600489,沪主板,2,1,2026-01-26,2026-01-28,2026-01-23,2026-01-29,41.48,25.7,4.0,7.96,10.01,3.88,2.89,6.54,8.8,1.59,0.2,1.79,2.0,1.0,1.45,4.37,0.826,75.0,7.0,10.4,2026-01-23,2026-01-28,7.64,4,2.91,10.01,-10.0,9.14,7.24,8.93,1.05,-0.0601,0.64,2,1,-0.62,6.05,0.454,75.0,35.1,19.5,2026-01-27,2026-01-30,8.72,False,-10.0,True
600498,沪主板,3,3,2026-02-26,2026-03-02,2026-02-25,2026-03-03,60.21,21.01,3.0,10.0,10.01,10.0,0.0,8.22,11.64,1.77,0.2156,1.65,1.0,1.0,-0.82,1.15,0.855,66.7,7.8,6.7,2026-02-25,2026-02-27,13.37,4,4.37,10.01,-1.02,4.51,8.27,11.64,2.09,0.1437,1.01,2,1,1.97,6.69,0.786,75.0,11.1,10.3,2026-02-27,2026-03-04,-1.02,False,4.12,False
600502,沪主板,2,2,2026-03-30,2026-03-31,2026-03-27,2026-04-01,6.19,21.08,3.0,10.03,10.11,9.96,0.07,3.17,4.97,4.97,0.8628,7.3,2.0,0.0,7.54,9.03,0.544,66.7,11.1,34.5,2026-03-27,2026-03-31,10.16,4,3.39,9.96,-1.42,4.81,6.3,11.53,2.27,0.3289,3.66,2,1,3.67,7.1,0.629,75.0,13.5,23.6,2026-03-30,2026-04-02,-1.42,False,1.62,False
600513,沪主板,2,2,2026-03-27,2026-03-30,2026-03-26,2026-04-02,32.27,10.01,2.0,10.01,10.01,10.01,0.0,7.43,10.78,1.92,0.6293,1.92,0.0,1.0,-1.85,-1.85,0.884,100.0,11.6,0.0,2026-03-26,2026-03-27,-1.0,4,-0.04,8.37,-9.98,7.57,10.81,14.02,0.76,-0.1379,0.62,0,2,-2.0,0.0,0.469,75.0,38.3,14.9,2026-03-31,2026-04-03,1.49,False,-9.98,True
600520,沪主板,2,1,2026-04-17,2026-04-21,2026-04-16,2026-04-22,30.88,20.65,4.0,6.57,10.01,-0.29,4.85,6.93,9.74,2.19,0.4468,4.33,0.0,0.0,-0.53,0.0,0.673,100.0,7.5,25.1,2026-04-16,2026-04-21,3.89,4,1.46,9.99,-3.25,6.04,6.3,9.51,0.71,-0.0957,0.8,0,1,-0.62,0.0,0.459,50.0,17.2,36.9,2026-04-20,2026-04-23,-3.25,False,-2.37,False
600527,沪主板,2,2,2026-03-24,2026-03-25,2026-03-23,2026-03-26,2.68,20.95,3.0,9.98,10.0,9.96,0.02,8.15,8.66,1.36,0.1666,1.41,2.0,0.0,2.29,2.86,0.76,66.7,8.9,15.1,2026-03-23,2026-03-25,13.42,4,4.36,9.96,1.55,3.96,6.64,8.66,1.18,0.0305,0.98,1,0,0.58,1.73,0.575,100.0,19.2,23.3,2026-03-24,2026-03-27,1.57,False,1.55,False
600530,沪主板,4,4,2026-05-08,2026-05-13,2026-05-07,2026-05-14,8.38,21.07,3.0,10.03,10.08,9.98,0.05,4.69,10.08,2.38,0.1482,1.57,1.0,0.0,4.17,9.08,0.465,66.7,20.0,33.5,2026-05-07,2026-05-11,3.47,4,1.35,9.99,-5.57,6.47,9.57,15.19,1.77,0.0771,0.85,1,2,-1.83,7.91,0.346,50.0,26.9,38.5,2026-05-12,2026-05-15,-0.38,False,-5.57,False
600531,沪主板,5,5,2026-01-23,2026-01-29,2026-01-22,2026-01-30,22.31,20.97,3.0,9.99,10.0,9.98,0.01,4.73,8.18,0.42,-0.7598,0.06,2.0,0.0,7.26,9.98,0.473,66.7,7.7,11.7,2026-01-22,2026-01-26,-10.91,4,-3.34,9.98,-10.0,9.42,4.34,10.08,0.06,-0.653,0.02,1,2,-3.35,9.94,0.121,50.0,0.0,37.9,2026-01-28,2026-02-02,-10.0,False,-10.0,True
600539,沪主板,4,2,2026-03-24,2026-03-30,2026-03-23,2026-03-31,15.8,20.99,3.0,10.0,10.03,9.97,0.03,7.26,7.82,2.0,0.5434,2.81,2.0,0.0,2.04,2.62,0.971,66.7,0.0,2.9,2026-03-23,2026-03-25,5.56,4,2.03,9.99,-6.14,6.59,8.89,10.49,0.91,0.0298,1.37,1,1,-0.21,2.25,0.521,50.0,19.7,28.2,2026-03-27,2026-04-01,-6.14,False,2.25,False
600545,沪主板,2,2,2026-02-11,2026-02-12,2026-02-10,2026-02-26,3.63,21.03,3.0,10.02,10.07,9.96,0.05,11.3,14.94,2.79,0.5088,3.23,0.0,1.0,-1.88,-0.74,0.665,100.0,22.7,10.8,2026-02-10,2026-02-12,11.4,4,3.76,10.1,0.29,4.49,9.43,12.02,1.2,0.0366,1.0,0,0,-0.01,0.59,0.427,100.0,32.4,25.0,2026-02-24,2026-02-27,0.89,False,0.29,False
600545,沪主板,3,3,2026-03-04,2026-03-06,2026-03-03,2026-03-11,4.36,,,,,,,,,,,,,,,,,,,,2026-03-03,2026-02-12,3.86,4,1.32,5.05,-2.88,3.26,8.73,13.7,0.93,-0.0958,0.65,0,1,-1.34,0.0,0.322,75.0,37.2,30.5,2026-03-09,2026-03-12,5.05,False,-2.88,False
600545,沪主板,2,2,2026-03-16,2026-03-17,2026-03-13,2026-03-18,4.69,,,,,,,,,,,,,,,,,,,,2026-03-13,2026-03-05,-0.95,4,-0.07,9.98,-6.29,7.17,8.65,14.01,1.37,0.0439,0.9,1,1,0.55,5.23,0.599,50.0,14.1,26.0,2026-03-16,2026-03-19,-3.89,False,-6.29,False
600545,沪主板,2,2,2026-05-08,2026-05-11,2026-05-07,2026-05-15,6.9,,,,,,,,,,,,,,,,,,,,2026-05-07,2026-04-29,-3.03,4,-0.92,5.25,-4.39,4.38,7.99,10.76,0.82,-0.1048,0.71,1,1,-0.73,2.07,0.32,75.0,40.1,27.9,2026-05-13,2026-05-18,-4.39,False,-3.64,False
600547,沪主板,2,1,2026-01-26,2026-01-28,2026-01-23,2026-01-29,65.55,17.67,4.0,5.75,9.97,-2.67,5.95,6.85,8.57,1.39,0.182,1.81,2.0,1.0,0.82,3.87,0.663,75.0,25.6,8.0,2026-01-23,2026-01-28,0.55,4,0.52,9.97,-10.0,8.19,8.47,12.57,1.05,-0.0325,0.76,2,1,0.79,7.27,0.507,50.0,36.2,13.1,2026-01-27,2026-01-30,1.59,False,-10.0,True
600550,沪主板,2,1,2026-01-15,2026-01-19,2026-01-14,2026-01-20,17.25,10.0,2.0,10.0,10.0,10.0,0.0,11.84,12.34,0.7,-0.357,0.7,0.0,1.0,-2.54,-2.54,0.602,50.0,28.7,11.1,2026-01-14,2026-01-15,8.06,4,2.81,10.03,-5.17,6.23,11.76,13.7,0.94,-0.0565,0.79,0,2,-2.79,-0.96,0.495,50.0,35.1,15.4,2026-01-16,2026-01-21,3.57,False,-5.17,False
600556,沪主板,3,2,2026-01-09,2026-01-14,2026-01-08,2026-01-15,9.0,20.96,3.0,9.98,9.99,9.97,0.01,8.24,9.72,1.15,0.0217,1.05,1.0,0.0,1.59,3.32,0.757,100.0,12.9,11.5,2026-01-08,2026-01-12,-10.85,4,-3.31,10.02,-10.0,9.43,11.02,20.17,0.42,-0.3224,0.44,0,3,-4.94,-1.3,0.62,25.0,27.2,10.8,2026-01-13,2026-01-16,-9.97,False,-10.0,True
600578,沪主板,4,4,2026-05-13,2026-05-18,2026-05-12,2026-05-19,8.48,21.1,3.0,10.05,10.08,10.02,0.03,4.87,6.56,1.9,0.5102,2.63,2.0,0.0,6.81,10.02,0.432,66.7,15.0,41.8,2026-05-12,2026-05-14,16.69,4,5.39,9.99,-1.09,4.71,14.19,18.14,1.56,0.1328,1.23,1,1,-3.95,3.14,0.672,100.0,3.5,29.3,2026-05-15,2026-05-20,7.26,False,-1.09,False
600583,沪主板,2,2,2026-03-02,2026-03-03,2026-02-27,2026-03-04,8.52,9.99,2.0,9.99,9.99,9.99,0.0,4.61,6.31,3.45,1.1002,3.45,1.0,0.0,7.63,7.63,0.218,50.0,26.2,52.0,2026-02-27,2026-03-02,-2.9,4,-0.7,9.96,-6.31,7.54,6.71,8.2,1.02,0.0063,1.02,1,2,-1.15,5.67,0.385,50.0,18.4,43.1,2026-03-02,2026-03-05,-6.31,False,-5.75,False
600588,沪主板,2,1,2026-01-12,2026-01-14,2026-01-09,2026-01-15,18.61,30.56,4.0,9.3,10.03,7.87,1.02,6.46,7.26,2.64,0.3595,3.01,3.0,0.0,2.93,4.12,0.872,100.0,8.4,4.4,2026-01-09,2026-01-14,-6.89,4,-2.0,10.01,-8.06,8.49,7.81,9.32,0.86,-0.1108,0.65,1,2,-1.11,2.14,0.711,50.0,17.6,11.4,2026-01-13,2026-01-16,-7.94,False,-8.06,False
600589,沪主板,4,4,2026-02-09,2026-02-12,2026-02-06,2026-02-13,15.25,10.04,2.0,10.04,10.04,10.04,0.0,6.76,9.3,0.74,-0.2958,0.74,1.0,0.0,9.94,9.94,0.381,100.0,8.0,54.0,2026-02-06,2026-02-09,-5.63,4,-1.56,10.0,-9.86,8.43,7.92,17.97,20.93,0.6609,14.97,3,0,7.46,10.03,0.464,0.0,0.0,3.6,2026-02-11,2026-02-24,-4.83,False,-9.86,True
600589,沪主板,2,1,2026-05-06,2026-05-08,2026-04-30,2026-05-14,14.58,24.23,4.0,7.56,10.03,2.62,3.49,6.71,11.11,1.5,0.2369,2.19,1.0,1.0,1.48,5.86,0.821,100.0,4.6,13.3,2026-04-30,2026-05-08,1.58,4,0.63,7.19,-2.8,4.64,9.07,12.82,0.96,-0.0155,0.96,1,2,0.12,3.17,0.474,25.0,35.5,17.2,2026-05-12,2026-05-15,-2.8,False,-2.5,False
600590,沪主板,2,2,2026-03-05,2026-03-06,2026-03-04,2026-03-09,17.2,21.02,3.0,10.01,10.02,9.99,0.01,5.76,7.82,0.82,-0.2809,0.51,2.0,0.0,5.18,7.82,0.799,100.0,9.8,10.3,2026-03-04,2026-03-06,14.55,4,4.73,9.99,-0.82,4.42,6.21,11.07,2.54,0.2375,1.41,1,1,1.61,7.82,0.598,75.0,13.0,27.1,2026-03-05,2026-03-10,5.01,False,-0.82,False
600593,沪主板,2,1,2026-01-15,2026-01-19,2026-01-14,2026-01-20,52.4,10.0,2.0,10.0,10.0,10.0,0.0,5.42,7.43,1.73,0.5363,1.73,1.0,0.0,2.4,2.4,0.737,100.0,9.7,16.6,2026-01-14,2026-01-15,11.15,4,3.71,10.0,-2.21,4.99,8.91,12.36,0.9,-0.0825,0.69,0,2,-1.21,0.0,0.445,75.0,27.6,27.9,2026-01-16,2026-01-21,3.34,False,-2.21,False
600594,沪主板,2,2,2026-04-01,2026-04-02,2026-03-31,2026-04-03,5.27,21.21,3.0,10.1,10.1,10.09,0.0,7.15,10.0,7.49,0.7959,9.48,1.0,0.0,1.16,2.06,0.679,100.0,18.5,13.6,2026-03-31,2026-04-02,14.91,4,4.87,10.09,-2.08,5.12,11.57,14.57,1.64,0.2118,2.03,1,0,0.54,2.06,0.589,75.0,22.9,18.2,2026-04-01,2026-04-07,-2.08,False,6.6,False
600605,沪主板,2,2,2026-04-14,2026-04-15,2026-04-13,2026-04-16,32.289,21.0,3.0,10.0,10.0,9.99,0.0,3.96,6.84,4.67,1.0543,8.26,2.0,0.0,6.71,6.92,0.794,66.7,0.6,20.0,2026-04-13,2026-04-15,4.93,4,1.78,10.0,-3.34,5.87,5.05,6.94,0.92,0.0727,2.86,1,2,1.48,6.5,0.473,50.0,19.2,33.5,2026-04-14,2026-04-17,-3.34,False,-1.31,False
600617,沪主板,2,2,2026-03-19,2026-03-20,2026-03-18,2026-03-27,4.62,20.91,3.0,9.96,10.0,9.92,0.04,6.66,8.26,3.69,0.5679,4.18,2.0,0.0,1.9,2.42,0.816,66.7,0.0,18.4,2026-03-18,2026-03-20,-5.54,4,-1.82,2.6,-5.76,3.43,10.09,12.96,0.94,-0.062,0.79,0,1,-1.23,0.71,0.36,75.0,35.9,28.1,2026-03-25,2026-03-30,2.6,False,-5.76,False
600637,沪主板,4,4,2026-01-07,2026-01-12,2026-01-06,2026-01-13,16.12,9.99,2.0,9.99,9.99,9.99,0.0,3.63,4.27,2.14,0.7243,2.14,1.0,0.0,5.29,5.29,0.767,100.0,15.0,8.3,2026-01-06,2026-01-07,11.56,4,3.86,9.98,-3.44,5.55,7.17,13.26,4.01,0.4306,2.85,2,0,6.69,10.03,0.165,0.0,8.3,75.2,2026-01-09,2026-01-14,5.05,False,-3.44,False
600654,沪主板,3,3,2026-04-03,2026-04-08,2026-04-02,2026-04-09,4.84,20.85,3.0,9.93,9.97,9.89,0.04,6.59,9.89,5.48,0.8191,7.53,1.0,0.0,2.88,5.77,0.644,66.7,13.9,21.7,2026-04-02,2026-04-07,2.0,4,0.96,10.0,-8.93,7.75,9.45,11.36,2.31,0.2835,2.04,1,0,3.33,10.0,0.792,50.0,1.6,19.1,2026-04-07,2026-04-10,1.82,False,-8.93,False
600662,沪主板,3,3,2026-01-13,2026-01-15,2026-01-12,2026-01-16,6.83,21.12,3.0,10.06,10.08,10.04,0.02,5.93,8.48,3.88,0.6709,4.91,2.0,0.0,1.66,1.74,0.894,100.0,3.7,6.8,2026-01-12,2026-01-14,-7.2,4,-2.08,10.08,-10.03,8.73,7.25,10.34,1.03,0.0597,1.4,1,2,-2.11,9.12,0.289,50.0,36.5,34.5,2026-01-14,2026-01-19,-10.03,False,-6.3,False
600664,沪主板,2,2,2026-04-14,2026-04-15,2026-04-13,2026-04-16,4.88,10.08,2.0,10.08,10.08,10.08,0.0,8.88,10.4,1.77,0.5576,1.77,0.0,0.0,0.82,0.82,0.479,50.0,25.9,26.2,2026-04-13,2026-04-14,3.22,4,1.26,9.9,-5.23,6.36,9.67,10.91,1.42,0.1371,1.57,2,1,2.8,5.94,0.514,50.0,24.2,24.4,2026-04-14,2026-04-17,-0.9,False,-5.23,False
600666,沪主板,2,2,2026-03-18,2026-03-19,2026-03-17,2026-04-09,7.15,9.9,2.0,9.9,9.9,9.9,0.0,6.68,7.66,1.48,0.3892,1.48,1.0,0.0,1.73,1.73,0.92,50.0,4.3,3.6,2026-03-17,2026-03-18,6.6,4,2.31,9.98,-3.96,5.78,8.52,11.43,2.06,0.1651,1.14,2,0,4.86,10.0,0.665,50.0,23.6,9.9,2026-04-07,2026-04-10,0.92,False,-3.96,False
600666,沪主板,3,2,2026-03-24,2026-03-27,2026-03-23,2026-04-02,6.65,,,,,,,,,,,,,,,,,,,,2026-03-23,2026-03-19,3.16,4,1.23,10.0,-4.7,6.33,8.87,10.54,1.43,0.0372,0.85,1,0,1.5,3.86,0.546,25.0,28.2,17.1,2026-03-31,2026-04-03,-1.59,False,-4.7,False
600673,沪主板,2,2,2026-05-06,2026-05-07,2026-04-30,2026-05-08,42.83,20.99,3.0,9.99,10.0,9.99,0.01,2.89,8.67,0.16,-0.9243,0.19,2.0,0.0,9.99,10.0,0.25,33.3,6.0,2.4,2026-04-30,2026-05-07,0.21,4,0.31,9.99,-6.84,7.1,3.94,8.07,12.59,0.624,13.56,1,0,3.55,9.99,0.33,0.0,6.7,10.3,2026-05-06,2026-05-11,-6.84,False,-2.21,False
600676,沪主板,4,4,2026-01-09,2026-01-14,2026-01-08,2026-01-19,10.18,10.05,2.0,10.05,10.05,10.05,0.0,6.67,9.13,1.92,0.63,1.92,0.0,0.0,0.49,0.49,0.841,100.0,7.7,8.2,2026-01-08,2026-01-09,-3.46,4,-1.13,2.16,-4.18,2.59,9.88,11.1,0.55,-0.28,0.45,2,1,0.58,3.91,0.495,50.0,43.9,6.6,2026-01-15,2026-01-20,-1.37,False,-4.18,False
600683,沪主板,4,3,2026-02-03,2026-02-09,2026-02-02,2026-02-11,7.35,21.21,3.0,10.1,10.1,10.09,0.0,5.35,10.0,1.64,0.6964,2.98,2.0,0.0,10.1,10.1,0.1,33.3,21.1,35.6,2026-02-02,2026-02-04,4.05,4,1.45,7.93,-3.88,4.89,8.86,13.18,0.75,-0.1732,0.53,0,3,-4.18,-3.9,0.585,100.0,25.3,16.2,2026-02-09,2026-02-12,7.93,False,-3.88,False
600683,沪主板,3,3,2026-03-13,2026-03-17,2026-03-12,2026-03-24,11.47,21.11,3.0,10.05,10.05,10.05,0.0,8.65,10.96,0.58,-0.4022,0.42,1.0,0.0,4.37,9.36,0.569,100.0,5.3,37.7,2026-03-12,2026-03-16,1.38,4,0.49,3.23,-2.95,2.57,10.12,14.64,0.93,0.0097,1.14,2,1,0.39,2.47,0.312,75.0,42.4,26.4,2026-03-20,2026-03-25,3.23,False,1.19,False
600683,沪主板,3,3,2026-04-15,2026-04-17,2026-04-14,2026-05-13,21.83,20.98,3.0,9.99,9.99,9.99,0.0,6.84,10.09,1.11,0.0036,1.01,1.0,0.0,2.86,4.94,0.607,66.7,17.6,21.7,2026-04-14,2026-04-16,-6.6,4,-1.9,10.03,-8.1,8.44,9.31,15.84,1.04,0.0418,1.24,1,1,2.19,9.76,0.358,25.0,8.4,55.7,2026-05-11,2026-05-14,-7.63,False,-8.1,False
600683,沪主板,3,3,2026-05-08,2026-05-12,2026-05-07,2026-05-13,21.83,10.03,2.0,10.03,10.03,10.03,0.0,7.89,8.18,0.96,-0.045,0.96,1.0,0.0,1.02,1.02,0.664,100.0,10.1,23.5,2026-05-07,2026-05-08,-6.6,4,-1.9,10.03,-8.1,8.44,9.31,15.84,1.04,0.0418,1.24,1,1,2.19,9.76,0.358,25.0,8.4,55.7,2026-05-11,2026-05-14,-7.63,False,-8.1,False
600688,沪主板,2,2,2026-03-02,2026-03-03,2026-02-27,2026-03-04,3.89,21.14,3.0,10.06,10.09,10.03,0.03,4.62,5.44,5.86,0.8313,8.05,2.0,0.0,6.85,8.02,0.399,100.0,15.2,45.0,2026-02-27,2026-03-03,-0.86,4,-0.04,10.03,-6.25,7.18,7.03,11.94,0.86,-0.0219,1.07,2,1,2.37,8.02,0.52,50.0,8.7,39.3,2026-03-02,2026-03-05,-6.25,False,-3.89,False
600691,沪主板,3,2,2026-03-12,2026-03-17,2026-03-11,2026-03-18,4.63,21.04,3.0,10.02,10.11,9.93,0.09,4.47,7.92,0.78,-0.2069,0.65,2.0,0.0,8.24,9.93,0.483,66.7,3.4,48.3,2026-03-11,2026-03-13,-0.23,4,0.17,10.02,-6.36,7.09,11.9,17.95,0.78,-0.1175,0.68,1,2,-0.42,3.39,0.703,25.0,4.2,25.5,2026-03-16,2026-03-19,-6.36,False,-3.17,False
600698,沪主板,2,2,2026-03-24,2026-03-25,2026-03-23,2026-03-26,9.0,21.01,3.0,10.0,10.06,9.95,0.06,7.61,9.05,2.49,0.5654,3.25,1.0,0.0,1.29,1.78,0.89,66.7,1.9,9.2,2026-03-23,2026-03-25,18.15,4,5.77,9.95,1.59,3.41,9.3,11.38,2.6,0.3863,3.71,2,0,2.87,6.72,0.702,75.0,15.0,14.8,2026-03-24,2026-03-27,1.59,False,5.78,False
600707,沪主板,2,2,2026-04-09,2026-04-10,2026-04-08,2026-04-22,9.17,21.03,3.0,10.02,10.03,10.0,0.02,3.31,5.17,2.49,0.577,3.3,2.0,0.0,7.17,10.03,0.604,66.7,4.2,35.4,2026-04-08,2026-04-10,-0.47,4,-0.09,4.85,-3.72,3.62,7.66,9.14,1.02,0.0561,1.47,1,1,-0.41,1.28,0.432,50.0,26.4,30.4,2026-04-20,2026-04-23,4.85,False,-3.72,False
600707,沪主板,2,2,2026-04-17,2026-04-20,2026-04-16,2026-04-22,9.17,,,,,,,,,,,,,,,,,,,,2026-04-16,2026-04-10,-0.47,4,-0.09,4.85,-3.72,3.62,7.66,9.14,1.02,0.0561,1.47,1,1,-0.41,1.28,0.432,50.0,26.4,30.4,2026-04-20,2026-04-23,4.85,False,-3.72,False
600714,沪主板,2,2,2026-03-02,2026-03-03,2026-02-27,2026-03-09,25.35,10.02,2.0,10.02,10.02,10.02,0.0,4.84,9.69,0.15,-1.4636,0.15,1.0,0.0,10.02,10.02,0.388,50.0,9.8,1.4,2026-02-27,2026-03-02,-11.1,4,-3.7,2.86,-10.01,5.26,12.1,16.52,0.88,-0.0832,0.75,1,1,-1.35,1.76,0.467,75.0,33.7,19.6,2026-03-05,2026-03-10,-10.01,False,-3.95,False
600714,沪主板,2,2,2026-04-29,2026-04-30,2026-04-28,2026-05-20,29.87,21.03,3.0,10.01,10.02,10.0,0.01,7.15,11.1,3.03,0.7063,4.33,1.0,0.0,2.14,4.28,0.539,66.7,9.7,36.3,2026-04-28,2026-04-30,-2.06,4,-0.69,-0.22,-1.2,0.4,8.73,10.02,1.24,0.128,1.61,1,0,0.21,1.01,0.356,25.0,61.6,2.8,2026-05-18,2026-05-21,-1.2,False,-0.22,False
600719,沪主板,2,2,2026-05-06,2026-05-07,2026-04-30,2026-05-13,11.68,21.03,3.0,10.01,10.06,9.96,0.05,6.56,9.14,1.7,0.2966,1.87,1.0,0.0,1.88,3.75,0.712,100.0,10.7,18.1,2026-04-30,2026-05-07,1.04,4,0.69,10.05,-9.97,8.23,11.24,13.84,1.15,0.0121,0.92,1,2,-1.31,3.58,0.549,50.0,28.7,16.3,2026-05-11,2026-05-14,1.98,False,-9.97,True
600722,沪主板,3,2,2026-02-06,2026-02-11,2026-02-05,2026-02-25,10.46,10.06,2.0,10.06,10.06,10.06,0.0,8.98,11.46,1.08,0.0768,1.08,0.0,1.0,-2.55,-2.55,0.539,100.0,46.1,0.0,2026-02-05,2026-02-06,9.04,4,3.06,10.06,-2.92,5.34,6.65,9.86,1.57,0.0976,1.05,2,0,2.5,4.52,0.597,25.0,16.9,23.4,2026-02-13,2026-02-26,2.05,False,-2.92,False
600722,沪主板,2,2,2026-03-02,2026-03-03,2026-02-27,2026-03-09,14.88,,,,,,,,,,,,,,,,,,,,2026-02-27,2026-02-09,3.5,4,1.33,10.0,-3.78,6.16,13.57,16.83,0.98,-0.0464,0.8,1,2,-2.06,9.98,0.8,75.0,19.4,0.6,2026-03-05,2026-03-10,-2.22,False,-3.78,False
600722,沪主板,3,3,2026-03-11,2026-03-13,2026-03-10,2026-03-17,20.02,,,,,,,,,,,,,,,,,,,,2026-03-10,2026-03-03,2.54,4,1.17,8.62,-10.0,8.04,9.72,14.04,0.88,-0.0799,0.73,0,2,-2.94,0.0,0.822,75.0,14.8,3.0,2026-03-13,2026-03-18,4.89,False,-10.0,True
600724,沪主板,2,1,2026-03-30,2026-04-01,2026-03-27,2026-04-10,7.01,14.63,4.0,4.91,10.08,-5.32,7.24,7.41,11.11,1.93,0.3221,3.14,1.0,1.0,0.48,2.98,0.866,75.0,8.2,5.2,2026-03-27,2026-04-01,-0.58,4,-0.19,1.46,-1.87,1.36,3.59,4.67,0.65,-0.2177,0.52,0,0,-0.34,0.14,0.394,75.0,26.7,34.0,2026-04-08,2026-04-13,-0.14,False,-1.87,False
600726,沪主板,4,4,2026-03-10,2026-03-13,2026-03-09,2026-03-27,7.16,20.89,3.0,9.95,9.97,9.93,0.02,10.97,13.6,1.68,0.4774,2.39,0.0,0.0,0.64,0.93,0.657,100.0,20.0,14.3,2026-03-09,2026-03-11,-2.28,4,-0.43,10.08,-10.03,8.24,12.19,14.03,0.62,-0.2355,0.34,0,2,-2.35,0.98,0.557,75.0,21.8,22.5,2026-03-25,2026-03-30,-1.33,False,-10.03,True
600726,沪主板,2,2,2026-03-19,2026-03-20,2026-03-18,2026-03-27,7.16,,,,,,,,,,,,,,,,,,,,2026-03-18,2026-03-11,-2.28,4,-0.43,10.08,-10.03,8.24,12.19,14.03,0.62,-0.2355,0.34,0,2,-2.35,0.98,0.557,75.0,21.8,22.5,2026-03-25,2026-03-30,-1.33,False,-10.03,True
600726,沪主板,2,2,2026-03-25,2026-03-26,2026-03-24,2026-03-27,7.16,,,,,,,,,,,,,,,,,,,,2026-03-24,2026-03-12,-2.28,4,-0.43,10.08,-10.03,8.24,12.19,14.03,0.62,-0.2355,0.34,0,2,-2.35,0.98,0.557,75.0,21.8,22.5,2026-03-25,2026-03-30,-1.33,False,-10.03,True
600726,沪主板,4,4,2026-04-23,2026-04-28,2026-04-22,2026-05-14,9.06,21.09,3.0,10.04,10.06,10.02,0.02,8.47,11.06,1.12,0.1476,1.32,2.0,0.0,3.09,4.93,0.696,100.0,16.4,14.0,2026-04-22,2026-04-24,-1.04,4,-0.1,10.0,-5.55,7.15,13.15,15.75,1.24,0.0294,0.93,1,2,-1.25,4.6,0.467,50.0,28.7,24.6,2026-05-12,2026-05-15,-5.55,False,-4.75,False
600736,沪主板,3,3,2026-04-21,2026-04-23,2026-04-20,2026-04-24,9.21,20.99,3.0,9.99,10.02,9.97,0.02,5.39,8.38,3.56,0.7477,5.05,1.0,0.0,3.29,5.78,0.676,100.0,10.0,22.4,2026-04-20,2026-04-22,0.53,4,0.51,9.99,-10.0,8.19,5.0,8.35,3.26,0.2717,1.4,2,1,5.22,9.99,0.68,25.0,2.7,4.3,2026-04-22,2026-04-27,1.55,False,-10.0,True
600743,沪主板,6,6,2026-04-07,2026-04-14,2026-04-03,2026-04-15,3.53,20.99,3.0,10.0,10.05,9.94,0.05,7.21,9.55,7.16,0.9112,10.31,1.0,0.0,1.26,2.51,0.832,66.7,4.8,12.1,2026-04-03,2026-04-08,-9.25,4,-2.78,9.93,-9.97,9.01,10.06,22.15,5.5,0.5172,4.61,2,1,6.17,9.97,0.402,0.0,7.6,52.3,2026-04-13,2026-04-16,-9.97,False,-8.3,False
600744,沪主板,2,2,2026-02-26,2026-02-27,2026-02-25,2026-03-09,9.77,21.04,3.0,10.02,10.06,9.97,0.04,6.02,9.7,3.77,0.5031,3.86,1.0,0.0,1.37,3.05,0.7,66.7,8.3,21.7,2026-02-25,2026-02-27,0.44,4,0.17,2.64,-2.58,2.14,8.34,9.8,0.91,-0.0158,1.02,0,2,-1.13,0.0,0.426,75.0,39.4,18.0,2026-03-05,2026-03-10,2.64,False,-2.58,False
600748,沪主板,2,2,2026-05-08,2026-05-11,2026-05-07,2026-05-12,6.27,21.08,3.0,10.04,10.04,10.04,0.0,5.86,9.67,2.12,0.3002,2.05,1.0,0.0,2.0,4.2,0.859,66.7,5.1,9.0,2026-05-07,2026-05-11,5.11,4,1.84,10.04,-2.49,5.8,7.39,9.67,1.9,0.166,1.29,2,0,2.28,4.2,0.723,50.0,17.2,10.5,2026-05-08,2026-05-13,-2.49,False,-2.04,False
600758,沪主板,3,3,2026-03-23,2026-03-25,2026-03-20,2026-03-26,6.29,20.93,3.0,9.97,10.0,9.94,0.03,6.7,11.16,0.76,-0.0789,0.87,2.0,0.0,6.87,9.09,0.495,100.0,19.4,31.1,2026-03-20,2026-03-24,6.35,4,2.47,10.0,-9.93,8.84,7.36,17.43,2.31,0.2457,1.83,1,1,0.02,10.0,0.151,50.0,28.5,56.4,2026-03-24,2026-03-27,7.34,False,-9.93,True
600758,沪主板,2,2,2026-05-18,2026-05-19,2026-05-15,2026-05-20,5.03,10.07,2.0,10.07,10.07,10.07,0.0,8.67,9.15,0.63,-0.4506,0.63,0.0,0.0,0.0,0.0,0.7,50.0,20.0,10.0,2026-05-15,2026-05-18,5.53,4,1.99,10.0,-4.45,6.0,8.72,9.31,1.5,0.2222,2.38,1,2,-2.87,2.98,0.679,100.0,8.7,23.4,2026-05-18,2026-05-21,-4.45,False,0.4,False
600759,沪主板,5,2,2026-01-21,2026-01-29,2026-01-20,2026-01-30,6.24,9.97,2.0,9.97,9.97,9.97,0.0,8.9,10.1,1.29,0.2538,1.29,0.0,0.0,-0.28,-0.28,0.684,100.0,11.1,20.5,2026-01-20,2026-01-21,-5.03,4,-1.36,10.06,-9.91,8.4,8.48,15.78,0.65,-0.3133,0.08,2,1,-0.43,6.0,0.396,50.0,11.6,23.8,2026-01-28,2026-02-02,-4.22,False,-9.91,True
600759,沪主板,2,1,2026-02-04,2026-02-06,2026-02-03,2026-02-12,5.68,,,,,,,,,,,,,,,,,,,,2026-02-03,2026-01-22,-6.26,4,-2.08,2.09,-5.2,3.07,7.54,11.37,0.8,-0.113,0.67,0,1,-0.34,0.57,0.407,25.0,33.6,25.7,2026-02-10,2026-02-13,-5.2,False,-3.14,False
600759,沪主板,2,2,2026-02-24,2026-02-25,2026-02-13,2026-03-05,9.09,,,,,,,,,,,,,,,,,,,,2026-02-13,2026-02-06,9.72,4,3.34,9.99,-5.29,6.39,6.49,15.06,3.56,0.4657,32.03,1,1,0.11,9.99,0.222,50.0,19.0,33.8,2026-03-03,2026-03-06,5.33,False,-5.29,False
600759,沪主板,3,3,2026-03-02,2026-03-04,2026-02-27,2026-03-05,9.09,,,,,,,,,,,,,,,,,,,,2026-02-27,2026-02-24,9.72,4,3.34,9.99,-5.29,6.39,6.49,15.06,3.56,0.4657,32.03,1,1,0.11,9.99,0.222,50.0,19.0,33.8,2026-03-03,2026-03-06,5.33,False,-5.29,False
600769,沪主板,2,2,2026-03-10,2026-03-11,2026-03-09,2026-03-12,15.36,21.03,3.0,10.01,10.04,9.99,0.02,7.0,8.64,2.97,0.6123,3.83,1.0,0.0,1.97,3.3,0.82,66.7,0.0,18.0,2026-03-09,2026-03-11,4.62,4,1.68,10.04,-2.86,5.91,6.84,8.64,1.01,0.0255,1.16,1,0,0.96,3.3,0.657,50.0,16.4,17.9,2026-03-10,2026-03-13,-2.13,False,-2.86,False
600770,沪主板,2,2,2026-01-21,2026-01-22,2026-01-20,2026-02-04,7.29,21.0,3.0,10.0,10.03,9.96,0.03,5.92,10.36,6.99,0.8393,9.38,1.0,0.0,3.13,6.8,0.606,100.0,20.8,18.6,2026-01-20,2026-01-22,5.73,4,1.95,6.19,-3.12,3.85,6.72,9.08,1.17,0.0445,1.09,0,0,-0.15,0.43,0.63,50.0,24.6,12.4,2026-02-02,2026-02-05,2.77,False,-3.12,False
600770,沪主板,3,2,2026-04-23,2026-04-28,2026-04-22,2026-05-07,8.78,21.01,3.0,10.0,10.07,9.94,0.07,5.07,9.46,2.85,0.5958,3.66,2.0,0.0,5.75,9.94,0.439,66.7,11.1,45.0,2026-04-22,2026-04-24,2.89,4,1.14,9.97,-4.04,6.28,7.61,9.18,1.23,0.0208,0.9,1,2,1.49,7.61,0.318,25.0,33.5,34.7,2026-04-30,2026-05-08,-2.51,False,-4.04,False
600774,沪主板,2,2,2026-01-19,2026-01-20,2026-01-16,2026-01-23,11.55,21.0,3.0,10.0,10.02,9.98,0.02,7.33,10.02,6.97,0.8969,9.93,1.0,0.0,1.68,3.88,0.518,66.7,5.1,43.0,2026-01-16,2026-01-20,1.83,4,0.81,10.0,-4.02,6.5,8.72,11.08,1.12,0.0408,1.08,0,2,-2.91,-0.76,0.328,50.0,39.8,27.4,2026-01-21,2026-01-26,10.0,True,-3.55,False
600775,沪主板,3,3,2026-01-06,2026-01-08,2026-01-05,2026-01-12,20.04,9.97,2.0,9.97,9.97,9.97,0.0,0.0,0.0,0.4,-0.8587,0.4,1.0,0.0,9.97,9.97,0.0,0.0,0.0,0.0,2026-01-05,2026-01-06,-1.68,4,-0.3,7.24,-9.98,7.19,11.09,13.39,0.8,-0.095,0.74,1,0,0.02,1.33,0.626,75.0,19.1,18.2,2026-01-08,2026-01-13,7.24,False,-9.98,True
600776,沪主板,3,3,2026-01-09,2026-01-13,2026-01-08,2026-01-14,27.09,10.0,2.0,10.0,10.0,10.0,0.0,7.67,10.42,1.36,0.3074,1.36,0.0,0.0,0.0,0.0,0.656,100.0,11.0,23.4,2026-01-08,2026-01-09,4.91,4,1.99,10.0,-10.0,8.64,5.17,13.87,1.55,0.092,1.34,2,1,1.27,10.0,0.037,25.0,6.8,39.5,2026-01-12,2026-01-15,5.97,False,-10.0,True
600783,沪主板,6,6,2026-01-06,2026-01-13,2026-01-05,2026-01-14,37.94,10.02,2.0,10.02,10.02,10.02,0.0,17.89,19.95,0.67,-0.3924,0.67,0.0,1.0,-4.99,-4.99,0.852,50.0,7.9,7.0,2026-01-05,2026-01-06,-10.88,4,-3.33,10.01,-10.0,9.43,6.71,17.47,0.69,-0.0656,1.26,1,2,-3.37,6.0,0.209,25.0,34.3,19.8,2026-01-12,2026-01-15,-9.99,False,-10.0,True
600785,沪主板,4,4,2026-01-14,2026-01-19,2026-01-13,2026-01-27,25.04,,,,,,,,,,,,,,,,,,,,2026-01-13,2022-12-30,-8.97,4,-3.01,2.13,-7.11,3.85,10.99,15.02,1.18,0.06,1.15,0,0,-0.07,0.44,0.375,50.0,37.8,24.8,2026-01-23,2026-01-28,-4.05,False,-7.11,False
600785,沪主板,3,2,2026-01-29,2026-02-03,2026-01-28,2026-02-04,27.76,,,,,,,,,,,,,,,,,,,,2026-01-28,2026-01-16,4.63,4,1.69,9.99,-3.75,5.96,9.4,11.07,1.55,0.2187,2.72,1,0,0.38,1.36,0.586,50.0,20.0,21.4,2026-02-02,2026-02-05,-1.17,False,-3.75,False
600800,沪主板,2,2,2026-03-25,2026-03-26,2026-03-24,2026-03-27,5.5,20.88,3.0,9.95,9.98,9.92,0.03,7.22,10.13,1.27,0.1688,1.4,1.0,0.0,1.69,3.38,0.715,100.0,1.4,27.1,2026-03-24,2026-03-26,3.16,4,1.23,9.92,-4.31,6.22,9.1,12.13,2.5,0.2896,2.15,2,1,1.82,3.65,0.678,50.0,10.3,21.9,2026-03-25,2026-03-30,-1.92,False,-4.31,False
600814,沪主板,3,3,2026-02-04,2026-02-06,2026-02-03,2026-02-09,11.18,20.99,3.0,9.99,10.0,9.99,0.01,6.23,9.54,6.16,0.671,6.96,1.0,0.0,1.16,2.81,0.827,100.0,7.7,9.6,2026-02-03,2026-02-05,-1.63,4,-0.21,10.0,-9.99,8.17,6.66,8.92,1.95,0.2339,1.95,1,1,2.34,10.0,0.472,50.0,13.3,39.5,2026-02-05,2026-02-10,-0.65,False,-9.99,True
600821,沪主板,3,2,2026-03-04,2026-03-09,2026-03-03,2026-03-13,11.18,,,,,,,,,,,,,,,,,,,,2026-03-03,2026-02-27,7.79,4,2.77,10.02,-6.62,6.96,12.06,15.21,0.96,-0.0351,0.87,0,1,-0.64,0.28,0.559,75.0,15.2,29.0,2026-03-11,2026-03-16,-6.62,False,4.93,False
600828,沪主板,2,2,2026-01-09,2026-01-12,2026-01-08,2026-01-14,8.66,10.08,2.0,10.08,10.08,10.08,0.0,10.71,10.87,0.83,-0.1843,0.83,0.0,1.0,-1.57,-1.57,0.726,100.0,16.4,11.0,2026-01-08,2026-01-09,-3.77,4,-1.19,4.55,-4.1,4.06,8.42,14.4,1.2,0.1072,1.79,1,1,0.3,6.11,0.183,25.0,36.0,45.7,2026-01-12,2026-01-15,-4.1,False,-4.02,False
600828,沪主板,2,2,2026-01-30,2026-02-02,2026-01-29,2026-02-06,7.85,21.07,3.0,10.03,10.03,10.03,0.0,8.68,12.85,2.69,0.7341,4.12,1.0,0.0,0.12,1.0,0.695,100.0,11.9,18.6,2026-01-29,2026-02-02,0.99,4,0.57,10.04,-6.56,6.98,9.6,14.14,0.84,-0.0953,0.71,0,1,-1.41,0.26,0.56,50.0,17.8,26.3,2026-02-04,2026-02-09,-6.56,False,-1.79,False
600838,沪主板,2,1,2026-01-06,2026-01-08,2026-01-05,2026-01-13,15.46,10.0,2.0,10.0,10.0,10.0,0.0,9.38,9.52,1.11,0.1057,1.11,1.0,0.0,1.03,1.03,0.449,50.0,21.2,33.9,2026-01-05,2026-01-06,-1.92,4,-0.54,5.55,-5.56,4.6,11.32,13.55,0.88,-0.0976,0.7,0,3,-3.43,-1.85,0.209,100.0,58.3,20.8,2026-01-09,2026-01-14,-1.61,False,-5.56,False
600844,沪主板,2,2,2026-03-26,2026-03-27,2026-03-25,2026-03-30,5.49,,,,,,,,,,,,,,,,,,,,2026-03-25,2026-03-23,7.27,4,2.59,9.91,-6.35,6.74,10.94,13.35,1.75,0.138,1.15,1,1,2.38,10.02,0.681,50.0,15.4,16.5,2026-03-26,2026-03-31,4.21,False,-6.35,False
600850,沪主板,2,2,2026-05-18,2026-05-19,2026-05-15,2026-05-20,22.83,21.02,3.0,10.01,10.02,10.0,0.01,5.35,6.71,2.2,0.6423,3.31,2.0,0.0,4.39,5.65,0.831,66.7,12.3,4.5,2026-05-15,2026-05-19,5.33,4,1.93,10.02,-5.06,6.21,6.32,7.35,1.22,0.1749,2.52,2,1,1.0,3.13,0.627,50.0,29.3,8.0,2026-05-18,2026-05-21,-5.06,False,0.84,False
600857,沪主板,2,2,2026-05-13,2026-05-14,2026-05-12,2026-05-15,15.55,20.97,3.0,9.98,9.99,9.98,0.01,8.92,13.21,6.14,0.8377,8.41,0.0,1.0,-0.35,0.94,0.752,66.7,10.1,14.7,2026-05-12,2026-05-14,4.46,4,1.84,9.99,-9.99,8.56,12.45,15.06,1.42,0.2071,2.32,0,2,-2.44,0.19,0.83,75.0,7.1,9.9,2026-05-13,2026-05-18,-9.99,False,5.51,False
600868,沪主板,2,2,2026-01-21,2026-01-22,2026-01-20,2026-01-26,5.43,9.98,2.0,9.98,9.98,9.98,0.0,8.97,10.4,1.48,0.3865,1.48,1.0,0.0,1.22,1.22,0.447,100.0,29.0,26.2,2026-01-20,2026-01-21,3.02,4,1.03,4.86,-1.16,2.71,8.32,10.32,0.82,-0.1081,0.7,2,1,0.68,5.06,0.369,50.0,32.0,31.2,2026-01-22,2026-01-27,4.86,False,-1.16,False
600869,沪主板,3,3,2026-01-06,2026-01-08,2026-01-05,2026-01-09,12.01,9.99,2.0,9.99,9.99,9.99,0.0,7.0,9.86,1.76,0.5522,1.76,0.0,0.0,0.85,0.85,0.495,100.0,30.9,19.6,2026-01-05,2026-01-06,9.67,4,3.27,9.97,-3.3,5.42,9.19,17.14,3.43,0.3225,1.8,3,0,5.89,9.98,0.637,75.0,5.9,30.4,2026-01-07,2026-01-12,-3.3,False,3.12,False
600869,沪主板,2,1,2026-04-03,2026-04-08,2026-04-02,2026-04-10,16.36,11.56,4.0,4.07,10.01,-7.82,8.4,8.42,9.45,1.19,0.0931,1.39,2.0,0.0,1.0,1.83,0.706,50.0,7.7,21.7,2026-04-02,2026-04-08,-3.85,4,-1.29,0.95,-2.44,1.58,5.27,7.58,0.74,-0.1479,0.63,1,2,-0.52,1.38,0.598,50.0,25.1,15.2,2026-04-08,2026-04-13,-2.38,False,-2.44,False
600869,沪主板,2,2,2026-05-11,2026-05-12,2026-05-08,2026-05-13,23.5,9.98,2.0,9.98,9.98,9.98,0.0,4.7,6.87,1.47,0.379,1.47,1.0,0.0,2.43,2.43,0.635,50.0,34.4,2.1,2026-05-08,2026-05-11,3.89,4,1.5,9.99,-6.24,6.65,6.72,8.46,1.54,0.0702,0.93,1,0,1.23,3.07,0.691,75.0,14.9,15.9,2026-05-11,2026-05-14,0.74,False,-6.24,False
600871,沪主板,2,2,2026-01-28,2026-01-29,2026-01-27,2026-01-30,3.55,20.97,3.0,9.99,10.11,9.86,0.12,7.65,8.67,1.73,0.5244,2.56,2.0,0.0,6.99,9.86,0.317,33.3,21.7,46.7,2026-01-27,2026-01-29,4.42,4,1.82,9.86,-9.97,8.52,5.55,8.67,1.02,-0.0736,0.26,2,1,1.1,9.86,0.276,50.0,15.2,32.2,2026-01-28,2026-02-02,5.57,False,-9.97,True
600871,沪主板,3,3,2026-03-02,2026-03-04,2026-02-27,2026-03-05,4.42,9.97,2.0,9.97,9.97,9.97,0.0,3.57,3.74,0.89,-0.1209,0.89,1.0,0.0,9.97,9.97,0.0,0.0,33.3,66.7,2026-02-27,2026-03-02,-5.41,4,-1.51,10.05,-8.02,8.2,8.98,16.16,1.27,0.1992,13.2,1,2,0.57,10.05,0.183,0.0,23.5,33.2,2026-03-03,2026-03-06,-6.56,False,-8.02,False
600877,沪主板,2,2,2026-01-12,2026-01-13,2026-01-09,2026-01-14,24.5,9.98,2.0,9.98,9.98,9.98,0.0,2.2,4.4,0.28,-1.115,0.28,1.0,0.0,9.98,9.98,0.171,50.0,7.9,25.0,2026-01-09,2026-01-12,0.59,4,0.53,10.0,-10.0,8.2,6.87,10.04,1.42,0.2115,4.33,1,1,1.47,10.0,0.221,25.0,25.8,27.2,2026-01-12,2026-01-15,1.6,False,-10.0,True
600879,沪主板,4,3,2026-01-06,2026-01-12,2026-01-05,2026-01-13,32.24,10.02,2.0,10.02,10.02,10.02,0.0,9.54,11.49,0.86,-0.1498,0.86,0.0,1.0,-2.07,-2.07,0.645,50.0,10.6,24.9,2026-01-05,2026-01-06,3.69,4,1.58,10.0,-10.01,8.47,8.68,13.52,1.42,0.1037,1.17,2,1,2.24,6.31,0.751,75.0,10.6,14.3,2026-01-09,2026-01-14,-10.01,False,4.75,False
600880,沪主板,2,2,2026-01-09,2026-01-12,2026-01-08,2026-01-13,7.83,21.09,3.0,10.04,10.05,10.03,0.01,4.52,7.26,0.72,-0.4447,0.27,2.0,0.0,6.04,10.05,0.387,66.7,19.8,8.1,2026-01-08,2026-01-12,9.27,4,3.12,10.05,-1.97,5.07,7.58,12.18,3.19,0.3103,1.65,2,1,6.29,10.05,0.555,50.0,12.7,6.8,2026-01-09,2026-01-14,-1.97,False,1.29,False
600884,沪主板,2,2,2026-02-06,2026-02-09,2026-02-05,2026-02-10,16.28,21.06,3.0,10.03,10.03,10.02,0.0,4.16,9.95,3.39,-0.0621,0.68,1.0,0.0,4.67,10.02,0.377,66.7,20.2,8.8,2026-02-05,2026-02-09,5.64,4,2.02,10.02,-4.36,5.98,5.67,9.95,2.99,0.2287,1.16,2,0,3.74,10.02,0.445,50.0,26.4,4.1,2026-02-06,2026-02-11,-4.36,False,0.4,False
600903,沪主板,4,2,2026-05-13,2026-05-19,2026-05-12,2026-05-20,10.15,20.98,3.0,9.99,10.04,9.94,0.05,6.96,9.65,8.75,0.7922,10.77,0.0,0.0,0.51,0.86,0.783,66.7,11.9,9.8,2026-05-12,2026-05-14,13.39,4,4.35,9.99,1.11,4.0,9.87,13.51,2.11,0.262,1.76,1,2,-1.13,6.7,0.732,100.0,9.9,17.0,2026-05-18,2026-05-21,1.96,False,1.11,False
600909,沪主板,2,1,2026-05-18,2026-05-20,2026-05-15,2026-05-21,7.28,24.69,4.0,7.8,13.74,-0.32,5.94,3.91,4.92,1.83,0.3657,4.84,2.0,0.0,6.66,10.7,0.386,50.0,21.9,39.5,2026-05-15,2026-05-20,13.74,3,6.87,13.74,0.0,6.87,4.56,4.92,1.56,0.2146,1.59,1,1,4.02,10.7,0.39,66.7,41.6,19.4,2026-05-19,2026-05-21,0.0,False,,
600916,沪主板,5,5,2026-01-23,2026-01-29,2026-01-22,2026-01-30,14.85,21.0,3.0,10.0,10.02,9.98,0.02,5.17,8.46,2.82,0.4351,2.93,2.0,0.0,3.31,5.31,0.619,100.0,13.9,24.2,2026-01-22,2026-01-26,7.66,4,2.92,10.02,-10.01,9.16,4.34,17.37,6.15,0.2554,0.25,1,2,-0.61,10.02,0.14,25.0,1.7,9.3,2026-01-28,2026-02-02,8.74,False,-10.01,True
600936,沪主板,2,2,2026-05-07,2026-05-08,2026-05-06,2026-05-14,5.9,21.08,3.0,10.04,10.07,10.0,0.04,6.37,8.94,2.33,0.2615,1.99,1.0,0.0,3.12,5.53,0.772,100.0,5.9,17.0,2026-05-06,2026-05-08,6.21,4,2.05,4.27,-0.19,1.82,7.1,10.26,0.86,-0.0764,0.78,0,0,-0.51,0.0,0.334,75.0,48.7,17.9,2026-05-12,2026-05-15,-0.19,False,2.05,False
600938,沪主板,2,2,2026-03-02,2026-03-03,2026-02-27,2026-03-09,44.54,21.02,3.0,10.01,10.01,10.01,0.0,3.76,5.55,6.41,0.71,7.54,2.0,0.0,7.96,10.01,0.427,66.7,3.1,54.2,2026-02-27,2026-03-03,-1.49,4,-0.36,7.09,-5.49,5.39,5.55,6.72,1.3,0.0478,0.98,1,2,-0.74,10.0,0.437,25.0,31.5,24.8,2026-03-05,2026-03-10,7.09,False,-5.49,False
600955,沪主板,2,2,2026-03-27,2026-03-30,2026-03-26,2026-03-31,18.79,21.03,3.0,10.01,10.03,10.0,0.01,5.85,9.97,3.32,0.7703,4.92,1.0,0.0,2.18,4.87,0.731,100.0,21.7,5.2,2026-03-26,2026-03-30,1.47,4,0.74,10.03,-7.57,7.22,6.56,9.97,0.86,-0.03,1.01,1,0,1.89,4.87,0.819,50.0,13.1,5.0,2026-03-27,2026-04-01,-7.57,False,-0.23,False
600961,沪主板,4,4,2026-04-16,2026-04-21,2026-04-15,2026-04-27,31.5,21.04,3.0,10.02,10.03,10.01,0.01,3.75,7.62,0.85,-0.4167,0.25,2.0,0.0,5.83,10.01,0.505,33.3,13.1,3.0,2026-04-15,2026-04-17,-6.07,4,-1.98,3.64,-5.75,4.05,8.04,10.29,0.66,-0.2133,0.51,1,0,0.37,1.56,0.578,50.0,28.0,14.2,2026-04-23,2026-04-28,-3.84,False,-5.75,False
600968,沪主板,2,2,2026-03-02,2026-03-03,2026-02-27,2026-03-04,5.8,20.96,3.0,9.98,10.04,9.92,0.06,3.68,4.56,4.24,0.4882,4.09,2.0,0.0,7.65,8.95,0.35,100.0,11.1,53.9,2026-02-27,2026-03-03,3.77,4,1.48,9.92,-7.1,6.95,7.64,14.21,1.51,0.1078,1.16,2,1,1.96,6.35,0.384,50.0,7.5,54.1,2026-03-02,2026-03-05,1.62,False,-7.1,False
600979,沪主板,2,2,2026-04-20,2026-04-21,2026-04-17,2026-04-22,5.71,20.91,3.0,9.96,10.0,9.92,0.04,6.77,9.59,4.86,0.7371,6.27,0.0,0.0,0.45,0.91,0.705,66.7,11.1,18.4,2026-04-17,2026-04-21,11.36,4,3.75,9.92,-1.13,4.6,8.94,9.7,1.5,0.1866,1.94,0,0,-0.38,0.0,0.605,75.0,22.6,16.9,2026-04-20,2026-04-23,-1.13,False,2.47,False
600982,沪主板,3,2,2026-03-24,2026-03-27,2026-03-23,2026-03-30,7.25,21.05,3.0,10.02,10.05,10.0,0.02,11.04,13.56,1.42,0.2537,1.65,0.0,1.0,-2.04,0.48,0.928,100.0,4.3,2.9,2026-03-23,2026-03-25,-10.78,4,-3.29,10.03,-9.97,9.42,12.2,17.66,0.71,-0.1432,0.69,0,3,-4.5,-3.4,0.563,50.0,31.9,11.8,2026-03-26,2026-03-31,-9.93,False,-9.97,True
600986,沪主板,3,2,2026-01-09,2026-01-14,2026-01-08,2026-01-15,12.0,10.03,2.0,10.03,10.03,10.03,0.0,10.57,10.76,1.56,0.4367,1.56,0.0,0.0,-0.79,-0.79,0.647,100.0,18.5,16.8,2026-01-08,2026-01-09,-10.83,4,-3.31,10.04,-10.01,9.44,5.13,7.62,0.41,-0.4275,0.16,1,2,-2.71,4.97,0.618,25.0,0.0,13.2,2026-01-13,2026-01-16,-10.01,False,-9.96,True
600986,沪主板,2,2,2026-01-23,2026-01-26,2026-01-22,2026-01-27,14.49,,,,,,,,,,,,,,,,,,,,2026-01-22,2026-01-12,3.98,4,1.5,10.04,-4.42,6.19,9.82,14.42,1.16,0.0739,1.29,3,0,6.65,10.04,0.479,25.0,8.2,43.9,2026-01-23,2026-01-28,-1.13,False,-4.42,False
600988,沪主板,2,1,2026-01-26,2026-01-28,2026-01-23,2026-01-29,51.5,9.97,2.0,9.97,9.97,9.97,0.0,5.2,5.49,1.14,0.129,1.14,1.0,0.0,4.74,4.74,0.516,100.0,35.0,13.4,2026-01-23,2026-01-26,1.41,4,0.81,10.0,-10.0,8.25,8.29,12.29,0.99,-0.0755,0.64,2,1,0.52,6.7,0.483,50.0,32.7,18.9,2026-01-27,2026-01-30,2.43,False,-10.0,True
600996,沪主板,2,2,2026-03-27,2026-03-30,2026-03-26,2026-03-31,11.1,9.99,2.0,9.99,9.99,9.99,0.0,2.03,4.06,0.39,-0.8837,0.39,1.0,0.0,9.99,9.99,0.432,0.0,0.0,6.8,2026-03-26,2026-03-27,2.5,4,1.04,9.98,-6.17,6.7,6.25,9.07,1.72,0.2982,5.73,1,1,-0.85,1.8,0.288,25.0,34.0,12.2,2026-03-27,2026-04-01,-6.17,False,-0.68,False
601015,沪主板,2,2,2026-02-04,2026-02-05,2026-02-03,2026-02-06,5.46,10.0,2.0,10.0,10.0,10.0,0.0,7.01,9.74,0.89,-0.1165,0.89,0.0,0.0,0.24,0.24,0.483,50.0,25.0,26.7,2026-02-03,2026-02-04,10.39,4,3.46,9.96,-1.35,4.77,7.54,12.57,4.17,0.4081,2.74,2,1,2.23,9.96,0.357,50.0,23.3,16.1,2026-02-04,2026-02-09,1.77,False,-1.35,False
601016,沪主板,2,2,2026-03-11,2026-03-12,2026-03-10,2026-03-13,4.75,21.04,3.0,10.02,10.11,9.93,0.09,9.37,11.41,1.1,0.1279,1.27,1.0,0.0,2.48,4.96,0.717,100.0,12.3,16.0,2026-03-10,2026-03-12,2.73,4,1.12,9.93,-6.33,6.71,9.15,11.41,1.47,0.1155,1.29,2,0,2.86,4.96,0.666,50.0,9.2,24.3,2026-03-11,2026-03-16,-0.23,False,-6.33,False
601016,沪主板,2,2,2026-03-24,2026-03-25,2026-03-23,2026-03-26,5.73,,,,,,,,,,,,,,,,,,,,2026-03-23,2026-03-12,0.41,4,0.39,9.98,-7.16,7.14,10.23,13.56,1.26,-0.0043,0.77,1,1,-0.78,1.43,0.554,50.0,16.9,27.6,2026-03-24,2026-03-27,-1.67,False,-7.16,False
601069,沪主板,3,2,2026-01-26,2026-01-29,2026-01-23,2026-01-30,50.5,9.99,2.0,9.99,9.99,9.99,0.0,5.79,6.12,0.91,-0.0984,0.91,1.0,0.0,4.6,4.6,0.682,50.0,22.6,9.1,2026-01-23,2026-01-26,-9.06,4,-2.71,10.01,-10.0,9.03,6.57,13.91,0.96,-0.1483,0.06,1,2,-2.64,10.01,0.247,25.0,22.8,27.5,2026-01-28,2026-02-02,-8.15,False,-10.0,True
601096,沪主板,2,2,2026-01-16,2026-01-19,2026-01-15,2026-01-20,5.84,20.96,3.0,9.98,10.02,9.94,0.04,6.01,9.98,6.55,0.643,7.04,1.0,0.0,1.94,3.87,0.909,100.0,0.0,9.1,2026-01-15,2026-01-19,7.04,4,2.49,9.94,-5.48,6.31,8.35,9.98,1.45,0.0943,1.14,1,0,0.5,1.69,0.673,75.0,20.6,12.1,2026-01-16,2026-01-21,3.01,False,-5.48,False
601106,沪主板,5,4,2026-01-07,2026-01-14,2026-01-06,2026-01-15,6.45,10.1,2.0,10.1,10.1,10.1,0.0,6.05,9.4,1.14,0.1316,1.14,0.0,0.0,0.74,0.74,0.589,100.0,4.5,36.6,2026-01-06,2026-01-07,-10.83,4,-3.31,10.0,-10.0,9.41,10.92,15.83,0.35,-0.3777,0.38,0,3,-5.73,-2.42,0.566,25.0,29.4,14.0,2026-01-13,2026-01-16,-10.0,False,-9.93,True
601116,沪主板,3,3,2026-01-12,2026-01-14,2026-01-09,2026-01-15,22.97,10.01,2.0,10.01,10.01,10.01,0.0,7.33,8.41,1.46,0.3733,1.46,0.0,0.0,0.89,0.89,0.794,100.0,7.7,12.9,2026-01-09,2026-01-12,3.06,4,1.37,10.01,-9.99,8.38,4.71,13.67,5.13,0.2,0.28,2,1,3.34,10.01,0.308,25.0,0.0,19.2,2026-01-13,2026-01-16,4.07,False,-9.99,True
601133,沪主板,2,1,2026-04-07,2026-04-09,2026-04-03,2026-04-15,26.24,,,,,,,,,,,,,,,,,,,,2026-04-03,2026-04-01,3.87,4,1.4,8.47,-2.85,5.04,6.29,9.12,1.06,-0.0207,0.84,0,1,-1.66,0.13,0.525,75.0,37.5,10.0,2026-04-13,2026-04-16,8.47,False,-1.43,False
601133,沪主板,3,2,2026-05-15,2026-05-20,2026-05-14,2026-05-21,35.66,21.0,3.0,10.0,10.01,9.99,0.01,5.87,9.58,1.46,-0.0876,0.77,1.0,0.0,3.94,7.88,0.624,66.7,10.8,26.9,2026-05-14,2026-05-18,9.45,3,4.75,10.11,-0.6,5.35,7.27,7.64,0.98,-0.0017,1.0,2,0,7.07,12.22,0.315,0.0,45.6,22.9,2026-05-19,2026-05-21,-0.6,False,,
601212,沪主板,8,8,2026-01-20,2026-01-29,2026-01-19,2026-01-30,13.67,21.05,3.0,10.02,10.03,10.01,0.01,9.16,12.32,1.77,0.2121,1.64,1.0,0.0,1.52,2.05,0.728,66.7,6.0,21.2,2026-01-19,2026-01-21,-10.93,4,-3.35,9.99,-10.02,9.43,4.17,8.98,0.09,-0.6081,0.02,1,2,-3.35,9.99,0.25,25.0,0.0,25.0,2026-01-28,2026-02-02,-10.01,False,-10.02,True
601330,沪主板,2,2,2026-03-11,2026-03-12,2026-03-10,2026-03-25,12.2,21.02,3.0,10.01,10.04,9.99,0.02,6.09,10.16,5.11,0.8798,7.58,1.0,0.0,1.91,3.94,0.641,100.0,3.7,32.2,2026-03-10,2026-03-12,-7.42,4,-2.26,7.71,-10.02,7.4,12.46,14.79,1.25,0.0723,1.17,0,3,-2.55,-1.61,0.56,50.0,35.4,8.6,2026-03-23,2026-03-26,-4.47,False,-10.02,True
601388,沪主板,2,2,2026-01-28,2026-01-29,2026-01-27,2026-01-30,4.8,21.05,3.0,10.02,10.08,9.97,0.05,5.52,7.05,1.45,0.3627,1.94,2.0,0.0,6.28,10.08,0.4,33.3,9.8,50.2,2026-01-27,2026-01-29,4.53,4,1.86,10.08,-9.98,8.58,8.1,16.92,1.95,0.1907,1.69,1,1,-0.27,10.08,0.331,50.0,31.1,35.8,2026-01-28,2026-02-02,5.49,False,-9.98,True
601399,沪主板,2,2,2026-01-07,2026-01-08,2026-01-06,2026-01-12,6.65,9.98,2.0,9.98,9.98,9.98,0.0,6.78,10.16,1.54,0.4246,1.54,0.0,0.0,-1.0,-1.0,0.579,100.0,5.9,36.2,2026-01-06,2026-01-07,0.5,4,0.23,3.22,-4.99,3.71,8.48,12.24,1.01,0.0629,1.65,1,0,3.13,8.91,0.592,50.0,17.4,23.4,2026-01-08,2026-01-13,3.22,False,-4.99,False
601512,沪主板,2,2,2026-04-22,2026-04-23,2026-04-21,2026-04-24,11.18,21.0,3.0,10.0,10.02,9.98,0.02,8.88,12.11,1.88,0.3259,2.04,1.0,1.0,-0.19,1.74,0.865,100.0,8.6,5.0,2026-04-21,2026-04-23,-2.91,4,-0.65,9.98,-9.87,8.16,8.67,12.11,1.26,0.0441,0.99,1,1,-1.03,1.74,0.719,50.0,21.7,6.4,2026-04-22,2026-04-27,-9.87,False,-2.05,False
601567,沪主板,2,2,2026-03-06,2026-03-09,2026-03-05,2026-03-11,33.66,20.98,3.0,9.99,10.0,9.99,0.01,3.11,6.03,1.96,0.7444,3.44,2.0,0.0,6.98,9.99,0.492,66.7,9.1,8.4,2026-03-05,2026-03-09,-2.94,4,-0.97,1.58,-3.06,1.92,5.59,6.03,0.64,-0.2165,0.48,0,0,-0.19,0.0,0.487,50.0,27.9,23.4,2026-03-09,2026-03-12,-1.43,False,-3.06,False
601595,沪主板,2,2,2026-02-09,2026-02-10,2026-02-06,2026-02-11,37.16,21.0,3.0,10.0,10.01,9.99,0.01,3.25,6.19,2.04,0.6749,3.29,2.0,0.0,10.0,10.01,0.069,33.3,11.3,48.5,2026-02-06,2026-02-10,-3.38,4,-0.82,9.99,-9.33,8.05,6.64,15.26,1.89,0.282,3.94,2,1,2.97,9.99,0.236,25.0,14.0,37.4,2026-02-09,2026-02-12,-9.33,False,-3.11,False
601606,沪主板,2,2,2026-03-24,2026-03-25,2026-03-23,2026-03-26,44.36,21.0,3.0,10.0,10.01,9.99,0.01,8.06,9.85,2.07,0.5774,2.98,2.0,0.0,2.1,2.19,0.819,66.7,0.8,17.3,2026-03-23,2026-03-25,8.87,4,3.04,9.99,-4.46,5.91,8.74,9.85,1.12,0.1205,1.92,1,1,-0.65,2.19,0.703,75.0,18.3,11.4,2026-03-24,2026-03-27,-4.46,False,3.6,False
601611,沪主板,3,2,2026-01-07,2026-01-12,2026-01-06,2026-01-13,20.1,10.01,2.0,10.01,10.01,10.01,0.0,7.01,9.94,0.98,-0.0193,0.98,0.0,0.0,-0.93,-0.93,0.623,100.0,25.4,12.3,2026-01-06,2026-01-07,-0.55,4,0.15,9.98,-9.98,8.15,9.88,11.98,0.78,-0.1079,0.75,0,1,-0.23,0.75,0.644,75.0,24.6,11.0,2026-01-09,2026-01-14,-9.98,False,0.45,False
601615,沪主板,2,2,2026-01-23,2026-01-26,2026-01-22,2026-01-28,26.03,10.01,2.0,10.01,10.01,10.01,0.0,0.0,0.0,0.0,2.0,0.0,1.0,0.0,10.01,10.01,0.0,0.0,0.0,0.0,2026-01-22,2026-01-23,-0.21,4,0.02,5.79,-4.46,4.28,7.53,15.6,1.0,0.1718,13.35,0,2,-2.82,0.8,0.433,50.0,19.0,12.7,2026-01-26,2026-01-29,-1.27,False,-4.46,False
601616,沪主板,4,4,2026-01-16,2026-01-21,2026-01-15,2026-01-22,6.69,10.1,2.0,10.1,10.1,10.1,0.0,5.37,7.86,3.46,1.1025,3.46,1.0,0.0,3.85,3.85,0.486,100.0,4.2,47.2,2026-01-15,2026-01-16,5.05,4,1.83,9.93,-4.43,6.0,10.09,18.38,1.31,0.2009,3.61,2,1,3.1,9.36,0.591,75.0,16.6,24.4,2026-01-20,2026-01-23,-4.43,False,0.0,False
601619,沪主板,2,1,2026-02-12,2026-02-24,2026-02-11,2026-03-02,7.09,20.26,4.0,6.46,9.95,-0.51,4.93,7.88,9.56,1.22,0.1159,1.42,1.0,0.0,1.1,2.23,0.695,50.0,13.1,17.4,2026-02-11,2026-02-24,0.3,4,0.14,4.2,-2.16,2.88,5.88,7.93,1.07,0.049,1.22,0,1,-0.42,0.9,0.253,75.0,55.4,19.3,2026-02-26,2026-03-03,-2.16,False,-1.62,False
601678,沪主板,2,2,2026-05-15,2026-05-18,2026-05-14,2026-05-20,6.46,21.02,3.0,10.01,10.04,9.98,0.03,4.73,8.14,1.32,0.3952,1.96,2.0,0.0,6.65,10.04,0.479,66.7,10.4,8.3,2026-05-14,2026-05-18,-6.73,4,-2.28,0.0,-3.72,1.63,8.14,9.06,0.84,-0.0403,0.97,1,0,1.4,4.03,0.538,25.0,24.1,22.1,2026-05-18,2026-05-21,-3.72,False,0.0,False
601698,沪主板,2,2,2026-01-09,2026-01-12,2026-01-08,2026-01-13,53.87,,,,,,,,,,,,,,,,,,,,2026-01-08,2026-01-06,-10.9,4,-3.33,10.0,-10.0,9.43,9.1,11.1,0.86,-0.0385,0.97,1,1,-1.17,4.1,0.753,50.0,18.3,6.4,2026-01-09,2026-01-14,-10.0,False,-10.0,True
601778,沪主板,2,1,2026-04-14,2026-04-16,2026-04-13,2026-04-17,7.33,21.53,4.0,6.82,10.08,0.33,4.59,7.71,10.04,1.5,0.225,2.19,2.0,0.0,1.53,3.31,0.707,100.0,8.5,20.8,2026-04-13,2026-04-16,7.6,4,2.68,10.08,-5.79,6.52,6.76,7.37,1.41,0.1186,1.34,2,1,2.27,5.11,0.443,50.0,26.9,28.8,2026-04-15,2026-04-20,3.75,False,-5.79,False
601789,沪主板,4,4,2026-03-06,2026-03-11,2026-03-05,2026-03-12,8.0,21.04,3.0,10.02,10.02,10.02,0.0,3.75,9.65,3.68,0.202,2.13,1.0,0.0,4.81,10.02,0.369,66.7,16.7,13.1,2026-03-05,2026-03-09,2.26,4,1.06,9.94,-9.22,7.89,7.75,13.64,1.78,0.3344,18.99,1,1,0.63,3.61,0.465,50.0,17.6,10.9,2026-03-10,2026-03-13,2.47,False,-9.22,False
601808,沪主板,2,2,2026-03-02,2026-03-03,2026-02-27,2026-03-04,21.85,10.02,2.0,10.02,10.02,10.02,0.0,2.64,2.86,5.48,1.3828,5.48,1.0,0.0,10.02,10.02,0.012,0.0,20.7,78.0,2026-02-27,2026-03-02,6.68,4,2.35,10.02,-4.26,5.88,9.96,16.78,1.11,-0.017,0.83,2,1,1.19,4.85,0.222,25.0,21.1,56.7,2026-03-02,2026-03-05,1.27,False,-4.26,False
601857,沪主板,2,2,2026-03-02,2026-03-03,2026-02-27,2026-03-04,13.69,21.09,3.0,10.04,10.04,10.04,0.0,4.38,6.46,5.55,0.5804,5.69,2.0,0.0,5.83,8.66,0.452,66.7,16.7,38.2,2026-02-27,2026-03-03,6.19,4,2.19,10.04,-4.15,5.89,8.18,13.97,0.99,-0.039,0.81,2,1,0.89,4.11,0.379,75.0,13.6,48.4,2026-03-02,2026-03-05,0.68,False,-4.15,False
601868,沪主板,2,2,2026-03-11,2026-03-12,2026-03-10,2026-03-13,3.94,9.87,2.0,9.87,9.87,9.87,0.0,10.95,11.46,0.59,-0.5227,0.59,0.0,0.0,0.32,0.32,0.639,100.0,12.5,23.6,2026-03-10,2026-03-11,-0.58,4,0.09,10.14,-8.29,7.62,10.0,12.83,1.04,0.0802,1.65,1,1,0.14,2.03,0.629,50.0,18.0,19.1,2026-03-11,2026-03-16,-1.58,False,-8.29,False
601869,沪主板,2,2,2026-02-09,2026-02-10,2026-02-06,2026-03-02,254.44,,,,,,,,,,,,,,,,,,,,2026-02-06,2026-01-30,-0.08,4,0.03,4.8,-2.65,3.38,9.22,12.29,0.96,-0.0396,0.85,0,2,-2.37,0.04,0.351,75.0,52.3,12.6,2026-02-26,2026-03-03,4.8,False,-2.65,False
601869,沪主板,2,2,2026-03-24,2026-03-25,2026-03-23,2026-03-31,320.0,10.0,2.0,10.0,10.0,10.0,0.0,7.47,8.8,1.36,0.3069,1.36,1.0,0.0,2.0,2.0,0.469,50.0,34.9,18.2,2026-03-23,2026-03-24,12.3,4,4.04,10.0,-0.48,4.4,10.2,10.74,1.12,-0.0024,0.89,1,1,0.34,3.4,0.574,75.0,12.9,29.7,2026-03-27,2026-04-01,2.59,False,-0.48,False
601872,沪主板,3,2,2026-02-12,2026-02-25,2026-02-11,2026-03-03,19.65,11.56,4.0,4.07,10.01,-7.79,8.38,5.17,8.94,1.89,0.2423,1.99,2.0,0.0,4.43,10.01,0.65,25.0,7.3,27.7,2026-02-11,2026-02-24,9.05,4,3.37,10.02,-9.87,9.37,7.65,10.86,1.14,0.1018,1.58,2,1,3.09,7.76,0.483,75.0,5.6,46.2,2026-02-27,2026-03-04,10.02,True,-9.87,True
601872,沪主板,2,2,2026-03-02,2026-03-03,2026-02-27,2026-03-04,18.8,,,,,,,,,,,,,,,,,,,,2026-02-27,2026-02-24,-2.24,4,-0.42,10.02,-9.87,8.15,9.2,10.88,0.81,-0.1046,0.72,1,2,-0.2,5.82,0.416,75.0,12.4,46.0,2026-03-02,2026-03-05,-9.87,False,-1.41,False
601890,沪主板,2,2,2026-02-13,2026-02-24,2026-02-12,2026-03-02,14.32,21.05,3.0,10.02,10.04,10.01,0.01,7.36,9.9,4.36,0.8293,6.38,1.0,0.0,1.11,1.33,0.675,100.0,15.3,17.2,2026-02-12,2026-02-24,-6.6,4,-2.19,2.7,-5.77,3.58,8.29,11.55,0.96,-0.0298,0.89,1,0,1.59,4.6,0.527,50.0,41.7,5.6,2026-02-26,2026-03-03,-5.77,False,-3.49,False
601975,沪主板,2,2,2026-03-02,2026-03-03,2026-02-27,2026-03-04,5.4,9.98,2.0,9.98,9.98,9.98,0.0,6.45,7.3,2.56,0.8779,2.56,1.0,0.0,9.98,9.98,0.261,50.0,23.9,50.0,2026-02-27,2026-03-02,9.29,4,3.21,9.96,-5.36,6.39,9.39,15.9,2.0,0.1895,1.31,2,0,6.2,9.96,0.184,0.0,4.6,77.0,2026-03-02,2026-03-05,5.03,False,-5.36,False
601991,沪主板,7,6,2026-05-06,2026-05-15,2026-04-30,2026-05-19,8.64,21.15,3.0,10.07,10.1,10.04,0.03,2.37,3.17,1.63,0.2247,1.64,2.0,0.0,9.41,10.1,0.392,33.3,3.3,57.5,2026-04-30,2026-05-07,-10.73,4,-3.28,5.67,-15.63,9.03,11.24,15.03,0.82,-0.1367,0.61,0,2,-6.9,0.0,0.495,100.0,37.4,13.1,2026-05-15,2026-05-20,5.67,False,-15.63,True
601992,沪主板,2,1,2026-01-12,2026-01-14,2026-01-09,2026-01-15,2.38,32.95,4.0,9.96,10.23,9.79,0.19,6.12,9.28,2.37,0.5315,5.75,2.0,0.0,6.22,9.86,0.444,50.0,8.3,47.2,2026-01-09,2026-01-14,-10.8,4,-3.31,9.86,-9.95,9.31,7.86,12.8,1.3,0.1005,1.68,1,2,0.42,9.86,0.466,25.0,15.9,37.5,2026-01-13,2026-01-16,-9.83,False,-9.95,True
603000,沪主板,4,4,2026-01-12,2026-01-15,2026-01-09,2026-01-16,27.75,,,,,,,,,,,,,,,,,,,,2026-01-09,2026-01-05,-10.88,4,-3.33,9.99,-9.99,9.42,3.69,8.67,0.04,-0.5981,0.06,1,2,-4.98,5.03,0.406,50.0,0.0,9.4,2026-01-14,2026-01-19,-9.99,False,-9.98,True
603007,沪主板,3,3,2026-05-12,2026-05-14,2026-05-11,2026-05-15,9.1,21.15,3.0,10.07,10.07,10.07,0.0,5.31,9.02,0.88,-0.4624,0.15,2.0,0.0,10.07,10.07,0.243,33.3,9.0,33.3,2026-05-11,2026-05-13,-3.8,4,-0.95,9.98,-9.61,8.16,5.08,11.11,10.25,0.5983,13.07,1,1,2.91,9.98,0.323,0.0,8.6,9.1,2026-05-13,2026-05-18,-9.61,False,-3.23,False
603015,沪主板,4,4,2026-01-07,2026-01-12,2026-01-06,2026-01-13,18.5,10.04,2.0,10.04,10.04,10.04,0.0,6.49,9.48,1.83,0.5872,1.83,0.0,0.0,0.0,0.0,0.637,100.0,10.0,26.3,2026-01-06,2026-01-07,-7.71,4,-2.26,9.99,-9.99,8.76,8.47,11.11,0.66,-0.0579,1.12,0,2,-3.49,0.0,0.465,50.0,17.4,36.1,2026-01-09,2026-01-14,-9.99,False,-6.79,False
603017,沪主板,3,3,2026-01-08,2026-01-12,2026-01-07,2026-01-13,15.97,10.01,2.0,10.01,10.01,10.01,0.0,5.38,7.86,2.24,0.7655,2.24,1.0,0.0,2.82,2.82,0.478,50.0,18.8,33.4,2026-01-07,2026-01-08,-6.69,4,-1.92,10.0,-9.98,8.6,7.86,21.26,2.73,0.3892,7.7,2,1,3.26,9.02,0.422,50.0,19.4,13.5,2026-01-09,2026-01-14,-9.98,False,-5.77,False
603017,沪主板,3,2,2026-04-20,2026-04-23,2026-04-17,2026-04-24,16.13,20.98,3.0,9.99,9.99,9.98,0.0,5.47,9.08,0.66,-0.2014,0.69,1.0,0.0,4.64,9.29,0.512,100.0,9.4,39.4,2026-04-17,2026-04-21,-0.07,4,0.23,10.03,-7.29,7.25,7.74,11.73,0.83,-0.1452,0.56,0,3,-2.3,-1.25,0.608,25.0,4.8,34.4,2026-04-22,2026-04-27,-7.29,False,-2.03,False
603026,沪主板,2,2,2026-03-26,2026-03-27,2026-03-25,2026-03-30,95.96,10.01,2.0,10.01,10.01,10.01,0.0,7.53,10.09,1.21,0.1914,1.21,0.0,1.0,-1.04,-1.04,0.605,50.0,8.7,30.8,2026-03-25,2026-03-26,1.56,4,0.76,10.0,-6.89,6.99,9.43,11.56,0.95,0.0091,1.1,1,1,-0.33,1.0,0.725,50.0,11.4,16.1,2026-03-26,2026-03-31,-0.84,False,-6.89,False
603026,沪主板,2,1,2026-04-10,2026-04-14,2026-04-09,2026-04-15,108.02,,,,,,,,,,,,,,,,,,,,2026-04-09,2026-03-27,8.83,4,2.98,10.0,-1.2,5.0,6.48,10.18,1.56,0.0718,0.92,2,0,3.97,6.07,0.599,50.0,29.4,10.7,2026-04-13,2026-04-16,0.13,False,-1.2,False
603040,沪主板,2,2,2026-01-21,2026-01-22,2026-01-20,2026-01-26,124.58,21.0,3.0,10.0,10.0,10.0,0.0,8.78,10.3,1.28,0.2039,1.48,1.0,0.0,0.56,1.12,0.733,100.0,6.9,19.8,2026-01-20,2026-01-22,1.79,4,0.63,4.04,-2.79,2.79,7.85,10.28,0.88,-0.0824,0.72,0,1,-0.46,0.0,0.419,75.0,40.2,17.9,2026-01-22,2026-01-27,-2.79,False,0.65,False
603042,沪主板,2,1,2026-04-02,2026-04-07,2026-04-01,2026-04-08,23.56,10.01,2.0,10.01,10.01,10.01,0.0,8.75,10.48,1.83,0.5886,1.83,0.0,0.0,-0.96,-0.96,0.789,50.0,9.7,11.4,2026-04-01,2026-04-02,12.54,4,4.13,9.98,-2.15,4.96,7.1,9.07,1.57,0.1612,1.39,0,1,-0.81,0.0,0.755,50.0,21.2,3.4,2026-04-03,2026-04-09,-2.15,False,4.57,False
603045,沪主板,5,5,2026-04-30,2026-05-11,2026-04-29,2026-05-13,78.45,20.99,3.0,10.0,10.0,9.99,0.01,2.64,6.29,0.75,0.1152,1.19,2.0,0.0,10.0,10.0,0.217,33.3,3.2,41.7,2026-04-29,2026-05-06,1.54,4,0.82,7.7,-10.0,7.74,5.93,8.27,1.46,0.2872,41.35,1,2,1.4,10.01,0.477,25.0,9.6,17.7,2026-05-11,2026-05-14,4.75,False,-10.0,True
603052,沪主板,2,2,2026-01-27,2026-01-28,2026-01-26,2026-02-03,74.79,,,,,,,,,,,,,,,,,,,,2026-01-26,2026-01-21,-0.59,4,-0.19,1.28,-2.14,1.44,10.12,10.32,0.81,-0.1112,0.72,2,1,0.43,3.94,0.302,50.0,34.4,35.3,2026-01-30,2026-02-04,1.28,False,-2.14,False
603052,沪主板,2,1,2026-03-16,2026-03-18,2026-03-13,2026-03-19,68.84,8.9,4.0,3.33,10.0,-10.0,9.43,12.41,14.88,1.28,0.1298,1.41,2.0,1.0,0.08,2.92,0.667,50.0,21.9,11.4,2026-03-13,2026-03-18,6.05,4,2.24,10.0,-7.54,7.3,12.82,14.88,1.05,0.0411,1.2,2,1,-0.42,1.5,0.751,50.0,12.1,12.8,2026-03-17,2026-03-20,4.27,False,-7.54,False
603052,沪主板,3,3,2026-04-16,2026-04-20,2026-04-15,2026-04-23,98.0,21.01,3.0,10.0,10.0,10.0,0.0,6.8,9.99,1.13,0.2027,1.44,1.0,0.0,2.07,4.26,0.714,66.7,15.6,13.0,2026-04-15,2026-04-17,0.85,4,0.33,3.61,-3.79,3.08,6.5,9.76,1.0,-0.0221,0.9,0,0,0.01,0.61,0.342,50.0,40.5,25.2,2026-04-21,2026-04-24,3.61,False,-3.79,False
603052,沪主板,3,3,2026-05-12,2026-05-14,2026-05-11,2026-05-15,120.47,21.01,3.0,10.0,10.01,10.0,0.0,3.24,9.73,0.19,-0.8246,0.25,2.0,0.0,10.0,10.01,0.177,0.0,9.2,6.4,2026-05-11,2026-05-13,-1.38,4,-0.16,10.0,-8.84,7.76,6.67,13.26,3.04,0.4075,4.3,1,1,2.17,10.0,0.151,0.0,23.1,36.8,2026-05-13,2026-05-18,-1.66,False,-8.84,False
603057,沪主板,2,1,2026-01-07,2026-01-09,2026-01-06,2026-01-15,30.45,30.57,4.0,9.3,10.01,7.88,1.0,8.92,10.1,2.32,0.3494,2.78,1.0,0.0,0.46,1.09,0.778,100.0,11.0,11.2,2026-01-06,2026-01-09,-1.18,4,-0.22,5.71,-8.11,5.81,9.79,12.65,0.62,-0.2278,0.53,0,1,-1.01,-0.04,0.567,75.0,29.1,14.2,2026-01-13,2026-01-16,-8.11,False,1.73,False
603060,沪主板,2,2,2026-04-23,2026-04-24,2026-04-22,2026-04-27,7.14,20.9,3.0,9.95,9.95,9.95,0.0,5.78,8.6,5.53,0.8762,8.05,1.0,0.0,3.66,6.49,0.547,66.7,12.5,32.8,2026-04-22,2026-04-24,4.52,4,1.66,9.95,-3.84,5.97,6.36,8.6,1.4,0.1552,1.98,1,2,0.52,6.49,0.568,75.0,2.5,40.7,2026-04-23,2026-04-28,-3.84,False,-1.14,False
603061,沪主板,2,2,2026-01-16,2026-01-19,2026-01-15,2026-01-23,194.4,10.0,2.0,10.0,10.0,10.0,0.0,8.43,9.7,1.08,0.0803,1.08,1.0,0.0,1.39,1.39,0.547,50.0,4.0,41.3,2026-01-15,2026-01-16,-6.37,4,-1.99,5.53,-8.83,5.88,9.04,11.36,0.99,-0.0111,0.96,0,0,-0.27,-0.15,0.616,50.0,19.0,19.3,2026-01-21,2026-01-26,5.53,False,-8.83,False
603061,沪主板,2,2,2026-05-11,2026-05-12,2026-05-08,2026-05-13,330.3,21.0,3.0,10.0,10.0,10.0,0.0,8.06,11.57,1.83,0.29,1.9,1.0,1.0,-0.01,1.3,0.703,66.7,11.6,18.1,2026-05-08,2026-05-12,7.37,4,2.59,10.0,-5.26,6.24,8.57,11.57,0.75,-0.1436,0.61,0,1,-0.55,-0.09,0.754,75.0,12.4,12.3,2026-05-11,2026-05-14,3.03,False,-5.26,False
603063,沪主板,2,1,2026-04-15,2026-04-17,2026-04-14,2026-04-23,42.97,17.53,4.0,5.71,10.01,-2.87,6.06,7.29,11.1,1.11,0.0574,1.21,1.0,0.0,1.0,3.01,0.832,75.0,9.0,7.8,2026-04-14,2026-04-17,-1.33,4,-0.43,1.26,-2.61,1.62,4.51,5.7,0.97,-0.0182,0.95,1,0,0.47,1.51,0.271,50.0,32.3,40.6,2026-04-21,2026-04-24,0.05,False,-2.61,False
603063,沪主板,2,1,2026-05-11,2026-05-13,2026-05-08,2026-05-14,66.36,10.0,2.0,10.0,10.0,10.0,0.0,7.12,8.56,1.4,0.336,1.4,0.0,0.0,0.58,0.58,0.658,100.0,15.8,18.5,2026-05-08,2026-05-11,4.48,4,1.65,9.99,-4.53,6.12,7.64,9.6,1.41,0.0588,0.96,2,0,2.12,3.17,0.444,50.0,32.7,23.0,2026-05-12,2026-05-15,-0.5,False,-4.53,False
603070,沪主板,2,2,2026-05-12,2026-05-13,2026-05-11,2026-05-14,18.71,21.07,3.0,10.03,10.04,10.03,0.0,4.39,9.06,0.72,-0.3014,0.51,1.0,0.0,5.05,10.03,0.477,66.7,16.1,2.9,2026-05-11,2026-05-13,7.5,4,2.58,10.03,-2.29,5.35,9.21,13.9,7.13,0.589,5.53,3,0,10.87,12.58,0.702,25.0,0.0,4.8,2026-05-12,2026-05-14,-2.29,False,0.0,False
603077,沪主板,2,2,2026-02-24,2026-02-25,2026-02-13,2026-02-26,3.1,21.01,3.0,10.0,10.08,9.92,0.08,4.65,5.73,1.87,0.2412,1.76,2.0,0.0,4.94,6.11,0.78,66.7,8.3,13.7,2026-02-13,2026-02-25,11.83,4,3.88,9.92,0.69,4.27,6.25,8.62,2.71,0.2906,1.93,2,0,3.89,6.25,0.662,75.0,17.2,16.6,2026-02-24,2026-02-27,0.69,False,1.03,False
603078,沪主板,4,4,2026-01-20,2026-01-23,2026-01-19,2026-01-26,31.78,9.99,2.0,9.99,9.99,9.99,0.0,0.0,0.0,0.0,2.0,0.0,1.0,0.0,9.99,9.99,0.0,0.0,0.0,0.0,2026-01-19,2026-01-20,1.82,4,0.83,10.0,-6.25,6.79,5.82,12.11,1.73,0.2996,26.8,1,1,2.61,10.0,0.128,0.0,14.1,48.2,2026-01-22,2026-01-27,-6.25,False,-1.26,False
603082,沪主板,4,4,2026-05-14,2026-05-19,2026-05-13,2026-05-20,45.87,21.03,3.0,10.01,10.01,10.01,0.0,6.23,9.23,11.46,0.98,16.63,2.0,0.0,1.94,2.43,0.84,100.0,7.5,8.6,2026-05-13,2026-05-15,-8.02,4,-2.07,9.99,-17.19,11.31,7.13,9.93,1.47,0.0562,0.93,2,1,-0.07,9.99,0.167,0.0,22.2,61.0,2026-05-18,2026-05-21,-17.19,False,0.99,False
603093,沪主板,2,2,2026-05-13,2026-05-14,2026-05-12,2026-05-15,25.98,20.98,3.0,9.99,10.0,9.98,0.01,7.11,8.67,4.23,0.6638,5.19,1.0,0.0,2.55,4.63,0.689,66.7,8.5,22.6,2026-05-12,2026-05-14,0.51,4,0.51,9.98,-10.0,8.19,9.53,11.5,0.88,0.0452,1.42,1,2,-0.63,4.63,0.702,75.0,19.5,10.3,2026-05-13,2026-05-18,-10.0,False,1.55,False
603095,沪主板,2,2,2026-01-22,2026-01-23,2026-01-21,2026-01-26,21.44,21.01,3.0,10.0,10.03,9.98,0.02,6.61,9.32,2.7,0.4712,3.01,1.0,0.0,3.11,5.6,0.522,100.0,5.8,41.9,2026-01-21,2026-01-23,-2.19,4,-0.4,9.98,-10.0,8.18,7.96,10.29,1.15,0.1279,1.6,1,1,-0.23,5.6,0.832,75.0,2.5,14.3,2026-01-22,2026-01-27,-10.0,False,-1.18,False
603095,沪主板,5,4,2026-04-27,2026-05-07,2026-04-24,2026-05-08,27.2,21.02,3.0,10.01,10.03,9.99,0.02,7.94,10.71,2.68,0.3046,2.29,2.0,0.0,5.17,7.56,0.291,100.0,12.6,58.3,2026-04-24,2026-04-28,4.14,4,1.53,10.01,-2.78,5.99,10.84,16.87,0.81,-0.0997,0.72,0,1,-1.62,0.54,0.652,50.0,12.1,22.8,2026-05-06,2026-05-11,-2.78,False,-2.63,False
603103,沪主板,7,4,2026-01-29,2026-02-10,2026-01-28,2026-02-11,40.45,21.03,3.0,10.01,10.01,10.01,0.0,8.78,9.62,0.79,-0.1147,0.8,1.0,0.0,2.36,4.44,0.689,100.0,17.9,13.2,2026-01-28,2026-01-30,-10.91,4,-3.34,9.99,-10.01,9.42,5.67,11.22,0.98,-0.1892,0.24,1,1,-1.13,6.61,0.377,50.0,25.2,37.1,2026-02-09,2026-02-12,-10.0,False,-10.01,True
603115,沪主板,2,2,2026-04-21,2026-04-22,2026-04-20,2026-04-24,61.88,21.01,3.0,10.01,10.01,10.0,0.0,7.28,9.63,0.55,-0.4918,0.31,1.0,0.0,4.12,8.83,0.642,66.7,4.4,31.5,2026-04-20,2026-04-22,9.45,4,3.15,9.32,-0.07,4.36,7.47,9.16,1.22,0.1714,3.64,1,1,0.22,3.1,0.354,75.0,31.9,32.7,2026-04-22,2026-04-27,-0.07,False,0.19,False
603115,沪主板,3,3,2026-05-18,2026-05-20,2026-05-15,2026-05-21,107.31,10.0,2.0,10.0,10.0,10.0,0.0,10.55,11.13,0.6,-0.5004,0.6,0.0,1.0,-2.25,-2.25,0.85,100.0,5.6,9.3,2026-05-15,2026-05-18,15.44,3,7.64,14.19,1.09,6.55,13.21,14.46,1.31,0.1442,1.35,1,1,-1.21,5.34,0.562,100.0,9.4,34.3,2026-05-19,2026-05-21,1.09,False,,
603123,沪主板,2,2,2026-04-03,2026-04-07,2026-04-02,2026-04-10,14.11,21.07,3.0,10.03,10.03,10.03,0.0,3.74,6.53,4.94,0.4898,4.55,2.0,0.0,6.44,10.03,0.615,33.3,0.0,38.5,2026-04-02,2026-04-07,-1.58,4,-0.43,5.84,-3.68,4.44,8.53,13.54,0.95,-0.1105,0.6,0,2,-2.09,-0.45,0.41,75.0,35.7,23.4,2026-04-08,2026-04-13,5.84,False,-3.46,False
603132,沪主板,3,3,2026-01-26,2026-01-28,2026-01-23,2026-01-29,23.589,21.0,3.0,10.0,10.02,9.98,0.02,5.58,7.34,2.66,0.8704,4.67,2.0,0.0,2.84,3.78,0.823,100.0,6.4,11.3,2026-01-23,2026-01-27,-3.57,4,-0.86,10.02,-10.0,8.27,9.98,16.48,0.48,-0.3861,0.12,1,1,-2.77,1.69,0.43,50.0,36.9,20.2,2026-01-27,2026-01-30,-2.61,False,-10.0,True
603138,沪主板,2,2,2026-02-11,2026-02-12,2026-02-10,2026-02-13,24.23,10.01,2.0,10.01,10.01,10.01,0.0,8.62,9.48,0.78,-0.2481,0.78,0.0,0.0,0.0,0.0,0.807,100.0,10.3,8.9,2026-02-10,2026-02-11,1.8,4,0.94,10.02,-9.98,8.27,10.45,13.38,1.29,0.0457,0.96,2,0,3.7,10.02,0.52,50.0,10.0,38.0,2026-02-11,2026-02-24,2.79,False,-9.98,True
603158,沪主板,2,2,2026-05-06,2026-05-07,2026-04-30,2026-05-08,16.5,21.0,3.0,10.0,10.03,9.97,0.03,6.95,8.9,1.16,-0.1441,0.68,1.0,0.0,2.86,5.41,0.802,66.7,6.0,13.8,2026-04-30,2026-05-07,9.4,4,3.18,9.97,-3.27,5.41,6.25,8.9,2.47,0.2393,1.43,2,0,2.37,5.41,0.634,75.0,18.1,18.5,2026-05-06,2026-05-11,2.85,False,-3.27,False
603163,沪主板,2,1,2026-01-14,2026-01-16,2026-01-13,2026-01-19,98.02,10.01,2.0,10.01,10.01,10.01,0.0,8.76,9.73,1.11,0.1077,1.11,0.0,0.0,0.0,0.0,0.644,50.0,28.0,7.7,2026-01-13,2026-01-14,12.0,4,4.05,10.0,-4.91,6.45,10.95,18.05,1.65,0.0966,0.99,3,0,3.11,6.42,0.624,75.0,22.1,15.6,2026-01-15,2026-01-20,-4.91,False,7.07,False
603165,沪主板,2,1,2026-03-20,2026-03-24,2026-03-19,2026-03-30,16.06,10.0,2.0,10.0,10.0,10.0,0.0,8.08,8.16,1.81,0.5772,1.81,1.0,0.0,2.43,2.43,0.849,50.0,2.3,12.8,2026-03-19,2026-03-20,3.07,4,1.06,4.95,-2.77,3.15,5.52,7.92,1.07,-0.0287,0.79,0,1,-1.04,-0.07,0.509,50.0,29.2,19.9,2026-03-26,2026-03-31,4.95,False,-2.77,False
603171,沪主板,2,2,2026-01-09,2026-01-12,2026-01-08,2026-01-16,90.6,10.0,2.0,10.0,10.0,10.0,0.0,10.17,10.22,0.96,-0.0363,0.96,0.0,0.0,0.0,0.0,0.567,100.0,17.3,26.0,2026-01-08,2026-01-09,-7.0,4,-2.37,0.21,-4.75,2.03,7.51,10.57,0.63,-0.2194,0.55,0,1,-0.36,0.0,0.451,50.0,37.2,17.7,2026-01-14,2026-01-19,0.21,False,-4.75,False
603172,沪主板,4,4,2026-01-29,2026-02-03,2026-01-28,2026-02-04,31.13,21.03,3.0,10.01,10.02,10.0,0.01,4.92,11.46,1.01,-0.2793,0.44,1.0,0.0,4.63,10.0,0.466,66.7,15.2,4.9,2026-01-28,2026-01-30,-10.88,4,-3.33,10.0,-9.99,9.42,8.77,17.31,0.72,-0.0748,0.91,1,2,0.38,10.0,0.326,0.0,17.4,25.0,2026-02-02,2026-02-05,-9.99,False,-9.99,True
603178,沪主板,3,3,2026-04-17,2026-04-21,2026-04-16,2026-04-22,23.19,20.96,3.0,9.98,9.99,9.97,0.01,6.73,10.16,6.62,0.9756,10.27,1.0,0.0,2.04,4.65,0.746,100.0,16.7,8.7,2026-04-16,2026-04-20,-0.42,4,0.19,10.02,-9.83,8.11,9.63,14.52,1.68,0.1549,1.34,1,2,-2.38,6.26,0.562,75.0,33.7,10.1,2026-04-20,2026-04-23,0.38,False,-9.83,True
603179,沪主板,2,1,2026-01-14,2026-01-16,2026-01-13,2026-01-19,108.41,,,,,,,,,,,,,,,,,,,,2026-01-13,2026-01-09,10.0,4,3.38,10.0,-3.8,5.65,8.57,9.93,0.97,-0.0169,0.94,1,0,0.22,1.09,0.569,50.0,28.2,14.9,2026-01-15,2026-01-20,3.95,False,-3.8,False
603203,沪主板,2,2,2026-05-12,2026-05-13,2026-05-11,2026-05-15,68.96,21.0,3.0,10.0,10.01,9.99,0.01,10.48,12.89,1.26,0.0612,1.14,1.0,1.0,-0.46,1.12,0.665,100.0,6.5,27.0,2026-05-11,2026-05-13,-3.46,4,-0.95,5.04,-10.0,6.51,11.03,12.89,1.03,0.0325,1.18,1,1,-1.51,2.39,0.418,75.0,34.8,23.3,2026-05-13,2026-05-18,2.12,False,-10.0,True
603206,沪主板,2,2,2026-05-18,2026-05-19,2026-05-15,2026-05-20,20.49,21.0,3.0,10.0,10.01,9.99,0.01,7.4,10.67,2.71,0.4624,2.98,1.0,1.0,-0.24,1.26,0.72,66.7,21.3,6.7,2026-05-15,2026-05-19,6.07,4,2.17,9.99,-5.14,6.19,7.25,10.67,2.31,0.3344,2.62,1,2,-2.86,1.26,0.809,100.0,18.4,0.7,2026-05-18,2026-05-21,-5.14,False,1.65,False
603212,沪主板,2,1,2026-01-23,2026-01-27,2026-01-22,2026-01-28,19.05,18.36,4.0,5.94,10.03,-2.22,5.77,8.33,11.28,2.48,0.3353,2.65,2.0,1.0,1.48,4.43,0.699,50.0,18.8,11.4,2026-01-22,2026-01-27,13.22,4,4.31,10.01,-0.17,4.24,10.01,11.6,1.09,-0.015,0.85,0,3,-2.75,-1.76,0.667,75.0,27.3,6.0,2026-01-26,2026-01-29,3.09,False,-0.17,False
603248,沪主板,3,3,2026-03-13,2026-03-17,2026-03-12,2026-03-18,36.5,20.98,3.0,9.99,10.0,9.98,0.01,8.77,10.7,1.49,0.2475,1.66,1.0,0.0,1.23,2.41,0.73,100.0,7.5,19.6,2026-03-12,2026-03-16,-4.09,4,-1.08,9.99,-8.15,7.93,11.53,15.28,1.15,0.0062,0.89,1,1,0.1,2.99,0.705,50.0,11.7,17.7,2026-03-16,2026-03-19,-5.07,False,-8.15,False
603256,沪主板,2,2,2026-01-21,2026-01-22,2026-01-20,2026-02-12,73.27,20.99,3.0,10.0,10.0,10.0,0.0,8.83,10.58,1.42,0.2286,1.58,1.0,1.0,1.64,4.66,0.803,66.7,4.6,15.1,2026-01-20,2026-01-22,18.25,4,5.91,10.01,-2.28,5.79,8.28,11.18,1.35,0.1724,1.52,2,0,3.04,5.0,0.633,75.0,21.6,15.1,2026-02-10,2026-02-13,10.0,True,-2.28,False
603256,沪主板,3,2,2026-02-11,2026-02-24,2026-02-10,2026-02-26,85.83,10.01,2.0,10.01,10.01,10.01,0.0,8.3,11.18,0.56,-0.5596,0.56,1.0,0.0,4.05,4.05,0.836,100.0,15.9,0.5,2026-02-10,2026-02-11,1.31,4,0.59,7.0,-6.74,5.65,6.92,8.74,1.38,0.2083,2.28,1,2,-1.15,4.74,0.483,75.0,9.8,41.8,2026-02-24,2026-02-27,1.53,False,-6.74,False
603256,沪主板,3,2,2026-04-29,2026-05-07,2026-04-28,2026-05-11,153.2,19.48,4.0,6.25,10.0,-1.26,5.31,9.29,12.04,1.21,-0.0756,0.5,2.0,1.0,1.82,3.63,0.668,75.0,11.1,22.1,2026-04-28,2026-05-06,2.91,4,0.98,3.3,-1.11,1.81,6.99,8.33,1.07,0.0046,0.95,0,1,-0.67,0.6,0.414,100.0,20.0,38.7,2026-05-07,2026-05-12,0.75,False,-1.11,False
603257,沪主板,2,2,2026-02-27,2026-03-02,2026-02-26,2026-03-03,73.68,21.0,3.0,10.0,10.0,10.0,0.0,6.6,9.95,5.6,0.7504,7.1,1.0,0.0,1.19,2.36,0.621,100.0,27.0,10.9,2026-02-26,2026-03-02,5.95,4,2.11,10.0,-4.26,5.92,7.64,9.95,0.73,-0.1075,0.74,1,1,0.14,2.36,0.675,75.0,21.9,10.6,2026-02-27,2026-03-04,-4.26,False,0.6,False
603269,沪主板,2,1,2026-03-06,2026-03-10,2026-03-05,2026-03-11,19.24,16.43,4.0,5.41,10.0,-3.78,6.5,7.54,8.51,0.91,-0.0263,0.95,2.0,1.0,0.17,3.51,0.621,100.0,14.0,23.9,2026-03-05,2026-03-10,4.72,4,1.74,10.0,-5.06,6.23,7.0,8.37,1.18,-0.0002,0.83,1,0,0.99,2.02,0.495,50.0,31.5,19.0,2026-03-09,2026-03-12,0.28,False,-5.06,False
603269,沪主板,2,2,2026-05-11,2026-05-12,2026-05-08,2026-05-18,22.77,10.02,2.0,10.02,10.02,10.02,0.0,4.63,6.3,0.75,-0.2814,0.75,1.0,0.0,3.08,3.08,0.66,50.0,9.0,25.0,2026-05-08,2026-05-11,2.56,4,0.87,2.8,-2.3,2.26,6.94,12.74,0.8,-0.1304,0.62,1,2,-2.25,1.47,0.338,75.0,37.7,28.6,2026-05-14,2026-05-19,2.12,False,-2.3,False
603272,沪主板,3,3,2026-03-26,2026-03-30,2026-03-25,2026-03-31,37.0,10.0,2.0,10.0,10.0,10.0,0.0,8.48,10.82,0.76,-0.2727,0.76,1.0,0.0,2.1,2.1,0.746,100.0,8.5,16.8,2026-03-25,2026-03-26,2.35,4,1.02,9.99,-7.17,7.03,11.17,13.12,1.08,0.0364,1.12,2,0,1.34,2.03,0.638,50.0,9.1,27.1,2026-03-27,2026-04-01,-7.17,False,0.24,False
603272,沪主板,2,1,2026-04-08,2026-04-10,2026-04-07,2026-04-13,36.66,,,,,,,,,,,,,,,,,,,,2026-04-07,2026-03-27,-0.8,4,0.01,10.01,-8.29,7.57,6.78,9.84,1.19,-0.0621,0.61,2,1,0.19,1.59,0.701,25.0,15.9,14.0,2026-04-09,2026-04-14,-8.29,False,-1.68,False
603272,沪主板,2,2,2026-04-24,2026-04-27,2026-04-23,2026-05-06,28.14,10.01,2.0,10.01,10.01,10.01,0.0,5.32,5.48,0.67,-0.4014,0.67,1.0,0.0,4.33,4.33,0.955,50.0,4.5,0.0,2026-04-23,2026-04-24,4.74,4,1.67,5.02,-5.01,4.72,2.66,7.25,3.73,0.2064,0.85,2,1,1.99,5.02,0.074,0.0,17.6,25.0,2026-04-29,2026-05-07,5.0,False,-5.01,False
603278,沪主板,3,3,2026-05-06,2026-05-08,2026-04-30,2026-05-18,18.25,10.0,2.0,10.0,10.0,10.0,0.0,6.72,8.36,0.77,-0.2617,0.77,1.0,0.0,1.25,1.25,0.563,100.0,16.7,27.0,2026-04-30,2026-05-06,6.81,4,2.37,9.99,-3.51,5.65,11.73,12.97,1.1,-0.0149,0.84,0,2,-3.98,-0.65,0.428,100.0,48.4,8.8,2026-05-14,2026-05-19,0.65,False,-3.51,False
603301,沪主板,2,2,2026-02-09,2026-02-10,2026-02-06,2026-02-12,94.5,21.01,3.0,10.0,10.01,10.0,0.0,7.05,7.65,1.45,0.2749,1.71,2.0,0.0,3.32,4.99,0.777,100.0,3.5,18.9,2026-02-06,2026-02-10,-2.96,4,-0.86,5.87,-6.76,5.19,7.66,9.53,0.98,0.0099,1.08,1,1,0.12,1.99,0.642,50.0,10.1,25.6,2026-02-10,2026-02-13,-6.76,False,-1.7,False
603305,沪主板,2,2,2026-01-09,2026-01-12,2026-01-08,2026-01-13,22.45,21.03,3.0,10.01,10.02,10.0,0.01,6.52,8.41,0.98,0.1397,1.28,2.0,0.0,6.27,10.0,0.531,66.7,10.0,36.8,2026-01-08,2026-01-12,6.18,4,2.18,10.0,-3.47,5.71,7.93,12.61,1.8,0.2202,2.06,2,0,5.0,10.0,0.455,25.0,9.7,44.8,2026-01-09,2026-01-14,0.0,False,-3.47,False
603306,沪主板,2,2,2026-04-08,2026-04-09,2026-04-07,2026-04-15,105.98,20.99,3.0,10.0,10.0,10.0,0.0,6.88,9.08,2.05,0.4149,2.41,2.0,0.0,2.48,3.86,0.815,66.7,5.4,13.1,2026-04-07,2026-04-09,2.36,4,0.8,3.05,-2.16,2.19,5.36,7.69,0.86,-0.0814,0.74,0,0,-0.3,0.0,0.361,75.0,41.6,22.4,2026-04-13,2026-04-16,3.05,False,1.53,False
603311,沪主板,3,3,2026-05-18,2026-05-20,2026-05-15,2026-05-21,31.47,10.0,2.0,10.0,10.0,10.0,0.0,5.04,10.07,0.0,2.0,0.0,1.0,0.0,6.19,6.19,0.172,50.0,0.0,32.8,2026-05-15,2026-05-18,11.63,3,5.78,10.95,0.61,5.17,9.79,11.19,0.85,-0.0731,0.87,0,1,-4.29,0.68,0.903,100.0,7.0,2.7,2026-05-19,2026-05-21,0.61,False,,
603315,沪主板,2,2,2026-04-16,2026-04-17,2026-04-15,2026-04-23,19.53,9.99,2.0,9.99,9.99,9.99,0.0,6.27,9.86,2.47,0.8485,2.47,0.0,0.0,-0.85,-0.85,0.512,100.0,35.4,13.4,2026-04-15,2026-04-16,4.45,4,1.68,10.03,-6.3,6.67,4.36,6.89,0.79,-0.0085,1.16,1,2,1.71,10.03,0.312,50.0,20.7,23.2,2026-04-21,2026-04-24,10.03,True,-6.3,False
603316,沪主板,2,1,2026-03-04,2026-03-06,2026-03-03,2026-03-12,17.3,28.24,4.0,8.66,10.0,5.99,1.89,8.26,10.12,2.12,0.2625,2.31,1.0,1.0,0.91,3.72,0.789,75.0,15.6,5.5,2026-03-03,2026-03-06,-1.98,4,-0.65,1.24,-3.36,1.97,4.98,6.72,0.95,-0.0826,0.68,1,0,0.22,1.41,0.509,50.0,39.0,10.0,2026-03-10,2026-03-13,0.18,False,-3.36,False
603316,沪主板,2,2,2026-05-06,2026-05-07,2026-04-30,2026-05-11,20.0,21.04,3.0,10.02,10.03,10.01,0.01,10.91,16.74,0.77,0.057,1.1,2.0,0.0,2.79,4.36,0.856,66.7,0.0,14.4,2026-04-30,2026-05-07,-1.43,4,-0.46,1.48,-3.18,1.98,5.95,9.33,0.62,-0.2632,0.41,1,0,0.78,3.71,0.625,50.0,18.2,19.2,2026-05-07,2026-05-12,0.31,False,-3.18,False
603316,沪主板,3,3,2026-05-18,2026-05-20,2026-05-15,2026-05-21,27.25,,,,,,,,,,,,,,,,,,,,2026-05-15,2026-05-07,21.0,3,10.47,20.6,0.33,10.14,12.31,12.56,2.6,0.4067,2.68,1,1,3.15,12.79,0.656,100.0,0.9,33.5,2026-05-19,2026-05-21,0.33,False,,
603317,沪主板,2,2,2026-04-28,2026-04-29,2026-04-27,2026-04-30,17.3,21.01,3.0,10.0,10.01,9.99,0.01,4.11,7.99,3.46,0.687,4.63,2.0,0.0,5.61,10.01,0.497,66.7,13.7,36.6,2026-04-27,2026-04-29,8.91,4,3.0,9.99,-0.87,4.95,4.82,7.99,1.28,0.0974,1.41,1,1,-0.29,1.21,0.303,50.0,9.1,60.6,2026-04-28,2026-05-06,-0.87,False,-0.12,False
603318,沪主板,4,4,2026-02-27,2026-03-04,2026-02-26,2026-03-09,11.0,20.99,3.0,9.99,10.01,9.98,0.02,6.54,10.1,5.34,0.6807,6.3,1.0,0.0,2.37,4.74,0.652,100.0,8.3,26.4,2026-02-26,2026-03-02,-3.02,4,-0.86,5.52,-8.19,5.64,16.34,20.11,0.81,-0.1051,0.71,1,2,-2.35,5.53,0.567,50.0,32.4,11.0,2026-03-05,2026-03-10,-8.19,False,0.11,False
603318,沪主板,6,5,2026-04-20,2026-04-28,2026-04-17,2026-04-30,15.1,22.21,4.0,7.0,10.06,0.94,4.28,6.27,8.18,2.32,0.4169,5.28,3.0,0.0,1.71,2.01,0.616,75.0,9.5,28.9,2026-04-17,2026-04-22,5.22,4,1.76,5.59,-1.99,3.1,9.79,14.43,0.77,-0.0888,0.83,0,1,0.19,0.89,0.384,75.0,15.3,46.3,2026-04-28,2026-05-06,-1.99,False,1.68,False
603333,沪主板,2,1,2026-05-15,2026-05-19,2026-05-14,2026-05-20,10.36,15.17,4.0,5.06,10.03,-4.87,7.02,7.75,9.5,1.55,0.1372,1.54,2.0,0.0,1.86,3.42,0.828,50.0,4.7,12.4,2026-05-14,2026-05-19,5.23,4,1.91,10.02,-5.64,6.41,9.15,9.5,1.15,-0.0152,0.84,1,1,1.03,4.72,0.688,25.0,23.6,7.6,2026-05-18,2026-05-21,-5.64,False,1.36,False
603334,沪主板,2,2,2026-02-04,2026-02-05,2026-02-03,2026-02-06,60.99,20.99,3.0,10.0,10.0,9.99,0.0,7.18,9.09,2.96,0.6193,3.86,1.0,0.0,2.72,5.18,0.805,100.0,2.4,17.1,2026-02-03,2026-02-05,9.16,4,3.08,10.0,-1.13,4.93,6.7,9.09,1.15,0.0489,1.17,1,0,1.4,5.18,0.461,75.0,22.8,31.1,2026-02-04,2026-02-09,0.37,False,-1.13,False
603353,沪主板,3,3,2026-02-27,2026-03-03,2026-02-26,2026-03-04,54.0,20.99,3.0,10.0,10.0,9.99,0.0,5.49,8.92,3.22,0.7166,4.55,1.0,0.0,5.08,9.97,0.564,100.0,4.3,39.3,2026-02-26,2026-03-02,-7.62,4,-2.24,9.99,-8.79,8.65,9.99,17.49,1.04,-0.0101,0.92,2,1,1.03,5.94,0.457,50.0,15.8,38.4,2026-03-02,2026-03-05,-8.79,False,-7.92,False
603353,沪主板,2,1,2026-04-02,2026-04-07,2026-04-01,2026-04-09,43.46,21.97,4.0,6.93,10.01,0.79,4.34,8.17,13.39,2.44,0.3565,2.67,1.0,0.0,0.34,1.81,0.623,100.0,11.6,26.0,2026-04-01,2026-04-07,0.49,4,0.2,2.83,-3.49,2.69,8.92,13.39,0.63,-0.1977,0.56,0,1,-1.71,0.0,0.609,75.0,24.2,14.9,2026-04-07,2026-04-10,2.83,False,-3.49,False
603353,沪主板,2,1,2026-04-29,2026-05-06,2026-04-28,2026-05-12,55.75,18.98,4.0,6.11,10.0,-1.67,5.5,10.76,11.82,1.1,0.0301,1.06,2.0,1.0,0.6,2.69,0.693,75.0,7.0,23.7,2026-04-28,2026-05-06,0.71,4,0.25,2.16,-1.37,1.46,7.43,11.03,0.95,-0.0336,0.9,0,1,-0.37,0.99,0.342,75.0,29.1,36.7,2026-05-08,2026-05-13,2.16,False,-1.37,False
603387,沪主板,2,2,2026-03-17,2026-03-18,2026-03-16,2026-03-19,11.42,20.98,3.0,9.99,10.02,9.96,0.03,6.27,9.43,2.87,0.3699,2.66,1.0,0.0,1.81,3.39,0.91,100.0,1.3,7.7,2026-03-16,2026-03-18,2.22,4,0.94,9.96,-5.39,6.55,9.95,14.9,2.87,0.3245,2.19,2,1,2.71,8.67,0.691,50.0,15.9,15.0,2026-03-17,2026-03-20,-1.73,False,-5.39,False
603390,沪主板,2,2,2026-04-23,2026-04-24,2026-04-22,2026-04-27,14.49,21.06,3.0,10.03,10.03,10.02,0.01,2.51,6.37,9.08,1.1352,15.49,2.0,0.0,6.6,10.03,0.421,33.3,0.0,24.5,2026-04-22,2026-04-24,5.28,4,1.89,10.02,-2.19,5.75,4.4,7.21,1.36,0.197,3.75,1,1,-0.23,3.17,0.359,50.0,10.5,28.7,2026-04-23,2026-04-28,-2.19,False,-2.17,False
603396,沪主板,2,1,2026-01-23,2026-01-27,2026-01-22,2026-01-29,52.06,10.0,2.0,10.0,10.0,10.0,0.0,6.19,8.83,1.1,0.0908,1.1,0.0,0.0,0.29,0.29,0.872,100.0,5.3,7.5,2026-01-22,2026-01-23,2.77,4,1.0,5.66,-4.46,4.17,10.89,13.44,0.97,-0.0374,0.84,1,1,-0.24,1.23,0.417,75.0,40.8,17.5,2026-01-27,2026-01-30,5.66,False,-4.46,False
603399,沪主板,4,4,2026-04-28,2026-05-06,2026-04-27,2026-05-11,25.52,21.0,3.0,10.0,10.02,9.98,0.02,6.45,10.78,0.89,-0.0329,0.94,1.0,0.0,2.85,6.38,0.678,100.0,4.5,27.7,2026-04-27,2026-04-29,6.64,4,2.22,6.24,-1.95,3.35,9.41,10.89,0.78,-0.1309,0.66,1,1,-0.51,1.73,0.45,50.0,25.6,29.5,2026-05-07,2026-05-12,2.38,False,-1.95,False
603421,沪主板,2,2,2026-03-10,2026-03-11,2026-03-09,2026-03-17,10.7,21.03,3.0,10.01,10.04,9.99,0.02,6.45,8.9,3.5,0.8748,5.66,1.0,0.0,1.76,3.04,0.716,100.0,1.2,27.1,2026-03-09,2026-03-11,6.61,4,2.32,10.02,-4.07,5.83,7.52,10.56,0.9,-0.0451,0.86,0,1,-0.28,0.87,0.536,50.0,32.8,13.7,2026-03-13,2026-03-18,-4.07,False,1.01,False
603466,沪主板,2,2,2026-02-09,2026-02-10,2026-02-06,2026-02-25,14.0,21.1,3.0,10.05,10.06,10.04,0.01,2.24,3.54,2.23,0.5729,3.09,2.0,0.0,9.75,10.06,0.109,66.7,12.5,43.2,2026-02-06,2026-02-10,8.3,4,2.83,10.02,-2.47,5.27,8.86,12.26,0.96,-0.0144,0.97,1,1,1.25,7.02,0.472,75.0,23.8,29.0,2026-02-13,2026-02-26,0.93,False,-2.47,False
603466,沪主板,2,2,2026-02-13,2026-02-24,2026-02-12,2026-02-25,14.0,,,,,,,,,,,,,,,,,,,,2026-02-12,2026-02-10,8.3,4,2.83,10.02,-2.47,5.27,8.86,12.26,0.96,-0.0144,0.97,1,1,1.25,7.02,0.472,75.0,23.8,29.0,2026-02-13,2026-02-26,0.93,False,-2.47,False
603488,沪主板,4,2,2026-01-07,2026-01-13,2026-01-06,2026-01-14,12.33,9.99,2.0,9.99,9.99,9.99,0.0,5.56,8.97,7.7,1.5403,7.7,0.0,0.0,0.63,0.63,0.563,100.0,17.6,26.1,2026-01-06,2026-01-07,6.37,4,2.23,10.03,-2.16,5.53,12.35,14.43,0.63,-0.196,0.5,0,2,-2.14,-0.94,0.455,100.0,19.4,35.0,2026-01-12,2026-01-15,-1.19,False,-2.16,False
603496,沪主板,2,2,2026-01-09,2026-01-12,2026-01-08,2026-01-14,39.51,9.99,2.0,9.99,9.99,9.99,0.0,9.99,10.54,1.4,0.336,1.4,0.0,0.0,-0.44,-0.44,0.726,100.0,22.4,5.0,2026-01-08,2026-01-09,-2.37,4,-0.54,7.18,-10.0,7.12,7.05,11.8,1.11,0.1529,6.94,2,1,3.58,10.0,0.466,25.0,14.9,13.5,2026-01-12,2026-01-15,7.18,False,-10.0,True
603530,沪主板,2,2,2026-02-26,2026-02-27,2026-02-25,2026-03-05,73.93,20.99,3.0,10.0,10.0,9.99,0.0,5.46,9.32,2.79,0.4414,2.94,1.0,0.0,2.78,5.03,0.667,100.0,15.7,17.6,2026-02-25,2026-02-27,16.53,4,5.32,10.0,-0.39,4.3,7.52,10.27,1.39,0.1026,1.25,1,1,0.88,4.26,0.365,75.0,42.7,20.8,2026-03-03,2026-03-06,6.35,False,-0.39,False
603533,沪主板,5,5,2026-02-09,2026-02-13,2026-02-06,2026-02-24,35.83,21.03,3.0,10.01,10.02,10.0,0.01,1.43,4.28,0.34,-0.7149,0.2,2.0,0.0,10.01,10.02,0.12,0.0,5.7,15.7,2026-02-06,2026-02-10,-10.91,4,-3.34,10.0,-10.01,9.43,3.44,5.82,1.24,0.2203,4.3,1,2,-2.22,5.94,0.631,25.0,8.3,3.5,2026-02-12,2026-02-25,-9.99,False,-10.01,True
603538,沪主板,6,5,2026-03-20,2026-03-30,2026-03-19,2026-04-03,44.43,10.0,2.0,10.0,10.0,10.0,0.0,7.18,7.78,1.52,0.4108,1.52,1.0,0.0,6.2,6.2,0.387,50.0,4.3,57.0,2026-03-19,2026-03-20,-1.21,4,-0.28,6.36,-5.48,4.94,12.38,14.3,0.85,-0.0837,0.75,1,2,-2.08,2.0,0.306,25.0,44.7,24.8,2026-04-01,2026-04-07,-5.48,False,-1.72,False
603585,沪主板,2,2,2026-03-27,2026-03-30,2026-03-26,2026-04-15,27.44,21.01,3.0,10.0,10.03,9.98,0.02,5.27,6.14,2.1,0.6272,3.18,2.0,0.0,6.71,9.45,0.399,66.7,28.1,32.0,2026-03-26,2026-03-30,4.5,4,1.67,10.0,-5.42,6.35,8.23,10.53,1.14,-0.0133,0.81,1,0,0.31,2.0,0.58,50.0,14.4,27.6,2026-04-13,2026-04-16,-5.42,False,0.44,False
603598,沪主板,5,3,2026-01-06,2026-01-13,2026-01-05,2026-01-14,34.48,10.01,2.0,10.01,10.01,10.01,0.0,8.83,9.14,1.08,0.0799,1.08,0.0,0.0,0.32,0.32,0.981,100.0,0.0,1.9,2026-01-05,2026-01-06,10.48,4,3.51,9.99,-2.75,5.2,5.58,13.15,5.65,0.5402,37.7,1,2,-0.87,9.99,0.337,50.0,16.3,25.0,2026-01-12,2026-01-15,3.28,False,-2.75,False
603598,沪主板,2,2,2026-02-09,2026-02-10,2026-02-06,2026-02-11,31.6,10.02,2.0,10.02,10.02,10.02,0.0,9.14,9.74,1.33,0.2856,1.33,1.0,0.0,4.6,4.6,0.443,100.0,10.7,45.0,2026-02-06,2026-02-09,2.99,4,1.21,10.02,-6.42,6.76,9.02,11.54,1.04,0.0374,1.2,1,0,1.87,5.45,0.432,75.0,13.0,43.8,2026-02-09,2026-02-12,-6.42,False,0.03,False
603601,沪主板,2,2,2026-02-24,2026-02-25,2026-02-13,2026-02-27,13.61,10.04,2.0,10.04,10.04,10.04,0.0,6.33,7.26,2.16,0.734,2.16,1.0,0.0,2.04,2.04,0.802,50.0,17.2,2.6,2026-02-13,2026-02-24,-1.84,4,-0.6,1.61,-2.44,1.68,6.85,9.52,0.96,0.0232,1.21,0,1,-1.26,0.61,0.415,75.0,33.6,24.9,2026-02-25,2026-03-02,-0.98,False,-2.44,False
603601,沪主板,3,2,2026-03-25,2026-03-30,2026-03-24,2026-03-31,15.95,9.99,2.0,9.99,9.99,9.99,0.0,4.62,7.02,0.83,-0.1812,0.83,1.0,0.0,9.72,9.72,0.126,100.0,24.4,63.0,2026-03-24,2026-03-25,12.82,4,4.28,10.02,-4.0,6.0,10.02,12.0,1.11,0.0127,0.95,0,0,-0.13,0.0,0.521,75.0,18.3,29.6,2026-03-27,2026-04-01,6.83,False,-4.0,False
603608,沪主板,2,2,2026-01-21,2026-01-22,2026-01-20,2026-01-23,12.85,10.05,2.0,10.05,10.05,10.05,0.0,6.72,8.24,0.39,-0.8794,0.39,1.0,0.0,4.32,4.32,0.878,100.0,4.3,7.9,2026-01-20,2026-01-21,6.48,4,2.26,10.05,-2.51,5.55,8.55,12.12,1.42,0.1735,2.71,1,1,-0.06,2.07,0.518,50.0,33.7,14.5,2026-01-21,2026-01-26,-0.75,False,-2.51,False
603616,沪主板,4,4,2026-02-04,2026-02-09,2026-02-03,2026-02-10,9.26,21.03,3.0,10.01,10.07,9.95,0.06,0.0,0.0,0.0,0.704,0.0,2.0,0.0,10.01,10.07,0.0,0.0,0.0,0.0,2026-02-03,2026-02-05,-5.91,4,-1.67,10.01,-8.33,8.29,9.36,13.27,0.98,0.03,1.27,1,2,-0.67,2.53,0.39,25.0,9.6,51.4,2026-02-06,2026-02-11,-8.33,False,-6.7,False
603618,沪主板,6,4,2026-01-30,2026-02-09,2026-01-29,2026-02-13,16.76,20.92,3.0,9.97,9.98,9.96,0.01,5.63,12.5,0.88,-0.3585,0.34,1.0,0.0,4.8,9.96,0.491,33.3,7.4,10.1,2026-01-29,2026-02-02,0.51,4,0.48,8.89,-9.99,7.84,10.73,15.51,0.84,-0.0539,0.91,2,1,1.78,6.89,0.693,75.0,8.4,22.3,2026-02-11,2026-02-24,-9.99,False,8.89,False
603618,沪主板,3,2,2026-03-25,2026-03-30,2026-03-24,2026-04-03,30.1,9.99,2.0,9.99,9.99,9.99,0.0,9.07,9.17,0.61,-0.4879,0.61,0.0,0.0,0.0,0.0,0.568,50.0,8.1,35.2,2026-03-24,2026-03-25,-5.25,4,-1.78,-0.82,-2.75,0.79,9.39,11.84,1.17,0.0359,1.02,2,0,1.37,2.91,0.356,0.0,31.1,33.3,2026-04-01,2026-04-07,-0.82,False,-2.75,False
603618,沪主板,2,2,2026-04-22,2026-04-23,2026-04-21,2026-04-24,33.13,21.04,3.0,10.02,10.02,10.02,0.0,8.85,11.38,1.17,0.1599,1.36,2.0,0.0,1.45,1.81,0.72,100.0,2.9,25.1,2026-04-21,2026-04-23,6.34,4,2.22,10.02,-2.71,5.58,8.99,11.38,1.37,0.1101,1.33,1,1,0.07,1.09,0.535,75.0,15.6,30.9,2026-04-22,2026-04-27,-2.71,False,-0.65,False
603618,沪主板,3,3,2026-05-06,2026-05-08,2026-04-30,2026-05-13,41.24,,,,,,,,,,,,,,,,,,,,2026-04-30,2026-04-23,1.34,4,0.6,8.45,-4.13,5.59,8.31,12.06,0.64,-0.222,0.47,0,1,-1.17,0.54,0.567,50.0,30.7,12.6,2026-05-11,2026-05-14,-2.52,False,-4.13,False
603619,沪主板,3,2,2026-01-26,2026-01-29,2026-01-23,2026-01-30,40.18,20.01,4.0,6.39,10.0,-0.81,5.09,7.2,8.38,1.34,0.1417,1.55,2.0,1.0,1.32,4.06,0.471,100.0,25.1,27.8,2026-01-23,2026-01-28,-7.85,4,-2.31,10.01,-10.0,8.8,8.44,17.81,0.9,-0.1861,0.13,2,1,-1.87,2.42,0.52,50.0,8.8,14.2,2026-01-28,2026-02-02,-6.92,False,-10.0,True
603619,沪主板,2,2,2026-03-02,2026-03-03,2026-02-27,2026-03-04,48.18,10.01,2.0,10.01,10.01,10.01,0.0,2.68,4.02,0.93,-0.0683,0.93,1.0,0.0,10.01,10.01,0.103,50.0,29.1,60.6,2026-02-27,2026-03-02,9.25,4,3.27,10.0,-7.14,7.47,7.98,15.75,4.98,0.4633,3.34,2,1,5.3,10.0,0.114,0.0,11.5,77.1,2026-03-02,2026-03-05,6.96,False,-7.14,False
603626,沪主板,2,2,2026-02-06,2026-02-09,2026-02-05,2026-02-13,28.78,20.97,3.0,9.99,9.99,9.99,0.0,7.67,11.64,1.75,0.1771,1.53,1.0,0.0,1.49,3.8,0.579,66.7,3.3,38.8,2026-02-05,2026-02-09,-0.52,4,-0.14,1.79,-3.96,2.7,6.3,7.31,0.91,-0.0445,0.87,1,0,0.26,1.3,0.47,50.0,24.0,29.0,2026-02-11,2026-02-24,1.76,False,-3.96,False
603629,沪主板,2,2,2026-01-30,2026-02-02,2026-01-29,2026-02-12,62.68,21.0,3.0,10.0,10.0,10.0,0.0,9.54,12.79,1.1,0.1919,1.41,2.0,0.0,5.68,9.6,0.429,100.0,20.8,36.3,2026-01-29,2026-02-02,10.67,4,3.6,9.99,-4.15,5.86,7.57,8.52,1.01,-0.0528,0.75,1,0,2.71,6.97,0.569,50.0,24.9,18.2,2026-02-10,2026-02-13,4.97,False,-4.15,False
603629,沪主板,2,1,2026-02-09,2026-02-11,2026-02-06,2026-02-12,62.68,,,,,,,,,,,,,,,,,,,,2026-02-06,2026-02-02,10.67,4,3.6,9.99,-4.15,5.86,7.57,8.52,1.01,-0.0528,0.75,1,0,2.71,6.97,0.569,50.0,24.9,18.2,2026-02-10,2026-02-13,4.97,False,-4.15,False
603629,沪主板,2,2,2026-02-27,2026-03-02,2026-02-26,2026-03-03,65.66,,,,,,,,,,,,,,,,,,,,2026-02-26,2026-02-11,-2.15,4,-0.4,10.0,-9.74,8.09,11.52,13.22,0.84,-0.0822,0.76,0,2,-2.39,-0.17,0.655,50.0,32.8,1.7,2026-02-27,2026-03-04,-9.74,False,-1.45,False
603629,沪主板,3,2,2026-04-14,2026-04-17,2026-04-13,2026-04-23,119.02,10.0,2.0,10.0,10.0,10.0,0.0,10.08,12.71,0.61,-0.4876,0.61,1.0,0.0,7.32,7.32,0.234,50.0,32.3,44.3,2026-04-13,2026-04-14,8.13,4,2.84,7.65,-6.06,6.3,9.14,10.31,1.02,0.0347,1.18,0,1,-1.4,0.11,0.502,50.0,27.6,22.2,2026-04-21,2026-04-24,7.65,False,-6.06,False
603629,沪主板,4,4,2026-04-28,2026-05-06,2026-04-27,2026-05-08,173.58,,,,,,,,,,,,,,,,,,,,2026-04-27,2026-04-15,2.5,4,0.89,5.88,-2.85,3.67,9.24,12.27,1.11,0.0746,1.31,0,1,-0.83,0.85,0.456,50.0,23.9,30.5,2026-05-06,2026-05-11,5.88,False,-2.85,False
603636,沪主板,2,2,2026-05-07,2026-05-08,2026-05-06,2026-05-11,12.0,21.02,3.0,10.01,10.02,10.0,0.01,4.35,9.9,1.59,0.0364,1.1,1.0,0.0,5.16,10.0,0.481,66.7,11.5,7.1,2026-05-06,2026-05-08,12.18,4,4.0,10.0,-0.63,4.45,6.44,9.9,3.29,0.3306,1.96,2,0,5.88,10.0,0.57,50.0,0.0,18.0,2026-05-07,2026-05-12,-0.63,False,2.63,False
603650,沪主板,2,2,2026-01-07,2026-01-08,2026-01-06,2026-01-13,59.96,10.0,2.0,10.0,10.0,10.0,0.0,1.98,3.97,0.44,-0.7727,0.44,1.0,0.0,10.0,10.0,0.452,50.0,0.0,4.8,2026-01-06,2026-01-07,-5.4,4,-1.8,1.32,-5.05,2.6,6.98,11.99,0.74,-0.211,0.48,0,1,-1.18,0.25,0.366,75.0,45.5,17.9,2026-01-09,2026-01-14,-5.05,False,1.32,False
603667,沪主板,2,2,2026-01-16,2026-01-19,2026-01-15,2026-01-22,94.27,10.0,2.0,10.0,10.0,10.0,0.0,7.07,8.74,1.35,0.2989,1.35,0.0,0.0,0.81,0.81,0.535,50.0,37.7,8.8,2026-01-15,2026-01-16,1.91,4,0.69,4.22,-4.07,3.5,7.83,9.78,0.93,-0.0323,0.91,0,2,-1.08,0.0,0.564,50.0,36.4,7.2,2026-01-20,2026-01-23,1.93,False,-4.07,False
603687,沪主板,4,4,2026-03-18,2026-03-23,2026-03-17,2026-03-26,16.5,21.09,3.0,10.04,10.05,10.04,0.01,4.26,9.4,1.18,-0.3205,0.28,1.0,0.0,4.92,10.04,0.418,66.7,24.5,0.3,2026-03-17,2026-03-19,5.97,4,2.14,10.0,-5.27,6.24,10.4,12.68,0.83,-0.0909,0.78,2,1,0.0,1.63,0.28,50.0,19.8,52.2,2026-03-24,2026-03-27,10.0,True,-5.27,False
603687,沪主板,2,2,2026-04-15,2026-04-16,2026-04-14,2026-04-17,20.8,,,,,,,,,,,,,,,,,,,,2026-04-14,2026-04-07,5.82,4,2.06,9.98,-2.97,5.67,5.92,10.39,1.34,0.2187,5.01,1,1,0.91,5.32,0.214,25.0,29.9,23.7,2026-04-15,2026-04-20,-2.97,False,-0.83,False
603696,沪主板,2,1,2026-01-08,2026-01-12,2026-01-07,2026-01-13,28.5,10.02,2.0,10.02,10.02,10.02,0.0,8.33,10.62,1.3,0.2585,1.3,0.0,0.0,0.38,0.38,0.562,100.0,20.5,23.3,2026-01-07,2026-01-08,-4.38,4,-1.14,10.0,-10.0,8.32,11.06,13.41,0.85,-0.1137,0.64,0,2,-4.5,-0.5,0.262,50.0,58.4,15.4,2026-01-09,2026-01-14,-3.41,False,-10.0,True
603698,沪主板,2,2,2026-04-14,2026-04-15,2026-04-13,2026-04-20,48.0,21.0,3.0,10.0,10.01,9.99,0.01,5.76,9.82,1.29,-0.055,0.87,1.0,0.0,4.92,9.91,0.342,100.0,13.6,52.2,2026-04-13,2026-04-15,8.53,4,2.84,8.48,-1.06,4.08,8.46,12.0,0.89,-0.0655,0.8,1,0,1.48,3.44,0.637,75.0,18.0,18.3,2026-04-16,2026-04-21,-1.06,False,1.12,False
603703,沪主板,2,1,2026-01-08,2026-01-12,2026-01-07,2026-01-13,20.0,10.03,2.0,10.03,10.03,10.03,0.0,6.8,9.83,0.45,-0.7502,0.45,0.0,0.0,-0.26,-0.26,0.528,100.0,16.7,30.5,2026-01-07,2026-01-08,3.32,4,1.35,10.01,-7.62,7.2,11.54,17.12,0.92,-0.0489,0.85,1,0,1.15,3.61,0.571,50.0,27.0,15.9,2026-01-09,2026-01-14,-7.62,False,1.66,False
603716,沪主板,2,1,2026-01-06,2026-01-08,2026-01-05,2026-01-13,31.86,10.0,2.0,10.0,10.0,10.0,0.0,2.99,5.97,0.56,-0.5704,0.56,1.0,0.0,10.0,10.0,0.485,50.0,0.0,1.5,2026-01-05,2026-01-06,0.32,4,0.16,4.53,-3.09,3.21,11.82,15.69,0.79,-0.1338,0.64,0,2,-2.05,0.69,0.304,75.0,46.8,22.8,2026-01-09,2026-01-14,-0.96,False,-3.09,False
603727,沪主板,2,2,2026-03-02,2026-03-03,2026-02-27,2026-03-09,21.42,9.99,2.0,9.99,9.99,9.99,0.0,5.64,6.62,2.22,0.7571,2.22,1.0,0.0,4.88,4.88,0.477,100.0,35.7,16.6,2026-02-27,2026-03-02,-4.99,4,-1.65,2.29,-4.03,2.81,10.52,15.17,1.06,-0.0413,0.77,1,1,-1.77,5.68,0.613,75.0,30.3,8.4,2026-03-05,2026-03-10,-4.03,False,-3.22,False
603729,沪主板,3,3,2026-02-09,2026-02-11,2026-02-06,2026-02-12,23.19,21.01,3.0,10.0,10.03,9.98,0.02,0.0,0.0,0.0,0.5637,0.0,2.0,0.0,10.0,10.03,0.0,0.0,0.0,0.0,2026-02-06,2026-02-10,-10.88,4,-3.33,10.0,-10.02,9.42,3.48,8.47,12.36,0.8024,17.58,1,2,0.38,10.0,0.429,0.0,6.9,0.2,2026-02-10,2026-02-13,-10.02,False,-9.96,True
603738,沪主板,2,2,2026-02-27,2026-03-02,2026-02-26,2026-03-03,24.75,21.01,3.0,10.0,10.01,10.0,0.0,9.47,11.94,1.53,0.2616,1.71,0.0,1.0,-1.42,-0.83,0.846,100.0,5.3,10.1,2026-02-26,2026-03-02,5.6,4,2.0,10.01,-4.01,5.89,10.43,11.94,1.07,-0.01,0.86,1,1,-1.39,1.0,0.706,75.0,18.5,10.9,2026-02-27,2026-03-04,-4.01,False,0.0,False
603738,沪主板,2,1,2026-04-17,2026-04-21,2026-04-16,2026-04-27,43.0,9.99,2.0,9.99,9.99,9.99,0.0,6.96,8.85,1.54,0.4274,1.54,1.0,0.0,2.48,2.48,0.483,100.0,27.3,24.4,2026-04-16,2026-04-17,-2.16,4,-0.54,7.59,-7.01,6.08,9.07,12.07,0.88,-0.059,0.83,1,0,1.25,2.76,0.602,50.0,25.4,14.4,2026-04-23,2026-04-28,-2.21,False,-7.01,False
603738,沪主板,3,3,2026-05-07,2026-05-11,2026-05-06,2026-05-15,58.28,,,,,,,,,,,,,,,,,,,,2026-05-06,2026-04-29,0.0,4,0.06,4.91,-2.84,3.45,8.24,10.61,1.17,0.056,1.13,1,0,0.58,1.04,0.314,50.0,50.3,18.4,2026-05-13,2026-05-18,4.91,False,-2.84,False
603757,沪主板,2,2,2026-04-08,2026-04-09,2026-04-07,2026-04-20,61.18,21.0,3.0,10.0,10.01,9.99,0.01,8.62,11.21,1.33,0.255,1.62,1.0,0.0,0.14,1.01,0.803,100.0,12.6,7.1,2026-04-07,2026-04-09,-3.46,4,-1.04,4.91,-7.29,4.98,5.78,9.08,1.33,0.0926,1.21,0,1,-2.6,0.05,0.283,50.0,48.7,23.0,2026-04-16,2026-04-21,4.91,False,-7.29,False
603773,沪主板,2,1,2026-01-21,2026-01-23,2026-01-20,2026-01-26,42.45,19.52,4.0,6.26,10.01,-1.23,5.29,8.72,9.8,1.27,0.1012,1.34,1.0,0.0,0.99,2.3,0.714,50.0,7.8,20.7,2026-01-20,2026-01-23,3.05,4,1.36,10.01,-9.99,8.38,9.2,10.84,1.12,0.018,0.97,0,1,-0.89,-0.08,0.741,50.0,9.7,16.2,2026-01-22,2026-01-27,-9.99,False,4.07,False
603773,沪主板,2,2,2026-04-09,2026-04-10,2026-04-08,2026-04-23,66.0,21.01,3.0,10.0,10.01,9.99,0.01,7.75,8.02,2.01,0.3968,2.33,2.0,0.0,2.43,3.26,0.8,100.0,7.0,13.0,2026-04-08,2026-04-10,-0.36,4,0.12,10.0,-6.0,7.05,9.82,11.84,0.76,-0.2106,0.49,0,1,-1.67,-0.2,0.456,25.0,38.4,16.0,2026-04-21,2026-04-24,-6.0,False,-3.64,False
603773,沪主板,4,2,2026-04-15,2026-04-22,2026-04-14,2026-05-13,88.88,,,,,,,,,,,,,,,,,,,,2026-04-14,2026-04-10,4.11,4,1.5,7.75,-5.43,5.4,9.59,11.24,1.0,0.0456,1.28,1,1,-0.16,2.69,0.637,50.0,15.8,20.5,2026-05-11,2026-05-14,7.75,False,-5.43,False
603773,沪主板,2,1,2026-04-27,2026-04-29,2026-04-24,2026-05-13,88.88,,,,,,,,,,,,,,,,,,,,2026-04-24,2026-04-17,4.11,4,1.5,7.75,-5.43,5.4,9.59,11.24,1.0,0.0456,1.28,1,1,-0.16,2.69,0.637,50.0,15.8,20.5,2026-05-11,2026-05-14,7.75,False,-5.43,False
603777,沪主板,3,3,2026-04-08,2026-04-10,2026-04-07,2026-04-14,17.7,21.02,3.0,10.01,10.04,9.98,0.03,3.42,7.91,2.71,0.1519,1.65,2.0,0.0,5.73,9.98,0.361,33.3,2.2,28.4,2026-04-07,2026-04-09,-2.65,4,-0.86,2.07,-4.23,2.59,6.8,8.88,0.81,-0.0506,0.95,1,1,-0.03,1.06,0.333,50.0,21.9,44.7,2026-04-10,2026-04-15,2.07,False,-4.23,False
603778,沪主板,2,1,2026-01-12,2026-01-14,2026-01-09,2026-01-15,27.27,,,,,,,,,,,,,,,,,,,,2026-01-09,2026-01-06,-10.87,4,-3.32,10.0,-9.99,9.42,10.15,17.94,0.38,-0.4883,0.08,1,2,-6.15,1.51,0.17,25.0,25.0,33.0,2026-01-13,2026-01-16,-9.99,False,-9.98,True
603778,沪主板,2,2,2026-02-03,2026-02-04,2026-02-02,2026-02-05,17.5,10.02,2.0,10.02,10.02,10.02,0.0,6.76,7.33,1.05,0.0523,1.05,1.0,0.0,4.64,4.64,0.63,100.0,26.5,10.4,2026-02-02,2026-02-03,9.79,4,3.32,9.99,-3.87,5.67,9.66,17.5,1.4,0.0749,1.05,2,0,1.8,3.33,0.515,75.0,9.1,39.5,2026-02-03,2026-02-06,3.83,False,-3.87,False
603778,沪主板,2,2,2026-03-16,2026-03-17,2026-03-13,2026-03-23,25.7,,,,,,,,,,,,,,,,,,,,2026-03-13,2026-03-06,12.27,4,4.02,10.0,0.24,4.27,9.84,12.23,0.9,-0.0546,0.83,2,0,1.03,1.86,0.353,50.0,30.3,34.4,2026-03-19,2026-03-24,1.82,False,0.24,False
603778,沪主板,2,1,2026-03-30,2026-04-01,2026-03-27,2026-04-09,34.27,,,,,,,,,,,,,,,,,,,,2026-03-27,2026-03-17,-0.98,4,-0.27,2.53,-4.87,3.28,9.0,9.62,1.08,0.0472,1.2,0,0,0.11,0.49,0.521,75.0,19.1,28.8,2026-04-07,2026-04-10,2.53,False,-4.87,False
603779,沪主板,6,6,2026-05-13,2026-05-20,2026-05-12,2026-05-21,14.52,10.07,2.0,10.07,10.07,10.07,0.0,0.0,0.0,0.0,2.0,0.0,1.0,0.0,10.07,10.07,0.0,0.0,0.0,0.0,2026-05-12,2026-05-13,21.0,3,10.18,16.5,3.86,6.32,4.68,7.15,21.53,0.7089,21.83,2,0,12.43,21.0,0.18,0.0,0.0,48.7,2026-05-19,2026-05-21,3.86,False,,
603803,沪主板,3,2,2026-03-10,2026-03-13,2026-03-09,2026-03-24,16.0,21.0,3.0,10.0,10.0,10.0,0.0,1.25,3.1,2.85,0.8055,4.6,2.0,0.0,10.0,10.0,0.065,0.0,0.0,60.2,2026-03-09,2026-03-11,15.96,4,5.17,10.02,-1.35,4.79,12.34,15.74,1.11,0.0437,1.12,0,1,-1.73,0.0,0.683,50.0,12.5,19.3,2026-03-20,2026-03-25,6.84,False,-1.35,False
603808,沪主板,2,2,2026-03-24,2026-03-25,2026-03-23,2026-03-26,11.2,21.02,3.0,10.01,10.03,9.99,0.02,9.11,9.99,1.99,0.5612,2.86,1.0,0.0,0.69,1.16,0.932,66.7,2.3,4.5,2026-03-23,2026-03-25,10.56,4,3.54,10.03,-3.06,5.34,7.58,9.31,1.56,0.1981,2.26,1,0,0.52,1.34,0.695,75.0,23.7,6.8,2026-03-24,2026-03-27,3.65,False,-3.06,False
603826,沪主板,2,2,2026-02-04,2026-02-05,2026-02-03,2026-02-06,20.88,21.02,3.0,10.01,10.01,10.01,0.0,6.35,9.67,4.81,0.6143,5.35,1.0,0.0,1.35,2.83,0.739,100.0,15.1,11.1,2026-02-03,2026-02-05,11.81,4,3.88,10.01,0.21,4.36,7.36,9.67,2.23,0.2362,1.76,2,0,2.02,3.24,0.639,75.0,27.6,8.5,2026-02-04,2026-02-09,0.21,False,1.44,False
603861,沪主板,2,2,2026-01-30,2026-02-02,2026-01-29,2026-02-03,20.1,9.99,2.0,9.99,9.99,9.99,0.0,7.33,9.57,1.48,0.3859,1.48,0.0,0.0,0.07,0.07,0.692,50.0,14.9,15.8,2026-01-29,2026-01-30,7.28,4,2.51,9.99,-2.09,5.34,8.12,12.63,3.13,0.3243,1.79,2,0,6.41,9.99,0.475,25.0,13.8,13.7,2026-01-30,2026-02-04,-0.38,False,-2.09,False
603882,沪主板,2,2,2026-01-09,2026-01-12,2026-01-08,2026-01-13,40.68,21.01,3.0,10.01,10.01,10.0,0.01,5.94,8.5,4.54,0.6427,5.32,1.0,0.0,2.9,4.81,0.913,100.0,7.1,1.6,2026-01-08,2026-01-12,9.89,4,3.3,10.01,-0.95,4.8,8.47,11.94,1.26,0.098,1.35,2,1,2.99,5.67,0.696,75.0,27.2,3.2,2026-01-09,2026-01-14,-0.95,False,0.85,False
603888,沪主板,3,3,2026-01-12,2026-01-14,2026-01-09,2026-01-15,31.5,9.98,2.0,9.98,9.98,9.98,0.0,3.98,7.91,0.41,-0.8317,0.41,1.0,0.0,9.98,9.98,0.466,50.0,2.0,51.4,2026-01-09,2026-01-12,-2.45,4,-0.49,10.0,-10.01,8.2,7.54,13.71,0.78,-0.2518,0.07,0,3,-4.72,-1.01,0.228,25.0,13.7,38.5,2026-01-13,2026-01-16,-1.45,False,-10.01,True
603897,沪主板,2,2,2026-02-27,2026-03-02,2026-02-26,2026-03-05,35.61,21.01,3.0,10.0,10.02,9.99,0.02,7.65,10.77,4.73,0.5765,5.02,0.0,1.0,-1.31,-0.86,0.903,100.0,5.2,4.4,2026-02-26,2026-03-02,2.84,4,0.94,1.73,0.17,0.64,4.89,6.49,0.55,-0.3153,0.38,0,1,-0.5,0.21,0.25,75.0,55.0,20.0,2026-03-03,2026-03-06,0.91,False,0.17,False
603916,沪主板,2,1,2026-01-27,2026-01-29,2026-01-26,2026-01-30,14.31,9.98,2.0,9.98,9.98,9.98,0.0,10.01,12.95,1.53,0.4215,1.53,0.0,0.0,-0.88,-0.88,0.592,50.0,16.5,24.4,2026-01-26,2026-01-27,0.92,4,0.57,9.99,-7.76,7.29,9.02,12.16,0.79,-0.1588,0.53,1,1,0.19,2.12,0.771,25.0,4.4,18.5,2026-01-28,2026-02-02,-7.76,False,-0.53,False
603919,沪主板,2,1,2026-01-29,2026-02-02,2026-01-28,2026-02-05,26.08,22.47,4.0,7.07,10.01,1.21,4.15,7.62,10.72,3.58,0.5397,10.35,1.0,1.0,0.65,3.9,0.598,75.0,24.4,15.8,2026-01-28,2026-02-02,-7.96,4,-2.72,-0.62,-4.15,1.51,8.24,10.77,0.8,-0.1607,0.56,0,1,-0.57,0.42,0.559,50.0,35.7,8.4,2026-02-03,2026-02-06,-0.62,False,-4.15,False
603926,沪主板,3,3,2026-01-19,2026-01-21,2026-01-16,2026-01-22,26.68,10.03,2.0,10.03,10.03,10.03,0.0,5.82,8.87,2.2,0.7501,2.2,1.0,0.0,1.36,1.36,0.483,50.0,25.5,26.2,2026-01-16,2026-01-19,9.86,4,3.42,10.0,-6.15,6.93,10.79,18.0,1.06,0.0653,1.54,1,2,-2.11,5.49,0.725,75.0,14.6,12.9,2026-01-20,2026-01-23,6.43,False,-6.15,False
603929,沪主板,2,1,2026-01-14,2026-01-16,2026-01-13,2026-01-19,169.0,,,,,,,,,,,,,,,,,,,,2026-01-13,2026-01-06,-2.01,4,-0.34,10.0,-10.0,8.18,10.75,14.88,1.27,0.1101,1.3,1,2,-0.49,3.39,0.734,75.0,22.9,3.7,2026-01-15,2026-01-20,-10.0,False,-1.01,False
603929,沪主板,3,3,2026-03-13,2026-03-17,2026-03-12,2026-03-25,210.3,21.0,3.0,10.0,10.0,10.0,0.0,4.14,6.27,1.74,0.6017,2.8,2.0,0.0,8.58,8.79,0.521,66.7,11.9,36.0,2026-03-12,2026-03-16,9.9,4,3.37,10.0,-4.49,5.98,7.42,10.5,1.75,0.1488,1.23,3,0,3.39,7.23,0.576,25.0,24.8,17.6,2026-03-23,2026-03-26,4.6,False,-4.49,False
603931,沪主板,2,2,2026-04-27,2026-04-28,2026-04-24,2026-05-20,55.78,21.0,3.0,10.0,10.01,9.99,0.01,7.5,11.37,2.41,0.5452,3.12,2.0,0.0,1.69,1.85,0.742,100.0,15.1,10.8,2026-04-24,2026-04-28,9.48,4,3.1,6.68,-0.18,2.81,10.29,13.65,1.65,0.2083,1.77,2,1,4.03,8.1,0.439,25.0,32.9,23.2,2026-05-18,2026-05-21,2.81,False,-0.18,False
603936,沪主板,2,1,2026-05-11,2026-05-13,2026-05-08,2026-05-14,22.68,10.01,2.0,10.01,10.01,10.01,0.0,7.65,8.56,1.54,0.4235,1.54,1.0,0.0,3.37,3.37,0.522,100.0,6.5,41.4,2026-05-08,2026-05-11,4.4,4,1.62,9.99,-3.91,6.02,7.38,11.51,0.9,-0.0896,0.71,1,1,-0.31,1.21,0.545,25.0,31.3,14.2,2026-05-12,2026-05-15,-3.91,False,-1.22,False
603937,沪主板,2,1,2026-03-24,2026-03-26,2026-03-23,2026-04-01,15.27,27.97,4.0,8.59,10.01,5.77,1.99,7.39,9.02,2.68,0.331,2.3,3.0,0.0,2.78,4.87,0.653,75.0,21.9,12.8,2026-03-23,2026-03-26,1.3,4,0.65,10.01,-4.8,6.65,7.81,10.43,0.75,-0.1564,0.66,0,1,-0.73,0.14,0.579,50.0,17.4,24.7,2026-03-30,2026-04-02,10.01,True,-3.27,False
603937,沪主板,4,3,2026-04-29,2026-05-08,2026-04-28,2026-05-11,18.68,10.0,2.0,10.0,10.0,10.0,0.0,7.47,10.32,0.83,-0.183,0.83,1.0,0.0,4.92,4.92,0.619,100.0,38.1,0.0,2026-04-28,2026-04-29,-2.04,4,-0.42,10.02,-5.98,7.39,10.1,15.56,0.69,-0.1937,0.52,0,3,-2.15,-1.28,0.479,25.0,17.6,34.5,2026-05-07,2026-05-12,-5.3,False,-5.98,False
603938,沪主板,2,2,2026-01-08,2026-01-09,2026-01-07,2026-01-22,29.86,21.01,3.0,10.01,10.01,10.0,0.0,4.27,7.66,1.11,0.508,2.09,2.0,0.0,10.01,10.01,0.123,33.3,4.6,49.8,2026-01-07,2026-01-09,4.6,4,1.59,6.82,-3.02,4.04,9.32,15.28,0.78,-0.1313,0.63,0,2,-1.98,-0.35,0.429,75.0,30.9,26.3,2026-01-20,2026-01-23,-3.02,False,0.97,False
603938,沪主板,2,2,2026-05-18,2026-05-19,2026-05-15,2026-05-20,56.78,,,,,,,,,,,,,,,,,,,,2026-05-15,2026-05-13,13.84,4,4.51,9.99,-0.77,4.39,10.37,13.4,2.14,0.3517,3.91,3,0,10.02,16.19,0.92,50.0,0.0,8.0,2026-05-18,2026-05-21,4.3,False,-0.77,False
603950,沪主板,3,3,2026-02-26,2026-03-02,2026-02-25,2026-03-06,57.43,10.01,2.0,10.01,10.01,10.01,0.0,10.06,10.65,0.92,-0.0858,0.92,0.0,0.0,0.6,0.6,0.666,50.0,12.4,21.1,2026-02-25,2026-02-26,7.23,4,2.42,5.02,-2.63,3.57,10.08,12.09,1.16,0.029,0.99,1,1,-1.17,2.49,0.367,100.0,25.6,37.7,2026-03-04,2026-03-09,4.86,False,-2.63,False
603950,沪主板,5,4,2026-04-08,2026-04-15,2026-04-07,2026-04-17,65.8,21.0,3.0,10.0,10.0,10.0,0.0,0.0,0.0,0.0,0.3313,0.0,2.0,0.0,10.0,10.0,0.0,0.0,0.0,0.0,2026-04-07,2026-04-09,2.24,4,0.87,5.77,-6.18,5.11,7.64,10.3,1.08,0.0689,1.47,1,1,-0.08,2.14,0.6,75.0,8.5,31.4,2026-04-15,2026-04-20,5.77,False,-6.18,False
603958,沪主板,3,2,2026-01-26,2026-01-29,2026-01-23,2026-02-09,23.01,14.99,4.0,5.01,10.03,-4.96,7.05,6.05,9.05,2.73,0.4637,6.94,1.0,0.0,1.72,4.37,0.727,50.0,6.6,20.7,2026-01-23,2026-01-28,4.56,4,1.62,8.67,-2.22,4.99,7.99,9.94,0.69,-0.1309,0.71,1,0,0.36,2.01,0.567,50.0,30.6,12.7,2026-02-05,2026-02-10,-1.6,False,-2.22,False
603968,沪主板,2,2,2026-02-10,2026-02-11,2026-02-09,2026-02-24,17.75,21.08,3.0,10.04,10.04,10.04,0.0,7.27,10.88,2.9,0.5649,3.56,1.0,0.0,2.44,5.26,0.482,66.7,2.6,49.3,2026-02-09,2026-02-11,4.15,4,1.4,5.13,-1.18,2.7,9.65,12.82,0.9,-0.0969,0.7,0,2,-2.14,-0.56,0.349,100.0,36.4,28.7,2026-02-12,2026-02-25,5.13,False,-1.18,False
603980,沪主板,3,3,2026-02-09,2026-02-11,2026-02-06,2026-02-12,8.96,10.08,2.0,10.08,10.08,10.08,0.0,0.0,0.0,0.0,2.0,0.0,1.0,0.0,10.08,10.08,0.0,0.0,0.0,0.0,2026-02-06,2026-02-09,-1.89,4,-0.3,9.96,-9.95,8.14,8.41,14.27,1.46,0.2488,17.04,2,1,0.93,5.3,0.399,50.0,12.7,22.4,2026-02-10,2026-02-13,-0.92,False,-9.95,True
603989,沪主板,2,2,2026-05-18,2026-05-19,2026-05-15,2026-05-20,27.25,21.0,3.0,10.0,10.0,10.0,0.0,7.82,9.77,2.76,0.5201,3.26,1.0,0.0,1.06,2.27,0.746,66.7,10.8,14.7,2026-05-15,2026-05-19,17.45,4,5.6,10.0,-0.31,4.34,9.79,10.18,1.72,0.2429,2.14,2,1,2.27,5.79,0.483,100.0,26.0,25.6,2026-05-18,2026-05-21,7.11,False,-0.31,False
605006,沪主板,3,2,2026-02-11,2026-02-24,2026-02-10,2026-02-25,11.4,21.0,3.0,10.0,10.03,9.96,0.03,6.42,8.2,1.76,0.6339,2.91,1.0,0.0,5.44,9.92,0.4,66.7,11.4,48.6,2026-02-10,2026-02-12,17.58,4,5.59,9.96,2.99,3.11,7.98,9.28,1.91,0.1519,1.12,2,1,3.31,9.73,0.781,50.0,9.8,12.1,2026-02-13,2026-02-26,2.99,False,3.84,False
605006,沪主板,2,1,2026-04-27,2026-04-29,2026-04-24,2026-05-12,17.7,17.65,4.0,5.74,9.99,-2.73,5.99,7.43,10.93,1.54,0.104,1.1,1.0,0.0,0.54,1.27,0.678,75.0,17.5,14.7,2026-04-24,2026-04-29,7.67,4,2.7,10.02,-5.77,6.5,9.33,16.07,4.22,0.4063,2.61,2,1,3.96,7.87,0.56,50.0,3.6,40.5,2026-05-08,2026-05-13,3.85,False,-5.77,False
605006,沪主板,3,3,2026-05-07,2026-05-11,2026-05-06,2026-05-12,17.7,,,,,,,,,,,,,,,,,,,,2026-05-06,2026-04-29,7.67,4,2.7,10.02,-5.77,6.5,9.33,16.07,4.22,0.4063,2.61,2,1,3.96,7.87,0.56,50.0,3.6,40.5,2026-05-08,2026-05-13,3.85,False,-5.77,False
605007,沪主板,2,1,2026-02-13,2026-02-25,2026-02-12,2026-02-26,17.98,15.33,4.0,5.1,10.03,-4.69,6.92,8.78,9.64,1.13,0.0209,0.98,1.0,0.0,0.57,2.68,0.67,75.0,14.9,18.1,2026-02-12,2026-02-25,3.9,4,1.52,10.03,-7.03,6.96,7.86,9.54,1.08,-0.0141,0.85,0,2,-2.59,0.0,0.609,50.0,14.6,24.5,2026-02-24,2026-02-27,1.57,False,-7.03,False
605033,沪主板,4,4,2026-02-11,2026-02-24,2026-02-10,2026-02-25,34.69,20.98,3.0,9.99,10.0,9.98,0.01,3.97,9.96,3.07,0.0681,1.32,1.0,0.0,4.79,10.0,0.356,33.3,12.7,18.4,2026-02-10,2026-02-12,-7.53,4,-2.2,10.01,-9.98,8.74,6.56,21.39,8.39,0.5362,6.41,2,1,3.59,10.01,0.251,0.0,20.7,4.2,2026-02-13,2026-02-26,-6.63,False,-9.98,True
605060,沪主板,2,2,2026-02-09,2026-02-10,2026-02-06,2026-02-26,74.0,21.02,3.0,10.01,10.01,10.01,0.0,10.5,13.93,0.95,0.0125,1.02,1.0,0.0,0.86,1.25,0.779,100.0,9.1,13.0,2026-02-06,2026-02-10,8.74,4,2.98,6.91,-4.68,5.42,9.94,12.81,1.22,0.1008,1.32,0,2,-2.62,-0.16,0.547,100.0,14.4,30.9,2026-02-24,2026-02-27,6.91,False,-4.68,False
605060,沪主板,2,1,2026-04-08,2026-04-10,2026-04-07,2026-04-23,67.23,22.57,4.0,7.1,10.01,1.28,4.11,5.39,7.56,2.87,0.3299,2.35,3.0,0.0,3.03,4.03,0.673,75.0,15.2,17.5,2026-04-07,2026-04-10,-3.71,4,-1.14,5.13,-6.36,4.75,6.35,8.42,1.09,0.0424,1.17,1,1,0.18,3.91,0.646,25.0,12.9,22.6,2026-04-21,2026-04-24,-2.19,False,-6.36,False
605099,沪主板,2,2,2026-04-29,2026-04-30,2026-04-28,2026-05-08,52.5,20.99,3.0,10.0,10.0,10.0,0.0,6.1,7.31,1.96,0.3434,2.13,2.0,0.0,2.85,3.7,0.778,100.0,10.5,11.7,2026-04-28,2026-04-30,3.75,4,1.25,2.73,-1.14,1.71,6.67,7.67,0.56,-0.2669,0.45,0,1,-0.38,0.54,0.262,100.0,38.2,35.6,2026-05-06,2026-05-11,-1.14,False,2.17,False
605151,沪主板,2,2,2026-01-30,2026-02-02,2026-01-29,2026-02-03,26.63,20.99,3.0,10.0,10.0,9.99,0.0,7.57,10.92,5.65,0.8912,8.31,1.0,0.0,1.46,2.45,0.636,100.0,16.4,20.0,2026-01-29,2026-02-02,-2.05,4,-0.35,10.0,-9.99,8.18,8.57,12.92,1.2,0.0096,0.72,2,1,-0.62,4.84,0.63,50.0,15.8,21.2,2026-01-30,2026-02-04,-1.07,False,-9.99,True
605162,沪主板,5,3,2026-03-31,2026-04-08,2026-03-30,2026-04-14,14.88,21.04,3.0,10.02,10.05,9.99,0.03,11.32,12.84,1.5,0.3311,1.88,1.0,1.0,-0.84,1.64,0.682,66.7,0.0,31.8,2026-03-30,2026-04-01,-9.53,4,-3.18,1.81,-8.75,4.33,9.54,12.0,0.93,-0.0579,0.81,0,3,-4.03,-2.25,0.352,75.0,33.6,31.2,2026-04-10,2026-04-15,1.81,False,-8.75,False
605168,沪主板,2,2,2026-04-28,2026-04-29,2026-04-27,2026-05-14,63.53,10.0,2.0,10.0,10.0,10.0,0.0,7.62,11.84,2.86,0.9627,2.86,0.0,1.0,-1.45,-1.45,0.55,100.0,7.7,37.3,2026-04-27,2026-04-28,10.81,4,3.58,10.01,0.28,4.55,7.34,10.34,1.16,0.0166,0.94,1,1,1.04,4.52,0.419,75.0,31.0,27.1,2026-05-12,2026-05-15,0.45,False,0.28,False
605178,沪主板,2,2,2026-02-24,2026-02-25,2026-02-13,2026-02-26,76.93,21.0,3.0,10.0,10.0,10.0,0.0,5.49,6.77,3.07,0.6219,3.96,2.0,0.0,2.76,2.97,0.845,100.0,15.5,0.0,2026-02-13,2026-02-25,1.52,4,0.71,10.0,-4.14,6.57,7.07,7.57,1.66,0.1737,1.7,2,0,1.76,2.97,0.85,50.0,3.5,11.5,2026-02-24,2026-02-27,-3.73,False,-4.14,False
605189,沪主板,2,2,2026-05-08,2026-05-11,2026-05-07,2026-05-12,20.81,21.03,3.0,10.01,10.03,10.0,0.01,7.03,10.14,1.37,0.2313,1.58,1.0,0.0,2.01,4.63,0.704,100.0,11.6,18.0,2026-05-07,2026-05-11,5.07,4,1.82,10.03,-2.6,5.81,7.26,10.14,1.4,0.1351,1.48,1,1,0.77,4.63,0.523,75.0,19.8,27.9,2026-05-08,2026-05-13,-2.6,False,-1.95,False
605218,沪主板,2,2,2026-05-18,2026-05-19,2026-05-15,2026-05-20,22.2,10.01,2.0,10.01,10.01,10.01,0.0,6.4,8.99,2.68,0.9118,2.68,1.0,0.0,1.02,1.02,0.76,50.0,6.0,18.0,2026-05-15,2026-05-18,6.93,4,2.4,10.03,-2.91,5.53,8.26,9.11,1.79,0.2534,2.17,1,0,1.16,3.24,0.691,50.0,27.8,3.1,2026-05-18,2026-05-21,-2.91,False,0.1,False
605255,沪主板,2,2,2026-04-10,2026-04-13,2026-04-09,2026-04-14,123.94,20.99,3.0,10.0,10.0,10.0,0.0,8.3,12.81,3.97,0.7319,5.36,1.0,0.0,0.85,1.22,0.558,100.0,14.0,30.2,2026-04-09,2026-04-13,7.35,4,2.6,10.0,-5.91,6.54,9.47,12.81,1.16,0.0847,1.46,1,2,-2.06,1.22,0.651,75.0,17.6,17.3,2026-04-10,2026-04-15,3.72,False,-5.91,False
605268,沪主板,5,5,2026-03-04,2026-03-10,2026-03-03,2026-03-11,18.55,21.01,3.0,10.01,10.03,9.98,0.02,5.01,11.02,0.98,-0.222,0.56,1.0,0.0,4.51,9.98,0.397,33.3,18.3,8.7,2026-03-03,2026-03-05,-5.68,4,-1.57,9.98,-10.02,8.46,5.89,20.6,9.3,0.5626,6.78,2,1,3.74,10.02,0.304,0.0,13.4,6.3,2026-03-09,2026-03-12,-4.69,False,-10.02,True
605287,沪主板,2,2,2026-01-14,2026-01-15,2026-01-13,2026-01-26,50.36,10.01,2.0,10.01,10.01,10.01,0.0,8.99,9.23,1.11,0.1047,1.11,0.0,0.0,0.39,0.39,0.708,100.0,21.1,8.1,2026-01-13,2026-01-14,0.41,4,0.15,2.21,-2.07,1.75,9.08,10.3,1.42,0.1206,1.3,1,0,1.09,2.48,0.201,50.0,31.8,48.1,2026-01-22,2026-01-27,2.21,False,0.32,False
605287,沪主板,4,4,2026-02-09,2026-02-12,2026-02-06,2026-02-13,67.94,21.0,3.0,10.0,10.0,10.0,0.0,2.01,6.04,0.11,-1.1663,0.05,2.0,0.0,10.0,10.0,0.272,0.0,0.0,6.1,2026-02-06,2026-02-10,-10.91,4,-3.34,9.99,-10.01,9.43,9.7,14.53,0.26,-0.5225,0.08,0,2,-3.72,-0.88,0.491,25.0,17.9,33.0,2026-02-11,2026-02-24,-10.01,False,-10.0,True
605287,沪主板,2,2,2026-04-27,2026-04-28,2026-04-24,2026-05-11,66.21,10.0,2.0,10.0,10.0,10.0,0.0,5.72,7.65,2.19,0.7475,2.19,1.0,0.0,2.83,2.83,0.485,50.0,12.9,38.6,2026-04-24,2026-04-27,-8.75,4,-2.85,2.93,-10.01,5.37,9.16,11.19,1.07,-0.0027,0.91,1,1,0.58,2.62,0.453,50.0,35.9,18.8,2026-05-07,2026-05-12,-1.49,False,-10.01,True
605288,沪主板,2,1,2026-01-07,2026-01-09,2026-01-06,2026-01-14,120.2,10.0,2.0,10.0,10.0,10.0,0.0,7.3,10.56,1.63,0.4803,1.63,0.0,0.0,-0.83,-0.83,0.57,100.0,16.6,26.3,2026-01-06,2026-01-07,-0.66,4,-0.11,5.98,-5.47,4.7,8.53,9.26,0.96,-0.0913,0.68,0,1,0.04,1.0,0.452,25.0,38.6,16.2,2026-01-12,2026-01-15,5.98,False,-5.47,False
605288,沪主板,2,2,2026-05-19,2026-05-20,2026-05-18,2026-05-21,115.0,27.23,3.0,12.83,15.66,10.01,2.83,10.68,13.25,1.65,0.4512,2.29,2.0,0.0,3.8,5.6,0.731,100.0,16.9,9.9,2026-05-18,2026-05-20,19.51,3,9.49,15.66,3.33,6.16,11.6,13.25,2.35,0.3733,2.42,1,1,-1.54,5.6,0.799,100.0,14.6,5.5,2026-05-19,2026-05-21,3.33,False,,
605289,沪主板,3,3,2026-02-13,2026-02-25,2026-02-12,2026-03-03,133.38,10.0,2.0,10.0,10.0,10.0,0.0,9.81,11.09,1.54,0.4224,1.54,0.0,0.0,-0.98,-0.98,0.714,100.0,4.8,23.8,2026-02-12,2026-02-13,5.88,4,1.98,5.37,-2.95,3.57,10.07,13.99,0.62,-0.2535,0.46,1,1,-1.71,2.0,0.619,75.0,9.9,28.2,2026-02-27,2026-03-04,-2.95,False,3.54,False
605289,沪主板,2,2,2026-04-27,2026-04-28,2026-04-24,2026-05-11,175.0,10.0,2.0,10.0,10.0,10.0,0.0,7.07,9.07,1.11,0.101,1.11,0.0,0.0,0.15,0.15,0.536,50.0,31.9,14.5,2026-04-24,2026-04-27,5.04,4,1.85,10.0,-5.69,6.42,7.23,9.61,1.5,0.0773,0.99,1,0,1.46,3.9,0.74,50.0,9.9,16.1,2026-05-07,2026-05-12,1.25,False,-5.69,False
605298,沪主板,2,1,2026-04-17,2026-04-21,2026-04-16,2026-04-23,65.0,19.79,4.0,6.33,10.01,-1.0,5.19,8.06,10.12,1.38,0.0895,1.18,0.0,0.0,0.56,0.98,0.655,75.0,12.3,22.2,2026-04-16,2026-04-21,4.81,4,1.59,3.55,0.52,1.39,8.34,9.43,1.02,0.081,1.62,1,0,0.92,2.85,0.426,75.0,28.9,28.6,2026-04-21,2026-04-24,0.7,False,3.55,False
605299,沪主板,5,2,2026-03-20,2026-03-31,2026-03-19,2026-04-08,23.777,10.01,2.0,10.01,10.01,10.01,0.0,6.97,8.11,0.91,-0.0968,0.91,1.0,0.0,1.3,1.3,0.568,100.0,26.6,16.6,2026-03-19,2026-03-20,3.82,4,1.47,10.02,-6.07,6.61,12.98,17.09,0.95,-0.017,0.96,0,2,-3.41,-0.26,0.543,50.0,33.1,12.6,2026-04-03,2026-04-09,-6.07,False,0.46,False
605299,沪主板,2,2,2026-04-29,2026-04-30,2026-04-28,2026-05-08,27.66,9.93,2.0,9.93,9.93,9.93,0.0,7.68,9.74,0.92,-0.0826,0.92,0.0,0.0,-0.77,-0.77,0.677,50.0,16.4,16.0,2026-04-28,2026-04-29,-3.69,4,-1.13,3.71,-7.67,4.8,8.02,8.4,0.79,-0.1265,0.67,0,1,-0.82,-0.19,0.34,75.0,37.2,28.8,2026-05-06,2026-05-11,3.71,False,-7.67,False
605318,沪主板,2,2,2026-04-08,2026-04-09,2026-04-07,2026-04-20,99.97,21.0,3.0,10.0,10.0,10.0,0.0,6.1,8.51,2.78,0.5729,3.51,1.0,0.0,1.69,2.73,0.727,66.7,7.5,19.8,2026-04-07,2026-04-09,-6.04,4,-1.98,2.6,-6.81,3.85,5.57,8.92,1.34,0.1572,1.55,1,0,0.2,1.03,0.602,50.0,25.8,14.0,2026-04-16,2026-04-21,2.6,False,-6.81,False
605365,沪主板,2,2,2026-04-21,2026-04-22,2026-04-20,2026-04-23,33.46,9.98,2.0,9.98,9.98,9.98,0.0,7.02,9.08,1.53,0.4186,1.53,0.0,0.0,0.0,0.0,0.636,50.0,31.6,4.8,2026-04-20,2026-04-21,10.27,4,3.5,10.02,-4.72,6.13,8.12,9.08,1.45,0.0947,1.13,2,1,1.83,4.8,0.62,75.0,18.3,19.7,2026-04-21,2026-04-24,5.19,False,-4.72,False
605366,沪主板,2,2,2026-03-24,2026-03-25,2026-03-23,2026-03-26,12.0,10.04,2.0,10.04,10.04,10.04,0.0,12.25,14.03,1.45,0.3691,1.45,1.0,0.0,2.48,2.48,0.729,50.0,0.0,27.1,2026-03-23,2026-03-24,13.44,4,4.37,10.01,1.43,3.99,8.56,14.03,1.37,0.0025,0.74,3,0,3.71,4.91,0.412,50.0,15.0,43.7,2026-03-24,2026-03-27,1.43,False,1.67,False
605388,沪主板,3,3,2026-04-15,2026-04-17,2026-04-14,2026-04-21,9.1,21.02,3.0,10.01,10.06,9.96,0.05,9.54,12.03,4.2,0.6472,5.05,0.0,0.0,-0.45,0.0,0.696,100.0,5.7,24.6,2026-04-14,2026-04-16,-9.47,4,-3.21,1.01,-6.31,3.09,9.78,16.6,1.13,0.0848,1.44,0,1,-3.59,-0.13,0.447,75.0,39.9,15.4,2026-04-17,2026-04-22,-4.33,False,1.01,False
605589,沪主板,2,2,2026-04-03,2026-04-07,2026-04-02,2026-04-17,39.03,21.0,3.0,10.0,10.01,9.99,0.01,5.35,8.54,2.95,0.4727,3.18,2.0,0.0,3.87,6.69,0.754,66.7,12.5,12.2,2026-04-02,2026-04-07,0.63,4,0.29,5.35,-4.76,4.13,5.37,6.99,1.45,0.1205,1.26,0,0,-0.29,0.93,0.51,25.0,30.7,18.4,2026-04-15,2026-04-20,5.35,False,-4.76,False
688069,科创板,2,2,2026-05-06,2026-05-07,2026-04-30,2026-05-20,69.77,44.0,3.0,20.0,20.0,20.0,0.0,7.65,11.68,2.58,0.915,4.75,2.0,0.0,20.0,20.0,0.303,33.3,3.0,33.3,2026-04-30,2026-05-07,0.0,4,0.02,2.05,-2.78,2.04,11.26,13.24,0.94,-0.0429,0.87,2,1,5.46,10.75,0.77,50.0,3.0,19.9,2026-05-18,2026-05-21,-2.78,False,0.79,False
688143,科创板,2,1,2026-05-14,2026-05-18,2026-05-13,2026-05-20,141.13,70.01,4.0,19.35,20.0,18.12,0.87,12.83,14.71,1.28,0.4905,208.52,3.0,0.0,2.93,3.32,0.774,100.0,20.7,2.0,2026-05-13,2026-05-18,1.66,4,0.57,2.33,-1.98,1.84,10.78,14.06,0.49,-0.3248,0.42,2,1,3.47,8.78,0.797,50.0,5.6,14.7,2026-05-18,2026-05-21,-1.98,False,2.33,False
688146,科创板,3,2,2026-05-11,2026-05-14,2026-05-08,2026-05-15,151.0,47.29,4.0,14.1,20.0,2.29,8.35,11.9,19.52,1.26,0.1466,1.75,2.0,0.0,2.7,5.0,0.682,75.0,15.3,16.5,2026-05-08,2026-05-13,15.56,4,5.5,20.0,-6.63,11.0,12.03,19.52,0.86,0.3279,77.39,1,2,2.75,12.24,0.648,75.0,19.1,16.1,2026-05-13,2026-05-18,3.14,False,-6.63,False
688176,科创板,2,1,2026-03-04,2026-03-06,2026-03-03,2026-03-10,18.11,47.32,4.0,14.1,20.03,2.27,8.37,11.12,16.45,2.08,0.3691,4.72,3.0,0.0,4.46,6.23,0.729,50.0,10.4,16.7,2026-03-03,2026-03-06,-0.18,4,0.02,5.24,-4.25,3.93,9.57,16.45,0.71,-0.1517,0.64,1,1,0.23,1.71,0.561,50.0,19.8,24.0,2026-03-06,2026-03-11,-4.25,False,-0.95,False
688227,科创板,2,2,2026-04-16,2026-04-17,2026-04-15,2026-04-20,121.63,44.0,3.0,20.0,20.0,20.0,0.0,10.74,17.82,1.38,0.0262,1.07,1.0,1.0,6.15,13.69,0.847,100.0,15.3,0.0,2026-04-15,2026-04-17,25.23,4,8.59,20.0,-9.33,12.82,11.0,17.82,3.16,0.3387,2.11,2,1,10.77,20.0,0.807,50.0,1.1,18.2,2026-04-16,2026-04-21,15.09,False,-9.33,False
688287,科创板,3,3,2026-04-14,2026-04-16,2026-04-13,2026-04-22,2.29,44.12,3.0,20.05,20.25,19.85,0.2,12.06,14.72,1.11,0.0736,1.16,2.0,0.0,8.03,11.66,0.746,66.7,6.3,19.2,2026-04-13,2026-04-15,-23.47,4,-6.77,19.9,-20.21,18.86,13.4,21.81,0.73,-0.1117,0.62,1,2,-9.15,12.24,0.327,50.0,48.2,19.1,2026-04-15,2026-04-23,-20.0,False,-20.21,True
688323,科创板,2,2,2026-01-23,2026-01-26,2026-01-22,2026-01-27,30.95,44.0,3.0,20.0,20.01,19.99,0.01,10.15,19.07,4.17,0.6257,4.89,1.0,1.0,4.21,11.15,0.671,100.0,23.6,9.3,2026-01-22,2026-01-26,9.15,4,3.58,19.99,-4.73,11.61,11.65,19.07,1.01,-0.0346,0.77,1,2,1.93,11.15,0.614,50.0,11.3,27.4,2026-01-23,2026-01-28,-4.73,False,-4.52,False
688365,科创板,2,1,2026-01-12,2026-01-14,2026-01-09,2026-01-15,30.99,20.0,2.0,20.0,20.0,20.0,0.0,12.97,12.99,0.98,-0.0251,0.98,1.0,0.0,5.39,5.39,0.927,100.0,1.9,5.4,2026-01-09,2026-01-12,-8.07,4,-1.41,20.0,-20.0,16.45,12.99,14.28,0.79,-0.1648,0.65,1,2,-2.99,7.3,0.628,75.0,11.3,25.9,2026-01-13,2026-01-16,-20.0,False,-4.24,False
688387,科创板,2,2,2026-01-09,2026-01-12,2026-01-08,2026-01-13,21.58,20.0,2.0,20.0,20.0,20.0,0.0,10.71,10.76,1.05,0.0512,1.05,1.0,0.0,7.2,7.2,0.835,100.0,10.2,6.3,2026-01-08,2026-01-09,25.51,4,8.18,20.01,1.53,8.39,14.22,24.77,2.22,0.2273,1.46,2,0,6.38,13.64,0.543,75.0,22.2,23.5,2026-01-09,2026-01-14,1.53,False,3.01,False
688485,科创板,2,1,2026-04-03,2026-04-08,2026-04-02,2026-04-14,45.98,54.18,4.0,15.69,20.02,7.06,6.1,13.48,16.45,1.16,0.1166,1.86,2.0,0.0,2.77,6.63,0.721,100.0,11.4,16.5,2026-04-02,2026-04-08,3.73,4,1.38,9.38,-3.36,5.69,9.18,12.57,0.7,-0.1887,0.54,0,1,-0.97,0.02,0.421,75.0,34.7,23.2,2026-04-10,2026-04-15,-3.36,False,-1.87,False
688531,科创板,2,2,2026-04-29,2026-04-30,2026-04-14,2026-05-20,163.47,44.0,3.0,20.0,20.0,20.0,0.0,6.24,12.45,1.4,0.6122,2.55,2.0,0.0,14.73,20.0,0.476,66.7,9.2,9.8,2026-04-14,2026-04-30,6.52,4,2.14,4.52,0.46,1.73,8.84,10.46,1.08,0.0402,1.14,2,0,5.46,9.37,0.715,50.0,17.4,11.1,2026-05-18,2026-05-21,1.45,False,0.46,False
688759,科创板,2,2,2026-01-07,2026-01-08,2026-01-06,2026-01-12,53.53,44.0,3.0,20.0,20.0,20.0,0.0,12.31,13.07,1.21,0.1804,1.41,2.0,0.0,5.2,6.09,0.864,100.0,9.8,3.9,2026-01-06,2026-01-08,0.42,4,0.19,4.59,-2.81,3.18,11.91,12.45,0.84,-0.1096,0.68,1,2,-1.65,3.46,0.626,75.0,31.6,5.9,2026-01-08,2026-01-13,-2.81,False,4.59,False
