code,board,n_limit_ups,max_consecutive,first_limit,last_limit,start_date,peak_date,peak_price,days_to_peak
000006,深主板,1,1,2026-05-12,2026-05-12,2026-05-11,2026-05-19,11.25,5
000006,深主板,1,1,2026-05-18,2026-05-18,2026-05-15,2026-05-19,11.25,1
000007,深主板,1,1,2026-04-30,2026-04-30,2026-04-29,2026-05-08,17.79,3
000008,深主板,1,1,2026-01-06,2026-01-06,2026-01-05,2026-01-12,3.29,4
000008,深主板,2,2,2026-03-30,2026-03-31,2026-03-27,2026-04-01,3.6,1
000010,深主板,1,1,2026-02-26,2026-02-26,2026-02-25,2026-03-05,4.57,5
000010,深主板,1,1,2026-03-04,2026-03-04,2026-03-03,2026-03-05,4.57,1
000010,深主板,1,1,2026-03-13,2026-03-13,2026-03-12,2026-03-17,4.94,2
000010,深主板,1,1,2026-04-13,2026-04-13,2026-04-10,2026-04-14,4.32,1
000012,深主板,1,1,2026-02-25,2026-02-25,2026-02-24,2026-02-26,5.27,1
000012,深主板,1,1,2026-05-21,2026-05-21,2026-05-20,2026-05-21,4.0,0
000014,深主板,1,1,2026-02-09,2026-02-09,2026-02-06,2026-02-10,15.74,1
000014,深主板,1,1,2026-03-10,2026-03-10,2026-03-09,2026-03-12,14.86,2
000016,深主板,1,1,2026-02-09,2026-02-09,2026-02-06,2026-02-10,4.21,1
000019,深主板,1,1,2026-04-07,2026-04-07,2026-04-03,2026-04-13,8.58,4
000020,深主板,5,5,2026-03-16,2026-03-20,2026-03-13,2026-03-23,25.66,1
000021,深主板,1,1,2026-02-13,2026-02-13,2026-02-12,2026-02-26,35.97,3
000021,深主板,1,1,2026-05-18,2026-05-18,2026-05-15,2026-05-20,39.99,2
000026,深主板,2,1,2026-04-13,2026-04-15,2026-04-10,2026-04-21,18.78,4
000026,深主板,1,1,2026-05-19,2026-05-19,2026-05-18,2026-05-21,23.98,2
000029,深主板,1,1,2026-01-29,2026-01-29,2026-01-28,2026-02-02,23.56,2
000029,深主板,2,2,2026-05-11,2026-05-12,2026-05-08,2026-05-19,31.11,5
000030,深主板,1,1,2026-03-31,2026-03-31,2026-03-30,2026-04-01,5.46,1
000031,深主板,1,1,2026-01-20,2026-01-20,2026-01-19,2026-01-22,3.52,2
000031,深主板,1,1,2026-01-29,2026-01-29,2026-01-28,2026-01-30,4.1,1
000035,深主板,2,2,2026-02-27,2026-03-02,2026-02-26,2026-03-13,8.6,9
000035,深主板,1,1,2026-03-24,2026-03-24,2026-03-23,2026-03-25,7.69,1
000036,深主板,2,2,2026-01-21,2026-01-22,2026-01-20,2026-01-26,7.19,2
000036,深主板,1,1,2026-02-25,2026-02-25,2026-02-24,2026-02-26,6.25,1
000036,深主板,1,1,2026-05-08,2026-05-08,2026-05-07,2026-05-11,6.43,1
000037,深主板,1,1,2026-03-18,2026-03-18,2026-03-17,2026-03-19,11.2,1
000037,深主板,1,1,2026-03-26,2026-03-26,2026-03-25,2026-03-27,13.19,1
000037,深主板,1,1,2026-03-31,2026-03-31,2026-03-30,2026-04-01,12.8,1
000037,深主板,1,1,2026-04-17,2026-04-17,2026-04-16,2026-04-23,11.93,4
000039,深主板,2,2,2026-02-03,2026-02-04,2026-02-02,2026-02-05,11.75,1
000039,深主板,1,1,2026-04-29,2026-04-29,2026-04-28,2026-05-07,13.65,3
000042,深主板,1,1,2026-03-17,2026-03-17,2026-03-16,2026-03-19,9.52,2
000045,深主板,1,1,2026-01-21,2026-01-21,2026-01-20,2026-01-22,13.84,1
000045,深主板,1,1,2026-03-05,2026-03-05,2026-03-04,2026-03-25,13.98,14
000048,深主板,2,2,2026-01-20,2026-01-21,2026-01-19,2026-01-28,19.98,5
000048,深主板,1,1,2026-03-18,2026-03-18,2026-03-17,2026-03-19,22.0,1
000048,深主板,1,1,2026-03-30,2026-03-30,2026-03-27,2026-03-31,24.24,1
000056,深主板,3,2,2026-02-05,2026-02-10,2026-02-04,2026-02-11,2.36,1
000056,深主板,1,1,2026-02-25,2026-02-25,2026-02-24,2026-02-26,2.35,1
000056,深主板,1,1,2026-04-21,2026-04-21,2026-04-20,2026-04-22,2.09,1
000060,深主板,1,1,2026-01-28,2026-01-28,2026-01-27,2026-01-29,9.22,1
000062,深主板,1,1,2026-03-11,2026-03-11,2026-03-10,2026-03-17,28.44,4
000062,深主板,1,1,2026-04-07,2026-04-07,2026-04-03,2026-04-09,29.03,2
000062,深主板,3,2,2026-04-22,2026-04-27,2026-04-21,2026-05-06,40.13,4
000062,深主板,1,1,2026-05-11,2026-05-11,2026-05-08,2026-05-12,39.5,1
000065,深主板,1,1,2026-03-24,2026-03-24,2026-03-23,2026-04-08,16.37,10
000066,深主板,1,1,2026-01-12,2026-01-12,2026-01-09,2026-01-14,17.42,2
000066,深主板,1,1,2026-01-21,2026-01-21,2026-01-20,2026-01-22,19.6,1
000066,深主板,1,1,2026-03-09,2026-03-09,2026-03-06,2026-03-12,17.6,3
000066,深主板,2,1,2026-04-30,2026-05-07,2026-04-29,2026-05-12,25.74,3
000070,深主板,1,1,2026-02-04,2026-02-04,2026-02-03,2026-02-13,19.99,7
000070,深主板,3,3,2026-02-10,2026-02-12,2026-02-09,2026-02-13,19.99,1
000070,深主板,1,1,2026-03-02,2026-03-02,2026-02-27,2026-03-03,20.15,1
000070,深主板,1,1,2026-03-25,2026-03-25,2026-03-24,2026-04-13,21.73,12
000070,深主板,1,1,2026-03-31,2026-03-31,2026-03-30,2026-04-02,20.3,2
000070,深主板,1,1,2026-04-09,2026-04-09,2026-04-08,2026-04-13,21.73,2
000070,深主板,1,1,2026-04-16,2026-04-16,2026-04-15,2026-04-22,22.2,4
000070,深主板,1,1,2026-05-07,2026-05-07,2026-05-06,2026-05-11,22.12,2
000078,深主板,2,2,2026-01-13,2026-01-14,2026-01-12,2026-01-15,4.83,1
000078,深主板,1,1,2026-01-26,2026-01-26,2026-01-23,2026-01-27,4.5,1
000078,深主板,1,1,2026-04-01,2026-04-01,2026-03-31,2026-04-15,4.03,9
000078,深主板,1,1,2026-04-09,2026-04-09,2026-04-08,2026-04-15,4.03,4
000078,深主板,1,1,2026-04-15,2026-04-15,2026-04-14,2026-04-16,3.94,1
000096,深主板,2,2,2026-03-02,2026-03-03,2026-02-27,2026-03-04,13.2,1
000155,深主板,1,1,2026-03-27,2026-03-27,2026-03-26,2026-03-30,17.7,1
000155,深主板,1,1,2026-04-02,2026-04-02,2026-04-01,2026-04-09,18.2,4
000156,深主板,1,1,2026-02-10,2026-02-10,2026-02-09,2026-02-11,10.01,1
000159,深主板,1,1,2026-01-08,2026-01-08,2026-01-07,2026-01-09,7.01,1
000159,深主板,1,1,2026-01-23,2026-01-23,2026-01-22,2026-01-26,7.53,1
000159,深主板,1,1,2026-05-14,2026-05-14,2026-05-13,2026-05-19,7.4,3
000301,深主板,1,1,2026-03-03,2026-03-03,2026-03-02,2026-03-04,14.7,1
000400,深主板,1,1,2026-01-19,2026-01-19,2026-01-16,2026-01-20,34.63,1
000402,深主板,2,2,2026-04-10,2026-04-13,2026-04-09,2026-04-14,3.22,1
000402,深主板,2,2,2026-04-29,2026-04-30,2026-04-28,2026-05-06,3.49,1
000403,深主板,1,1,2026-05-21,2026-05-21,2026-05-20,2026-05-21,11.55,0
000404,深主板,1,1,2026-04-20,2026-04-20,2026-04-17,2026-04-24,8.99,4
000407,深主板,1,1,2026-01-22,2026-01-22,2026-01-21,2026-01-26,5.644,2
000407,深主板,1,1,2026-03-03,2026-03-03,2026-03-02,2026-03-04,6.19,1
000409,深主板,1,1,2026-01-14,2026-01-14,2026-01-13,2026-01-15,14.38,1
000415,深主板,1,1,2026-03-24,2026-03-24,2026-03-23,2026-04-08,4.69,10
000417,深主板,1,1,2026-01-20,2026-01-20,2026-01-19,2026-01-21,9.49,1
000417,深主板,3,3,2026-05-18,2026-05-20,2026-05-15,2026-05-21,10.48,1
000420,深主板,1,1,2026-03-12,2026-03-12,2026-03-11,2026-03-17,5.59,3
000421,深主板,1,1,2026-03-03,2026-03-03,2026-03-02,2026-03-04,7.73,1
000425,深主板,1,1,2026-05-11,2026-05-11,2026-05-08,2026-05-12,11.06,1
000426,深主板,2,2,2026-01-23,2026-01-26,2026-01-22,2026-01-29,74.8,3
000426,深主板,1,1,2026-04-08,2026-04-08,2026-04-07,2026-04-20,46.63,8
000503,深主板,2,2,2026-01-09,2026-01-12,2026-01-08,2026-01-13,12.54,1
000506,深主板,3,3,2026-01-19,2026-01-21,2026-01-16,2026-01-29,28.52,6
000506,深主板,4,4,2026-01-26,2026-01-29,2026-01-23,2026-01-30,25.67,1
000506,深主板,1,1,2026-03-02,2026-03-02,2026-02-27,2026-03-03,23.83,1
000506,深主板,1,1,2026-04-08,2026-04-08,2026-04-07,2026-04-09,19.72,1
000509,深主板,2,2,2026-03-05,2026-03-06,2026-03-04,2026-03-25,4.84,13
000509,深主板,2,1,2026-03-20,2026-03-24,2026-03-19,2026-03-25,4.84,1
000509,深主板,1,1,2026-05-07,2026-05-07,2026-05-06,2026-05-08,4.23,1
000510,深主板,1,1,2026-01-06,2026-01-06,2026-01-05,2026-01-26,20.48,14
000510,深主板,1,1,2026-01-21,2026-01-21,2026-01-20,2026-01-28,20.65,5
000510,深主板,1,1,2026-02-11,2026-02-11,2026-02-10,2026-03-03,23.5,8
000510,深主板,2,2,2026-02-27,2026-03-02,2026-02-26,2026-03-03,23.5,1
000516,深主板,1,1,2026-01-06,2026-01-06,2026-01-05,2026-01-14,6.19,6
000516,深主板,2,2,2026-01-13,2026-01-14,2026-01-12,2026-01-15,5.94,1
000516,深主板,1,1,2026-03-06,2026-03-06,2026-03-05,2026-03-11,5.53,3
000517,深主板,1,1,2026-02-04,2026-02-04,2026-02-03,2026-02-12,2.41,6
000518,深主板,2,2,2026-05-20,2026-05-21,2026-05-18,2026-05-21,3.75,0
000523,深主板,1,1,2026-01-20,2026-01-20,2026-01-19,2026-01-21,4.41,1
000525,深主板,1,1,2026-02-09,2026-02-09,2026-02-06,2026-02-10,7.35,1
000525,深主板,1,1,2026-03-04,2026-03-04,2026-03-03,2026-03-05,7.32,1
000532,深主板,1,1,2026-01-09,2026-01-09,2026-01-08,2026-01-12,19.02,1
000533,深主板,3,3,2026-02-02,2026-02-04,2026-01-30,2026-02-10,11.91,4
000533,深主板,1,1,2026-02-12,2026-02-12,2026-02-11,2026-02-24,11.99,2
000533,深主板,4,4,2026-03-04,2026-03-09,2026-03-03,2026-03-12,19.66,3
000533,深主板,2,2,2026-03-16,2026-03-17,2026-03-13,2026-03-18,21.84,1
000533,深主板,1,1,2026-05-13,2026-05-13,2026-05-12,2026-05-14,15.35,1
000534,深主板,1,1,2026-01-19,2026-01-19,2026-01-16,2026-01-29,33.33,8
000534,深主板,1,1,2026-02-03,2026-02-03,2026-02-02,2026-02-27,41.9,12
000534,深主板,1,1,2026-02-26,2026-02-26,2026-02-25,2026-02-27,41.9,1
000534,深主板,2,2,2026-03-06,2026-03-09,2026-03-05,2026-03-10,49.14,1
000534,深主板,1,1,2026-04-01,2026-04-01,2026-03-31,2026-04-13,46.6,7
000534,深主板,2,1,2026-04-08,2026-04-10,2026-04-07,2026-04-13,46.6,1
000536,深主板,1,1,2026-03-05,2026-03-05,2026-03-04,2026-03-12,5.16,5
000536,深主板,1,1,2026-05-21,2026-05-21,2026-05-20,2026-05-21,4.29,0
000537,深主板,3,3,2026-03-10,2026-03-12,2026-03-09,2026-03-13,13.76,1
000537,深主板,1,1,2026-03-24,2026-03-24,2026-03-23,2026-03-25,12.76,1
000537,深主板,1,1,2026-04-23,2026-04-23,2026-04-22,2026-04-24,11.65,1
000539,深主板,2,2,2026-03-18,2026-03-19,2026-03-17,2026-03-26,8.14,5
000539,深主板,2,2,2026-03-24,2026-03-25,2026-03-23,2026-03-26,8.14,1
000539,深主板,1,1,2026-04-21,2026-04-21,2026-04-20,2026-05-14,8.25,14
000545,深主板,1,1,2026-01-06,2026-01-06,2026-01-05,2026-01-13,3.26,5
000545,深主板,1,1,2026-02-25,2026-02-25,2026-02-24,2026-03-02,3.72,3
000545,深主板,1,1,2026-03-06,2026-03-06,2026-03-05,2026-03-12,4.16,4
000545,深主板,1,1,2026-03-11,2026-03-11,2026-03-10,2026-03-16,4.33,3
000546,深主板,1,1,2026-02-26,2026-02-26,2026-02-25,2026-02-27,7.07,1
000546,深主板,1,1,2026-03-27,2026-03-27,2026-03-26,2026-03-30,7.05,1
000546,深主板,1,1,2026-04-16,2026-04-16,2026-04-15,2026-04-17,6.99,1
000546,深主板,1,1,2026-04-24,2026-04-24,2026-04-23,2026-04-30,8.03,4
000547,深主板,1,1,2026-02-03,2026-02-03,2026-02-02,2026-02-04,34.64,1
000547,深主板,1,1,2026-02-25,2026-02-25,2026-02-24,2026-03-02,32.55,3
000547,深主板,1,1,2026-05-08,2026-05-08,2026-05-07,2026-05-11,29.97,1
000551,深主板,1,1,2026-04-08,2026-04-08,2026-04-07,2026-04-14,14.41,4
000551,深主板,1,1,2026-04-29,2026-04-29,2026-04-28,2026-05-21,18.05,13
000553,深主板,1,1,2026-03-12,2026-03-12,2026-03-11,2026-03-16,7.25,2
000553,深主板,1,1,2026-03-27,2026-03-27,2026-03-26,2026-03-30,6.63,1
000553,深主板,1,1,2026-04-30,2026-04-30,2026-04-29,2026-05-07,7.63,2
000554,深主板,1,1,2026-01-29,2026-01-29,2026-01-28,2026-01-30,9.54,1
000554,深主板,2,2,2026-03-02,2026-03-03,2026-02-27,2026-03-04,11.94,1
000555,深主板,1,1,2026-03-05,2026-03-05,2026-03-04,2026-03-11,18.91,4
000559,深主板,1,1,2026-02-10,2026-02-10,2026-02-09,2026-02-11,20.88,1
000560,深主板,1,1,2026-01-29,2026-01-29,2026-01-28,2026-02-04,3.61,4
000560,深主板,1,1,2026-02-04,2026-02-04,2026-02-03,2026-02-09,3.64,3
000560,深主板,1,1,2026-02-25,2026-02-25,2026-02-24,2026-02-26,3.62,1
000561,深主板,1,1,2026-01-23,2026-01-23,2026-01-22,2026-01-26,13.15,1
000565,深主板,1,1,2026-01-23,2026-01-23,2026-01-22,2026-01-26,9.22,1
000565,深主板,1,1,2026-04-27,2026-04-27,2026-04-24,2026-04-28,8.25,1
000567,深主板,2,2,2026-04-29,2026-04-30,2026-04-28,2026-05-12,7.05,5
000568,深主板,1,1,2026-01-29,2026-01-29,2026-01-28,2026-02-05,127.91,5
000570,深主板,1,1,2026-04-16,2026-04-16,2026-04-15,2026-04-23,6.928,5
000571,深主板,1,1,2026-02-09,2026-02-09,2026-02-06,2026-02-12,7.41,3
000571,深主板,1,1,2026-04-16,2026-04-16,2026-04-15,2026-04-22,6.22,4
000571,深主板,1,1,2026-05-18,2026-05-18,2026-05-15,2026-05-19,6.09,1
000572,深主板,1,1,2026-03-17,2026-03-17,2026-03-16,2026-03-18,6.78,1
000573,深主板,1,1,2026-01-28,2026-01-28,2026-01-27,2026-01-29,4.81,1
000581,深主板,1,1,2026-02-25,2026-02-25,2026-02-24,2026-02-27,26.0,2
000582,深主板,1,1,2026-05-08,2026-05-08,2026-05-07,2026-05-11,13.7,1
000586,深主板,5,5,2026-04-02,2026-04-09,2026-04-01,2026-04-10,24.61,1
000586,深主板,1,1,2026-04-20,2026-04-20,2026-04-17,2026-04-22,21.17,2
000586,深主板,1,1,2026-05-19,2026-05-19,2026-05-18,2026-05-20,20.45,1
000591,深主板,1,1,2026-01-14,2026-01-14,2026-01-13,2026-01-16,5.4,2
000591,深主板,1,1,2026-01-23,2026-01-23,2026-01-22,2026-01-26,5.98,1
000591,深主板,1,1,2026-05-12,2026-05-12,2026-05-11,2026-05-13,6.32,1
000592,深主板,2,1,2026-01-23,2026-01-27,2026-01-22,2026-01-28,11.5,1
000592,深主板,1,1,2026-02-05,2026-02-05,2026-02-04,2026-02-06,12.49,1
000592,深主板,1,1,2026-03-25,2026-03-25,2026-03-24,2026-03-31,12.78,4
000592,深主板,2,2,2026-03-30,2026-03-31,2026-03-27,2026-04-02,12.85,2
000593,深主板,3,3,2026-01-12,2026-01-14,2026-01-09,2026-01-15,18.95,1
000593,深主板,2,2,2026-01-23,2026-01-26,2026-01-22,2026-01-27,18.38,1
000593,深主板,2,1,2026-02-25,2026-02-27,2026-02-24,2026-03-03,17.0,2
000593,深主板,1,1,2026-03-12,2026-03-12,2026-03-11,2026-03-13,15.7,1
000593,深主板,1,1,2026-04-16,2026-04-16,2026-04-15,2026-04-29,27.88,9
000593,深主板,3,2,2026-04-23,2026-04-28,2026-04-22,2026-05-07,27.99,4
000596,深主板,1,1,2026-01-29,2026-01-29,2026-01-28,2026-02-05,139.25,5
000599,深主板,1,1,2026-01-28,2026-01-28,2026-01-27,2026-02-04,8.1,5
000600,深主板,1,1,2026-03-12,2026-03-12,2026-03-11,2026-03-13,10.99,1
000600,深主板,1,1,2026-05-19,2026-05-19,2026-05-18,2026-05-20,11.15,1
000601,深主板,2,2,2026-03-06,2026-03-09,2026-03-05,2026-03-12,7.38,3
000601,深主板,5,3,2026-03-18,2026-03-25,2026-03-17,2026-03-26,9.0,1
000601,深主板,2,2,2026-05-12,2026-05-13,2026-05-11,2026-05-14,9.79,1
000603,深主板,3,2,2026-01-23,2026-01-28,2026-01-22,2026-01-29,73.59,1
000607,深主板,1,1,2026-01-23,2026-01-23,2026-01-22,2026-01-26,5.48,1
000607,深主板,1,1,2026-01-29,2026-01-29,2026-01-28,2026-02-03,5.5,3
000612,深主板,1,1,2026-01-12,2026-01-12,2026-01-09,2026-01-13,13.5,1
000612,深主板,1,1,2026-04-13,2026-04-13,2026-04-10,2026-04-17,13.9,4
000617,深主板,1,1,2026-03-16,2026-03-16,2026-03-13,2026-03-19,10.71,3
000617,深主板,1,1,2026-03-19,2026-03-19,2026-03-18,2026-03-25,11.1,4
000620,深主板,2,2,2026-01-06,2026-01-07,2026-01-05,2026-01-08,3.58,1
000620,深主板,1,1,2026-01-16,2026-01-16,2026-01-15,2026-01-20,3.84,2
000620,深主板,1,1,2026-01-28,2026-01-28,2026-01-27,2026-01-29,4.09,1
000620,深主板,1,1,2026-03-16,2026-03-16,2026-03-13,2026-03-17,3.51,1
000620,深主板,1,1,2026-04-14,2026-04-14,2026-04-13,2026-04-15,3.2,1
000626,深主板,1,1,2026-03-11,2026-03-11,2026-03-10,2026-03-12,9.03,1
000626,深主板,1,1,2026-04-10,2026-04-10,2026-04-09,2026-04-13,8.72,1
000628,深主板,1,1,2026-01-08,2026-01-08,2026-01-07,2026-01-12,53.0,2
000628,深主板,1,1,2026-02-12,2026-02-12,2026-02-11,2026-03-02,59.0,6
000628,深主板,1,1,2026-02-27,2026-02-27,2026-02-26,2026-03-02,59.0,1
000628,深主板,1,1,2026-04-30,2026-04-30,2026-04-29,2026-05-06,68.11,1
000629,深主板,1,1,2026-01-06,2026-01-06,2026-01-05,2026-01-09,3.66,3
000629,深主板,1,1,2026-01-26,2026-01-26,2026-01-23,2026-01-29,4.49,3
000630,深主板,4,2,2026-01-23,2026-01-29,2026-01-22,2026-01-30,9.08,1
000631,深主板,1,1,2026-03-31,2026-03-31,2026-03-30,2026-04-01,4.54,1
000635,深主板,1,1,2026-01-07,2026-01-07,2026-01-06,2026-01-08,10.39,1
000636,深主板,1,1,2026-02-05,2026-02-05,2026-02-04,2026-03-02,27.5,11
000636,深主板,1,1,2026-02-25,2026-02-25,2026-02-24,2026-03-02,27.5,3
000636,深主板,1,1,2026-05-11,2026-05-11,2026-05-08,2026-05-14,30.2,3
000636,深主板,1,1,2026-05-19,2026-05-19,2026-05-18,2026-05-21,36.19,2
000637,深主板,1,1,2026-03-02,2026-03-02,2026-02-27,2026-03-03,5.95,1
000639,深主板,1,1,2026-03-16,2026-03-16,2026-03-13,2026-03-17,3.23,1
000639,深主板,1,1,2026-03-25,2026-03-25,2026-03-24,2026-03-27,3.21,2
000652,深主板,1,1,2026-04-07,2026-04-07,2026-04-03,2026-04-08,4.28,1
000657,深主板,1,1,2026-01-21,2026-01-21,2026-01-20,2026-01-27,53.45,4
000657,深主板,1,1,2026-01-26,2026-01-26,2026-01-23,2026-01-29,53.76,3
000657,深主板,1,1,2026-02-11,2026-02-11,2026-02-10,2026-03-03,71.5,8
000657,深主板,2,1,2026-02-25,2026-02-27,2026-02-24,2026-03-03,71.5,2
000657,深主板,1,1,2026-04-16,2026-04-16,2026-04-15,2026-04-20,60.75,2
000657,深主板,1,1,2026-04-29,2026-04-29,2026-04-28,2026-05-07,64.31,3
000659,深主板,1,1,2026-01-27,2026-01-27,2026-01-26,2026-01-28,5.08,1
000659,深主板,1,1,2026-02-11,2026-02-11,2026-02-10,2026-02-12,4.89,1
000659,深主板,1,1,2026-03-25,2026-03-25,2026-03-24,2026-03-30,4.71,3
000659,深主板,1,1,2026-04-10,2026-04-10,2026-04-09,2026-04-13,4.49,1
000659,深主板,1,1,2026-05-08,2026-05-08,2026-05-07,2026-05-11,4.54,1
000661,深主板,1,1,2026-02-25,2026-02-25,2026-02-24,2026-02-26,106.0,1
000670,深主板,2,2,2026-01-21,2026-01-22,2026-01-20,2026-01-23,11.23,1
000670,深主板,1,1,2026-03-20,2026-03-20,2026-03-19,2026-03-26,9.69,4
000670,深主板,1,1,2026-04-10,2026-04-10,2026-04-09,2026-04-14,8.43,2
000672,深主板,2,2,2026-05-11,2026-05-12,2026-05-08,2026-05-18,18.9,4
000672,深主板,1,1,2026-05-18,2026-05-18,2026-05-15,2026-05-21,19.49,3
000677,深主板,1,1,2026-03-06,2026-03-06,2026-03-05,2026-03-16,5.51,6
000677,深主板,1,1,2026-03-13,2026-03-13,2026-03-12,2026-03-16,5.51,1
000677,深主板,2,1,2026-03-20,2026-03-24,2026-03-19,2026-03-31,5.41,5
000678,深主板,1,1,2026-03-31,2026-03-31,2026-03-30,2026-04-08,14.44,5
000678,深主板,1,1,2026-05-08,2026-05-08,2026-05-07,2026-05-14,13.9,4
000681,深主板,3,2,2026-01-12,2026-01-15,2026-01-09,2026-01-16,31.6,1
000681,深主板,1,1,2026-02-10,2026-02-10,2026-02-09,2026-02-11,31.41,1
000685,深主板,1,1,2026-05-18,2026-05-18,2026-05-15,2026-05-21,13.22,3
000688,深主板,1,1,2026-01-21,2026-01-21,2026-01-20,2026-01-26,32.5,3
000688,深主板,1,1,2026-03-24,2026-03-24,2026-03-23,2026-03-27,43.3,3
000688,深主板,1,1,2026-04-13,2026-04-13,2026-04-10,2026-04-17,48.26,4
000690,深主板,1,1,2026-03-25,2026-03-25,2026-03-24,2026-03-26,6.16,1
000690,深主板,1,1,2026-04-21,2026-04-21,2026-04-20,2026-04-23,5.58,2
000692,深主板,1,1,2026-03-26,2026-03-26,2026-03-25,2026-03-27,5.39,1
000692,深主板,1,1,2026-04-29,2026-04-29,2026-04-28,2026-05-07,5.35,3
000695,深主板,1,1,2026-01-06,2026-01-06,2026-01-05,2026-01-07,14.36,1
000695,深主板,1,1,2026-03-27,2026-03-27,2026-03-26,2026-03-30,14.8,1
000695,深主板,1,1,2026-04-07,2026-04-07,2026-04-03,2026-04-20,15.35,9
000695,深主板,1,1,2026-05-20,2026-05-20,2026-05-19,2026-05-21,16.34,1
000697,深主板,1,1,2026-05-07,2026-05-07,2026-05-06,2026-05-08,12.94,1
000700,深主板,1,1,2026-01-21,2026-01-21,2026-01-20,2026-01-26,15.65,3
000700,深主板,1,1,2026-05-07,2026-05-07,2026-05-06,2026-05-08,14.85,1
000703,深主板,1,1,2026-03-05,2026-03-05,2026-03-04,2026-03-09,14.05,2
000703,深主板,1,1,2026-03-23,2026-03-23,2026-03-20,2026-03-26,13.07,3
000703,深主板,1,1,2026-04-07,2026-04-07,2026-04-03,2026-04-13,16.4,4
000710,深主板,1,1,2026-01-13,2026-01-13,2026-01-12,2026-01-14,15.63,1
000710,深主板,1,1,2026-05-08,2026-05-08,2026-05-07,2026-05-11,12.09,1
000712,深主板,1,1,2026-05-11,2026-05-11,2026-05-08,2026-05-12,12.26,1
000715,深主板,2,1,2026-04-21,2026-04-23,2026-04-20,2026-04-27,6.68,2
000716,深主板,1,1,2026-04-29,2026-04-29,2026-04-28,2026-05-14,5.6,8
000716,深主板,1,1,2026-05-20,2026-05-20,2026-05-19,2026-05-21,5.99,1
000720,深主板,2,2,2026-01-16,2026-01-19,2026-01-15,2026-01-20,4.18,1
000720,深主板,1,1,2026-03-06,2026-03-06,2026-03-05,2026-03-10,4.65,2
000720,深主板,8,4,2026-03-24,2026-04-07,2026-03-23,2026-04-08,7.18,1
000720,深主板,2,2,2026-05-07,2026-05-08,2026-05-06,2026-05-14,6.27,4
000720,深主板,1,1,2026-05-13,2026-05-13,2026-05-12,2026-05-14,6.27,1
000722,深主板,3,3,2026-03-24,2026-03-26,2026-03-23,2026-03-27,19.64,1
000723,深主板,1,1,2026-02-04,2026-02-04,2026-02-03,2026-02-05,5.15,1
000725,深主板,1,1,2026-05-21,2026-05-21,2026-05-20,2026-05-21,4.69,0
000727,深主板,1,1,2026-03-05,2026-03-05,2026-03-04,2026-03-17,2.85,8
000727,深主板,1,1,2026-04-08,2026-04-08,2026-04-07,2026-04-10,2.88,2
000731,深主板,1,1,2026-02-27,2026-02-27,2026-02-26,2026-03-02,8.68,1
000737,深主板,2,2,2026-01-28,2026-01-29,2026-01-27,2026-01-30,21.5,1
000738,深主板,1,1,2026-01-19,2026-01-19,2026-01-16,2026-01-22,26.18,3
000738,深主板,1,1,2026-01-27,2026-01-27,2026-01-26,2026-01-28,26.81,1
000738,深主板,1,1,2026-02-03,2026-02-03,2026-02-02,2026-02-05,28.7,2
000739,深主板,1,1,2026-05-11,2026-05-11,2026-05-08,2026-05-12,19.48,1
000751,深主板,1,1,2026-01-15,2026-01-15,2026-01-14,2026-01-29,7.82,10
000751,深主板,3,2,2026-01-23,2026-01-28,2026-01-22,2026-01-29,7.82,1
000751,深主板,1,1,2026-02-25,2026-02-25,2026-02-24,2026-03-02,7.8,3
000751,深主板,1,1,2026-04-22,2026-04-22,2026-04-21,2026-04-23,6.84,1
000753,深主板,1,1,2026-03-25,2026-03-25,2026-03-24,2026-03-31,7.75,4
000753,深主板,1,1,2026-03-30,2026-03-30,2026-03-27,2026-03-31,7.75,1
000758,深主板,1,1,2026-01-28,2026-01-28,2026-01-27,2026-01-29,9.53,1
000758,深主板,1,1,2026-02-25,2026-02-25,2026-02-24,2026-02-26,9.15,1
000762,深主板,1,1,2026-04-02,2026-04-02,2026-04-01,2026-04-24,39.18,15
000762,深主板,1,1,2026-04-10,2026-04-10,2026-04-09,2026-05-06,40.19,15
000762,深主板,1,1,2026-04-16,2026-04-16,2026-04-15,2026-04-17,39.06,1
000766,深主板,1,1,2026-01-12,2026-01-12,2026-01-09,2026-01-13,28.44,1
000766,深主板,1,1,2026-04-07,2026-04-07,2026-04-03,2026-04-13,23.08,4
000767,深主板,1,1,2026-02-06,2026-02-06,2026-02-05,2026-02-12,3.62,4
000767,深主板,1,1,2026-02-12,2026-02-12,2026-02-11,2026-03-05,3.97,9
000767,深主板,2,2,2026-03-26,2026-03-27,2026-03-25,2026-03-30,5.12,1
000767,深主板,2,2,2026-05-12,2026-05-13,2026-05-11,2026-05-14,5.62,1
000768,深主板,1,1,2026-01-06,2026-01-06,2026-01-05,2026-01-12,31.12,4
000782,深主板,1,1,2026-04-16,2026-04-16,2026-04-15,2026-05-11,9.05,14
000782,深主板,1,1,2026-05-08,2026-05-08,2026-05-07,2026-05-11,9.05,1
000783,深主板,1,1,2026-04-30,2026-04-30,2026-04-29,2026-05-12,9.24,5
000785,深主板,2,2,2026-01-12,2026-01-13,2026-01-09,2026-01-14,3.77,1
000785,深主板,1,1,2026-04-15,2026-04-15,2026-04-14,2026-04-16,2.72,1
000788,深主板,2,2,2026-04-01,2026-04-02,2026-03-31,2026-04-03,7.85,1
000788,深主板,1,1,2026-04-15,2026-04-15,2026-04-14,2026-04-16,6.99,1
000790,深主板,1,1,2026-04-30,2026-04-30,2026-04-29,2026-05-12,4.65,5
000791,深主板,1,1,2026-03-25,2026-03-25,2026-03-24,2026-03-26,9.33,1
000791,深主板,1,1,2026-04-13,2026-04-13,2026-04-10,2026-04-21,8.78,6
000791,深主板,1,1,2026-05-11,2026-05-11,2026-05-08,2026-05-14,10.61,3
000798,深主板,1,1,2026-01-07,2026-01-07,2026-01-06,2026-01-09,12.48,2
000798,深主板,1,1,2026-01-30,2026-01-30,2026-01-29,2026-02-24,12.88,11
000798,深主板,1,1,2026-02-13,2026-02-13,2026-02-12,2026-02-24,12.88,1
000799,深主板,1,1,2026-01-29,2026-01-29,2026-01-28,2026-02-04,61.5,4
000802,深主板,1,1,2026-04-21,2026-04-21,2026-04-20,2026-04-22,4.7,1
000803,深主板,1,1,2026-01-12,2026-01-12,2026-01-09,2026-01-26,10.14,10
000803,深主板,1,1,2026-01-19,2026-01-19,2026-01-16,2026-01-26,10.14,5
000807,深主板,1,1,2026-01-28,2026-01-28,2026-01-27,2026-01-29,38.23,1
000809,深主板,1,1,2026-03-24,2026-03-24,2026-03-23,2026-03-26,4.46,2
000809,深主板,1,1,2026-05-20,2026-05-20,2026-05-19,2026-05-21,4.75,1
000811,深主板,1,1,2026-02-03,2026-02-03,2026-02-02,2026-02-04,17.97,1
000811,深主板,1,1,2026-03-24,2026-03-24,2026-03-23,2026-03-25,19.13,1
000811,深主板,1,1,2026-04-08,2026-04-08,2026-04-07,2026-04-28,25.4,14
000811,深主板,1,1,2026-04-22,2026-04-22,2026-04-21,2026-04-28,25.4,4
000811,深主板,2,1,2026-05-11,2026-05-13,2026-05-08,2026-05-21,38.46,6
000811,深主板,1,1,2026-05-19,2026-05-19,2026-05-18,2026-05-21,38.46,2
000813,深主板,1,1,2026-01-29,2026-01-29,2026-01-28,2026-01-30,4.52,1
000815,深主板,2,1,2026-01-26,2026-01-28,2026-01-23,2026-02-02,15.2,3
000815,深主板,1,1,2026-02-10,2026-02-10,2026-02-09,2026-02-12,16.53,2
000815,深主板,3,3,2026-03-05,2026-03-09,2026-03-04,2026-03-10,19.73,1
000815,深主板,2,2,2026-03-18,2026-03-19,2026-03-17,2026-03-25,22.62,4
000815,深主板,1,1,2026-04-01,2026-04-01,2026-03-31,2026-04-17,23.1,11
000815,深主板,1,1,2026-04-16,2026-04-16,2026-04-15,2026-04-17,23.1,1
000816,深主板,1,1,2026-02-25,2026-02-25,2026-02-24,2026-03-02,4.12,3
000818,深主板,1,1,2026-02-10,2026-02-10,2026-02-09,2026-02-12,24.99,2
000818,深主板,1,1,2026-03-06,2026-03-06,2026-03-05,2026-03-09,25.9,1
000818,深主板,1,1,2026-04-29,2026-04-29,2026-04-28,2026-05-08,19.64,4
000818,深主板,1,1,2026-05-07,2026-05-07,2026-05-06,2026-05-08,19.64,1
000819,深主板,1,1,2026-04-21,2026-04-21,2026-04-20,2026-04-22,17.25,1
000822,深主板,1,1,2026-02-05,2026-02-05,2026-02-04,2026-02-11,6.94,4
000822,深主板,1,1,2026-03-27,2026-03-27,2026-03-26,2026-04-03,6.8,5
000823,深主板,1,1,2026-05-07,2026-05-07,2026-05-06,2026-05-13,17.76,4
000826,深主板,2,2,2026-02-25,2026-02-26,2026-02-24,2026-02-27,3.05,1
000830,深主板,1,1,2026-04-07,2026-04-07,2026-04-03,2026-04-13,17.2,4
000831,深主板,1,1,2026-04-29,2026-04-29,2026-04-28,2026-05-15,59.0,9
000833,深主板,1,1,2026-02-12,2026-02-12,2026-02-11,2026-02-13,24.71,1
000833,深主板,1,1,2026-03-06,2026-03-06,2026-03-05,2026-03-13,30.31,5
000833,深主板,1,1,2026-03-11,2026-03-11,2026-03-10,2026-03-13,30.31,2
000833,深主板,1,1,2026-04-30,2026-04-30,2026-04-29,2026-05-06,31.39,1
000838,深主板,1,1,2026-02-04,2026-02-04,2026-02-03,2026-02-09,2.81,3
000839,深主板,1,1,2026-01-22,2026-01-22,2026-01-21,2026-01-23,2.96,1
000839,深主板,1,1,2026-02-10,2026-02-10,2026-02-09,2026-02-25,3.77,5
000839,深主板,2,1,2026-02-13,2026-02-25,2026-02-12,2026-02-26,3.74,1
000839,深主板,2,2,2026-03-10,2026-03-11,2026-03-09,2026-03-12,4.26,1
000839,深主板,1,1,2026-05-08,2026-05-08,2026-05-07,2026-05-11,3.57,1
000856,深主板,1,1,2026-02-03,2026-02-03,2026-02-02,2026-02-04,11.88,1
000858,深主板,1,1,2026-01-29,2026-01-29,2026-01-28,2026-01-30,110.78,1
000859,深主板,1,1,2026-01-07,2026-01-07,2026-01-06,2026-01-09,14.08,2
000859,深主板,1,1,2026-02-10,2026-02-10,2026-02-09,2026-02-24,12.4,4
000859,深主板,1,1,2026-02-13,2026-02-13,2026-02-12,2026-02-24,12.4,1
000859,深主板,1,1,2026-03-25,2026-03-25,2026-03-24,2026-03-30,10.55,3
000859,深主板,1,1,2026-05-20,2026-05-20,2026-05-19,2026-05-21,10.89,1
000860,深主板,1,1,2026-01-29,2026-01-29,2026-01-28,2026-02-02,15.45,2
000862,深主板,1,1,2026-03-04,2026-03-04,2026-03-03,2026-03-09,8.36,3
000862,深主板,1,1,2026-03-09,2026-03-09,2026-03-06,2026-03-10,8.36,1
000862,深主板,1,1,2026-03-20,2026-03-20,2026-03-19,2026-03-25,9.44,3
000863,深主板,1,1,2026-01-29,2026-01-29,2026-01-28,2026-01-30,6.95,1
000863,深主板,1,1,2026-03-31,2026-03-31,2026-03-30,2026-04-01,5.97,1
000863,深主板,1,1,2026-05-08,2026-05-08,2026-05-07,2026-05-11,5.96,1
000875,深主板,1,1,2026-01-14,2026-01-14,2026-01-13,2026-01-16,6.93,2
000878,深主板,2,2,2026-01-28,2026-01-29,2026-01-27,2026-01-30,29.18,1
000880,深主板,2,2,2026-01-21,2026-01-22,2026-01-20,2026-01-26,40.38,2
000880,深主板,1,1,2026-04-20,2026-04-20,2026-04-17,2026-04-23,33.0,3
000880,深主板,1,1,2026-05-13,2026-05-13,2026-05-12,2026-05-21,37.13,6
000880,深主板,1,1,2026-05-20,2026-05-20,2026-05-19,2026-05-21,37.13,1
000889,深主板,1,1,2026-01-12,2026-01-12,2026-01-09,2026-01-14,4.04,2
000889,深主板,1,1,2026-03-25,2026-03-25,2026-03-24,2026-03-27,3.53,2
000889,深主板,5,3,2026-04-08,2026-04-15,2026-04-07,2026-04-20,5.45,3
000889,深主板,2,1,2026-04-24,2026-04-28,2026-04-23,2026-05-08,5.89,5
000889,深主板,1,1,2026-05-07,2026-05-07,2026-05-06,2026-05-08,5.89,1
000889,深主板,1,1,2026-05-13,2026-05-13,2026-05-12,2026-05-14,5.85,1
000890,深主板,1,1,2026-01-12,2026-01-12,2026-01-09,2026-01-13,6.2,1
000890,深主板,5,2,2026-02-13,2026-03-04,2026-02-12,2026-03-05,9.58,1
000890,深主板,4,4,2026-03-12,2026-03-17,2026-03-11,2026-03-19,14.27,2
000890,深主板,2,2,2026-03-27,2026-03-30,2026-03-26,2026-04-07,17.61,5
000890,深主板,1,1,2026-04-07,2026-04-07,2026-04-03,2026-04-08,17.48,1
000890,深主板,1,1,2026-04-23,2026-04-23,2026-04-22,2026-04-29,17.49,4
000890,深主板,1,1,2026-05-20,2026-05-20,2026-05-19,2026-05-21,12.85,1
000892,深主板,1,1,2026-01-12,2026-01-12,2026-01-09,2026-01-13,9.51,1
000892,深主板,3,3,2026-02-09,2026-02-11,2026-02-06,2026-02-12,9.53,1
000892,深主板,1,1,2026-04-08,2026-04-08,2026-04-07,2026-04-09,6.6,1
000899,深主板,3,3,2026-02-25,2026-02-27,2026-02-24,2026-03-02,16.07,1
000899,深主板,1,1,2026-03-11,2026-03-11,2026-03-10,2026-03-12,16.1,1
000899,深主板,1,1,2026-05-19,2026-05-19,2026-05-18,2026-05-20,14.34,1
000901,深主板,1,1,2026-01-08,2026-01-08,2026-01-07,2026-01-12,35.4,2
000901,深主板,1,1,2026-01-29,2026-01-29,2026-01-28,2026-02-03,30.08,3
000901,深主板,1,1,2026-04-29,2026-04-29,2026-04-28,2026-05-11,25.09,5
000905,深主板,1,1,2026-01-07,2026-01-07,2026-01-06,2026-01-13,14.85,4
000906,深主板,1,1,2026-04-24,2026-04-24,2026-04-23,2026-05-13,6.95,10
000910,深主板,1,1,2026-05-19,2026-05-19,2026-05-18,2026-05-20,7.49,1
000912,深主板,1,1,2026-03-02,2026-03-02,2026-02-27,2026-03-17,6.7,11
000912,深主板,1,1,2026-04-07,2026-04-07,2026-04-03,2026-04-09,5.27,2
000913,深主板,1,1,2026-03-31,2026-03-31,2026-03-30,2026-04-01,16.51,1
000917,深主板,2,2,2026-01-09,2026-01-12,2026-01-08,2026-01-13,14.45,1
000917,深主板,1,1,2026-04-08,2026-04-08,2026-04-07,2026-04-14,9.98,4
000919,深主板,2,2,2026-04-07,2026-04-08,2026-04-03,2026-04-09,9.8,1
000919,深主板,1,1,2026-04-15,2026-04-15,2026-04-14,2026-04-16,8.83,1
000920,深主板,1,1,2026-03-05,2026-03-05,2026-03-04,2026-03-09,14.93,2
000922,深主板,1,1,2026-05-11,2026-05-11,2026-05-08,2026-05-12,17.46,1
000925,深主板,3,3,2026-04-23,2026-04-27,2026-04-22,2026-04-29,10.74,2
000925,深主板,2,2,2026-05-12,2026-05-13,2026-05-11,2026-05-14,11.59,1
000926,深主板,1,1,2026-05-20,2026-05-20,2026-05-19,2026-05-21,2.24,1
000927,深主板,1,1,2026-01-22,2026-01-22,2026-01-21,2026-01-28,3.07,4
000927,深主板,2,2,2026-03-25,2026-03-26,2026-03-24,2026-03-27,3.43,1
000927,深主板,1,1,2026-03-31,2026-03-31,2026-03-30,2026-04-03,3.35,3
000936,深主板,1,1,2026-04-17,2026-04-17,2026-04-16,2026-04-22,8.52,3
000936,深主板,1,1,2026-05-13,2026-05-13,2026-05-12,2026-05-14,8.29,1
000949,深主板,1,1,2026-01-06,2026-01-06,2026-01-05,2026-01-21,7.88,11
000949,深主板,2,2,2026-01-19,2026-01-20,2026-01-16,2026-01-21,7.88,1
000949,深主板,1,1,2026-03-10,2026-03-10,2026-03-09,2026-03-12,7.91,2
000949,深主板,1,1,2026-04-20,2026-04-20,2026-04-17,2026-04-24,8.25,4
000950,深主板,2,2,2026-04-02,2026-04-03,2026-04-01,2026-04-07,7.41,1
000950,深主板,1,1,2026-05-12,2026-05-12,2026-05-11,2026-05-14,7.0,2
000952,深主板,1,1,2026-04-27,2026-04-27,2026-04-24,2026-04-28,7.98,1
000960,深主板,1,1,2026-01-06,2026-01-06,2026-01-05,2026-01-15,42.85,7
000960,深主板,2,2,2026-02-27,2026-03-02,2026-02-26,2026-03-03,46.98,1
000962,深主板,1,1,2026-01-28,2026-01-28,2026-01-27,2026-02-04,46.85,5
000962,深主板,1,1,2026-02-03,2026-02-03,2026-02-02,2026-02-04,46.85,1
000962,深主板,2,2,2026-02-11,2026-02-12,2026-02-10,2026-02-27,59.95,5
000962,深主板,1,1,2026-02-25,2026-02-25,2026-02-24,2026-02-27,59.95,2
000962,深主板,1,1,2026-04-08,2026-04-08,2026-04-07,2026-04-21,52.11,9
000962,深主板,1,1,2026-05-18,2026-05-18,2026-05-15,2026-05-21,60.54,3
000965,深主板,1,1,2026-03-26,2026-03-26,2026-03-25,2026-03-30,4.12,2
000967,深主板,2,1,2026-04-14,2026-04-16,2026-04-13,2026-04-20,14.58,2
000967,深主板,1,1,2026-04-28,2026-04-28,2026-04-27,2026-05-08,17.09,5
000967,深主板,1,1,2026-05-07,2026-05-07,2026-05-06,2026-05-08,17.09,1
000968,深主板,1,1,2026-01-22,2026-01-22,2026-01-21,2026-01-29,8.98,5
000968,深主板,2,2,2026-03-02,2026-03-03,2026-02-27,2026-03-04,11.4,1
000968,深主板,1,1,2026-03-19,2026-03-19,2026-03-18,2026-03-23,11.02,2
000968,深主板,1,1,2026-03-26,2026-03-26,2026-03-25,2026-03-30,12.18,2
000968,深主板,1,1,2026-04-02,2026-04-02,2026-04-01,2026-04-03,10.76,1
000968,深主板,1,1,2026-04-13,2026-04-13,2026-04-10,2026-04-14,10.71,1
000969,深主板,2,2,2026-01-09,2026-01-12,2026-01-08,2026-01-14,31.12,2
000973,深主板,1,1,2026-03-09,2026-03-09,2026-03-06,2026-03-13,17.8,4
000973,深主板,1,1,2026-04-24,2026-04-24,2026-04-23,2026-04-30,22.25,4
000973,深主板,1,1,2026-04-29,2026-04-29,2026-04-28,2026-04-30,22.25,1
000975,深主板,1,1,2026-01-26,2026-01-26,2026-01-23,2026-01-29,42.29,3
000978,深主板,1,1,2026-03-25,2026-03-25,2026-03-24,2026-03-31,7.95,4
000978,深主板,1,1,2026-04-08,2026-04-08,2026-04-07,2026-04-09,8.68,1
000980,深主板,1,1,2026-04-21,2026-04-21,2026-04-20,2026-04-22,2.55,1
000980,深主板,2,2,2026-04-29,2026-04-30,2026-04-28,2026-05-11,2.9,4
000981,深主板,1,1,2026-01-06,2026-01-06,2026-01-05,2026-01-14,5.67,6
000981,深主板,2,1,2026-01-12,2026-01-14,2026-01-09,2026-01-15,5.65,1
000983,深主板,1,1,2026-02-04,2026-02-04,2026-02-03,2026-02-05,7.24,1
000987,深主板,1,1,2026-01-09,2026-01-09,2026-01-08,2026-01-13,11.85,2
000987,深主板,1,1,2026-01-19,2026-01-19,2026-01-16,2026-01-26,12.24,5
000988,深主板,1,1,2026-05-18,2026-05-18,2026-05-15,2026-05-20,170.88,2
000990,深主板,1,1,2026-01-23,2026-01-23,2026-01-22,2026-01-28,9.52,3
000990,深主板,1,1,2026-03-12,2026-03-12,2026-03-11,2026-03-19,11.28,5
000990,深主板,1,1,2026-03-18,2026-03-18,2026-03-17,2026-03-19,11.28,1
000990,深主板,2,1,2026-04-07,2026-04-09,2026-04-03,2026-04-13,11.07,2
000990,深主板,1,1,2026-04-22,2026-04-22,2026-04-21,2026-04-29,13.42,5
000993,深主板,1,1,2026-02-27,2026-02-27,2026-02-26,2026-03-05,15.15,4
000993,深主板,1,1,2026-03-25,2026-03-25,2026-03-24,2026-03-26,17.27,1
000993,深主板,1,1,2026-03-31,2026-03-31,2026-03-30,2026-04-01,16.0,1
000993,深主板,1,1,2026-05-13,2026-05-13,2026-05-12,2026-05-14,14.47,1
000995,深主板,4,4,2026-01-29,2026-02-03,2026-01-28,2026-02-04,21.2,1
001202,深主板,2,2,2026-01-12,2026-01-13,2026-01-09,2026-01-19,20.06,4
001202,深主板,2,2,2026-01-21,2026-01-22,2026-01-20,2026-01-23,24.38,1
001203,深主板,2,1,2026-01-21,2026-01-23,2026-01-20,2026-01-26,34.98,1
001203,深主板,1,1,2026-02-25,2026-02-25,2026-02-24,2026-02-26,43.82,1
001203,深主板,1,1,2026-03-24,2026-03-24,2026-03-23,2026-03-27,44.8,3
001203,深主板,1,1,2026-04-13,2026-04-13,2026-04-10,2026-04-17,49.38,4
001203,深主板,1,1,2026-04-16,2026-04-16,2026-04-15,2026-04-17,49.38,1
001203,深主板,1,1,2026-04-29,2026-04-29,2026-04-28,2026-04-30,54.65,1
001207,深主板,1,1,2026-01-16,2026-01-16,2026-01-15,2026-01-26,20.189,6
001207,深主板,1,1,2026-03-11,2026-03-11,2026-03-10,2026-03-12,24.107,1
001207,深主板,1,1,2026-05-11,2026-05-11,2026-05-08,2026-05-18,21.9,5
001208,深主板,1,1,2026-01-08,2026-01-08,2026-01-07,2026-01-12,31.9,2
001208,深主板,1,1,2026-04-15,2026-04-15,2026-04-14,2026-04-20,23.0,3
001209,深主板,3,3,2026-02-25,2026-02-27,2026-02-24,2026-03-02,34.99,1
001210,深主板,1,1,2026-01-06,2026-01-06,2026-01-05,2026-01-08,21.99,2
001210,深主板,2,2,2026-05-13,2026-05-14,2026-05-12,2026-05-20,31.35,4
001211,深主板,1,1,2026-04-10,2026-04-10,2026-04-09,2026-05-06,43.7,15
001211,深主板,2,2,2026-04-24,2026-04-27,2026-04-23,2026-05-20,61.66,14
001211,深主板,2,2,2026-05-11,2026-05-12,2026-05-08,2026-05-20,61.66,6
001212,深主板,1,1,2026-01-15,2026-01-15,2026-01-14,2026-01-26,56.3,7
001215,深主板,1,1,2026-01-08,2026-01-08,2026-01-07,2026-01-09,47.7,1
001215,深主板,1,1,2026-04-23,2026-04-23,2026-04-22,2026-04-29,49.2,4
001215,深主板,1,1,2026-04-30,2026-04-30,2026-04-29,2026-05-11,49.8,4
001216,深主板,1,1,2026-02-27,2026-02-27,2026-02-26,2026-03-02,21.3,1
001216,深主板,1,1,2026-03-06,2026-03-06,2026-03-05,2026-03-11,22.59,3
001217,深主板,2,1,2026-02-09,2026-02-11,2026-02-06,2026-02-12,16.49,1
001218,深主板,1,1,2026-04-30,2026-04-30,2026-04-29,2026-05-06,29.29,1
001221,深主板,1,1,2026-05-11,2026-05-11,2026-05-08,2026-05-12,65.49,1
001223,深主板,1,1,2026-01-06,2026-01-06,2026-01-05,2026-01-19,58.9,9
001223,深主板,1,1,2026-01-23,2026-01-23,2026-01-22,2026-01-26,63.5,1
001223,深主板,1,1,2026-02-04,2026-02-04,2026-02-03,2026-02-05,61.48,1
001223,深主板,2,2,2026-05-13,2026-05-14,2026-05-12,2026-05-15,73.49,1
001225,深主板,1,1,2026-01-06,2026-01-06,2026-01-05,2026-01-13,89.05,5
001225,深主板,1,1,2026-01-12,2026-01-12,2026-01-09,2026-01-13,89.05,1
001225,深主板,1,1,2026-05-21,2026-05-21,2026-05-20,2026-05-21,53.76,0
001228,深主板,1,1,2026-01-14,2026-01-14,2026-01-13,2026-01-15,31.49,1
001229,深主板,1,1,2026-04-20,2026-04-20,2026-04-17,2026-04-21,40.28,1
001230,深主板,1,1,2026-04-16,2026-04-16,2026-04-15,2026-04-20,28.76,2
001231,深主板,1,1,2026-01-06,2026-01-06,2026-01-05,2026-01-07,28.21,1
001233,深主板,1,1,2026-01-16,2026-01-16,2026-01-15,2026-01-27,90.28,7
001234,深主板,3,3,2026-04-22,2026-04-24,2026-04-21,2026-04-27,38.3,1
001239,深主板,1,1,2026-03-31,2026-03-31,2026-03-30,2026-04-01,15.86,1
001255,深主板,1,1,2026-01-06,2026-01-06,2026-01-05,2026-01-19,58.97,9
001255,深主板,5,5,2026-01-12,2026-01-16,2026-01-09,2026-01-19,58.97,1
001258,深主板,1,1,2026-03-09,2026-03-09,2026-03-06,2026-03-12,10.38,3
001258,深主板,2,1,2026-03-19,2026-03-23,2026-03-18,2026-03-25,12.33,2
001258,深主板,1,1,2026-05-18,2026-05-18,2026-05-15,2026-05-19,11.18,1
001259,深主板,8,8,2026-05-11,2026-05-20,2026-05-08,2026-05-21,88.58,1
001260,深主板,2,1,2026-01-13,2026-01-15,2026-01-12,2026-01-20,26.3,3
001260,深主板,1,1,2026-03-12,2026-03-12,2026-03-11,2026-03-13,26.98,1
001266,深主板,1,1,2026-02-09,2026-02-09,2026-02-06,2026-02-10,37.48,1
001266,深主板,2,2,2026-04-28,2026-04-29,2026-04-27,2026-05-07,45.55,3
001266,深主板,1,1,2026-05-20,2026-05-20,2026-05-19,2026-05-21,54.66,1
001267,深主板,1,1,2026-01-27,2026-01-27,2026-01-26,2026-01-30,30.097,3
001267,深主板,1,1,2026-02-11,2026-02-11,2026-02-10,2026-02-13,31.387,2
001267,深主板,1,1,2026-03-02,2026-03-02,2026-02-27,2026-03-11,49.887,7
001267,深主板,1,1,2026-03-05,2026-03-05,2026-03-04,2026-03-11,49.887,4
001267,深主板,1,1,2026-03-10,2026-03-10,2026-03-09,2026-03-11,49.887,1
001267,深主板,1,1,2026-04-08,2026-04-08,2026-04-07,2026-04-09,45.757,1
001267,深主板,1,1,2026-04-23,2026-04-23,2026-04-22,2026-05-11,65.937,9
001267,深主板,1,1,2026-05-08,2026-05-08,2026-05-07,2026-05-14,69.717,4
001267,深主板,1,1,2026-05-14,2026-05-14,2026-05-13,2026-05-18,69.03,2
001268,深主板,1,1,2026-04-16,2026-04-16,2026-04-15,2026-04-22,38.75,4
001268,深主板,1,1,2026-04-21,2026-04-21,2026-04-20,2026-04-22,38.75,1
001268,深主板,1,1,2026-04-30,2026-04-30,2026-04-29,2026-05-11,42.38,4
001269,深主板,1,1,2026-03-03,2026-03-03,2026-03-02,2026-03-05,26.2,2
001269,深主板,1,1,2026-04-10,2026-04-10,2026-04-09,2026-04-13,25.38,1
001269,深主板,1,1,2026-05-20,2026-05-20,2026-05-19,2026-05-21,26.03,1
001277,深主板,1,1,2026-01-26,2026-01-26,2026-01-23,2026-01-27,49.658,1
001278,深主板,1,1,2026-01-19,2026-01-19,2026-01-16,2026-01-20,22.68,1
001278,深主板,1,1,2026-03-16,2026-03-16,2026-03-13,2026-03-17,25.7,1
001282,深主板,1,1,2026-03-04,2026-03-04,2026-03-03,2026-03-05,26.24,1
001283,深主板,1,1,2026-03-20,2026-03-20,2026-03-19,2026-03-26,73.97,4
001287,深主板,1,1,2026-03-18,2026-03-18,2026-03-17,2026-03-25,26.83,5
001287,深主板,1,1,2026-04-08,2026-04-08,2026-04-07,2026-04-20,28.18,8
001288,深主板,2,1,2026-01-22,2026-01-26,2026-01-21,2026-01-28,40.703,2
001298,深主板,1,1,2026-04-28,2026-04-28,2026-04-27,2026-05-08,25.28,5
001299,深主板,1,1,2026-03-03,2026-03-03,2026-03-02,2026-03-04,12.288,1
001299,深主板,3,3,2026-04-10,2026-04-14,2026-04-09,2026-04-15,14.285,1
001309,深主板,1,1,2026-03-04,2026-03-04,2026-03-03,2026-03-25,378.0,15
001309,深主板,1,1,2026-03-16,2026-03-16,2026-03-13,2026-03-18,374.0,2
001309,深主板,1,1,2026-04-10,2026-04-10,2026-04-09,2026-04-16,529.98,4
001309,深主板,1,1,2026-05-13,2026-05-13,2026-05-12,2026-05-15,759.99,2
001311,深主板,1,1,2026-01-27,2026-01-27,2026-01-26,2026-01-28,46.9,1
001313,深主板,1,1,2026-03-27,2026-03-27,2026-03-26,2026-04-02,8.31,4
001313,深主板,1,1,2026-05-13,2026-05-13,2026-05-12,2026-05-20,9.79,5
001313,深主板,1,1,2026-05-20,2026-05-20,2026-05-19,2026-05-21,9.76,1
001314,深主板,1,1,2026-04-23,2026-04-23,2026-04-22,2026-04-29,51.96,4
001316,深主板,2,2,2026-01-22,2026-01-23,2026-01-21,2026-01-26,37.9,1
001316,深主板,1,1,2026-01-29,2026-01-29,2026-01-28,2026-02-05,45.14,5
001316,深主板,1,1,2026-02-03,2026-02-03,2026-02-02,2026-02-05,45.14,2
001316,深主板,1,1,2026-03-25,2026-03-25,2026-03-24,2026-03-26,35.26,1
001316,深主板,1,1,2026-04-30,2026-04-30,2026-04-29,2026-05-11,45.1,4
001326,深主板,1,1,2026-02-02,2026-02-02,2026-01-30,2026-02-11,64.36,7
001326,深主板,1,1,2026-02-09,2026-02-09,2026-02-06,2026-02-11,64.36,2
001326,深主板,1,1,2026-03-06,2026-03-06,2026-03-05,2026-03-11,68.68,3
001326,深主板,1,1,2026-05-19,2026-05-19,2026-05-18,2026-05-21,72.39,2
001330,深主板,1,1,2026-01-13,2026-01-13,2026-01-12,2026-01-14,10.0,1
001330,深主板,2,2,2026-02-09,2026-02-10,2026-02-06,2026-02-11,13.72,1
001330,深主板,1,1,2026-04-17,2026-04-17,2026-04-16,2026-04-21,9.2,2
001331,深主板,1,1,2026-01-07,2026-01-07,2026-01-06,2026-01-09,65.0,2
001331,深主板,1,1,2026-01-19,2026-01-19,2026-01-16,2026-01-26,61.78,5
001331,深主板,1,1,2026-05-11,2026-05-11,2026-05-08,2026-05-12,58.48,1
001332,深主板,1,1,2026-01-06,2026-01-06,2026-01-05,2026-01-09,64.66,3
001332,深主板,1,1,2026-03-10,2026-03-10,2026-03-09,2026-03-11,68.18,1
001332,深主板,1,1,2026-04-27,2026-04-27,2026-04-24,2026-04-28,65.88,1
001333,深主板,1,1,2026-05-08,2026-05-08,2026-05-07,2026-05-18,27.8,6
001333,深主板,1,1,2026-05-15,2026-05-15,2026-05-14,2026-05-18,27.8,1
001336,深主板,1,1,2026-04-29,2026-04-29,2026-04-28,2026-05-13,30.78,7
001337,深主板,8,5,2026-01-15,2026-01-29,2026-01-14,2026-01-30,65.68,1
001337,深主板,1,1,2026-03-02,2026-03-02,2026-02-27,2026-03-09,62.3,5
001337,深主板,1,1,2026-04-08,2026-04-08,2026-04-07,2026-04-09,51.15,1
001339,深主板,1,1,2026-02-26,2026-02-26,2026-02-25,2026-03-03,68.43,3
001339,深主板,1,1,2026-03-09,2026-03-09,2026-03-06,2026-03-10,80.0,1
001339,深主板,1,1,2026-04-24,2026-04-24,2026-04-23,2026-05-20,119.9,15
001358,深主板,1,1,2026-04-28,2026-04-28,2026-04-27,2026-05-11,31.1,6
001359,深主板,1,1,2026-02-11,2026-02-11,2026-02-10,2026-02-26,85.44,5
001359,深主板,1,1,2026-05-12,2026-05-12,2026-05-11,2026-05-13,114.9,1
001360,深主板,1,1,2026-01-14,2026-01-14,2026-01-13,2026-01-26,29.69,8
001360,深主板,1,1,2026-01-21,2026-01-21,2026-01-20,2026-01-26,29.69,3
001360,深主板,1,1,2026-01-28,2026-01-28,2026-01-27,2026-01-29,30.98,1
001360,深主板,1,1,2026-02-06,2026-02-06,2026-02-05,2026-02-12,26.61,4
001366,深主板,1,1,2026-03-13,2026-03-13,2026-03-12,2026-03-16,17.34,1
001366,深主板,1,1,2026-04-20,2026-04-20,2026-04-17,2026-04-21,16.47,1
001367,深主板,1,1,2026-03-26,2026-03-26,2026-03-25,2026-03-27,26.414,1
001368,深主板,1,1,2026-02-02,2026-02-02,2026-01-30,2026-02-03,33.71,1
001369,深主板,1,1,2026-03-11,2026-03-11,2026-03-10,2026-03-18,20.55,5
001369,深主板,1,1,2026-03-17,2026-03-17,2026-03-16,2026-03-18,20.55,1
001373,深主板,1,1,2026-01-09,2026-01-09,2026-01-08,2026-01-15,40.69,4
001373,深主板,1,1,2026-01-22,2026-01-22,2026-01-21,2026-01-26,46.5,2
001376,深主板,2,1,2026-01-15,2026-01-19,2026-01-14,2026-01-30,25.22,9
001376,深主板,1,1,2026-01-22,2026-01-22,2026-01-21,2026-01-30,25.22,6
001376,深主板,2,2,2026-01-28,2026-01-29,2026-01-27,2026-01-30,25.22,1
001376,深主板,1,1,2026-02-11,2026-02-11,2026-02-10,2026-02-12,21.13,1
001376,深主板,1,1,2026-03-25,2026-03-25,2026-03-24,2026-03-26,18.13,1
001379,深主板,1,1,2026-01-22,2026-01-22,2026-01-21,2026-01-23,26.7,1
001386,深主板,1,1,2026-01-29,2026-01-29,2026-01-28,2026-02-06,27.28,6
001389,深主板,2,2,2026-01-21,2026-01-22,2026-01-20,2026-02-02,112.87,7
001389,深主板,1,1,2026-02-26,2026-02-26,2026-02-25,2026-03-02,120.8,2
001389,深主板,1,1,2026-03-10,2026-03-10,2026-03-09,2026-03-11,127.88,1
001389,深主板,1,1,2026-03-18,2026-03-18,2026-03-17,2026-03-19,120.08,1
001389,深主板,1,1,2026-04-08,2026-04-08,2026-04-07,2026-04-14,138.5,4
001389,深主板,1,1,2026-04-17,2026-04-17,2026-04-16,2026-04-24,185.22,5
001389,深主板,1,1,2026-05-11,2026-05-11,2026-05-08,2026-05-14,197.87,3
001396,深主板,1,1,2026-02-25,2026-02-25,2026-02-24,2026-02-26,61.44,1
001396,深主板,1,1,2026-03-04,2026-03-04,2026-03-03,2026-03-05,56.4,1
001396,深主板,1,1,2026-04-29,2026-04-29,2026-04-28,2026-05-11,55.78,5
001400,深主板,4,4,2026-01-06,2026-01-09,2026-01-05,2026-01-15,128.91,4
001400,深主板,1,1,2026-01-14,2026-01-14,2026-01-13,2026-01-20,131.44,4
001400,深主板,1,1,2026-01-23,2026-01-23,2026-01-22,2026-01-26,128.13,1
001400,深主板,1,1,2026-02-03,2026-02-03,2026-02-02,2026-02-04,121.61,1
001400,深主板,2,1,2026-02-26,2026-03-02,2026-02-25,2026-03-11,158.99,7
001400,深主板,2,1,2026-03-06,2026-03-10,2026-03-05,2026-03-11,158.99,1
001400,深主板,1,1,2026-03-18,2026-03-18,2026-03-17,2026-03-20,157.66,2
001400,深主板,1,1,2026-03-25,2026-03-25,2026-03-24,2026-04-01,183.0,5
001400,深主板,1,1,2026-03-30,2026-03-30,2026-03-27,2026-04-01,183.0,2
001400,深主板,2,2,2026-04-17,2026-04-20,2026-04-16,2026-04-22,221.98,2
001696,深主板,1,1,2026-03-06,2026-03-06,2026-03-05,2026-03-09,25.86,1
001896,深主板,1,1,2026-01-12,2026-01-12,2026-01-09,2026-01-13,6.61,1
001896,深主板,6,3,2026-02-11,2026-02-27,2026-02-10,2026-03-12,17.88,9
001896,深主板,1,1,2026-03-06,2026-03-06,2026-03-05,2026-03-12,17.88,4
001896,深主板,1,1,2026-03-27,2026-03-27,2026-03-26,2026-03-30,16.1,1
001896,深主板,1,1,2026-04-15,2026-04-15,2026-04-14,2026-04-21,18.85,4
001896,深主板,1,1,2026-04-20,2026-04-20,2026-04-17,2026-04-21,18.85,1
001896,深主板,2,1,2026-05-19,2026-05-21,2026-05-18,2026-05-21,16.37,0
002004,深主板,1,1,2026-01-14,2026-01-14,2026-01-13,2026-01-20,5.72,4
002008,深主板,1,1,2026-02-26,2026-02-26,2026-02-25,2026-03-02,75.68,2
002008,深主板,1,1,2026-04-08,2026-04-08,2026-04-07,2026-04-14,83.16,4
002008,深主板,1,1,2026-04-16,2026-04-16,2026-04-15,2026-04-28,110.76,8
002008,深主板,1,1,2026-04-23,2026-04-23,2026-04-22,2026-04-28,110.76,3
002008,深主板,3,1,2026-05-07,2026-05-13,2026-05-06,2026-05-14,156.3,1
002009,深主板,2,2,2026-01-26,2026-01-27,2026-01-23,2026-02-02,31.1,4
002009,深主板,1,1,2026-01-30,2026-01-30,2026-01-29,2026-02-04,32.63,3
002009,深主板,1,1,2026-02-06,2026-02-06,2026-02-05,2026-02-24,38.0,6
002009,深主板,1,1,2026-02-13,2026-02-13,2026-02-12,2026-02-24,38.0,1
002009,深主板,1,1,2026-05-08,2026-05-08,2026-05-07,2026-05-15,29.96,5
002012,深主板,1,1,2026-02-03,2026-02-03,2026-02-02,2026-02-04,7.4,1
002015,深主板,2,2,2026-02-06,2026-02-09,2026-02-05,2026-02-10,13.32,1
002015,深主板,1,1,2026-02-27,2026-02-27,2026-02-26,2026-03-13,22.99,10
002015,深主板,2,2,2026-03-06,2026-03-09,2026-03-05,2026-03-13,22.99,4
002015,深主板,1,1,2026-03-12,2026-03-12,2026-03-11,2026-03-13,22.99,1
002015,深主板,1,1,2026-05-13,2026-05-13,2026-05-12,2026-05-14,25.63,1
002017,深主板,2,2,2026-01-09,2026-01-12,2026-01-08,2026-01-14,29.99,2
002021,深主板,1,1,2026-01-19,2026-01-19,2026-01-16,2026-01-26,3.42,5
002021,深主板,1,1,2026-02-25,2026-02-25,2026-02-24,2026-02-27,3.89,2
002022,深主板,1,1,2026-01-26,2026-01-26,2026-01-23,2026-01-27,7.54,1
002023,深主板,1,1,2026-01-08,2026-01-08,2026-01-07,2026-01-09,15.84,1
002023,深主板,1,1,2026-04-14,2026-04-14,2026-04-13,2026-04-22,13.58,6
002025,深主板,2,1,2026-01-06,2026-01-08,2026-01-05,2026-01-12,72.33,2
002025,深主板,1,1,2026-03-10,2026-03-10,2026-03-09,2026-03-12,62.08,2
002025,深主板,2,1,2026-04-07,2026-04-09,2026-04-03,2026-04-15,82.58,4
002028,深主板,2,2,2026-01-16,2026-01-19,2026-01-15,2026-01-20,202.45,1
002029,深主板,1,1,2026-01-09,2026-01-09,2026-01-08,2026-01-13,14.85,2
002029,深主板,1,1,2026-04-27,2026-04-27,2026-04-24,2026-04-30,11.56,3
002030,深主板,2,2,2026-01-26,2026-01-27,2026-01-23,2026-01-28,8.2,1
002030,深主板,2,2,2026-05-08,2026-05-11,2026-05-07,2026-05-12,7.79,1
002030,深主板,1,1,2026-05-18,2026-05-18,2026-05-15,2026-05-20,7.2,2
002031,深主板,2,2,2026-05-07,2026-05-08,2026-05-06,2026-05-18,8.8,6
002031,深主板,1,1,2026-05-15,2026-05-15,2026-05-14,2026-05-18,8.8,1
002033,深主板,2,2,2026-04-15,2026-04-16,2026-04-14,2026-04-21,11.27,3
002034,深主板,1,1,2026-05-13,2026-05-13,2026-05-12,2026-05-15,23.8,2
002036,深主板,1,1,2026-01-06,2026-01-06,2026-01-05,2026-01-12,12.98,4
002036,深主板,1,1,2026-05-21,2026-05-21,2026-05-20,2026-05-21,9.36,0
002037,深主板,1,1,2026-04-07,2026-04-07,2026-04-03,2026-04-08,9.18,1
002038,深主板,3,2,2026-03-25,2026-03-30,2026-03-24,2026-04-03,9.4,4
002038,深主板,1,1,2026-04-02,2026-04-02,2026-04-01,2026-04-03,9.4,1
002038,深主板,1,1,2026-04-15,2026-04-15,2026-04-14,2026-04-16,8.53,1
002039,深主板,1,1,2026-04-09,2026-04-09,2026-04-08,2026-04-10,21.25,1
002040,深主板,2,2,2026-03-02,2026-03-03,2026-02-27,2026-03-04,12.41,1
002041,深主板,1,1,2026-01-30,2026-01-30,2026-01-29,2026-02-04,12.24,3
002042,深主板,1,1,2026-03-27,2026-03-27,2026-03-26,2026-04-01,4.49,3
002042,深主板,1,1,2026-04-08,2026-04-08,2026-04-07,2026-04-14,4.92,4
002044,深主板,4,4,2026-01-09,2026-01-14,2026-01-08,2026-01-15,8.88,1
002046,深主板,2,2,2026-01-09,2026-01-12,2026-01-08,2026-01-14,54.97,2
002046,深主板,1,1,2026-02-27,2026-02-27,2026-02-26,2026-03-02,55.52,1
002046,深主板,1,1,2026-04-08,2026-04-08,2026-04-07,2026-04-21,55.2,9
002048,深主板,1,1,2026-01-16,2026-01-16,2026-01-15,2026-01-21,36.49,3
002051,深主板,3,2,2026-04-02,2026-04-08,2026-04-01,2026-04-09,12.68,1
002051,深主板,2,2,2026-04-14,2026-04-15,2026-04-13,2026-04-21,12.27,4
002051,深主板,1,1,2026-05-07,2026-05-07,2026-05-06,2026-05-08,12.0,1
002054,深主板,1,1,2026-01-14,2026-01-14,2026-01-13,2026-01-15,9.34,1
002054,深主板,1,1,2026-01-27,2026-01-27,2026-01-26,2026-01-29,9.87,2
002054,深主板,2,2,2026-02-06,2026-02-09,2026-02-05,2026-02-12,11.38,3
002056,深主板,1,1,2026-03-13,2026-03-13,2026-03-12,2026-03-16,25.3,1
002062,深主板,1,1,2026-04-16,2026-04-16,2026-04-15,2026-04-22,9.57,4
002063,深主板,1,1,2026-03-06,2026-03-06,2026-03-05,2026-03-09,7.66,1
002066,深主板,1,1,2026-01-12,2026-01-12,2026-01-09,2026-01-13,21.09,1
002066,深主板,1,1,2026-05-11,2026-05-11,2026-05-08,2026-05-12,28.23,1
002066,深主板,1,1,2026-05-15,2026-05-15,2026-05-14,2026-05-21,28.0,4
002067,深主板,1,1,2026-05-19,2026-05-19,2026-05-18,2026-05-21,5.48,2
002068,深主板,1,1,2026-03-09,2026-03-09,2026-03-06,2026-03-16,11.03,5
002068,深主板,1,1,2026-03-27,2026-03-27,2026-03-26,2026-03-30,9.21,1
002072,深主板,1,1,2026-02-06,2026-02-06,2026-02-05,2026-02-10,8.32,2
002072,深主板,1,1,2026-05-20,2026-05-20,2026-05-19,2026-05-21,8.11,1
002074,深主板,1,1,2026-04-10,2026-04-10,2026-04-09,2026-04-22,41.49,8
002077,深主板,1,1,2026-01-21,2026-01-21,2026-01-20,2026-01-22,20.39,1
002079,深主板,1,1,2026-02-09,2026-02-09,2026-02-06,2026-02-10,12.3,1
002079,深主板,1,1,2026-04-29,2026-04-29,2026-04-28,2026-05-11,13.24,5
002080,深主板,1,1,2026-01-28,2026-01-28,2026-01-27,2026-01-29,44.88,1
002080,深主板,2,2,2026-02-11,2026-02-12,2026-02-10,2026-02-26,53.57,4
002080,深主板,1,1,2026-04-13,2026-04-13,2026-04-10,2026-04-14,51.93,1
002081,深主板,5,5,2026-04-17,2026-04-23,2026-04-16,2026-05-15,8.6,13
002081,深主板,4,3,2026-04-28,2026-05-07,2026-04-27,2026-05-13,8.46,4
002081,深主板,1,1,2026-05-12,2026-05-12,2026-05-11,2026-05-15,8.6,3
002082,深主板,1,1,2026-01-12,2026-01-12,2026-01-09,2026-01-13,17.6,1
002082,深主板,1,1,2026-02-10,2026-02-10,2026-02-09,2026-02-11,19.47,1
002082,深主板,1,1,2026-03-09,2026-03-09,2026-03-06,2026-03-10,19.79,1
002082,深主板,5,2,2026-03-24,2026-04-01,2026-03-23,2026-04-07,36.24,3
002083,深主板,1,1,2026-03-24,2026-03-24,2026-03-23,2026-03-30,12.53,4
002083,深主板,1,1,2026-04-01,2026-04-01,2026-03-31,2026-04-02,12.81,1
002083,深主板,1,1,2026-04-14,2026-04-14,2026-04-13,2026-04-15,13.75,1
002084,深主板,1,1,2026-03-13,2026-03-13,2026-03-12,2026-03-17,4.29,2
002086,深主板,1,1,2026-03-16,2026-03-16,2026-03-13,2026-03-17,2.67,1
002088,深主板,1,1,2026-01-12,2026-01-12,2026-01-09,2026-01-13,12.86,1
002088,深主板,1,1,2026-01-23,2026-01-23,2026-01-22,2026-01-26,13.93,1
002091,深主板,1,1,2026-05-08,2026-05-08,2026-05-07,2026-05-11,9.8,1
002092,深主板,1,1,2026-01-06,2026-01-06,2026-01-05,2026-01-07,5.83,1
002092,深主板,1,1,2026-03-11,2026-03-11,2026-03-10,2026-03-13,8.98,2
002092,深主板,1,1,2026-04-07,2026-04-07,2026-04-03,2026-04-09,6.78,2
002095,深主板,1,1,2026-02-26,2026-02-26,2026-02-25,2026-02-27,19.96,1
002099,深主板,2,2,2026-02-06,2026-02-09,2026-02-05,2026-02-10,9.09,1
002099,深主板,1,1,2026-02-26,2026-02-26,2026-02-25,2026-02-27,8.4,1
002103,深主板,1,1,2026-01-12,2026-01-12,2026-01-09,2026-01-13,10.57,1
002107,深主板,1,1,2026-04-09,2026-04-09,2026-04-08,2026-04-15,8.47,4
002107,深主板,1,1,2026-04-14,2026-04-14,2026-04-13,2026-04-15,8.47,1
002108,深主板,1,1,2026-04-17,2026-04-17,2026-04-16,2026-04-22,6.23,3
002108,深主板,1,1,2026-05-11,2026-05-11,2026-05-08,2026-05-12,6.43,1
002109,深主板,1,1,2026-03-02,2026-03-02,2026-02-27,2026-03-03,5.17,1
002109,深主板,1,1,2026-03-13,2026-03-13,2026-03-12,2026-03-16,5.5,1
002109,深主板,1,1,2026-03-19,2026-03-19,2026-03-18,2026-03-20,5.2,1
002109,深主板,1,1,2026-03-26,2026-03-26,2026-03-25,2026-03-30,5.22,2
002109,深主板,1,1,2026-04-07,2026-04-07,2026-04-03,2026-04-09,4.4,2
002111,深主板,1,1,2026-04-29,2026-04-29,2026-04-28,2026-05-08,11.67,4
002112,深主板,1,1,2026-01-07,2026-01-07,2026-01-06,2026-01-20,24.17,9
002112,深主板,4,3,2026-01-13,2026-01-19,2026-01-12,2026-01-26,25.68,5
002112,深主板,1,1,2026-01-23,2026-01-23,2026-01-22,2026-01-26,25.68,1
002112,深主板,2,2,2026-02-02,2026-02-03,2026-01-30,2026-02-09,26.5,4
002112,深主板,1,1,2026-02-06,2026-02-06,2026-02-05,2026-02-09,26.5,1
002112,深主板,1,1,2026-03-09,2026-03-09,2026-03-06,2026-03-10,28.55,1
002114,深主板,1,1,2026-01-15,2026-01-15,2026-01-14,2026-01-16,11.17,1
002114,深主板,1,1,2026-01-28,2026-01-28,2026-01-27,2026-01-29,11.96,1
002114,深主板,1,1,2026-02-25,2026-02-25,2026-02-24,2026-03-02,11.06,3
002114,深主板,1,1,2026-05-13,2026-05-13,2026-05-12,2026-05-14,10.01,1
002115,深主板,4,4,2026-01-09,2026-01-14,2026-01-08,2026-01-15,21.0,1
002115,深主板,1,1,2026-01-27,2026-01-27,2026-01-26,2026-01-29,16.45,2
002115,深主板,1,1,2026-04-27,2026-04-27,2026-04-24,2026-05-12,15.98,8
002119,深主板,2,2,2026-01-15,2026-01-16,2026-01-14,2026-01-20,25.77,2
002119,深主板,2,2,2026-01-27,2026-01-28,2026-01-26,2026-01-29,27.84,1
002119,深主板,1,1,2026-04-07,2026-04-07,2026-04-03,2026-04-08,22.32,1
002120,深主板,1,1,2026-04-27,2026-04-27,2026-04-24,2026-04-28,8.34,1
002121,深主板,1,1,2026-05-18,2026-05-18,2026-05-15,2026-05-19,7.6,1
002123,深主板,1,1,2026-05-19,2026-05-19,2026-05-18,2026-05-20,10.48,1
002124,深主板,3,3,2026-04-13,2026-04-15,2026-04-10,2026-04-20,3.28,3
002124,深主板,1,1,2026-05-11,2026-05-11,2026-05-08,2026-05-14,3.07,3
002124,深主板,1,1,2026-05-14,2026-05-14,2026-05-13,2026-05-15,3.07,1
002126,深主板,2,2,2026-02-03,2026-02-04,2026-02-02,2026-02-12,49.95,6
002126,深主板,1,1,2026-05-20,2026-05-20,2026-05-19,2026-05-21,62.0,1
002127,深主板,1,1,2026-04-24,2026-04-24,2026-04-23,2026-04-27,3.13,1
002129,深主板,1,1,2026-02-04,2026-02-04,2026-02-03,2026-02-10,11.86,4
002129,深主板,1,1,2026-02-09,2026-02-09,2026-02-06,2026-02-10,11.86,1
002130,深主板,1,1,2026-01-15,2026-01-15,2026-01-14,2026-01-26,34.28,7
002131,深主板,4,4,2026-01-09,2026-01-14,2026-01-08,2026-01-15,10.4,1
002131,深主板,1,1,2026-02-12,2026-02-12,2026-02-11,2026-02-27,9.77,5
002131,深主板,1,1,2026-04-08,2026-04-08,2026-04-07,2026-04-14,8.3,4
002132,深主板,1,1,2026-04-07,2026-04-07,2026-04-03,2026-04-20,4.75,9
002132,深主板,1,1,2026-05-08,2026-05-08,2026-05-07,2026-05-14,6.37,4
002134,深主板,1,1,2026-04-27,2026-04-27,2026-04-24,2026-05-13,32.23,9
002135,深主板,1,1,2026-01-13,2026-01-13,2026-01-12,2026-01-26,5.92,9
002135,深主板,1,1,2026-05-19,2026-05-19,2026-05-18,2026-05-20,9.19,1
002136,深主板,1,1,2026-04-29,2026-04-29,2026-04-28,2026-05-08,15.86,4
002137,深主板,1,1,2026-01-30,2026-01-30,2026-01-29,2026-02-02,10.5,1
002141,深主板,1,1,2026-01-22,2026-01-22,2026-01-21,2026-01-23,4.57,1
002141,深主板,1,1,2026-02-26,2026-02-26,2026-02-25,2026-02-27,4.46,1
002146,深主板,1,1,2026-01-07,2026-01-07,2026-01-06,2026-01-08,1.97,1
002149,深主板,2,2,2026-01-22,2026-01-23,2026-01-21,2026-02-04,57.98,8
002149,深主板,1,1,2026-03-26,2026-03-26,2026-03-25,2026-03-31,56.0,3
002149,深主板,1,1,2026-04-14,2026-04-14,2026-04-13,2026-04-23,66.91,7
002149,深主板,1,1,2026-04-20,2026-04-20,2026-04-17,2026-04-23,66.91,3
002149,深主板,1,1,2026-04-30,2026-04-30,2026-04-29,2026-05-12,78.87,5
002150,深主板,2,1,2026-01-23,2026-01-27,2026-01-22,2026-01-28,27.68,1
002150,深主板,1,1,2026-02-06,2026-02-06,2026-02-05,2026-02-11,29.88,3
002150,深主板,2,2,2026-03-11,2026-03-12,2026-03-10,2026-03-18,35.1,4
002150,深主板,1,1,2026-03-17,2026-03-17,2026-03-16,2026-03-23,38.37,4
002150,深主板,2,2,2026-03-20,2026-03-23,2026-03-19,2026-03-25,39.51,2
002150,深主板,1,1,2026-04-09,2026-04-09,2026-04-08,2026-04-10,34.88,1
002150,深主板,1,1,2026-05-19,2026-05-19,2026-05-18,2026-05-20,35.66,1
002151,深主板,1,1,2026-01-06,2026-01-06,2026-01-05,2026-01-12,66.9,4
002151,深主板,1,1,2026-01-12,2026-01-12,2026-01-09,2026-01-13,65.5,1
002153,深主板,2,2,2026-01-14,2026-01-15,2026-01-13,2026-01-19,16.764,2
002154,深主板,1,1,2026-04-27,2026-04-27,2026-04-24,2026-05-12,4.7,8
002155,深主板,5,4,2026-01-27,2026-02-03,2026-01-26,2026-02-04,39.5,1
002155,深主板,1,1,2026-02-06,2026-02-06,2026-02-05,2026-02-09,37.14,1
002155,深主板,2,2,2026-02-27,2026-03-02,2026-02-26,2026-03-03,43.67,1
002155,深主板,1,1,2026-04-08,2026-04-08,2026-04-07,2026-04-09,31.46,1
002156,深主板,1,1,2026-01-16,2026-01-16,2026-01-15,2026-01-22,59.2,4
002156,深主板,1,1,2026-01-21,2026-01-21,2026-01-20,2026-01-22,59.2,1
002157,深主板,1,1,2026-04-14,2026-04-14,2026-04-13,2026-04-15,3.6,1
002158,深主板,1,1,2026-04-30,2026-04-30,2026-04-29,2026-05-11,34.2,4
002158,深主板,1,1,2026-05-20,2026-05-20,2026-05-19,2026-05-21,36.24,1
002159,深主板,1,1,2026-02-10,2026-02-10,2026-02-09,2026-02-12,19.49,2
002160,深主板,1,1,2026-01-06,2026-01-06,2026-01-05,2026-01-07,6.15,1
002160,深主板,1,1,2026-01-28,2026-01-28,2026-01-27,2026-01-29,7.45,1
002160,深主板,1,1,2026-03-30,2026-03-30,2026-03-27,2026-03-31,5.79,1
002162,深主板,1,1,2026-01-09,2026-01-09,2026-01-08,2026-01-13,5.78,2
002162,深主板,1,1,2026-02-26,2026-02-26,2026-02-25,2026-03-05,6.45,5
002162,深主板,1,1,2026-03-04,2026-03-04,2026-03-03,2026-03-05,6.45,1
002163,深主板,1,1,2026-01-19,2026-01-19,2026-01-16,2026-01-20,18.55,1
002165,深主板,2,2,2026-01-20,2026-01-21,2026-01-19,2026-02-04,14.99,10
002165,深主板,1,1,2026-01-26,2026-01-26,2026-01-23,2026-02-04,14.99,7
002165,深主板,2,1,2026-01-30,2026-02-03,2026-01-29,2026-02-04,14.99,1
002165,深主板,1,1,2026-03-06,2026-03-06,2026-03-05,2026-03-16,13.35,6
002165,深主板,1,1,2026-03-13,2026-03-13,2026-03-12,2026-03-16,13.35,1
002165,深主板,1,1,2026-05-14,2026-05-14,2026-05-13,2026-05-15,10.23,1
002167,深主板,1,1,2026-02-27,2026-02-27,2026-02-26,2026-03-05,16.6,4
002167,深主板,1,1,2026-03-04,2026-03-04,2026-03-03,2026-03-05,16.6,1
002169,深主板,1,1,2026-01-28,2026-01-28,2026-01-27,2026-02-02,14.03,3
002169,深主板,1,1,2026-02-13,2026-02-13,2026-02-12,2026-02-26,16.56,3
002169,深主板,1,1,2026-05-20,2026-05-20,2026-05-19,2026-05-21,18.45,1
002171,深主板,1,1,2026-01-12,2026-01-12,2026-01-09,2026-01-13,15.9,1
002172,深主板,1,1,2026-01-13,2026-01-13,2026-01-12,2026-01-14,4.65,1
002173,深主板,4,4,2026-01-06,2026-01-09,2026-01-05,2026-01-13,38.31,2
002173,深主板,1,1,2026-05-19,2026-05-19,2026-05-18,2026-05-20,25.14,1
002174,深主板,1,1,2026-04-29,2026-04-29,2026-04-28,2026-05-08,11.07,4
002175,深主板,1,1,2026-03-11,2026-03-11,2026-03-10,2026-03-17,3.89,4
002175,深主板,2,2,2026-04-27,2026-04-28,2026-04-24,2026-04-30,2.75,1
002176,深主板,1,1,2026-02-25,2026-02-25,2026-02-24,2026-02-26,11.3,1
002176,深主板,1,1,2026-03-27,2026-03-27,2026-03-26,2026-03-30,11.09,1
002176,深主板,1,1,2026-04-24,2026-04-24,2026-04-23,2026-04-30,16.97,4
002176,深主板,1,1,2026-04-29,2026-04-29,2026-04-28,2026-04-30,16.97,1
002177,深主板,1,1,2026-01-06,2026-01-06,2026-01-05,2026-01-12,10.3,4
002177,深主板,1,1,2026-02-27,2026-02-27,2026-02-26,2026-03-03,9.7,2
002177,深主板,1,1,2026-03-11,2026-03-11,2026-03-10,2026-03-12,9.82,1
002177,深主板,1,1,2026-04-10,2026-04-10,2026-04-09,2026-04-13,8.25,1
002178,深主板,1,1,2026-03-04,2026-03-04,2026-03-03,2026-03-05,7.34,1
002178,深主板,1,1,2026-05-19,2026-05-19,2026-05-18,2026-05-20,6.08,1
002179,深主板,1,1,2026-05-11,2026-05-11,2026-05-08,2026-05-14,42.8,3
002181,深主板,3,2,2026-01-09,2026-01-14,2026-01-08,2026-01-22,12.6,6
002181,深主板,1,1,2026-01-20,2026-01-20,2026-01-19,2026-01-22,12.6,2
002181,深主板,1,1,2026-01-29,2026-01-29,2026-01-28,2026-01-30,12.78,1
002181,深主板,1,1,2026-02-10,2026-02-10,2026-02-09,2026-02-11,12.76,1
002181,深主板,2,2,2026-04-07,2026-04-08,2026-04-03,2026-04-09,14.26,1
002181,深主板,1,1,2026-04-27,2026-04-27,2026-04-24,2026-05-13,20.0,9
002181,深主板,1,1,2026-04-30,2026-04-30,2026-04-29,2026-05-07,19.77,2
002181,深主板,1,1,2026-05-15,2026-05-15,2026-05-14,2026-05-18,21.66,1
002182,深主板,1,1,2026-02-27,2026-02-27,2026-02-26,2026-03-02,23.14,1
002183,深主板,1,1,2026-01-22,2026-01-22,2026-01-21,2026-01-28,6.26,4
002183,深主板,1,1,2026-05-07,2026-05-07,2026-05-06,2026-05-14,7.93,5
002183,深主板,1,1,2026-05-13,2026-05-13,2026-05-12,2026-05-14,7.93,1
002185,深主板,1,1,2026-01-21,2026-01-21,2026-01-20,2026-01-29,16.0,6
002185,深主板,1,1,2026-01-27,2026-01-27,2026-01-26,2026-01-29,16.0,2
002187,深主板,1,1,2026-01-09,2026-01-09,2026-01-08,2026-01-13,9.31,2
002187,深主板,1,1,2026-01-19,2026-01-19,2026-01-16,2026-01-20,9.59,1
002188,深主板,1,1,2026-04-08,2026-04-08,2026-04-07,2026-04-13,6.87,3
002190,深主板,1,1,2026-05-12,2026-05-12,2026-05-11,2026-05-13,36.38,1
002192,深主板,4,4,2026-03-24,2026-03-27,2026-03-23,2026-03-30,84.44,1
002192,深主板,1,1,2026-04-24,2026-04-24,2026-04-23,2026-05-06,115.0,5
002192,深主板,2,2,2026-04-29,2026-04-30,2026-04-28,2026-05-06,115.0,1
002193,深主板,1,1,2026-04-07,2026-04-07,2026-04-03,2026-04-14,6.81,5
002194,深主板,1,1,2026-01-14,2026-01-14,2026-01-13,2026-01-15,14.69,1
002194,深主板,1,1,2026-04-22,2026-04-22,2026-04-21,2026-04-23,12.99,1
002194,深主板,1,1,2026-05-07,2026-05-07,2026-05-06,2026-05-13,13.27,4
002195,深主板,5,3,2026-01-06,2026-01-14,2026-01-05,2026-01-15,12.19,1
002195,深主板,1,1,2026-03-05,2026-03-05,2026-03-04,2026-03-06,11.05,1
002196,深主板,1,1,2026-01-16,2026-01-16,2026-01-15,2026-01-22,19.6,4
002196,深主板,1,1,2026-01-21,2026-01-21,2026-01-20,2026-01-22,19.6,1
002196,深主板,1,1,2026-05-15,2026-05-15,2026-05-14,2026-05-19,17.77,2
002197,深主板,1,1,2026-01-06,2026-01-06,2026-01-05,2026-01-14,11.29,6
002201,深主板,1,1,2026-01-08,2026-01-08,2026-01-07,2026-01-21,14.93,9
002201,深主板,1,1,2026-01-14,2026-01-14,2026-01-13,2026-01-26,16.28,8
002201,深主板,4,2,2026-01-19,2026-01-26,2026-01-16,2026-01-28,15.98,2
002201,深主板,2,2,2026-04-21,2026-04-22,2026-04-20,2026-04-23,16.85,1
002202,深主板,5,5,2026-01-06,2026-01-12,2026-01-05,2026-01-13,37.03,1
002202,深主板,1,1,2026-01-23,2026-01-23,2026-01-22,2026-01-26,30.53,1
002203,深主板,1,1,2026-01-09,2026-01-09,2026-01-08,2026-01-14,16.49,3
002203,深主板,1,1,2026-04-17,2026-04-17,2026-04-16,2026-04-22,18.67,3
002207,深主板,1,1,2026-01-13,2026-01-13,2026-01-12,2026-01-14,9.92,1
002207,深主板,2,2,2026-01-28,2026-01-29,2026-01-27,2026-01-30,12.3,1
002207,深主板,1,1,2026-02-06,2026-02-06,2026-02-05,2026-02-10,11.45,2
002207,深主板,3,3,2026-03-02,2026-03-04,2026-02-27,2026-03-05,16.01,1
002208,深主板,2,1,2026-01-16,2026-01-20,2026-01-15,2026-01-21,16.72,1
002208,深主板,1,1,2026-02-12,2026-02-12,2026-02-11,2026-02-24,17.08,2
002208,深主板,5,3,2026-05-12,2026-05-19,2026-05-11,2026-05-20,26.36,1
002209,深主板,1,1,2026-04-16,2026-04-16,2026-04-15,2026-04-22,17.51,4
002210,深主板,3,3,2026-04-27,2026-04-29,2026-04-24,2026-05-08,3.43,4
002213,深主板,2,2,2026-04-08,2026-04-09,2026-04-07,2026-04-17,39.45,6
002213,深主板,2,1,2026-04-14,2026-04-16,2026-04-13,2026-04-17,39.45,1
002216,深主板,1,1,2026-02-27,2026-02-27,2026-02-26,2026-03-02,13.27,1
002217,深主板,1,1,2026-04-08,2026-04-08,2026-04-07,2026-04-09,2.62,1
002217,深主板,2,2,2026-04-17,2026-04-20,2026-04-16,2026-04-21,3.16,1
002217,深主板,1,1,2026-04-27,2026-04-27,2026-04-24,2026-05-11,3.76,7
002217,深主板,1,1,2026-05-07,2026-05-07,2026-05-06,2026-05-11,3.76,2
002218,深主板,2,2,2026-01-14,2026-01-15,2026-01-13,2026-01-16,6.16,1
002218,深主板,3,3,2026-01-23,2026-01-27,2026-01-22,2026-01-28,7.27,1
002218,深主板,1,1,2026-02-04,2026-02-04,2026-02-03,2026-02-10,8.18,4
002218,深主板,1,1,2026-02-09,2026-02-09,2026-02-06,2026-02-10,8.18,1
002218,深主板,2,2,2026-03-23,2026-03-24,2026-03-20,2026-03-25,7.73,1
002218,深主板,1,1,2026-03-31,2026-03-31,2026-03-30,2026-04-01,6.88,1
002218,深主板,1,1,2026-04-28,2026-04-28,2026-04-27,2026-05-14,6.46,9
002219,深主板,2,2,2026-01-13,2026-01-14,2026-01-12,2026-01-15,2.97,1
002219,深主板,1,1,2026-01-19,2026-01-19,2026-01-16,2026-01-23,2.58,4
002222,深主板,1,1,2026-03-24,2026-03-24,2026-03-23,2026-03-30,71.94,4
002222,深主板,1,1,2026-03-30,2026-03-30,2026-03-27,2026-04-13,87.86,9
002222,深主板,1,1,2026-04-03,2026-04-03,2026-04-02,2026-04-22,100.6,12
002222,深主板,1,1,2026-05-08,2026-05-08,2026-05-07,2026-05-14,124.6,4
002226,深主板,1,1,2026-05-19,2026-05-19,2026-05-18,2026-05-20,6.63,1
002227,深主板,1,1,2026-03-06,2026-03-06,2026-03-05,2026-03-09,10.68,1
002229,深主板,1,1,2026-03-09,2026-03-09,2026-03-06,2026-03-11,18.69,2
002229,深主板,1,1,2026-04-14,2026-04-14,2026-04-13,2026-04-16,20.18,2
002235,深主板,1,1,2026-01-14,2026-01-14,2026-01-13,2026-01-15,12.04,1
002235,深主板,1,1,2026-03-05,2026-03-05,2026-03-04,2026-03-11,11.28,4
002235,深主板,1,1,2026-03-16,2026-03-16,2026-03-13,2026-03-17,11.65,1
002235,深主板,1,1,2026-04-30,2026-04-30,2026-04-29,2026-05-11,12.68,4
002237,深主板,2,1,2026-01-26,2026-01-28,2026-01-23,2026-01-29,23.56,1
002237,深主板,1,1,2026-04-16,2026-04-16,2026-04-15,2026-04-22,18.74,4
002238,深主板,1,1,2026-02-03,2026-02-03,2026-02-02,2026-02-05,9.91,2
002240,深主板,1,1,2026-01-21,2026-01-21,2026-01-20,2026-01-26,42.8,3
002240,深主板,1,1,2026-03-27,2026-03-27,2026-03-26,2026-03-30,44.0,1
002240,深主板,1,1,2026-04-13,2026-04-13,2026-04-10,2026-04-17,51.47,4
002240,深主板,1,1,2026-04-24,2026-04-24,2026-04-23,2026-05-06,63.13,5
002240,深主板,1,1,2026-04-30,2026-04-30,2026-04-29,2026-05-06,63.13,1
002242,深主板,1,1,2026-04-20,2026-04-20,2026-04-17,2026-04-24,12.4,4
002242,深主板,1,1,2026-04-23,2026-04-23,2026-04-22,2026-04-24,12.4,1
002246,深主板,1,1,2026-05-19,2026-05-19,2026-05-18,2026-05-20,27.18,1
002248,深主板,1,1,2026-01-08,2026-01-08,2026-01-07,2026-01-14,13.6,4
002248,深主板,1,1,2026-02-12,2026-02-12,2026-02-11,2026-02-27,14.87,5
002248,深主板,1,1,2026-03-11,2026-03-11,2026-03-10,2026-03-12,15.27,1
002250,深主板,1,1,2026-01-08,2026-01-08,2026-01-07,2026-01-15,18.5,5
002254,深主板,1,1,2026-02-11,2026-02-11,2026-02-10,2026-02-12,13.98,1
002254,深主板,1,1,2026-03-12,2026-03-12,2026-03-11,2026-03-13,13.6,1
002254,深主板,2,1,2026-05-12,2026-05-14,2026-05-11,2026-05-20,15.63,4
002256,深主板,1,1,2026-03-17,2026-03-17,2026-03-16,2026-03-25,5.04,6
002256,深主板,1,1,2026-03-20,2026-03-20,2026-03-19,2026-03-25,5.04,3
002256,深主板,1,1,2026-04-22,2026-04-22,2026-04-21,2026-05-11,5.75,10
002256,深主板,1,1,2026-05-08,2026-05-08,2026-05-07,2026-05-11,5.75,1
002258,深主板,1,1,2026-01-19,2026-01-19,2026-01-16,2026-01-22,17.5,3
002259,深主板,1,1,2026-01-29,2026-01-29,2026-01-28,2026-02-06,6.41,6
002259,深主板,1,1,2026-04-17,2026-04-17,2026-04-16,2026-04-23,6.26,4
002259,深主板,1,1,2026-05-08,2026-05-08,2026-05-07,2026-05-12,6.12,2
002261,深主板,1,1,2026-02-27,2026-02-27,2026-02-26,2026-03-10,44.06,7
002261,深主板,2,2,2026-03-06,2026-03-09,2026-03-05,2026-03-10,44.06,1
002263,深主板,4,2,2026-03-26,2026-04-02,2026-03-25,2026-04-03,5.18,1
002263,深主板,1,1,2026-04-10,2026-04-10,2026-04-09,2026-04-17,5.35,5
002263,深主板,1,1,2026-04-16,2026-04-16,2026-04-15,2026-04-17,5.35,1
002264,深主板,2,2,2026-01-14,2026-01-15,2026-01-13,2026-01-16,11.45,1
002264,深主板,1,1,2026-02-05,2026-02-05,2026-02-04,2026-02-06,12.43,1
002265,深主板,1,1,2026-03-24,2026-03-24,2026-03-23,2026-03-30,27.33,4
002265,深主板,1,1,2026-03-27,2026-03-27,2026-03-26,2026-03-30,27.33,1
002266,深主板,1,1,2026-01-22,2026-01-22,2026-01-21,2026-01-29,5.61,5
002267,深主板,1,1,2026-03-03,2026-03-03,2026-03-02,2026-03-04,9.14,1
002268,深主板,1,1,2026-01-12,2026-01-12,2026-01-09,2026-01-13,23.59,1
002269,深主板,1,1,2026-04-01,2026-04-01,2026-03-31,2026-04-02,1.81,1
002270,深主板,1,1,2026-01-19,2026-01-19,2026-01-16,2026-01-20,35.26,1
002270,深主板,1,1,2026-02-11,2026-02-11,2026-02-10,2026-03-06,37.8,11
002272,深主板,1,1,2026-02-09,2026-02-09,2026-02-06,2026-03-05,22.6,12
002272,深主板,1,1,2026-02-12,2026-02-12,2026-02-11,2026-03-05,22.6,9
002272,深主板,1,1,2026-02-26,2026-02-26,2026-02-25,2026-03-05,22.6,5
002272,深主板,1,1,2026-03-04,2026-03-04,2026-03-03,2026-03-05,22.6,1
002272,深主板,1,1,2026-03-27,2026-03-27,2026-03-26,2026-03-30,18.68,1
002272,深主板,3,3,2026-05-18,2026-05-20,2026-05-15,2026-05-21,24.85,1
002273,深主板,1,1,2026-04-08,2026-04-08,2026-04-07,2026-04-13,31.34,3
002274,深主板,1,1,2026-04-07,2026-04-07,2026-04-03,2026-04-09,6.48,2
002277,深主板,1,1,2026-01-07,2026-01-07,2026-01-06,2026-01-08,8.64,1
002277,深主板,1,1,2026-05-14,2026-05-14,2026-05-13,2026-05-21,6.99,5
002278,深主板,1,1,2026-01-09,2026-01-09,2026-01-08,2026-01-13,15.88,2
002278,深主板,1,1,2026-02-04,2026-02-04,2026-02-03,2026-02-05,14.5,1
002278,深主板,1,1,2026-03-16,2026-03-16,2026-03-13,2026-03-17,13.88,1
002279,深主板,1,1,2026-01-08,2026-01-08,2026-01-07,2026-01-14,10.3,4
002279,深主板,2,2,2026-01-21,2026-01-22,2026-01-20,2026-01-29,11.31,5
002281,深主板,1,1,2026-01-14,2026-01-14,2026-01-13,2026-01-15,80.99,1
002281,深主板,1,1,2026-03-10,2026-03-10,2026-03-09,2026-03-12,100.64,2
002281,深主板,1,1,2026-04-09,2026-04-09,2026-04-08,2026-04-13,115.88,2
002281,深主板,1,1,2026-04-17,2026-04-17,2026-04-16,2026-05-12,208.8,14
002281,深主板,2,2,2026-05-08,2026-05-11,2026-05-07,2026-05-20,246.8,7
002281,深主板,1,1,2026-05-19,2026-05-19,2026-05-18,2026-05-20,246.8,1
002283,深主板,1,1,2026-01-22,2026-01-22,2026-01-21,2026-01-23,7.31,1
002283,深主板,1,1,2026-02-26,2026-02-26,2026-02-25,2026-02-27,11.16,1
002283,深主板,1,1,2026-05-13,2026-05-13,2026-05-12,2026-05-14,13.24,1
002285,深主板,1,1,2026-03-17,2026-03-17,2026-03-16,2026-03-19,3.67,2
002286,深主板,1,1,2026-01-06,2026-01-06,2026-01-05,2026-01-07,9.99,1
002286,深主板,1,1,2026-02-04,2026-02-04,2026-02-03,2026-02-06,10.83,2
002286,深主板,1,1,2026-02-26,2026-02-26,2026-02-25,2026-02-27,11.26,1
002290,深主板,1,1,2026-01-14,2026-01-14,2026-01-13,2026-01-22,68.62,6
002290,深主板,1,1,2026-01-21,2026-01-21,2026-01-20,2026-01-22,68.62,1
002290,深主板,1,1,2026-03-10,2026-03-10,2026-03-09,2026-03-11,68.58,1
002290,深主板,1,1,2026-04-24,2026-04-24,2026-04-23,2026-05-14,108.91,11
002290,深主板,1,1,2026-05-13,2026-05-13,2026-05-12,2026-05-14,108.91,1
002291,深主板,1,1,2026-01-20,2026-01-20,2026-01-19,2026-02-05,9.04,12
002291,深主板,1,1,2026-01-27,2026-01-27,2026-01-26,2026-02-05,9.04,7
002291,深主板,1,1,2026-02-02,2026-02-02,2026-01-30,2026-02-05,9.04,3
002291,深主板,1,1,2026-02-05,2026-02-05,2026-02-04,2026-02-09,9.0,2
002292,深主板,1,1,2026-02-10,2026-02-10,2026-02-09,2026-02-11,10.8,1
002294,深主板,1,1,2026-03-10,2026-03-10,2026-03-09,2026-03-18,59.98,6
002294,深主板,1,1,2026-03-27,2026-03-27,2026-03-26,2026-04-02,70.99,4
002296,深主板,1,1,2026-01-09,2026-01-09,2026-01-08,2026-01-12,13.48,1
002296,深主板,1,1,2026-02-09,2026-02-09,2026-02-06,2026-02-11,14.7,2
002297,深主板,1,1,2026-01-22,2026-01-22,2026-01-21,2026-01-23,13.0,1
002297,深主板,6,6,2026-04-13,2026-04-20,2026-04-10,2026-04-24,22.45,4
002297,深主板,1,1,2026-04-28,2026-04-28,2026-04-27,2026-05-06,26.0,3
002298,深主板,1,1,2026-03-10,2026-03-10,2026-03-09,2026-03-11,13.6,1
002298,深主板,1,1,2026-05-07,2026-05-07,2026-05-06,2026-05-11,11.86,2
002300,深主板,1,1,2026-02-04,2026-02-04,2026-02-03,2026-02-05,9.66,1
002300,深主板,1,1,2026-03-09,2026-03-09,2026-03-06,2026-03-10,12.45,1
002300,深主板,1,1,2026-04-20,2026-04-20,2026-04-17,2026-04-23,10.89,3
002300,深主板,1,1,2026-05-12,2026-05-12,2026-05-11,2026-05-13,11.73,1
002301,深主板,1,1,2026-04-23,2026-04-23,2026-04-22,2026-04-24,7.54,1
002302,深主板,1,1,2026-02-10,2026-02-10,2026-02-09,2026-02-12,6.77,2
002304,深主板,1,1,2026-01-29,2026-01-29,2026-01-28,2026-01-30,58.8,1
002309,深主板,1,1,2026-02-09,2026-02-09,2026-02-06,2026-02-10,3.58,1
002309,深主板,4,4,2026-03-20,2026-03-25,2026-03-19,2026-03-26,5.3,1
002309,深主板,1,1,2026-03-30,2026-03-30,2026-03-27,2026-04-07,5.43,5
002309,深主板,1,1,2026-04-02,2026-04-02,2026-04-01,2026-04-07,5.43,2
002309,深主板,1,1,2026-04-20,2026-04-20,2026-04-17,2026-04-21,4.55,1
002309,深主板,1,1,2026-05-14,2026-05-14,2026-05-13,2026-05-15,5.34,1
002310,深主板,1,1,2026-01-14,2026-01-14,2026-01-13,2026-01-15,2.68,1
002310,深主板,1,1,2026-03-16,2026-03-16,2026-03-13,2026-03-30,4.11,10
002310,深主板,3,3,2026-03-19,2026-03-23,2026-03-18,2026-03-30,4.11,5
002310,深主板,1,1,2026-03-27,2026-03-27,2026-03-26,2026-03-30,4.11,1
002310,深主板,1,1,2026-04-07,2026-04-07,2026-04-03,2026-04-14,3.34,5
002310,深主板,1,1,2026-05-13,2026-05-13,2026-05-12,2026-05-14,3.7,1
002313,深主板,2,1,2026-04-24,2026-04-28,2026-04-23,2026-05-06,10.54,3
002314,深主板,1,1,2026-04-14,2026-04-14,2026-04-13,2026-04-17,2.87,3
002316,深主板,3,3,2026-01-08,2026-01-12,2026-01-07,2026-01-13,6.15,1
002316,深主板,1,1,2026-03-24,2026-03-24,2026-03-23,2026-03-31,5.89,5
002317,深主板,2,2,2026-05-07,2026-05-08,2026-05-06,2026-05-11,23.22,1
002319,深主板,1,1,2026-01-19,2026-01-19,2026-01-16,2026-01-29,15.58,8
002321,深主板,1,1,2026-04-13,2026-04-13,2026-04-10,2026-04-14,2.44,1
002323,深主板,1,1,2026-01-23,2026-01-23,2026-01-22,2026-01-26,1.89,1
002323,深主板,4,4,2026-02-09,2026-02-12,2026-02-06,2026-02-13,2.75,1
002323,深主板,3,2,2026-03-13,2026-03-18,2026-03-12,2026-03-19,3.05,1
002323,深主板,1,1,2026-03-24,2026-03-24,2026-03-23,2026-03-26,2.79,2
002324,深主板,3,3,2026-01-06,2026-01-08,2026-01-05,2026-01-09,25.66,1
002324,深主板,1,1,2026-04-20,2026-04-20,2026-04-17,2026-04-21,17.7,1
002326,深主板,1,1,2026-02-06,2026-02-06,2026-02-05,2026-02-25,26.5,2
002328,深主板,1,1,2026-03-27,2026-03-27,2026-03-26,2026-04-16,13.58,13
002328,深主板,3,2,2026-04-09,2026-04-14,2026-04-08,2026-04-16,13.58,2
002331,深主板,1,1,2026-01-16,2026-01-16,2026-01-15,2026-01-19,10.58,1
002331,深主板,1,1,2026-04-20,2026-04-20,2026-04-17,2026-04-24,9.91,4
002331,深主板,1,1,2026-04-24,2026-04-24,2026-04-23,2026-04-27,9.8,1
002333,深主板,1,1,2026-04-16,2026-04-16,2026-04-15,2026-04-20,6.39,2
002334,深主板,1,1,2026-02-04,2026-02-04,2026-02-03,2026-02-10,10.18,4
002334,深主板,1,1,2026-05-11,2026-05-11,2026-05-08,2026-05-18,9.39,5
002335,深主板,1,1,2026-03-10,2026-03-10,2026-03-09,2026-03-11,72.82,1
002335,深主板,1,1,2026-05-07,2026-05-07,2026-05-06,2026-05-14,72.72,5
002338,深主板,1,1,2026-04-21,2026-04-21,2026-04-20,2026-04-22,65.58,1
002339,深主板,2,2,2026-01-16,2026-01-19,2026-01-15,2026-01-20,12.39,1
002339,深主板,1,1,2026-01-23,2026-01-23,2026-01-22,2026-01-28,12.7,3
002339,深主板,1,1,2026-02-02,2026-02-02,2026-01-30,2026-02-09,13.36,5
002339,深主板,1,1,2026-02-06,2026-02-06,2026-02-05,2026-02-09,13.36,1
002339,深主板,2,2,2026-03-04,2026-03-05,2026-03-03,2026-03-09,13.55,2
002339,深主板,1,1,2026-03-18,2026-03-18,2026-03-17,2026-03-19,12.46,1
002340,深主板,1,1,2026-02-11,2026-02-11,2026-02-10,2026-02-25,9.92,4
002342,深主板,4,4,2026-01-08,2026-01-13,2026-01-07,2026-01-14,14.62,1
002342,深主板,3,3,2026-01-21,2026-01-23,2026-01-20,2026-01-29,15.71,4
002342,深主板,1,1,2026-01-28,2026-01-28,2026-01-27,2026-02-11,21.42,10
002342,深主板,2,2,2026-02-03,2026-02-04,2026-02-02,2026-02-11,21.42,5
002342,深主板,1,1,2026-03-31,2026-03-31,2026-03-30,2026-04-01,15.38,1
002342,深主板,2,2,2026-04-08,2026-04-09,2026-04-07,2026-04-21,21.42,8
002342,深主板,1,1,2026-04-21,2026-04-21,2026-04-20,2026-04-22,21.31,1
002342,深主板,1,1,2026-05-07,2026-05-07,2026-05-06,2026-05-08,24.0,1
002345,深主板,1,1,2026-02-06,2026-02-06,2026-02-05,2026-02-09,13.9,1
002346,深主板,1,1,2026-05-12,2026-05-12,2026-05-11,2026-05-13,22.41,1
002348,深主板,1,1,2026-02-25,2026-02-25,2026-02-24,2026-03-17,9.05,14
002348,深主板,2,2,2026-04-07,2026-04-08,2026-04-03,2026-04-14,9.68,4
002348,深主板,1,1,2026-04-29,2026-04-29,2026-04-28,2026-05-19,15.38,11
002348,深主板,1,1,2026-05-15,2026-05-15,2026-05-14,2026-05-19,15.38,2
002350,深主板,3,2,2026-02-26,2026-03-03,2026-02-25,2026-03-13,16.21,8
002350,深主板,1,1,2026-03-10,2026-03-10,2026-03-09,2026-03-13,16.21,3
002350,深主板,1,1,2026-03-24,2026-03-24,2026-03-23,2026-03-25,16.2,1
002350,深主板,1,1,2026-05-07,2026-05-07,2026-05-06,2026-05-13,17.88,4
002353,深主板,1,1,2026-01-14,2026-01-14,2026-01-13,2026-01-22,93.55,6
002353,深主板,1,1,2026-04-08,2026-04-08,2026-04-07,2026-04-10,120.68,2
002354,深主板,2,1,2026-01-12,2026-01-14,2026-01-09,2026-01-15,8.23,1
002354,深主板,1,1,2026-04-29,2026-04-29,2026-04-28,2026-05-08,6.75,4
002354,深主板,1,1,2026-05-18,2026-05-18,2026-05-15,2026-05-19,7.49,1
002355,深主板,1,1,2026-01-06,2026-01-06,2026-01-05,2026-01-07,7.28,1
002355,深主板,2,2,2026-02-04,2026-02-05,2026-02-03,2026-02-06,7.57,1
002355,深主板,1,1,2026-02-13,2026-02-13,2026-02-12,2026-02-24,7.99,1
002355,深主板,1,1,2026-03-05,2026-03-05,2026-03-04,2026-03-11,7.6,4
002356,深主板,2,2,2026-02-27,2026-03-02,2026-02-26,2026-03-03,4.86,1
002357,深主板,1,1,2026-02-05,2026-02-05,2026-02-04,2026-02-11,15.1,4
002357,深主板,1,1,2026-03-04,2026-03-04,2026-03-03,2026-03-05,16.46,1
002358,深主板,3,3,2026-01-16,2026-01-20,2026-01-15,2026-01-21,8.38,1
002358,深主板,1,1,2026-02-02,2026-02-02,2026-01-30,2026-02-26,9.33,12
002360,深主板,1,1,2026-04-22,2026-04-22,2026-04-21,2026-04-23,6.99,1
002361,深主板,1,1,2026-01-08,2026-01-08,2026-01-07,2026-01-14,18.13,4
002361,深主板,1,1,2026-01-14,2026-01-14,2026-01-13,2026-01-15,16.31,1
002361,深主板,3,2,2026-02-03,2026-02-06,2026-02-02,2026-02-09,16.09,1
002361,深主板,4,4,2026-03-26,2026-03-31,2026-03-25,2026-04-02,18.3,2
002361,深主板,1,1,2026-04-08,2026-04-08,2026-04-07,2026-04-22,23.95,10
002361,深主板,1,1,2026-04-15,2026-04-15,2026-04-14,2026-04-22,23.95,5
002361,深主板,2,2,2026-04-20,2026-04-21,2026-04-17,2026-04-22,23.95,1
002363,深主板,1,1,2026-04-10,2026-04-10,2026-04-09,2026-04-15,8.6,3
002364,深主板,1,1,2026-02-03,2026-02-03,2026-02-02,2026-02-04,34.2,1
002364,深主板,1,1,2026-02-12,2026-02-12,2026-02-11,2026-02-25,36.19,3
002364,深主板,4,4,2026-04-09,2026-04-14,2026-04-08,2026-04-21,45.45,5
002364,深主板,1,1,2026-05-13,2026-05-13,2026-05-12,2026-05-21,53.88,6
002366,深主板,1,1,2026-01-08,2026-01-08,2026-01-07,2026-01-12,9.56,2
002370,深主板,1,1,2026-03-30,2026-03-30,2026-03-27,2026-04-03,8.22,4
002374,深主板,2,2,2026-05-15,2026-05-18,2026-05-14,2026-05-19,3.97,1
002375,深主板,1,1,2026-05-13,2026-05-13,2026-05-12,2026-05-14,5.08,1
002375,深主板,1,1,2026-05-19,2026-05-19,2026-05-18,2026-05-20,4.95,1
002378,深主板,1,1,2026-01-26,2026-01-26,2026-01-23,2026-01-29,26.28,3
002378,深主板,2,2,2026-02-11,2026-02-12,2026-02-10,2026-03-03,46.2,7
002378,深主板,3,3,2026-02-25,2026-02-27,2026-02-24,2026-03-03,46.2,2
002378,深主板,1,1,2026-04-29,2026-04-29,2026-04-28,2026-05-07,35.88,3
002380,深主板,1,1,2026-03-02,2026-03-02,2026-02-27,2026-03-10,43.0,6
002380,深主板,1,1,2026-04-08,2026-04-08,2026-04-07,2026-04-15,35.76,5
002382,深主板,1,1,2026-03-13,2026-03-13,2026-03-12,2026-03-20,8.5,5
002383,深主板,1,1,2026-01-06,2026-01-06,2026-01-05,2026-01-12,15.47,4
002384,深主板,1,1,2026-03-10,2026-03-10,2026-03-09,2026-03-16,120.5,4
002384,深主板,2,2,2026-04-08,2026-04-09,2026-04-07,2026-04-15,151.0,4
002384,深主板,1,1,2026-04-22,2026-04-22,2026-04-21,2026-04-24,196.0,2
002384,深主板,1,1,2026-05-07,2026-05-07,2026-05-06,2026-05-12,230.0,3
002386,深主板,1,1,2026-03-27,2026-03-27,2026-03-26,2026-03-31,6.3,2
002389,深主板,2,1,2026-03-02,2026-03-04,2026-02-27,2026-03-05,29.85,1
002394,深主板,1,1,2026-01-12,2026-01-12,2026-01-09,2026-01-13,20.2,1
002394,深主板,1,1,2026-02-27,2026-02-27,2026-02-26,2026-03-04,16.05,3
002395,深主板,1,1,2026-05-15,2026-05-15,2026-05-14,2026-05-18,21.2,1
002396,深主板,1,1,2026-05-11,2026-05-11,2026-05-08,2026-05-12,33.7,1
002397,深主板,1,1,2026-01-21,2026-01-21,2026-01-20,2026-01-26,5.03,3
002397,深主板,1,1,2026-04-22,2026-04-22,2026-04-21,2026-05-12,5.91,11
002397,深主板,1,1,2026-05-08,2026-05-08,2026-05-07,2026-05-12,5.91,2
002400,深主板,4,4,2026-01-09,2026-01-14,2026-01-08,2026-01-15,13.9,1
002400,深主板,1,1,2026-04-08,2026-04-08,2026-04-07,2026-04-10,8.83,2
002405,深主板,1,1,2026-01-23,2026-01-23,2026-01-22,2026-01-26,11.45,1
002406,深主板,1,1,2026-04-24,2026-04-24,2026-04-23,2026-04-27,8.63,1
002407,深主板,1,1,2026-04-24,2026-04-24,2026-04-23,2026-05-06,38.8,5
002407,深主板,1,1,2026-05-15,2026-05-15,2026-05-14,2026-05-21,43.89,4
002407,深主板,1,1,2026-05-20,2026-05-20,2026-05-19,2026-05-21,43.89,1
002408,深主板,1,1,2026-04-01,2026-04-01,2026-03-31,2026-04-10,7.15,6
002408,深主板,1,1,2026-04-07,2026-04-07,2026-04-03,2026-04-10,7.15,3
002409,深主板,1,1,2026-05-13,2026-05-13,2026-05-12,2026-05-21,125.0,6
002412,深主板,1,1,2026-02-06,2026-02-06,2026-02-05,2026-02-10,8.6,2
002412,深主板,1,1,2026-04-28,2026-04-28,2026-04-27,2026-05-11,7.44,6
002413,深主板,2,2,2026-01-06,2026-01-07,2026-01-05,2026-01-13,20.29,4
002413,深主板,1,1,2026-01-12,2026-01-12,2026-01-09,2026-01-13,20.29,1
002413,深主板,1,1,2026-03-02,2026-03-02,2026-02-27,2026-03-03,17.5,1
002418,深主板,1,1,2026-03-25,2026-03-25,2026-03-24,2026-03-30,4.91,3
002418,深主板,2,2,2026-04-10,2026-04-13,2026-04-09,2026-04-23,7.12,8
002418,深主板,3,2,2026-04-17,2026-04-22,2026-04-16,2026-04-23,7.12,1
002420,深主板,1,1,2026-01-22,2026-01-22,2026-01-21,2026-01-23,9.1,1
002421,深主板,1,1,2026-04-08,2026-04-08,2026-04-07,2026-04-09,2.8,1
002421,深主板,1,1,2026-04-16,2026-04-16,2026-04-15,2026-04-20,2.98,2
002421,深主板,4,4,2026-05-15,2026-05-20,2026-05-14,2026-05-21,4.7,1
002425,深主板,1,1,2026-01-06,2026-01-06,2026-01-05,2026-01-13,4.44,5
002426,深主板,1,1,2026-01-19,2026-01-19,2026-01-16,2026-01-26,4.81,5
002426,深主板,1,1,2026-03-16,2026-03-16,2026-03-13,2026-03-17,4.69,1
002427,深主板,1,1,2026-01-14,2026-01-14,2026-01-13,2026-01-20,8.27,4
002427,深主板,1,1,2026-03-16,2026-03-16,2026-03-13,2026-03-17,8.16,1
002427,深主板,1,1,2026-04-07,2026-04-07,2026-04-03,2026-04-10,6.92,3
002428,深主板,1,1,2026-01-09,2026-01-09,2026-01-08,2026-01-12,42.11,1
002428,深主板,2,2,2026-02-25,2026-02-26,2026-02-24,2026-02-27,48.83,1
002428,深主板,2,1,2026-03-20,2026-03-24,2026-03-19,2026-03-30,54.3,4
002428,深主板,1,1,2026-03-27,2026-03-27,2026-03-26,2026-03-30,54.3,1
002428,深主板,3,2,2026-04-17,2026-04-22,2026-04-16,2026-04-23,82.76,1
002428,深主板,1,1,2026-05-12,2026-05-12,2026-05-11,2026-05-14,105.17,2
002429,深主板,1,1,2026-01-14,2026-01-14,2026-01-13,2026-01-20,9.9,4
002429,深主板,2,2,2026-02-09,2026-02-10,2026-02-06,2026-02-11,12.43,1
002429,深主板,1,1,2026-03-05,2026-03-05,2026-03-04,2026-03-06,11.24,1
002429,深主板,1,1,2026-03-13,2026-03-13,2026-03-12,2026-03-16,11.68,1
002429,深主板,1,1,2026-04-23,2026-04-23,2026-04-22,2026-04-27,12.25,2
002431,深主板,1,1,2026-01-09,2026-01-09,2026-01-08,2026-01-12,3.03,1
002431,深主板,1,1,2026-01-21,2026-01-21,2026-01-20,2026-01-22,2.85,1
002431,深主板,1,1,2026-04-07,2026-04-07,2026-04-03,2026-04-08,2.85,1
002432,深主板,1,1,2026-03-02,2026-03-02,2026-02-27,2026-03-03,52.25,1
002432,深主板,1,1,2026-03-11,2026-03-11,2026-03-10,2026-03-12,61.3,1
002432,深主板,2,2,2026-03-18,2026-03-19,2026-03-17,2026-03-20,67.49,1
002432,深主板,3,2,2026-03-27,2026-04-01,2026-03-26,2026-04-10,94.8,6
002432,深主板,1,1,2026-04-22,2026-04-22,2026-04-21,2026-04-23,94.94,1
002436,深主板,1,1,2026-04-13,2026-04-13,2026-04-10,2026-05-07,32.42,15
002436,深主板,1,1,2026-05-07,2026-05-07,2026-05-06,2026-05-21,36.41,10
002437,深主板,1,1,2026-01-21,2026-01-21,2026-01-20,2026-01-26,3.63,3
002438,深主板,1,1,2026-02-09,2026-02-09,2026-02-06,2026-02-10,20.27,1
002438,深主板,1,1,2026-03-13,2026-03-13,2026-03-12,2026-03-16,19.19,1
002439,深主板,1,1,2026-04-13,2026-04-13,2026-04-10,2026-04-20,15.8,5
002440,深主板,1,1,2026-01-21,2026-01-21,2026-01-20,2026-02-10,15.6,14
002440,深主板,2,2,2026-01-28,2026-01-29,2026-01-27,2026-02-04,13.1,4
002440,深主板,2,2,2026-02-06,2026-02-09,2026-02-05,2026-02-10,15.6,1
002441,深主板,1,1,2026-02-04,2026-02-04,2026-02-03,2026-02-06,11.26,2
002442,深主板,1,1,2026-04-07,2026-04-07,2026-04-03,2026-04-08,6.3,1
002442,深主板,2,2,2026-05-20,2026-05-21,2026-05-19,2026-05-21,7.37,0
002443,深主板,1,1,2026-01-12,2026-01-12,2026-01-09,2026-01-26,9.44,10
002443,深主板,1,1,2026-04-22,2026-04-22,2026-04-21,2026-04-27,12.084,3
002445,深主板,4,4,2026-03-10,2026-03-13,2026-03-09,2026-03-16,4.77,1
002445,深主板,1,1,2026-03-18,2026-03-18,2026-03-17,2026-03-27,4.44,7
002445,深主板,1,1,2026-03-24,2026-03-24,2026-03-23,2026-03-27,4.44,3
002445,深主板,1,1,2026-03-27,2026-03-27,2026-03-26,2026-03-30,4.39,1
002446,深主板,3,2,2026-01-12,2026-01-15,2026-01-09,2026-01-16,14.57,1
002446,深主板,1,1,2026-01-27,2026-01-27,2026-01-26,2026-01-28,12.7,1
002448,深主板,1,1,2026-03-06,2026-03-06,2026-03-05,2026-03-10,17.97,2
002448,深主板,1,1,2026-04-23,2026-04-23,2026-04-22,2026-04-24,17.3,1
002449,深主板,1,1,2026-03-05,2026-03-05,2026-03-04,2026-03-13,9.58,6
002449,深主板,1,1,2026-04-08,2026-04-08,2026-04-07,2026-04-09,8.3,1
002451,深主板,1,1,2026-01-13,2026-01-13,2026-01-12,2026-01-16,13.34,3
002453,深主板,1,1,2026-04-30,2026-04-30,2026-04-29,2026-05-07,6.77,2
002454,深主板,1,1,2026-03-31,2026-03-31,2026-03-30,2026-04-15,11.08,10
002454,深主板,1,1,2026-05-13,2026-05-13,2026-05-12,2026-05-14,10.55,1
002455,深主板,4,3,2026-01-28,2026-02-03,2026-01-27,2026-02-25,15.6,10
002455,深主板,4,4,2026-02-06,2026-02-11,2026-02-05,2026-02-25,15.6,4
002455,深主板,1,1,2026-03-11,2026-03-11,2026-03-10,2026-03-13,17.15,2
002455,深主板,1,1,2026-03-27,2026-03-27,2026-03-26,2026-03-31,15.28,2
002456,深主板,1,1,2026-03-05,2026-03-05,2026-03-04,2026-03-12,9.96,5
002460,深主板,1,1,2026-03-27,2026-03-27,2026-03-26,2026-04-10,86.99,9
002462,深主板,2,2,2026-01-06,2026-01-07,2026-01-05,2026-01-08,19.69,1
002463,深主板,1,1,2026-02-26,2026-02-26,2026-02-25,2026-02-27,85.3,1
002463,深主板,1,1,2026-04-08,2026-04-08,2026-04-07,2026-04-23,108.76,11
002463,深主板,1,1,2026-04-14,2026-04-14,2026-04-13,2026-04-20,100.82,4
002465,深主板,1,1,2026-01-06,2026-01-06,2026-01-05,2026-01-14,26.52,6
002465,深主板,3,3,2026-01-12,2026-01-14,2026-01-09,2026-01-15,23.87,1
002467,深主板,1,1,2026-02-05,2026-02-05,2026-02-04,2026-02-09,7.65,2
002467,深主板,1,1,2026-03-10,2026-03-10,2026-03-09,2026-03-11,7.93,1
002467,深主板,1,1,2026-03-16,2026-03-16,2026-03-13,2026-03-17,7.58,1
002467,深主板,1,1,2026-03-25,2026-03-25,2026-03-24,2026-04-16,8.09,15
002467,深主板,1,1,2026-04-13,2026-04-13,2026-04-10,2026-04-16,8.09,3
002468,深主板,2,2,2026-04-15,2026-04-16,2026-04-14,2026-04-17,18.08,1
002470,深主板,1,1,2026-02-11,2026-02-11,2026-02-10,2026-03-02,3.41,7
002470,深主板,3,3,2026-02-25,2026-02-27,2026-02-24,2026-03-02,3.41,1
002470,深主板,1,1,2026-03-06,2026-03-06,2026-03-05,2026-03-19,3.82,9
002470,深主板,2,1,2026-03-13,2026-03-17,2026-03-12,2026-03-19,3.82,2
002470,深主板,1,1,2026-03-27,2026-03-27,2026-03-26,2026-03-30,3.28,1
002470,深主板,1,1,2026-04-07,2026-04-07,2026-04-03,2026-04-09,3.1,2
002471,深主板,1,1,2026-01-06,2026-01-06,2026-01-05,2026-01-13,9.65,5
002471,深主板,1,1,2026-01-12,2026-01-12,2026-01-09,2026-01-13,9.65,1
002471,深主板,2,2,2026-01-22,2026-01-23,2026-01-21,2026-01-26,9.02,1
002471,深主板,2,2,2026-02-02,2026-02-03,2026-01-30,2026-02-10,10.87,5
002471,深主板,1,1,2026-02-09,2026-02-09,2026-02-06,2026-02-10,10.87,1
002471,深主板,1,1,2026-03-05,2026-03-05,2026-03-04,2026-03-09,9.9,2
002471,深主板,1,1,2026-03-26,2026-03-26,2026-03-25,2026-03-31,9.89,3
002474,深主板,1,1,2026-05-08,2026-05-08,2026-05-07,2026-05-11,8.55,1
002475,深主板,1,1,2026-03-25,2026-03-25,2026-03-24,2026-03-26,51.71,1
002475,深主板,1,1,2026-04-20,2026-04-20,2026-04-17,2026-04-27,72.6,5
002478,深主板,1,1,2026-01-14,2026-01-14,2026-01-13,2026-01-27,10.41,9
002478,深主板,1,1,2026-02-12,2026-02-12,2026-02-11,2026-03-06,13.87,10
002478,深主板,1,1,2026-02-26,2026-02-26,2026-02-25,2026-02-27,13.85,1
002478,深主板,1,1,2026-03-06,2026-03-06,2026-03-05,2026-03-09,13.8,1
002478,深主板,1,1,2026-04-08,2026-04-08,2026-04-07,2026-04-10,11.79,2
002479,深主板,1,1,2026-03-25,2026-03-25,2026-03-24,2026-03-26,6.39,1
002484,深主板,1,1,2026-04-08,2026-04-08,2026-04-07,2026-04-21,36.37,9
002484,深主板,1,1,2026-04-27,2026-04-27,2026-04-24,2026-05-13,48.52,9
002484,深主板,1,1,2026-05-19,2026-05-19,2026-05-18,2026-05-20,59.99,1
002487,深主板,2,2,2026-03-12,2026-03-13,2026-03-11,2026-03-16,82.403,1
002487,深主板,1,1,2026-04-17,2026-04-17,2026-04-16,2026-04-20,92.5,1
002490,深主板,1,1,2026-01-13,2026-01-13,2026-01-12,2026-01-15,9.28,2
002490,深主板,3,3,2026-03-02,2026-03-04,2026-02-27,2026-03-09,14.52,3
002490,深主板,1,1,2026-04-23,2026-04-23,2026-04-22,2026-04-28,10.88,3
002491,深主板,2,2,2026-01-30,2026-02-02,2026-01-29,2026-02-06,9.81,4
002491,深主板,1,1,2026-02-26,2026-02-26,2026-02-25,2026-03-04,13.19,4
002491,深主板,1,1,2026-03-03,2026-03-03,2026-03-02,2026-03-04,13.19,1
002491,深主板,2,2,2026-03-24,2026-03-25,2026-03-23,2026-03-31,12.8,4
002491,深主板,2,2,2026-04-07,2026-04-08,2026-04-03,2026-04-09,16.66,1
002491,深主板,2,1,2026-04-16,2026-04-20,2026-04-15,2026-04-23,18.2,3
002491,深主板,4,4,2026-05-07,2026-05-12,2026-05-06,2026-05-13,27.45,1
002492,深主板,1,1,2026-01-23,2026-01-23,2026-01-22,2026-01-29,9.44,4
002492,深主板,1,1,2026-04-20,2026-04-20,2026-04-17,2026-04-21,8.53,1
002497,深主板,1,1,2026-04-29,2026-04-29,2026-04-28,2026-05-06,32.0,2
002498,深主板,3,3,2026-01-16,2026-01-20,2026-01-15,2026-01-26,6.53,4
002498,深主板,1,1,2026-02-02,2026-02-02,2026-01-30,2026-02-04,6.12,2
002498,深主板,3,2,2026-02-12,2026-02-25,2026-02-11,2026-02-26,8.79,1
002498,深主板,3,3,2026-03-04,2026-03-06,2026-03-03,2026-03-13,10.95,5
002498,深主板,1,1,2026-03-12,2026-03-12,2026-03-11,2026-03-13,10.95,1
002498,深主板,1,1,2026-03-24,2026-03-24,2026-03-23,2026-03-25,9.38,1
002498,深主板,1,1,2026-04-15,2026-04-15,2026-04-14,2026-04-20,9.5,3
002498,深主板,1,1,2026-04-29,2026-04-29,2026-04-28,2026-05-07,9.39,3
002498,深主板,2,2,2026-05-12,2026-05-13,2026-05-11,2026-05-14,11.7,1
002501,深主板,1,1,2026-01-06,2026-01-06,2026-01-05,2026-01-07,2.9,1
002501,深主板,1,1,2026-02-09,2026-02-09,2026-02-06,2026-02-10,2.32,1
002501,深主板,1,1,2026-03-30,2026-03-30,2026-03-27,2026-03-31,2.16,1
002506,深主板,2,2,2026-01-23,2026-01-26,2026-01-22,2026-01-28,3.83,2
002506,深主板,4,4,2026-02-04,2026-02-09,2026-02-03,2026-02-11,5.74,2
002506,深主板,1,1,2026-03-03,2026-03-03,2026-03-02,2026-03-11,6.36,6
002506,深主板,1,1,2026-03-06,2026-03-06,2026-03-05,2026-03-11,6.36,3
002506,深主板,1,1,2026-03-17,2026-03-17,2026-03-16,2026-03-24,5.98,5
002506,深主板,1,1,2026-05-14,2026-05-14,2026-05-13,2026-05-15,4.9,1
002510,深主板,1,1,2026-01-08,2026-01-08,2026-01-07,2026-01-09,8.18,1
002510,深主板,1,1,2026-02-13,2026-02-13,2026-02-12,2026-02-24,9.09,1
002512,深主板,2,2,2026-01-09,2026-01-12,2026-01-08,2026-01-13,8.38,1
002515,深主板,1,1,2026-04-13,2026-04-13,2026-04-10,2026-04-17,6.5,4
002515,深主板,1,1,2026-05-18,2026-05-18,2026-05-15,2026-05-19,8.1,1
002518,深主板,1,1,2026-02-12,2026-02-12,2026-02-11,2026-02-26,57.19,4
002518,深主板,1,1,2026-05-13,2026-05-13,2026-05-12,2026-05-20,65.47,5
002519,深主板,6,5,2026-01-06,2026-01-14,2026-01-05,2026-01-15,10.69,1
002519,深主板,1,1,2026-01-22,2026-01-22,2026-01-21,2026-01-26,9.38,2
002519,深主板,1,1,2026-02-06,2026-02-06,2026-02-05,2026-02-10,10.36,2
002519,深主板,1,1,2026-03-24,2026-03-24,2026-03-23,2026-03-31,8.95,5
002520,深主板,1,1,2026-02-12,2026-02-12,2026-02-11,2026-02-25,7.15,3
002520,深主板,1,1,2026-03-05,2026-03-05,2026-03-04,2026-03-11,7.21,4
002520,深主板,1,1,2026-04-29,2026-04-29,2026-04-28,2026-05-08,6.75,4
002520,深主板,1,1,2026-05-08,2026-05-08,2026-05-07,2026-05-14,7.15,4
002522,深主板,1,1,2026-04-29,2026-04-29,2026-04-28,2026-05-13,7.82,7
002522,深主板,1,1,2026-05-12,2026-05-12,2026-05-11,2026-05-13,7.82,1
002523,深主板,1,1,2026-01-12,2026-01-12,2026-01-09,2026-01-13,5.02,1
002524,深主板,2,2,2026-01-26,2026-01-27,2026-01-23,2026-01-28,5.37,1
002526,深主板,1,1,2026-03-27,2026-03-27,2026-03-26,2026-03-31,3.65,2
002531,深主板,1,1,2026-03-13,2026-03-13,2026-03-12,2026-03-16,13.4,1
002532,深主板,1,1,2026-01-28,2026-01-28,2026-01-27,2026-01-29,21.88,1
002532,深主板,1,1,2026-03-30,2026-03-30,2026-03-27,2026-04-02,18.61,3
002534,深主板,1,1,2026-02-09,2026-02-09,2026-02-06,2026-02-12,20.3,3
002536,深主板,1,1,2026-03-02,2026-03-02,2026-02-27,2026-03-05,38.11,3
002536,深主板,1,1,2026-03-10,2026-03-10,2026-03-09,2026-03-12,41.67,2
002536,深主板,2,2,2026-04-08,2026-04-09,2026-04-07,2026-04-14,37.48,3
002536,深主板,1,1,2026-04-20,2026-04-20,2026-04-17,2026-04-21,41.6,1
002536,深主板,1,1,2026-05-08,2026-05-08,2026-05-07,2026-05-13,48.1,3
002538,深主板,1,1,2026-02-25,2026-02-25,2026-02-24,2026-03-03,8.22,4
002539,深主板,1,1,2026-01-19,2026-01-19,2026-01-16,2026-01-28,15.5,7
002541,深主板,1,1,2026-01-07,2026-01-07,2026-01-06,2026-01-13,21.54,4
002542,深主板,1,1,2026-01-08,2026-01-08,2026-01-07,2026-01-14,3.98,4
002542,深主板,1,1,2026-03-31,2026-03-31,2026-03-30,2026-04-01,3.6,1
002543,深主板,1,1,2026-03-13,2026-03-13,2026-03-12,2026-03-19,9.86,4
002545,深主板,1,1,2026-01-15,2026-01-15,2026-01-14,2026-01-23,29.92,6
002545,深主板,1,1,2026-03-02,2026-03-02,2026-02-27,2026-03-03,30.9,1
002546,深主板,3,2,2026-01-15,2026-01-20,2026-01-14,2026-01-21,10.33,1
002546,深主板,1,1,2026-02-26,2026-02-26,2026-02-25,2026-03-09,12.4,7
002547,深主板,1,1,2026-04-17,2026-04-17,2026-04-16,2026-04-20,3.49,1
002548,深主板,1,1,2026-04-29,2026-04-29,2026-04-28,2026-04-30,5.48,1
002552,深主板,4,4,2026-05-07,2026-05-12,2026-05-06,2026-05-20,39.31,6
002552,深主板,2,2,2026-05-18,2026-05-19,2026-05-15,2026-05-20,39.31,1
002554,深主板,1,1,2026-01-08,2026-01-08,2026-01-07,2026-01-16,4.3,6
002554,深主板,1,1,2026-01-15,2026-01-15,2026-01-14,2026-01-16,4.3,1
002554,深主板,1,1,2026-01-21,2026-01-21,2026-01-20,2026-01-29,4.55,6
002554,深主板,2,2,2026-03-02,2026-03-03,2026-02-27,2026-03-04,5.08,1
002558,深主板,1,1,2026-01-19,2026-01-19,2026-01-16,2026-01-20,53.35,1
002558,深主板,1,1,2026-04-01,2026-04-01,2026-03-31,2026-04-02,35.28,1
002559,深主板,1,1,2026-03-05,2026-03-05,2026-03-04,2026-03-11,11.05,4
002560,深主板,3,3,2026-03-31,2026-04-02,2026-03-30,2026-04-03,10.264,1
002560,深主板,1,1,2026-04-20,2026-04-20,2026-04-17,2026-04-21,11.771,1
002560,深主板,1,1,2026-04-27,2026-04-27,2026-04-24,2026-05-13,12.9,9
002560,深主板,1,1,2026-05-12,2026-05-12,2026-05-11,2026-05-13,12.9,1
002562,深主板,1,1,2026-01-30,2026-01-30,2026-01-29,2026-02-06,8.01,5
002565,深主板,1,1,2026-01-08,2026-01-08,2026-01-07,2026-01-12,23.4,2
002565,深主板,1,1,2026-01-22,2026-01-22,2026-01-21,2026-01-28,17.99,4
002565,深主板,2,2,2026-03-17,2026-03-18,2026-03-16,2026-03-19,17.48,1
002565,深主板,1,1,2026-03-23,2026-03-23,2026-03-20,2026-03-24,17.45,1
002565,深主板,1,1,2026-03-31,2026-03-31,2026-03-30,2026-04-01,17.45,1
002565,深主板,1,1,2026-04-21,2026-04-21,2026-04-20,2026-04-22,22.99,1
002568,深主板,1,1,2026-04-29,2026-04-29,2026-04-28,2026-04-30,19.44,1
002574,深主板,3,3,2026-01-12,2026-01-14,2026-01-09,2026-01-15,7.59,1
002575,深主板,1,1,2026-01-26,2026-01-26,2026-01-23,2026-02-03,8.7,6
002575,深主板,1,1,2026-02-02,2026-02-02,2026-01-30,2026-02-03,8.7,1
002575,深主板,1,1,2026-02-05,2026-02-05,2026-02-04,2026-02-11,8.67,4
002575,深主板,2,2,2026-03-09,2026-03-10,2026-03-06,2026-03-11,9.59,1
002575,深主板,1,1,2026-04-28,2026-04-28,2026-04-27,2026-05-07,7.62,4
002578,深主板,1,1,2026-01-28,2026-01-28,2026-01-27,2026-01-29,5.46,1
002578,深主板,2,2,2026-03-30,2026-03-31,2026-03-27,2026-04-01,4.68,1
002579,深主板,1,1,2026-04-01,2026-04-01,2026-03-31,2026-04-08,13.1,4
002580,深主板,1,1,2026-03-25,2026-03-25,2026-03-24,2026-04-01,19.37,5
002580,深主板,1,1,2026-03-31,2026-03-31,2026-03-30,2026-04-01,19.37,1
002580,深主板,7,7,2026-04-09,2026-04-17,2026-04-08,2026-04-20,33.64,1
002580,深主板,1,1,2026-05-08,2026-05-08,2026-05-07,2026-05-14,36.5,4
002584,深主板,1,1,2026-01-20,2026-01-20,2026-01-19,2026-01-21,10.48,1
002585,深主板,1,1,2026-01-19,2026-01-19,2026-01-16,2026-01-23,8.25,4
002585,深主板,1,1,2026-05-11,2026-05-11,2026-05-08,2026-05-12,9.29,1
002587,深主板,1,1,2026-03-05,2026-03-05,2026-03-04,2026-03-12,7.37,5
002588,深主板,1,1,2026-04-22,2026-04-22,2026-04-21,2026-04-23,12.1,1
002589,深主板,1,1,2026-01-13,2026-01-13,2026-01-12,2026-01-14,4.11,1
002589,深主板,1,1,2026-04-15,2026-04-15,2026-04-14,2026-04-16,3.95,1
002591,深主板,1,1,2026-01-19,2026-01-19,2026-01-16,2026-01-20,8.36,1
002591,深主板,2,1,2026-04-30,2026-05-07,2026-04-29,2026-05-12,9.41,3
002595,深主板,1,1,2026-04-16,2026-04-16,2026-04-15,2026-04-23,67.931,5
002597,深主板,1,1,2026-02-10,2026-02-10,2026-02-09,2026-02-11,27.72,1
002600,深主板,1,1,2026-01-12,2026-01-12,2026-01-09,2026-01-13,18.83,1
002605,深主板,1,1,2026-01-12,2026-01-12,2026-01-09,2026-01-14,31.14,2
002606,深主板,1,1,2026-01-19,2026-01-19,2026-01-16,2026-01-20,11.8,1
002606,深主板,1,1,2026-02-02,2026-02-02,2026-01-30,2026-02-03,12.77,1
002606,深主板,1,1,2026-04-08,2026-04-08,2026-04-07,2026-04-15,12.77,5
002606,深主板,1,1,2026-04-23,2026-04-23,2026-04-22,2026-05-13,18.13,11
002606,深主板,1,1,2026-05-12,2026-05-12,2026-05-11,2026-05-13,18.13,1
002607,深主板,1,1,2026-01-13,2026-01-13,2026-01-12,2026-01-14,3.49,1
002609,深主板,1,1,2026-01-14,2026-01-14,2026-01-13,2026-01-15,12.29,1
002613,深主板,1,1,2026-04-16,2026-04-16,2026-04-15,2026-04-17,4.24,1
002614,深主板,1,1,2026-01-21,2026-01-21,2026-01-20,2026-01-22,7.98,1
002617,深主板,1,1,2026-05-14,2026-05-14,2026-05-13,2026-05-15,10.24,1
002623,深主板,2,2,2026-01-23,2026-01-26,2026-01-22,2026-01-29,26.5,3
002623,深主板,1,1,2026-02-04,2026-02-04,2026-02-03,2026-02-11,33.95,5
002623,深主板,1,1,2026-02-09,2026-02-09,2026-02-06,2026-02-11,33.95,2
002623,深主板,1,1,2026-05-11,2026-05-11,2026-05-08,2026-05-12,25.99,1
002624,深主板,2,2,2026-02-06,2026-02-09,2026-02-05,2026-02-10,23.68,1
002624,深主板,1,1,2026-04-01,2026-04-01,2026-03-31,2026-04-08,20.56,4
002624,深主板,1,1,2026-05-08,2026-05-08,2026-05-07,2026-05-11,18.0,1
002625,深主板,1,1,2026-01-09,2026-01-09,2026-01-08,2026-01-12,57.98,1
002627,深主板,1,1,2026-01-07,2026-01-07,2026-01-06,2026-01-13,8.08,4
002627,深主板,1,1,2026-02-05,2026-02-05,2026-02-04,2026-02-06,9.98,1
002627,深主板,1,1,2026-04-29,2026-04-29,2026-04-28,2026-04-30,7.7,1
002628,深主板,1,1,2026-01-19,2026-01-19,2026-01-16,2026-01-28,4.99,7
002628,深主板,1,1,2026-02-27,2026-02-27,2026-02-26,2026-03-03,5.97,2
002628,深主板,1,1,2026-04-17,2026-04-17,2026-04-16,2026-04-20,5.91,1
002628,深主板,1,1,2026-05-13,2026-05-13,2026-05-12,2026-05-14,6.47,1
002629,深主板,1,1,2026-01-22,2026-01-22,2026-01-21,2026-01-29,6.72,5
002629,深主板,2,2,2026-03-02,2026-03-03,2026-02-27,2026-03-04,7.75,1
002629,深主板,1,1,2026-03-17,2026-03-17,2026-03-16,2026-03-19,7.16,2
002629,深主板,1,1,2026-05-08,2026-05-08,2026-05-07,2026-05-20,8.04,4
002629,深主板,1,1,2026-05-13,2026-05-13,2026-05-12,2026-05-20,8.04,1
002631,深主板,1,1,2026-03-24,2026-03-24,2026-03-23,2026-03-26,7.27,2
002631,深主板,1,1,2026-04-07,2026-04-07,2026-04-03,2026-04-20,7.58,9
002632,深主板,1,1,2026-03-10,2026-03-10,2026-03-09,2026-03-16,14.48,4
002633,深主板,1,1,2026-02-27,2026-02-27,2026-02-26,2026-03-02,19.5,1
002634,深主板,1,1,2026-01-27,2026-01-27,2026-01-26,2026-01-28,6.06,1
002634,深主板,1,1,2026-02-06,2026-02-06,2026-02-05,2026-02-24,8.04,6
002634,深主板,2,2,2026-03-30,2026-03-31,2026-03-27,2026-04-08,9.67,5
002634,深主板,1,1,2026-04-08,2026-04-08,2026-04-07,2026-04-09,9.67,1
002635,深主板,1,1,2026-04-09,2026-04-09,2026-04-08,2026-04-15,16.26,4
002635,深主板,1,1,2026-05-18,2026-05-18,2026-05-15,2026-05-20,18.32,2
002636,深主板,2,1,2026-01-15,2026-01-19,2026-01-14,2026-01-27,27.54,6
002636,深主板,2,2,2026-01-22,2026-01-23,2026-01-21,2026-01-27,27.54,2
002636,深主板,1,1,2026-03-10,2026-03-10,2026-03-09,2026-03-18,35.0,6
002636,深主板,1,1,2026-03-16,2026-03-16,2026-03-13,2026-03-18,35.0,2
002636,深主板,1,1,2026-03-24,2026-03-24,2026-03-23,2026-03-30,33.15,4
002636,深主板,1,1,2026-04-09,2026-04-09,2026-04-08,2026-04-15,39.79,4
002636,深主板,1,1,2026-04-22,2026-04-22,2026-04-21,2026-04-28,48.51,4
002637,深主板,1,1,2026-01-20,2026-01-20,2026-01-19,2026-01-29,14.94,7
002637,深主板,1,1,2026-03-06,2026-03-06,2026-03-05,2026-03-09,16.04,1
002637,深主板,1,1,2026-03-13,2026-03-13,2026-03-12,2026-03-16,17.16,1
002637,深主板,1,1,2026-04-07,2026-04-07,2026-04-03,2026-04-08,12.38,1
002638,深主板,1,1,2026-01-19,2026-01-19,2026-01-16,2026-01-23,3.28,4
002639,深主板,3,2,2026-01-07,2026-01-12,2026-01-06,2026-01-13,29.21,1
002639,深主板,1,1,2026-01-22,2026-01-22,2026-01-21,2026-01-23,24.28,1
002639,深主板,1,1,2026-04-01,2026-04-01,2026-03-31,2026-04-08,21.57,4
002640,深主板,1,1,2026-04-30,2026-04-30,2026-04-29,2026-05-14,4.66,7
002640,深主板,1,1,2026-05-11,2026-05-11,2026-05-08,2026-05-14,4.66,3
002642,深主板,1,1,2026-05-08,2026-05-08,2026-05-07,2026-05-11,9.59,1
002645,深主板,1,1,2026-03-24,2026-03-24,2026-03-23,2026-03-27,17.46,3
002645,深主板,1,1,2026-04-01,2026-04-01,2026-03-31,2026-04-22,24.15,14
002645,深主板,1,1,2026-04-09,2026-04-09,2026-04-08,2026-04-22,24.15,9
002645,深主板,2,2,2026-04-29,2026-04-30,2026-04-28,2026-05-11,30.12,4
002645,深主板,1,1,2026-05-11,2026-05-11,2026-05-08,2026-05-12,30.12,1
002646,深主板,1,1,2026-01-29,2026-01-29,2026-01-28,2026-02-03,9.65,3
002647,深主板,1,1,2026-04-14,2026-04-14,2026-04-13,2026-04-23,13.4,7
002647,深主板,1,1,2026-04-20,2026-04-20,2026-04-17,2026-04-23,13.4,3
002647,深主板,1,1,2026-04-28,2026-04-28,2026-04-27,2026-05-08,14.0,5
002647,深主板,1,1,2026-05-07,2026-05-07,2026-05-06,2026-05-08,14.0,1
002648,深主板,1,1,2026-03-06,2026-03-06,2026-03-05,2026-03-12,30.0,4
002652,深主板,1,1,2026-03-12,2026-03-12,2026-03-11,2026-03-17,6.14,3
002652,深主板,2,2,2026-04-28,2026-04-29,2026-04-27,2026-05-08,6.77,4
002654,深主板,1,1,2026-05-13,2026-05-13,2026-05-12,2026-05-20,20.1,5
002654,深主板,1,1,2026-05-18,2026-05-18,2026-05-15,2026-05-20,20.1,2
002655,深主板,1,1,2026-02-10,2026-02-10,2026-02-09,2026-03-02,18.45,8
002655,深主板,1,1,2026-02-27,2026-02-27,2026-02-26,2026-03-02,18.45,1
002655,深主板,1,1,2026-04-29,2026-04-29,2026-04-28,2026-05-11,41.11,5
002655,深主板,2,2,2026-05-07,2026-05-08,2026-05-06,2026-05-11,41.11,1
002658,深主板,1,1,2026-01-23,2026-01-23,2026-01-22,2026-01-26,10.68,1
002658,深主板,1,1,2026-05-13,2026-05-13,2026-05-12,2026-05-14,10.35,1
002659,深主板,1,1,2026-01-12,2026-01-12,2026-01-09,2026-01-14,7.41,2
002662,深主板,1,1,2026-01-21,2026-01-21,2026-01-20,2026-01-22,4.47,1
002663,深主板,1,1,2026-03-24,2026-03-24,2026-03-23,2026-03-25,2.44,1
002663,深主板,2,2,2026-04-07,2026-04-08,2026-04-03,2026-04-09,2.47,1
002664,深主板,1,1,2026-01-16,2026-01-16,2026-01-15,2026-01-21,28.37,3
002664,深主板,1,1,2026-05-07,2026-05-07,2026-05-06,2026-05-08,24.05,1
002667,深主板,3,2,2026-01-23,2026-01-28,2026-01-22,2026-01-29,22.97,1
002667,深主板,1,1,2026-03-02,2026-03-02,2026-02-27,2026-03-12,35.68,8
002667,深主板,1,1,2026-03-06,2026-03-06,2026-03-05,2026-03-12,35.68,4
002667,深主板,1,1,2026-03-11,2026-03-11,2026-03-10,2026-03-12,35.68,1
002667,深主板,1,1,2026-03-18,2026-03-18,2026-03-17,2026-03-19,32.68,1
002669,深主板,1,1,2026-03-13,2026-03-13,2026-03-12,2026-03-16,15.2,1
002675,深主板,1,1,2026-03-30,2026-03-30,2026-03-27,2026-04-02,15.48,3
002677,深主板,1,1,2026-01-08,2026-01-08,2026-01-07,2026-01-13,10.44,3
002678,深主板,2,1,2026-01-29,2026-02-02,2026-01-28,2026-02-10,6.19,6
002678,深主板,1,1,2026-02-25,2026-02-25,2026-02-24,2026-02-26,6.39,1
002678,深主板,1,1,2026-04-03,2026-04-03,2026-04-02,2026-04-08,6.2,2
002678,深主板,1,1,2026-04-13,2026-04-13,2026-04-10,2026-04-15,6.05,2
002679,深主板,1,1,2026-01-23,2026-01-23,2026-01-22,2026-01-26,14.47,1
002682,深主板,1,1,2026-03-03,2026-03-03,2026-03-02,2026-03-04,7.67,1
002685,深主板,1,1,2026-03-24,2026-03-24,2026-03-23,2026-04-15,8.33,15
002685,深主板,1,1,2026-04-08,2026-04-08,2026-04-07,2026-04-20,8.96,8
002685,深主板,1,1,2026-04-30,2026-04-30,2026-04-29,2026-05-11,9.98,4
002686,深主板,1,1,2026-03-30,2026-03-30,2026-03-27,2026-03-31,7.89,1
002686,深主板,1,1,2026-04-14,2026-04-14,2026-04-13,2026-04-20,8.47,4
002686,深主板,1,1,2026-04-20,2026-04-20,2026-04-17,2026-04-21,8.38,1
002692,深主板,1,1,2026-03-26,2026-03-26,2026-03-25,2026-03-31,6.16,3
002692,深主板,1,1,2026-04-14,2026-04-14,2026-04-13,2026-04-20,7.26,4
002692,深主板,1,1,2026-04-20,2026-04-20,2026-04-17,2026-04-23,7.19,3
002698,深主板,1,1,2026-05-07,2026-05-07,2026-05-06,2026-05-11,15.4,2
002700,深主板,1,1,2026-03-03,2026-03-03,2026-03-02,2026-03-04,7.78,1
002702,深主板,1,1,2026-02-05,2026-02-05,2026-02-04,2026-02-06,8.12,1
002703,深主板,1,1,2026-01-06,2026-01-06,2026-01-05,2026-01-13,28.75,5
002703,深主板,1,1,2026-02-13,2026-02-13,2026-02-12,2026-02-27,26.27,4
002703,深主板,1,1,2026-05-13,2026-05-13,2026-05-12,2026-05-14,20.25,1
002705,深主板,1,1,2026-03-26,2026-03-26,2026-03-25,2026-04-01,15.57,4
002705,深主板,1,1,2026-04-15,2026-04-15,2026-04-14,2026-04-16,19.0,1
002706,深主板,1,1,2026-04-17,2026-04-17,2026-04-16,2026-04-20,11.28,1
002706,深主板,1,1,2026-04-27,2026-04-27,2026-04-24,2026-05-06,11.99,4
002707,深主板,2,2,2026-01-14,2026-01-15,2026-01-13,2026-01-16,8.93,1
002708,深主板,1,1,2026-04-08,2026-04-08,2026-04-07,2026-04-09,13.9,1
002712,深主板,1,1,2026-01-12,2026-01-12,2026-01-09,2026-01-14,7.77,2
002715,深主板,1,1,2026-04-28,2026-04-28,2026-04-27,2026-05-11,18.98,6
002716,深主板,1,1,2026-01-14,2026-01-14,2026-01-13,2026-01-29,21.3,11
002716,深主板,5,3,2026-01-20,2026-01-28,2026-01-19,2026-01-29,21.3,1
002716,深主板,1,1,2026-02-09,2026-02-09,2026-02-06,2026-03-02,17.37,9
002716,深主板,1,1,2026-03-02,2026-03-02,2026-02-27,2026-03-03,16.88,1
002716,深主板,1,1,2026-04-08,2026-04-08,2026-04-07,2026-04-22,12.72,10
002718,深主板,2,2,2026-01-06,2026-01-07,2026-01-05,2026-01-14,68.56,5
002718,深主板,3,3,2026-01-12,2026-01-14,2026-01-09,2026-01-15,67.99,1
002718,深主板,1,1,2026-01-19,2026-01-19,2026-01-16,2026-01-29,81.88,8
002718,深主板,1,1,2026-03-25,2026-03-25,2026-03-24,2026-03-26,64.86,1
002718,深主板,1,1,2026-04-09,2026-04-09,2026-04-08,2026-04-10,82.53,1
002718,深主板,1,1,2026-05-11,2026-05-11,2026-05-08,2026-05-13,84.9,2
002721,深主板,1,1,2026-01-23,2026-01-23,2026-01-22,2026-01-29,4.25,4
002721,深主板,1,1,2026-01-28,2026-01-28,2026-01-27,2026-01-29,4.25,1
002723,深主板,2,2,2026-02-10,2026-02-11,2026-02-09,2026-02-12,11.04,1
002723,深主板,1,1,2026-05-14,2026-05-14,2026-05-13,2026-05-15,10.24,1
002724,深主板,1,1,2026-01-28,2026-01-28,2026-01-27,2026-02-04,7.73,5
002724,深主板,1,1,2026-03-16,2026-03-16,2026-03-13,2026-03-17,8.14,1
002725,深主板,1,1,2026-02-25,2026-02-25,2026-02-24,2026-02-26,17.98,1
002726,深主板,1,1,2026-04-16,2026-04-16,2026-04-15,2026-04-17,3.66,1
002728,深主板,1,1,2026-01-26,2026-01-26,2026-01-23,2026-01-27,14.47,1
002728,深主板,1,1,2026-02-06,2026-02-06,2026-02-05,2026-02-09,13.42,1
002729,深主板,1,1,2026-01-09,2026-01-09,2026-01-08,2026-01-14,19.33,3
002729,深主板,1,1,2026-03-10,2026-03-10,2026-03-09,2026-03-17,20.95,5
002729,深主板,1,1,2026-05-07,2026-05-07,2026-05-06,2026-05-08,21.13,1
002729,深主板,1,1,2026-05-15,2026-05-15,2026-05-14,2026-05-18,21.86,1
002730,深主板,1,1,2026-03-09,2026-03-09,2026-03-06,2026-03-10,20.3,1
002730,深主板,1,1,2026-03-25,2026-03-25,2026-03-24,2026-04-02,30.86,6
002730,深主板,1,1,2026-04-01,2026-04-01,2026-03-31,2026-04-02,30.86,1
002733,深主板,1,1,2026-03-05,2026-03-05,2026-03-04,2026-03-11,27.05,4
002733,深主板,1,1,2026-03-11,2026-03-11,2026-03-10,2026-03-17,29.99,4
002733,深主板,1,1,2026-04-10,2026-04-10,2026-04-09,2026-04-17,32.81,5
002733,深主板,1,1,2026-04-28,2026-04-28,2026-04-27,2026-04-29,32.82,1
002734,深主板,1,1,2026-02-27,2026-02-27,2026-02-26,2026-03-03,22.18,2
002739,深主板,1,1,2026-02-10,2026-02-10,2026-02-09,2026-02-11,13.35,1
002741,深主板,1,1,2026-04-27,2026-04-27,2026-04-24,2026-05-13,23.99,9
002752,深主板,1,1,2026-04-21,2026-04-21,2026-04-20,2026-04-27,7.85,4
002755,深主板,1,1,2026-03-27,2026-03-27,2026-03-26,2026-04-02,17.43,4
002756,深主板,1,1,2026-02-27,2026-02-27,2026-02-26,2026-03-11,76.86,8
002756,深主板,1,1,2026-03-27,2026-03-27,2026-03-26,2026-03-30,82.88,1
002756,深主板,1,1,2026-04-24,2026-04-24,2026-04-23,2026-05-06,89.88,5
002756,深主板,1,1,2026-04-29,2026-04-29,2026-04-28,2026-05-06,89.88,2
002757,深主板,2,1,2026-01-06,2026-01-08,2026-01-05,2026-01-13,29.45,3
002757,深主板,1,1,2026-02-11,2026-02-11,2026-02-10,2026-02-12,26.54,1
002757,深主板,1,1,2026-04-16,2026-04-16,2026-04-15,2026-04-17,23.17,1
002757,深主板,1,1,2026-05-07,2026-05-07,2026-05-06,2026-05-14,32.8,5
002759,深主板,1,1,2026-02-06,2026-02-06,2026-02-05,2026-02-11,44.88,3
002760,深主板,1,1,2026-03-10,2026-03-10,2026-03-09,2026-03-11,25.4,1
002760,深主板,1,1,2026-05-13,2026-05-13,2026-05-12,2026-05-19,26.5,4
002761,深主板,1,1,2026-03-25,2026-03-25,2026-03-24,2026-03-26,8.75,1
002763,深主板,1,1,2026-04-30,2026-04-30,2026-04-29,2026-05-11,9.96,4
002766,深主板,1,1,2026-01-06,2026-01-06,2026-01-05,2026-01-07,8.06,1
002769,深主板,2,2,2026-01-12,2026-01-13,2026-01-09,2026-01-14,15.13,1
002771,深主板,2,2,2026-03-24,2026-03-25,2026-03-23,2026-04-01,17.5,5
002771,深主板,1,1,2026-04-16,2026-04-16,2026-04-15,2026-04-17,20.21,1
002772,深主板,1,1,2026-02-06,2026-02-06,2026-02-05,2026-02-09,18.53,1
002773,深主板,1,1,2026-03-27,2026-03-27,2026-03-26,2026-04-02,30.6,4
002774,深主板,4,4,2026-01-06,2026-01-09,2026-01-05,2026-01-12,16.45,1
002775,深主板,1,1,2026-01-15,2026-01-15,2026-01-14,2026-01-16,5.28,1
002777,深主板,1,1,2026-01-09,2026-01-09,2026-01-08,2026-01-15,23.97,4
002777,深主板,1,1,2026-05-13,2026-05-13,2026-05-12,2026-05-14,17.6,1
002780,深主板,1,1,2026-01-23,2026-01-23,2026-01-22,2026-01-26,15.99,1
002780,深主板,1,1,2026-02-02,2026-02-02,2026-01-30,2026-02-06,17.76,4
002782,深主板,1,1,2026-01-21,2026-01-21,2026-01-20,2026-01-30,25.66,7
002782,深主板,1,1,2026-03-11,2026-03-11,2026-03-10,2026-03-12,28.5,1
002782,深主板,1,1,2026-03-26,2026-03-26,2026-03-25,2026-03-27,25.6,1
002782,深主板,2,2,2026-05-13,2026-05-14,2026-05-12,2026-05-20,30.66,4
002782,深主板,1,1,2026-05-19,2026-05-19,2026-05-18,2026-05-20,30.66,1
002785,深主板,1,1,2026-01-22,2026-01-22,2026-01-21,2026-02-04,47.86,9
002785,深主板,1,1,2026-02-03,2026-02-03,2026-02-02,2026-02-11,48.87,6
002785,深主板,1,1,2026-04-27,2026-04-27,2026-04-24,2026-05-11,57.25,7
002785,深主板,1,1,2026-04-30,2026-04-30,2026-04-29,2026-05-11,57.25,4
002786,深主板,1,1,2026-04-29,2026-04-29,2026-04-28,2026-04-30,8.18,1
002787,深主板,1,1,2026-01-15,2026-01-15,2026-01-14,2026-01-16,14.5,1
002787,深主板,1,1,2026-04-10,2026-04-10,2026-04-09,2026-04-27,22.4,11
002787,深主板,1,1,2026-04-15,2026-04-15,2026-04-14,2026-04-27,22.4,8
002787,深主板,2,2,2026-04-23,2026-04-24,2026-04-22,2026-04-27,22.4,1
002787,深主板,1,1,2026-05-12,2026-05-12,2026-05-11,2026-05-14,28.24,2
002788,深主板,3,3,2026-01-06,2026-01-08,2026-01-05,2026-01-13,28.29,3
002788,深主板,1,1,2026-03-31,2026-03-31,2026-03-30,2026-04-08,20.29,5
002788,深主板,1,1,2026-04-07,2026-04-07,2026-04-03,2026-04-08,20.29,1
002788,深主板,1,1,2026-04-15,2026-04-15,2026-04-14,2026-04-16,16.9,1
002791,深主板,1,1,2026-02-04,2026-02-04,2026-02-03,2026-02-05,26.84,1
002792,深主板,3,2,2026-01-07,2026-01-12,2026-01-06,2026-01-13,73.35,1
002792,深主板,1,1,2026-01-23,2026-01-23,2026-01-22,2026-01-26,57.35,1
002792,深主板,1,1,2026-02-03,2026-02-03,2026-02-02,2026-02-04,55.04,1
002792,深主板,1,1,2026-04-03,2026-04-03,2026-04-02,2026-04-08,51.09,2
002793,深主板,1,1,2026-04-23,2026-04-23,2026-04-22,2026-04-28,5.75,3
002795,深主板,1,1,2026-01-06,2026-01-06,2026-01-05,2026-01-12,7.79,4
002795,深主板,1,1,2026-01-09,2026-01-09,2026-01-08,2026-01-12,7.79,1
002795,深主板,1,1,2026-03-24,2026-03-24,2026-03-23,2026-03-26,8.2,2
002795,深主板,1,1,2026-04-24,2026-04-24,2026-04-23,2026-05-11,10.45,8
002796,深主板,1,1,2026-01-07,2026-01-07,2026-01-06,2026-01-28,51.14,15
002796,深主板,2,2,2026-01-15,2026-01-16,2026-01-14,2026-01-22,49.59,4
002796,深主板,1,1,2026-01-27,2026-01-27,2026-01-26,2026-01-28,51.14,1
002796,深主板,1,1,2026-02-12,2026-02-12,2026-02-11,2026-03-11,67.88,13
002796,深主板,1,1,2026-03-05,2026-03-05,2026-03-04,2026-03-11,67.88,4
002796,深主板,1,1,2026-04-03,2026-04-03,2026-04-02,2026-04-10,52.27,4
002796,深主板,1,1,2026-04-17,2026-04-17,2026-04-16,2026-04-23,62.78,4
002796,深主板,1,1,2026-04-22,2026-04-22,2026-04-21,2026-04-23,62.78,1
002797,深主板,1,1,2026-04-08,2026-04-08,2026-04-07,2026-04-10,8.15,2
002798,深主板,1,1,2026-04-15,2026-04-15,2026-04-14,2026-04-20,7.29,3
002798,深主板,1,1,2026-05-08,2026-05-08,2026-05-07,2026-05-11,8.77,1
002799,深主板,1,1,2026-01-21,2026-01-21,2026-01-20,2026-01-23,9.63,2
002800,深主板,1,1,2026-03-05,2026-03-05,2026-03-04,2026-03-06,25.75,1
002800,深主板,1,1,2026-03-31,2026-03-31,2026-03-30,2026-04-01,23.73,1
002802,深主板,2,2,2026-04-16,2026-04-17,2026-04-15,2026-04-20,17.02,1
002803,深主板,1,1,2026-04-20,2026-04-20,2026-04-17,2026-05-13,23.72,14
002805,深主板,2,2,2026-04-29,2026-04-30,2026-04-28,2026-05-07,26.5,2
002805,深主板,1,1,2026-05-13,2026-05-13,2026-05-12,2026-05-14,27.09,1
002806,深主板,1,1,2026-02-10,2026-02-10,2026-02-09,2026-02-13,17.37,3
002809,深主板,2,2,2026-01-20,2026-01-21,2026-01-19,2026-01-26,14.58,3
002809,深主板,1,1,2026-03-06,2026-03-06,2026-03-05,2026-03-13,15.55,5
002809,深主板,1,1,2026-05-14,2026-05-14,2026-05-13,2026-05-15,11.99,1
002810,深主板,1,1,2026-01-20,2026-01-20,2026-01-19,2026-01-26,18.8,4
002810,深主板,1,1,2026-01-23,2026-01-23,2026-01-22,2026-01-26,18.8,1
002810,深主板,1,1,2026-02-04,2026-02-04,2026-02-03,2026-02-12,20.35,6
002810,深主板,1,1,2026-03-30,2026-03-30,2026-03-27,2026-04-01,24.8,2
002810,深主板,1,1,2026-04-24,2026-04-24,2026-04-23,2026-04-27,29.18,1
002811,深主板,1,1,2026-02-25,2026-02-25,2026-02-24,2026-02-26,17.98,1
002812,深主板,1,1,2026-02-06,2026-02-06,2026-02-05,2026-02-24,68.8,6
002812,深主板,1,1,2026-04-24,2026-04-24,2026-04-23,2026-05-06,87.71,5
002813,深主板,1,1,2026-01-06,2026-01-06,2026-01-05,2026-01-07,32.99,1
002815,深主板,1,1,2026-01-22,2026-01-22,2026-01-21,2026-01-23,16.54,1
002818,深主板,1,1,2026-04-29,2026-04-29,2026-04-28,2026-04-30,12.53,1
002821,深主板,2,2,2026-03-31,2026-04-01,2026-03-30,2026-04-02,129.8,1
002821,深主板,1,1,2026-04-28,2026-04-28,2026-04-27,2026-05-07,131.29,4
002824,深主板,1,1,2026-02-12,2026-02-12,2026-02-11,2026-02-13,24.66,1
002824,深主板,2,2,2026-04-09,2026-04-10,2026-04-08,2026-04-16,31.83,4
002824,深主板,1,1,2026-04-15,2026-04-15,2026-04-14,2026-04-16,31.83,1
002824,深主板,1,1,2026-05-07,2026-05-07,2026-05-06,2026-05-11,28.95,2
002825,深主板,1,1,2026-05-13,2026-05-13,2026-05-12,2026-05-18,11.47,3
002828,深主板,1,1,2026-01-29,2026-01-29,2026-01-28,2026-01-30,14.26,1
002828,深主板,2,2,2026-03-02,2026-03-03,2026-02-27,2026-03-04,17.9,1
002828,深主板,1,1,2026-04-02,2026-04-02,2026-04-01,2026-04-03,15.17,1
002830,深主板,1,1,2026-01-16,2026-01-16,2026-01-15,2026-01-19,21.89,1
002830,深主板,6,4,2026-01-30,2026-02-09,2026-01-29,2026-02-10,35.74,1
002831,深主板,1,1,2026-03-11,2026-03-11,2026-03-10,2026-03-18,39.38,5
002831,深主板,1,1,2026-03-16,2026-03-16,2026-03-13,2026-03-18,39.38,2
002831,深主板,1,1,2026-04-03,2026-04-03,2026-04-02,2026-04-09,39.89,3
002831,深主板,1,1,2026-05-19,2026-05-19,2026-05-18,2026-05-20,47.5,1
002832,深主板,1,1,2026-04-29,2026-04-29,2026-04-28,2026-05-15,22.1,9
002836,深主板,1,1,2026-01-06,2026-01-06,2026-01-05,2026-01-07,17.27,1
002836,深主板,1,1,2026-01-15,2026-01-15,2026-01-14,2026-01-16,18.09,1
002837,深主板,1,1,2026-02-12,2026-02-12,2026-02-11,2026-02-13,116.5,1
002838,深主板,1,1,2026-01-09,2026-01-09,2026-01-08,2026-01-12,28.87,1
002838,深主板,1,1,2026-01-21,2026-01-21,2026-01-20,2026-01-22,30.79,1
002840,深主板,1,1,2026-04-07,2026-04-07,2026-04-03,2026-04-08,13.37,1
002840,深主板,1,1,2026-05-14,2026-05-14,2026-05-13,2026-05-15,11.2,1
002842,深主板,1,1,2026-01-07,2026-01-07,2026-01-06,2026-01-28,28.84,15
002842,深主板,1,1,2026-01-15,2026-01-15,2026-01-14,2026-01-29,30.78,10
002842,深主板,2,1,2026-01-26,2026-01-28,2026-01-23,2026-01-29,30.78,1
002842,深主板,1,1,2026-02-06,2026-02-06,2026-02-05,2026-03-03,48.5,11
002842,深主板,2,2,2026-02-11,2026-02-12,2026-02-10,2026-03-03,48.5,7
002842,深主板,2,2,2026-02-27,2026-03-02,2026-02-26,2026-03-03,48.5,1
002842,深主板,1,1,2026-03-27,2026-03-27,2026-03-26,2026-03-31,34.08,2
002842,深主板,2,2,2026-04-29,2026-04-30,2026-04-28,2026-05-07,40.2,2
002842,深主板,1,1,2026-05-13,2026-05-13,2026-05-12,2026-05-14,41.38,1
002843,深主板,1,1,2026-01-08,2026-01-08,2026-01-07,2026-01-14,22.57,4
002843,深主板,1,1,2026-02-13,2026-02-13,2026-02-12,2026-03-03,30.58,6
002843,深主板,3,3,2026-02-26,2026-03-02,2026-02-25,2026-03-03,30.58,1
002843,深主板,1,1,2026-03-06,2026-03-06,2026-03-05,2026-03-11,27.72,3
002843,深主板,1,1,2026-04-09,2026-04-09,2026-04-08,2026-04-20,27.98,7
002843,深主板,1,1,2026-04-20,2026-04-20,2026-04-17,2026-04-24,28.0,4
002843,深主板,1,1,2026-05-13,2026-05-13,2026-05-12,2026-05-14,29.18,1
002845,深主板,1,1,2026-03-05,2026-03-05,2026-03-04,2026-03-11,16.05,4
002845,深主板,1,1,2026-05-19,2026-05-19,2026-05-18,2026-05-20,16.66,1
002846,深主板,1,1,2026-04-21,2026-04-21,2026-04-20,2026-04-22,17.8,1
002847,深主板,1,1,2026-04-29,2026-04-29,2026-04-28,2026-04-30,61.2,1
002849,深主板,1,1,2026-01-09,2026-01-09,2026-01-08,2026-01-15,19.08,4
002849,深主板,1,1,2026-03-06,2026-03-06,2026-03-05,2026-03-11,20.0,3
002850,深主板,1,1,2026-03-30,2026-03-30,2026-03-27,2026-04-03,188.8,4
002850,深主板,1,1,2026-04-16,2026-04-16,2026-04-15,2026-04-22,215.99,4
002851,深主板,1,1,2026-01-21,2026-01-21,2026-01-20,2026-01-28,140.39,5
002851,深主板,1,1,2026-04-29,2026-04-29,2026-04-28,2026-05-14,144.8,8
002851,深主板,1,1,2026-05-13,2026-05-13,2026-05-12,2026-05-14,144.8,1
002853,深主板,1,1,2026-01-07,2026-01-07,2026-01-06,2026-01-08,24.29,1
002853,深主板,1,1,2026-02-04,2026-02-04,2026-02-03,2026-02-05,33.74,1
002853,深主板,1,1,2026-04-21,2026-04-21,2026-04-20,2026-04-22,30.49,1
002853,深主板,1,1,2026-05-18,2026-05-18,2026-05-15,2026-05-20,30.08,2
002856,深主板,1,1,2026-01-12,2026-01-12,2026-01-09,2026-01-13,15.3,1
002857,深主板,1,1,2026-03-05,2026-03-05,2026-03-04,2026-03-17,27.39,8
002858,深主板,1,1,2026-01-12,2026-01-12,2026-01-09,2026-01-13,17.97,1
002859,深主板,1,1,2026-04-16,2026-04-16,2026-04-15,2026-04-20,50.98,2
002864,深主板,1,1,2026-01-07,2026-01-07,2026-01-06,2026-01-08,36.86,1
002865,深主板,2,1,2026-01-06,2026-01-08,2026-01-05,2026-01-19,96.2,7
002865,深主板,1,1,2026-01-13,2026-01-13,2026-01-12,2026-01-19,96.2,4
002865,深主板,2,2,2026-01-22,2026-01-23,2026-01-21,2026-01-26,109.38,1
002865,深主板,1,1,2026-02-03,2026-02-03,2026-02-02,2026-02-04,116.68,1
002865,深主板,1,1,2026-02-27,2026-02-27,2026-02-26,2026-03-06,95.72,5
002865,深主板,2,2,2026-05-08,2026-05-11,2026-05-07,2026-05-14,110.63,3
002866,深主板,1,1,2026-04-17,2026-04-17,2026-04-16,2026-04-22,29.144,3
002866,深主板,1,1,2026-05-08,2026-05-08,2026-05-07,2026-05-11,30.0,1
002867,深主板,1,1,2026-04-29,2026-04-29,2026-04-28,2026-04-30,13.97,1
002868,深主板,1,1,2026-05-13,2026-05-13,2026-05-12,2026-05-14,44.62,1
002869,深主板,1,1,2026-03-12,2026-03-12,2026-03-11,2026-03-13,24.0,1
002870,深主板,1,1,2026-04-30,2026-04-30,2026-04-29,2026-05-12,44.92,5
002873,深主板,1,1,2026-04-07,2026-04-07,2026-04-03,2026-04-08,13.09,1
002875,深主板,1,1,2026-04-16,2026-04-16,2026-04-15,2026-04-22,24.31,4
002875,深主板,1,1,2026-04-29,2026-04-29,2026-04-28,2026-04-30,26.8,1
002876,深主板,1,1,2026-01-21,2026-01-21,2026-01-20,2026-01-22,29.38,1
002876,深主板,1,1,2026-04-13,2026-04-13,2026-04-10,2026-04-14,31.16,1
002877,深主板,2,2,2026-03-04,2026-03-05,2026-03-03,2026-03-06,11.6,1
002879,深主板,1,1,2026-01-14,2026-01-14,2026-01-13,2026-01-16,23.159,2
002881,深主板,1,1,2026-01-12,2026-01-12,2026-01-09,2026-01-14,53.96,2
002881,深主板,1,1,2026-05-18,2026-05-18,2026-05-15,2026-05-20,46.69,2
002882,深主板,1,1,2026-01-06,2026-01-06,2026-01-05,2026-01-13,37.62,5
002885,深主板,1,1,2026-02-12,2026-02-12,2026-02-11,2026-02-26,31.51,4
002885,深主板,1,1,2026-03-04,2026-03-04,2026-03-03,2026-03-06,33.77,2
002885,深主板,1,1,2026-04-14,2026-04-14,2026-04-13,2026-04-23,33.05,7
002885,深主板,1,1,2026-04-20,2026-04-20,2026-04-17,2026-04-23,33.05,3
002885,深主板,1,1,2026-05-07,2026-05-07,2026-05-06,2026-05-20,52.6,9
002885,深主板,1,1,2026-05-13,2026-05-13,2026-05-12,2026-05-20,52.6,5
002887,深主板,1,1,2026-03-24,2026-03-24,2026-03-23,2026-03-26,12.39,2
002888,深主板,1,1,2026-05-18,2026-05-18,2026-05-15,2026-05-20,25.74,2
002890,深主板,1,1,2026-01-21,2026-01-21,2026-01-20,2026-02-02,17.46,8
002891,深主板,1,1,2026-04-15,2026-04-15,2026-04-14,2026-04-21,43.24,4
002892,深主板,1,1,2026-05-15,2026-05-15,2026-05-14,2026-05-20,11.8,3
002893,深主板,1,1,2026-05-19,2026-05-19,2026-05-18,2026-05-20,12.05,1
002896,深主板,1,1,2026-03-23,2026-03-23,2026-03-20,2026-03-26,81.5,3
002899,深主板,1,1,2026-04-08,2026-04-08,2026-04-07,2026-04-10,32.81,2
002902,深主板,1,1,2026-03-19,2026-03-19,2026-03-18,2026-04-09,30.79,14
002902,深主板,2,2,2026-03-25,2026-03-26,2026-03-24,2026-04-09,30.79,9
002902,深主板,1,1,2026-04-01,2026-04-01,2026-03-31,2026-04-14,31.95,8
002902,深主板,1,1,2026-04-08,2026-04-08,2026-04-07,2026-04-14,31.95,4
002902,深主板,1,1,2026-04-13,2026-04-13,2026-04-10,2026-04-14,31.95,1
002902,深主板,2,2,2026-04-27,2026-04-28,2026-04-24,2026-05-15,43.03,10
002902,深主板,1,1,2026-05-08,2026-05-08,2026-05-07,2026-05-15,43.03,5
002903,深主板,2,2,2026-03-09,2026-03-10,2026-03-06,2026-03-11,33.41,1
002903,深主板,1,1,2026-03-13,2026-03-13,2026-03-12,2026-03-17,31.31,2
002903,深主板,1,1,2026-04-29,2026-04-29,2026-04-28,2026-05-08,48.22,4
002903,深主板,1,1,2026-05-07,2026-05-07,2026-05-06,2026-05-12,50.11,3
002905,深主板,1,1,2026-02-05,2026-02-05,2026-02-04,2026-02-10,15.04,3
002905,深主板,1,1,2026-02-10,2026-02-10,2026-02-09,2026-02-11,14.67,1
002911,深主板,1,1,2026-03-03,2026-03-03,2026-03-02,2026-03-04,17.8,1
002913,深主板,1,1,2026-01-21,2026-01-21,2026-01-20,2026-01-22,46.18,1
002913,深主板,1,1,2026-02-26,2026-02-26,2026-02-25,2026-02-27,50.14,1
002913,深主板,2,2,2026-03-05,2026-03-06,2026-03-04,2026-03-10,54.5,2
002913,深主板,1,1,2026-03-18,2026-03-18,2026-03-17,2026-03-19,50.99,1
002915,深主板,1,1,2026-05-07,2026-05-07,2026-05-06,2026-05-18,25.41,7
002915,深主板,1,1,2026-05-15,2026-05-15,2026-05-14,2026-05-18,25.41,1
002916,深主板,1,1,2026-02-26,2026-02-26,2026-02-25,2026-03-02,295.66,2
002916,深主板,1,1,2026-04-08,2026-04-08,2026-04-07,2026-04-14,291.9,4
002918,深主板,6,6,2026-05-08,2026-05-15,2026-05-07,2026-05-19,18.05,2
002919,深主板,1,1,2026-01-15,2026-01-15,2026-01-14,2026-01-22,27.22,5
002920,深主板,1,1,2026-01-06,2026-01-06,2026-01-05,2026-01-07,142.79,1
002921,深主板,1,1,2026-02-06,2026-02-06,2026-02-05,2026-02-09,26.74,1
002921,深主板,1,1,2026-04-08,2026-04-08,2026-04-07,2026-04-15,28.68,5
002922,深主板,1,1,2026-01-07,2026-01-07,2026-01-06,2026-01-21,43.22,10
002922,深主板,1,1,2026-02-03,2026-02-03,2026-02-02,2026-02-04,45.16,1
002922,深主板,1,1,2026-02-12,2026-02-12,2026-02-11,2026-03-06,49.38,10
002922,深主板,1,1,2026-05-13,2026-05-13,2026-05-12,2026-05-14,46.0,1
002923,深主板,1,1,2026-04-01,2026-04-01,2026-03-31,2026-04-02,18.96,1
002923,深主板,1,1,2026-04-28,2026-04-28,2026-04-27,2026-04-29,13.52,1
002925,深主板,1,1,2026-01-06,2026-01-06,2026-01-05,2026-01-13,22.54,5
002927,深主板,1,1,2026-01-09,2026-01-09,2026-01-08,2026-01-12,25.71,1
002927,深主板,1,1,2026-05-18,2026-05-18,2026-05-15,2026-05-19,23.5,1
002928,深主板,1,1,2026-02-04,2026-02-04,2026-02-03,2026-02-09,11.96,3
002928,深主板,1,1,2026-04-08,2026-04-08,2026-04-07,2026-04-15,8.93,5
002929,深主板,1,1,2026-01-07,2026-01-07,2026-01-06,2026-01-14,50.06,5
002929,深主板,1,1,2026-04-08,2026-04-08,2026-04-07,2026-04-14,61.87,4
002929,深主板,1,1,2026-04-13,2026-04-13,2026-04-10,2026-04-16,65.29,3
002929,深主板,1,1,2026-04-16,2026-04-16,2026-04-15,2026-04-17,64.64,1
002929,深主板,3,2,2026-04-30,2026-05-08,2026-04-29,2026-05-14,96.56,4
002929,深主板,1,1,2026-05-13,2026-05-13,2026-05-12,2026-05-19,100.09,4
002930,深主板,1,1,2026-03-09,2026-03-09,2026-03-06,2026-03-12,14.9,3
002930,深主板,2,2,2026-05-07,2026-05-08,2026-05-06,2026-05-13,16.88,3
002931,深主板,6,6,2026-01-06,2026-01-13,2026-01-05,2026-01-23,99.53,8
002931,深主板,5,5,2026-01-19,2026-01-23,2026-01-16,2026-01-26,99.53,1
002931,深主板,1,1,2026-03-13,2026-03-13,2026-03-12,2026-03-16,83.0,1
002935,深主板,1,1,2026-01-12,2026-01-12,2026-01-09,2026-01-14,27.7,2
002935,深主板,1,1,2026-04-20,2026-04-20,2026-04-17,2026-04-22,21.89,2
002938,深主板,1,1,2026-01-22,2026-01-22,2026-01-21,2026-01-27,61.9,3
002938,深主板,1,1,2026-04-22,2026-04-22,2026-04-21,2026-04-23,78.66,1
002938,深主板,1,1,2026-05-13,2026-05-13,2026-05-12,2026-05-20,99.24,5
002940,深主板,1,1,2026-04-01,2026-04-01,2026-03-31,2026-04-02,38.0,1
002940,深主板,2,2,2026-04-16,2026-04-17,2026-04-15,2026-04-20,43.08,1
002940,深主板,2,2,2026-05-13,2026-05-14,2026-05-12,2026-05-20,45.65,4
002941,深主板,1,1,2026-03-25,2026-03-25,2026-03-24,2026-04-01,16.34,5
002943,深主板,1,1,2026-01-16,2026-01-16,2026-01-15,2026-01-28,82.59,8
002943,深主板,3,2,2026-01-22,2026-01-27,2026-01-21,2026-01-28,82.59,1
002943,深主板,1,1,2026-02-03,2026-02-03,2026-02-02,2026-02-09,88.95,4
002943,深主板,1,1,2026-02-06,2026-02-06,2026-02-05,2026-02-09,88.95,1
002943,深主板,1,1,2026-04-13,2026-04-13,2026-04-10,2026-04-17,60.0,4
002943,深主板,1,1,2026-05-11,2026-05-11,2026-05-08,2026-05-14,88.68,3
002945,深主板,1,1,2026-01-06,2026-01-06,2026-01-05,2026-01-14,20.81,6
002945,深主板,1,1,2026-02-05,2026-02-05,2026-02-04,2026-02-06,21.22,1
002947,深主板,1,1,2026-04-09,2026-04-09,2026-04-08,2026-04-24,83.224,11
002948,深主板,1,1,2026-01-29,2026-01-29,2026-01-28,2026-02-11,5.69,9
002949,深主板,1,1,2026-02-25,2026-02-25,2026-02-24,2026-02-26,17.21,1
002950,深主板,1,1,2026-03-13,2026-03-13,2026-03-12,2026-03-20,12.68,5
002950,深主板,1,1,2026-04-10,2026-04-10,2026-04-09,2026-04-13,14.9,1
002950,深主板,1,1,2026-04-21,2026-04-21,2026-04-20,2026-04-28,14.77,5
002951,深主板,1,1,2026-02-03,2026-02-03,2026-02-02,2026-02-04,15.37,1
002951,深主板,3,3,2026-02-11,2026-02-13,2026-02-10,2026-02-24,19.48,1
002951,深主板,1,1,2026-03-12,2026-03-12,2026-03-11,2026-03-13,17.88,1
002951,深主板,1,1,2026-05-07,2026-05-07,2026-05-06,2026-05-12,17.74,3
002952,深主板,1,1,2026-01-30,2026-01-30,2026-01-29,2026-02-02,26.13,1
002952,深主板,2,1,2026-03-03,2026-03-05,2026-03-02,2026-03-06,28.5,1
002952,深主板,1,1,2026-04-03,2026-04-03,2026-04-02,2026-04-09,27.2,3
002952,深主板,1,1,2026-04-21,2026-04-21,2026-04-20,2026-04-27,29.62,4
002953,深主板,1,1,2026-01-16,2026-01-16,2026-01-15,2026-01-19,14.44,1
002956,深主板,1,1,2026-04-29,2026-04-29,2026-04-28,2026-04-30,34.93,1
002957,深主板,1,1,2026-02-03,2026-02-03,2026-02-02,2026-02-12,31.97,7
002957,深主板,1,1,2026-02-06,2026-02-06,2026-02-05,2026-02-12,31.97,4
002957,深主板,1,1,2026-03-03,2026-03-03,2026-03-02,2026-03-04,30.75,1
002957,深主板,2,2,2026-04-07,2026-04-08,2026-04-03,2026-04-21,51.55,9
002957,深主板,1,1,2026-04-13,2026-04-13,2026-04-10,2026-04-21,51.55,6
002957,深主板,1,1,2026-04-17,2026-04-17,2026-04-16,2026-04-21,51.55,2
002961,深主板,1,1,2026-03-06,2026-03-06,2026-03-05,2026-03-12,27.94,4
002962,深主板,2,2,2026-04-09,2026-04-10,2026-04-08,2026-04-21,19.2,7
002965,深主板,1,1,2026-05-08,2026-05-08,2026-05-07,2026-05-20,38.59,8
002969,深主板,1,1,2026-01-06,2026-01-06,2026-01-05,2026-01-15,20.5,7
002969,深主板,2,1,2026-01-12,2026-01-14,2026-01-09,2026-01-23,23.48,7
002969,深主板,3,2,2026-01-19,2026-01-22,2026-01-16,2026-01-23,23.48,1
002969,深主板,1,1,2026-02-05,2026-02-05,2026-02-04,2026-02-12,33.54,5
002969,深主板,1,1,2026-02-10,2026-02-10,2026-02-09,2026-02-12,33.54,2
002969,深主板,1,1,2026-03-10,2026-03-10,2026-03-09,2026-03-17,29.58,5
002969,深主板,1,1,2026-03-13,2026-03-13,2026-03-12,2026-03-17,29.58,2
002969,深主板,1,1,2026-04-29,2026-04-29,2026-04-28,2026-05-11,24.1,5
002970,深主板,1,1,2026-01-29,2026-01-29,2026-01-28,2026-02-27,84.234,15
002970,深主板,1,1,2026-02-04,2026-02-04,2026-02-03,2026-02-10,77.153,4
002970,深主板,1,1,2026-02-26,2026-02-26,2026-02-25,2026-02-27,84.234,1
002971,深主板,1,1,2026-01-08,2026-01-08,2026-01-07,2026-01-12,32.64,2
002971,深主板,1,1,2026-04-23,2026-04-23,2026-04-22,2026-04-24,35.05,1
002971,深主板,1,1,2026-05-11,2026-05-11,2026-05-08,2026-05-18,45.33,5
002971,深主板,2,2,2026-05-14,2026-05-15,2026-05-13,2026-05-18,45.33,1
002973,深主板,1,1,2026-02-27,2026-02-27,2026-02-26,2026-03-02,16.0,1
002973,深主板,1,1,2026-05-14,2026-05-14,2026-05-13,2026-05-18,14.4,2
002975,深主板,1,1,2026-02-12,2026-02-12,2026-02-11,2026-02-26,67.638,4
002975,深主板,2,2,2026-04-08,2026-04-09,2026-04-07,2026-04-13,71.538,2
002975,深主板,1,1,2026-04-17,2026-04-17,2026-04-16,2026-04-27,94.946,6
002975,深主板,1,1,2026-05-11,2026-05-11,2026-05-08,2026-05-18,124.5,5
002976,深主板,1,1,2026-05-14,2026-05-14,2026-05-13,2026-05-15,37.45,1
002977,深主板,1,1,2026-01-08,2026-01-08,2026-01-07,2026-01-12,40.98,2
002978,深主板,1,1,2026-01-06,2026-01-06,2026-01-05,2026-01-13,38.77,5
002978,深主板,1,1,2026-02-25,2026-02-25,2026-02-24,2026-03-02,43.38,3
002979,深主板,1,1,2026-05-08,2026-05-08,2026-05-07,2026-05-19,66.94,7
002979,深主板,1,1,2026-05-15,2026-05-15,2026-05-14,2026-05-19,66.94,2
002980,深主板,3,3,2026-02-27,2026-03-03,2026-02-26,2026-03-17,40.28,10
002980,深主板,1,1,2026-03-16,2026-03-16,2026-03-13,2026-03-17,40.28,1
002980,深主板,1,1,2026-03-30,2026-03-30,2026-03-27,2026-04-21,84.22,15
002980,深主板,2,2,2026-04-03,2026-04-07,2026-04-02,2026-04-28,87.2,15
002980,深主板,4,3,2026-04-13,2026-04-17,2026-04-10,2026-04-21,84.22,2
002980,深主板,1,1,2026-05-07,2026-05-07,2026-05-06,2026-05-20,114.91,9
002980,深主板,2,1,2026-05-14,2026-05-18,2026-05-13,2026-05-20,114.91,2
002982,深主板,1,1,2026-04-21,2026-04-21,2026-04-20,2026-04-22,16.09,1
002983,深主板,1,1,2026-03-05,2026-03-05,2026-03-04,2026-03-10,26.1,3
002985,深主板,1,1,2026-01-19,2026-01-19,2026-01-16,2026-01-22,41.98,3
002985,深主板,1,1,2026-01-22,2026-01-22,2026-01-21,2026-01-23,41.75,1
002985,深主板,1,1,2026-02-05,2026-02-05,2026-02-04,2026-02-06,46.64,1
002986,深主板,1,1,2026-03-05,2026-03-05,2026-03-04,2026-03-09,18.22,2
002988,深主板,1,1,2026-04-10,2026-04-10,2026-04-09,2026-04-13,38.65,1
002988,深主板,1,1,2026-05-19,2026-05-19,2026-05-18,2026-05-20,34.38,1
002989,深主板,1,1,2026-01-08,2026-01-08,2026-01-07,2026-01-12,33.6,2
002989,深主板,1,1,2026-02-25,2026-02-25,2026-02-24,2026-02-27,32.5,2
002989,深主板,2,1,2026-04-28,2026-04-30,2026-04-27,2026-05-11,34.2,4
002990,深主板,1,1,2026-03-16,2026-03-16,2026-03-13,2026-03-20,30.35,4
002990,深主板,4,4,2026-04-14,2026-04-17,2026-04-13,2026-05-08,67.49,12
002990,深主板,1,1,2026-04-24,2026-04-24,2026-04-23,2026-05-08,67.49,7
002990,深主板,2,1,2026-04-30,2026-05-07,2026-04-29,2026-05-15,70.8,6
002990,深主板,1,1,2026-05-14,2026-05-14,2026-05-13,2026-05-15,70.8,1
002993,深主板,1,1,2026-01-23,2026-01-23,2026-01-22,2026-01-26,55.68,1
002993,深主板,1,1,2026-03-10,2026-03-10,2026-03-09,2026-03-11,51.7,1
002993,深主板,1,1,2026-05-13,2026-05-13,2026-05-12,2026-05-20,66.22,5
002995,深主板,2,1,2026-01-19,2026-01-21,2026-01-16,2026-02-02,37.73,8
002995,深主板,4,2,2026-01-26,2026-01-30,2026-01-23,2026-02-06,38.56,5
002995,深主板,1,1,2026-02-05,2026-02-05,2026-02-04,2026-02-06,38.56,1
002995,深主板,1,1,2026-03-16,2026-03-16,2026-03-13,2026-03-19,27.19,3
002995,深主板,2,1,2026-03-27,2026-03-31,2026-03-26,2026-04-01,25.4,1
002995,深主板,1,1,2026-04-08,2026-04-08,2026-04-07,2026-04-09,25.28,1
002997,深主板,1,1,2026-05-08,2026-05-08,2026-05-07,2026-05-11,35.86,1
002998,深主板,1,1,2026-02-25,2026-02-25,2026-02-24,2026-02-26,9.41,1
002999,深主板,1,1,2026-04-24,2026-04-24,2026-04-23,2026-04-27,7.6,1
003001,深主板,1,1,2026-05-13,2026-05-13,2026-05-12,2026-05-20,23.75,5
003004,深主板,1,1,2026-05-20,2026-05-20,2026-05-18,2026-05-21,49.64,1
003006,深主板,1,1,2026-04-20,2026-04-20,2026-04-17,2026-04-21,19.61,1
003007,深主板,5,5,2026-01-08,2026-01-14,2026-01-07,2026-01-15,56.7,1
003007,深主板,1,1,2026-04-03,2026-04-03,2026-04-02,2026-04-08,49.0,2
003007,深主板,1,1,2026-05-13,2026-05-13,2026-05-12,2026-05-14,55.96,1
003009,深主板,1,1,2026-03-02,2026-03-02,2026-02-27,2026-03-03,77.0,1
003018,深主板,4,3,2026-02-05,2026-02-11,2026-02-04,2026-03-04,30.0,9
003018,深主板,1,1,2026-02-27,2026-02-27,2026-02-26,2026-03-04,30.0,3
003018,深主板,1,1,2026-03-18,2026-03-18,2026-03-17,2026-03-19,27.6,1
003018,深主板,1,1,2026-03-26,2026-03-26,2026-03-25,2026-04-01,31.61,4
003018,深主板,1,1,2026-04-13,2026-04-13,2026-04-10,2026-04-24,58.0,9
003018,深主板,4,4,2026-04-17,2026-04-22,2026-04-16,2026-04-28,58.25,4
003018,深主板,3,3,2026-05-14,2026-05-18,2026-05-13,2026-05-19,71.56,1
003021,深主板,1,1,2026-03-10,2026-03-10,2026-03-09,2026-03-11,127.08,1
003022,深主板,1,1,2026-04-23,2026-04-23,2026-04-22,2026-04-28,25.93,3
003022,深主板,1,1,2026-05-14,2026-05-14,2026-05-13,2026-05-15,27.38,1
003023,深主板,1,1,2026-03-06,2026-03-06,2026-03-05,2026-03-09,25.88,1
003023,深主板,1,1,2026-04-20,2026-04-20,2026-04-17,2026-04-21,33.32,1
003026,深主板,1,1,2026-04-28,2026-04-28,2026-04-27,2026-05-06,54.06,3
003027,深主板,1,1,2026-03-13,2026-03-13,2026-03-12,2026-03-16,24.16,1
003027,深主板,1,1,2026-04-21,2026-04-21,2026-04-20,2026-04-22,27.67,1
003031,深主板,1,1,2026-01-07,2026-01-07,2026-01-06,2026-01-08,84.0,1
003031,深主板,1,1,2026-01-27,2026-01-27,2026-01-26,2026-01-28,88.5,1
003031,深主板,1,1,2026-04-03,2026-04-03,2026-04-02,2026-04-23,133.08,13
003031,深主板,1,1,2026-04-17,2026-04-17,2026-04-16,2026-04-23,133.08,4
003031,深主板,1,1,2026-05-11,2026-05-11,2026-05-08,2026-05-19,175.97,6
003031,深主板,1,1,2026-05-14,2026-05-14,2026-05-13,2026-05-19,175.97,3
003033,深主板,1,1,2026-03-31,2026-03-31,2026-03-30,2026-04-08,64.55,5
003035,深主板,1,1,2026-01-20,2026-01-20,2026-01-19,2026-01-21,6.18,1
003035,深主板,1,1,2026-02-03,2026-02-03,2026-02-02,2026-02-04,7.99,1
003035,深主板,1,1,2026-02-27,2026-02-27,2026-02-26,2026-03-05,9.16,4
003035,深主板,1,1,2026-03-09,2026-03-09,2026-03-06,2026-03-12,11.0,3
003036,深主板,1,1,2026-02-05,2026-02-05,2026-02-04,2026-02-13,19.66,6
003036,深主板,1,1,2026-03-05,2026-03-05,2026-03-04,2026-03-26,25.0,15
003036,深主板,1,1,2026-03-30,2026-03-30,2026-03-27,2026-03-31,28.88,1
003036,深主板,1,1,2026-04-10,2026-04-10,2026-04-09,2026-04-15,29.7,3
003036,深主板,1,1,2026-04-15,2026-04-15,2026-04-14,2026-04-16,29.7,1
003036,深主板,2,2,2026-04-24,2026-04-27,2026-04-23,2026-05-13,46.5,9
003036,深主板,1,1,2026-05-08,2026-05-08,2026-05-07,2026-05-13,46.5,3
003036,深主板,1,1,2026-05-20,2026-05-20,2026-05-19,2026-05-21,49.41,1
003037,深主板,1,1,2026-01-08,2026-01-08,2026-01-07,2026-01-09,8.94,1
003038,深主板,1,1,2026-01-23,2026-01-23,2026-01-22,2026-01-26,18.99,1
003038,深主板,1,1,2026-02-04,2026-02-04,2026-02-03,2026-02-05,19.42,1
003039,深主板,1,1,2026-01-20,2026-01-20,2026-01-19,2026-01-21,18.54,1
003041,深主板,2,2,2026-01-12,2026-01-13,2026-01-09,2026-01-14,74.0,1
003041,深主板,1,1,2026-01-23,2026-01-23,2026-01-22,2026-01-30,68.3,5
003041,深主板,1,1,2026-02-06,2026-02-06,2026-02-05,2026-02-11,67.5,3
003041,深主板,1,1,2026-03-13,2026-03-13,2026-03-12,2026-03-16,69.59,1
003041,深主板,1,1,2026-04-08,2026-04-08,2026-04-07,2026-04-21,65.02,9
003041,深主板,1,1,2026-04-16,2026-04-16,2026-04-15,2026-04-21,65.02,3
003041,深主板,1,1,2026-05-07,2026-05-07,2026-05-06,2026-05-12,71.0,3
003042,深主板,4,4,2026-01-23,2026-01-28,2026-01-22,2026-01-29,27.95,1
003042,深主板,2,2,2026-03-27,2026-03-30,2026-03-26,2026-03-31,20.09,1
003042,深主板,1,1,2026-04-07,2026-04-07,2026-04-03,2026-04-08,18.27,1
003043,深主板,1,1,2026-03-25,2026-03-25,2026-03-24,2026-03-31,57.35,4
300004,创业板,1,1,2026-05-12,2026-05-12,2026-05-11,2026-05-14,17.35,2
300006,创业板,1,1,2026-04-03,2026-04-03,2026-04-02,2026-04-07,6.65,1
300017,创业板,1,1,2026-01-26,2026-01-26,2026-01-23,2026-02-13,24.1,14
300027,创业板,1,1,2026-04-16,2026-04-16,2026-04-15,2026-04-17,2.26,1
300029,创业板,1,1,2026-04-27,2026-04-27,2026-04-24,2026-04-28,3.46,1
300042,创业板,2,1,2026-03-16,2026-03-18,2026-03-13,2026-03-19,60.59,1
300044,创业板,1,1,2026-01-09,2026-01-09,2026-01-08,2026-01-14,6.24,3
300045,创业板,1,1,2026-01-12,2026-01-12,2026-01-09,2026-01-13,38.6,1
300051,创业板,1,1,2026-01-09,2026-01-09,2026-01-08,2026-01-12,9.29,1
300051,创业板,1,1,2026-01-23,2026-01-23,2026-01-22,2026-01-26,12.0,1
300051,创业板,1,1,2026-03-16,2026-03-16,2026-03-13,2026-03-25,12.51,7
300052,创业板,1,1,2026-05-07,2026-05-07,2026-05-06,2026-05-08,16.85,1
300058,创业板,1,1,2026-01-12,2026-01-12,2026-01-09,2026-01-13,23.87,1
300058,创业板,1,1,2026-04-08,2026-04-08,2026-04-07,2026-04-14,17.48,4
300061,创业板,1,1,2026-04-23,2026-04-23,2026-04-22,2026-04-24,10.9,1
300063,创业板,3,3,2026-01-09,2026-01-13,2026-01-08,2026-01-14,18.39,1
300063,创业板,1,1,2026-01-29,2026-01-29,2026-01-28,2026-02-03,17.85,3
300065,创业板,1,1,2026-01-08,2026-01-08,2026-01-07,2026-01-12,27.57,2
300067,创业板,3,3,2026-04-21,2026-04-23,2026-04-20,2026-04-28,7.75,3
300069,创业板,1,1,2026-03-25,2026-03-25,2026-03-24,2026-04-07,24.72,8
300071,创业板,1,1,2026-01-12,2026-01-12,2026-01-09,2026-01-13,9.85,1
300072,创业板,1,1,2026-03-05,2026-03-05,2026-03-04,2026-03-09,6.21,2
300078,创业板,1,1,2026-01-13,2026-01-13,2026-01-12,2026-01-14,6.55,1
300083,创业板,1,1,2026-04-30,2026-04-30,2026-04-29,2026-05-15,12.47,8
300084,创业板,1,1,2026-03-02,2026-03-02,2026-02-27,2026-03-03,15.88,1
300102,创业板,2,2,2026-01-08,2026-01-09,2026-01-07,2026-01-12,44.592,1
300102,创业板,1,1,2026-01-23,2026-01-23,2026-01-22,2026-01-26,46.729,1
300111,创业板,1,1,2026-01-19,2026-01-19,2026-01-16,2026-01-20,5.4,1
300113,创业板,1,1,2026-03-09,2026-03-09,2026-03-06,2026-03-10,31.88,1
300118,创业板,1,1,2026-01-23,2026-01-23,2026-01-22,2026-01-26,24.91,1
300129,创业板,1,1,2026-01-08,2026-01-08,2026-01-07,2026-01-13,18.42,3
300131,创业板,1,1,2026-04-10,2026-04-10,2026-04-09,2026-04-23,19.08,9
300139,创业板,2,1,2026-01-26,2026-01-28,2026-01-23,2026-01-29,84.72,1
300139,创业板,1,1,2026-03-02,2026-03-02,2026-02-27,2026-03-03,91.78,1
300141,创业板,1,1,2026-01-08,2026-01-08,2026-01-07,2026-01-13,21.2,3
300142,创业板,1,1,2026-05-11,2026-05-11,2026-05-08,2026-05-12,16.23,1
300149,创业板,1,1,2026-04-01,2026-04-01,2026-03-31,2026-04-02,13.05,1
300152,创业板,1,1,2026-02-05,2026-02-05,2026-02-04,2026-02-06,3.08,1
300152,创业板,1,1,2026-05-19,2026-05-19,2026-05-18,2026-05-20,2.05,1
300157,创业板,2,2,2026-03-02,2026-03-03,2026-02-27,2026-03-04,10.02,1
300162,创业板,1,1,2026-03-05,2026-03-05,2026-03-04,2026-03-12,10.44,5
300164,创业板,2,2,2026-01-28,2026-01-29,2026-01-27,2026-01-30,14.43,1
300164,创业板,2,2,2026-03-02,2026-03-03,2026-02-27,2026-03-05,25.96,2
300165,创业板,1,1,2026-04-07,2026-04-07,2026-04-03,2026-04-09,5.61,2
300170,创业板,1,1,2026-01-12,2026-01-12,2026-01-09,2026-01-13,33.7,1
300182,创业板,2,2,2026-02-09,2026-02-10,2026-02-06,2026-02-11,9.46,1
300185,创业板,1,1,2026-03-13,2026-03-13,2026-03-12,2026-03-17,4.38,2
300187,创业板,1,1,2026-04-28,2026-04-28,2026-04-27,2026-05-07,6.1,4
300191,创业板,1,1,2026-01-29,2026-01-29,2026-01-28,2026-01-30,36.5,1
300191,创业板,2,2,2026-03-02,2026-03-03,2026-02-27,2026-03-04,57.88,1
300200,创业板,1,1,2026-01-07,2026-01-07,2026-01-06,2026-01-08,16.12,1
300204,创业板,1,1,2026-03-27,2026-03-27,2026-03-26,2026-04-01,34.98,3
300209,创业板,1,1,2026-03-16,2026-03-16,2026-03-13,2026-03-17,11.8,1
300209,创业板,1,1,2026-04-08,2026-04-08,2026-04-07,2026-04-14,13.49,4
300209,创业板,1,1,2026-04-29,2026-04-29,2026-04-28,2026-05-07,24.88,3
300210,创业板,1,1,2026-05-13,2026-05-13,2026-05-12,2026-05-20,12.54,5
300212,创业板,1,1,2026-05-18,2026-05-18,2026-05-15,2026-05-19,8.63,1
300215,创业板,1,1,2026-01-16,2026-01-16,2026-01-15,2026-01-20,10.29,2
300215,创业板,1,1,2026-02-02,2026-02-02,2026-01-30,2026-02-03,10.2,1
300229,创业板,1,1,2026-01-12,2026-01-12,2026-01-09,2026-01-14,31.0,2
300241,创业板,1,1,2026-03-05,2026-03-05,2026-03-04,2026-03-11,8.28,4
300242,创业板,1,1,2026-01-20,2026-01-20,2026-01-19,2026-01-26,6.85,4
300244,创业板,2,2,2026-01-09,2026-01-12,2026-01-08,2026-01-14,33.3,2
300245,创业板,1,1,2026-03-25,2026-03-25,2026-03-24,2026-03-27,14.6,2
300246,创业板,1,1,2026-01-13,2026-01-13,2026-01-12,2026-01-19,14.98,4
300246,创业板,1,1,2026-03-11,2026-03-11,2026-03-10,2026-03-12,16.81,1
300251,创业板,1,1,2026-02-10,2026-02-10,2026-02-09,2026-02-11,29.88,1
300253,创业板,1,1,2026-01-12,2026-01-12,2026-01-09,2026-01-14,16.09,2
300257,创业板,1,1,2026-03-10,2026-03-10,2026-03-09,2026-03-11,37.29,1
300258,创业板,1,1,2026-05-08,2026-05-08,2026-05-07,2026-05-11,14.05,1
300263,创业板,1,1,2026-05-15,2026-05-15,2026-05-14,2026-05-20,14.11,3
300265,创业板,1,1,2026-02-02,2026-02-02,2026-01-30,2026-02-06,18.28,4
300265,创业板,2,2,2026-03-04,2026-03-05,2026-03-03,2026-03-06,21.99,1
300265,创业板,1,1,2026-05-12,2026-05-12,2026-05-11,2026-05-13,26.71,1
300267,创业板,1,1,2026-01-13,2026-01-13,2026-01-12,2026-01-14,4.58,1
300269,创业板,1,1,2026-01-06,2026-01-06,2026-01-05,2026-01-12,9.84,4
300269,创业板,1,1,2026-03-05,2026-03-05,2026-03-04,2026-03-11,9.28,4
300276,创业板,1,1,2026-05-15,2026-05-15,2026-05-14,2026-05-20,9.45,3
300277,创业板,1,1,2026-02-12,2026-02-12,2026-02-11,2026-03-05,26.35,9
300279,创业板,1,1,2026-01-19,2026-01-19,2026-01-16,2026-01-20,9.9,1
300283,创业板,1,1,2026-04-24,2026-04-24,2026-04-23,2026-05-12,18.44,9
300283,创业板,1,1,2026-05-08,2026-05-08,2026-05-07,2026-05-12,18.44,2
300291,创业板,1,1,2026-01-12,2026-01-12,2026-01-09,2026-01-13,11.36,1
300300,创业板,1,1,2026-02-05,2026-02-05,2026-02-04,2026-02-06,14.54,1
300302,创业板,1,1,2026-03-18,2026-03-18,2026-03-17,2026-03-19,28.39,1
300302,创业板,1,1,2026-05-11,2026-05-11,2026-05-08,2026-05-19,62.0,6
300302,创业板,1,1,2026-05-18,2026-05-18,2026-05-15,2026-05-19,62.0,1
300303,创业板,1,1,2026-02-26,2026-02-26,2026-02-25,2026-03-05,12.53,5
300303,创业板,1,1,2026-03-05,2026-03-05,2026-03-04,2026-03-06,11.8,1
300316,创业板,1,1,2026-01-23,2026-01-23,2026-01-22,2026-01-26,50.69,1
300317,创业板,1,1,2026-02-27,2026-02-27,2026-02-26,2026-03-04,6.05,3
300323,创业板,1,1,2026-03-05,2026-03-05,2026-03-04,2026-03-12,13.68,5
300331,创业板,1,1,2026-01-06,2026-01-06,2026-01-05,2026-01-12,43.83,4
300332,创业板,1,1,2026-03-03,2026-03-03,2026-03-02,2026-03-04,7.85,1
300332,创业板,1,1,2026-03-19,2026-03-19,2026-03-18,2026-03-20,7.13,1
300335,创业板,1,1,2026-03-24,2026-03-24,2026-03-23,2026-03-25,9.25,1
300342,创业板,1,1,2026-01-12,2026-01-12,2026-01-09,2026-01-23,62.66,9
300345,创业板,1,1,2026-01-23,2026-01-23,2026-01-22,2026-01-26,7.85,1
300345,创业板,1,1,2026-03-23,2026-03-23,2026-03-20,2026-03-24,9.95,1
300346,创业板,1,1,2026-01-07,2026-01-07,2026-01-06,2026-01-08,60.15,1
300349,创业板,1,1,2026-01-12,2026-01-12,2026-01-09,2026-01-14,21.28,2
300364,创业板,1,1,2026-01-12,2026-01-12,2026-01-09,2026-01-14,42.5,2
300364,创业板,2,2,2026-02-09,2026-02-10,2026-02-06,2026-02-11,43.8,1
300385,创业板,1,1,2026-01-23,2026-01-23,2026-01-22,2026-02-05,13.12,9
300385,创业板,2,2,2026-03-23,2026-03-24,2026-03-20,2026-03-31,22.1,5
300385,创业板,1,1,2026-03-30,2026-03-30,2026-03-27,2026-03-31,22.1,1
300389,创业板,1,1,2026-03-05,2026-03-05,2026-03-04,2026-03-06,19.81,1
300393,创业板,1,1,2026-02-04,2026-02-04,2026-02-03,2026-02-09,11.4,3
300399,创业板,1,1,2026-01-06,2026-01-06,2026-01-05,2026-01-07,32.04,1
300404,创业板,1,1,2026-01-13,2026-01-13,2026-01-12,2026-01-14,12.84,1
300409,创业板,1,1,2026-01-12,2026-01-12,2026-01-09,2026-01-13,37.38,1
300418,创业板,2,2,2026-01-09,2026-01-12,2026-01-08,2026-01-13,72.09,1
300422,创业板,1,1,2026-04-24,2026-04-24,2026-04-23,2026-04-28,5.88,2
300423,创业板,1,1,2026-02-04,2026-02-04,2026-02-03,2026-02-05,9.86,1
300427,创业板,1,1,2026-01-14,2026-01-14,2026-01-13,2026-01-20,19.73,4
300430,创业板,1,1,2026-01-06,2026-01-06,2026-01-05,2026-01-07,27.17,1
300435,创业板,1,1,2026-01-12,2026-01-12,2026-01-09,2026-01-13,34.23,1
300436,创业板,1,1,2026-01-23,2026-01-23,2026-01-22,2026-01-28,109.7,3
300436,创业板,1,1,2026-04-01,2026-04-01,2026-03-31,2026-04-03,131.0,2
300437,创业板,1,1,2026-02-25,2026-02-25,2026-02-24,2026-02-26,20.54,1
300438,创业板,1,1,2026-04-29,2026-04-29,2026-04-28,2026-05-07,91.88,3
300442,创业板,1,1,2026-01-12,2026-01-12,2026-01-09,2026-01-14,93.13,2
300444,创业板,1,1,2026-01-19,2026-01-19,2026-01-16,2026-01-20,16.5,1
300449,创业板,1,1,2026-02-13,2026-02-13,2026-02-12,2026-02-24,9.21,1
300449,创业板,2,2,2026-05-11,2026-05-12,2026-05-08,2026-05-13,12.83,1
300452,创业板,1,1,2026-01-15,2026-01-15,2026-01-14,2026-01-16,16.15,1
300454,创业板,1,1,2026-01-22,2026-01-22,2026-01-21,2026-01-28,188.0,4
300461,创业板,2,2,2026-02-05,2026-02-06,2026-02-04,2026-02-24,59.0,6
300461,创业板,1,1,2026-03-27,2026-03-27,2026-03-26,2026-04-02,68.0,4
300463,创业板,1,1,2026-01-26,2026-01-26,2026-01-23,2026-01-27,13.5,1
300475,创业板,1,1,2026-04-08,2026-04-08,2026-04-07,2026-04-14,163.0,4
300480,创业板,1,1,2026-02-09,2026-02-09,2026-02-06,2026-02-12,28.88,3
300483,创业板,2,2,2026-03-02,2026-03-03,2026-02-27,2026-03-04,24.78,1
300488,创业板,1,1,2026-05-08,2026-05-08,2026-05-07,2026-05-11,41.48,1
300489,创业板,1,1,2026-04-09,2026-04-09,2026-04-08,2026-04-14,69.95,3
300497,创业板,1,1,2026-03-24,2026-03-24,2026-03-23,2026-03-30,20.55,4
300499,创业板,1,1,2026-02-26,2026-02-26,2026-02-25,2026-03-02,41.23,2
300504,创业板,1,1,2026-03-11,2026-03-11,2026-03-10,2026-03-12,19.29,1
300505,创业板,1,1,2026-02-25,2026-02-25,2026-02-24,2026-02-26,39.99,1
300520,创业板,2,1,2026-01-12,2026-01-14,2026-01-09,2026-01-15,55.26,1
300528,创业板,1,1,2026-02-10,2026-02-10,2026-02-09,2026-02-11,29.34,1
300533,创业板,1,1,2026-04-21,2026-04-21,2026-04-20,2026-04-23,31.48,2
300536,创业板,1,1,2026-01-09,2026-01-09,2026-01-08,2026-01-15,10.52,4
300540,创业板,1,1,2026-04-20,2026-04-20,2026-04-17,2026-04-24,32.21,4
300540,创业板,1,1,2026-04-28,2026-04-28,2026-04-27,2026-04-30,36.12,2
300552,创业板,1,1,2026-01-06,2026-01-06,2026-01-05,2026-01-13,41.5,5
300561,创业板,2,2,2026-04-10,2026-04-13,2026-04-09,2026-04-17,18.44,4
300571,创业板,1,1,2026-03-18,2026-03-18,2026-03-17,2026-03-19,37.0,1
300571,创业板,1,1,2026-04-08,2026-04-08,2026-04-07,2026-04-14,36.18,4
300578,创业板,1,1,2026-01-09,2026-01-09,2026-01-08,2026-01-14,33.3,3
300582,创业板,1,1,2026-04-27,2026-04-27,2026-04-24,2026-04-28,16.18,1
300590,创业板,1,1,2026-04-23,2026-04-23,2026-04-22,2026-04-29,15.1,4
300592,创业板,1,1,2026-01-22,2026-01-22,2026-01-21,2026-01-23,15.0,1
300604,创业板,1,1,2026-05-11,2026-05-11,2026-05-08,2026-05-13,228.0,2
300606,创业板,1,1,2026-01-16,2026-01-16,2026-01-15,2026-01-22,39.58,4
300606,创业板,1,1,2026-01-21,2026-01-21,2026-01-20,2026-01-22,39.58,1
300606,创业板,1,1,2026-03-16,2026-03-16,2026-03-13,2026-03-18,43.94,2
300608,创业板,1,1,2026-04-03,2026-04-03,2026-04-02,2026-04-09,13.39,3
300608,创业板,1,1,2026-05-19,2026-05-19,2026-05-18,2026-05-20,17.3,1
300613,创业板,1,1,2026-04-24,2026-04-24,2026-04-23,2026-04-28,66.65,2
300616,创业板,1,1,2026-05-11,2026-05-11,2026-05-08,2026-05-12,17.6,1
300616,创业板,1,1,2026-05-19,2026-05-19,2026-05-18,2026-05-20,18.19,1
300617,创业板,1,1,2026-03-04,2026-03-04,2026-03-03,2026-03-09,76.84,3
300624,创业板,1,1,2026-01-12,2026-01-12,2026-01-09,2026-01-14,122.8,2
300626,创业板,1,1,2026-04-03,2026-04-03,2026-04-02,2026-04-10,28.1,4
300629,创业板,1,1,2026-03-10,2026-03-10,2026-03-09,2026-03-11,28.5,1
300632,创业板,2,2,2026-04-29,2026-04-30,2026-04-28,2026-05-19,42.24,10
300632,创业板,1,1,2026-05-19,2026-05-19,2026-05-18,2026-05-20,41.75,1
300634,创业板,1,1,2026-05-19,2026-05-19,2026-05-18,2026-05-20,29.19,1
300639,创业板,2,2,2026-01-26,2026-01-27,2026-01-23,2026-01-28,10.07,1
300651,创业板,1,1,2026-04-07,2026-04-07,2026-04-03,2026-04-08,35.12,1
300657,创业板,2,2,2026-05-18,2026-05-19,2026-05-15,2026-05-20,53.95,1
300658,创业板,1,1,2026-01-19,2026-01-19,2026-01-16,2026-01-21,21.88,2
300658,创业板,1,1,2026-02-25,2026-02-25,2026-02-24,2026-03-03,29.25,4
300658,创业板,1,1,2026-03-25,2026-03-25,2026-03-24,2026-03-26,27.85,1
300679,创业板,1,1,2026-04-08,2026-04-08,2026-04-07,2026-04-09,45.0,1
300689,创业板,1,1,2026-01-27,2026-01-27,2026-01-26,2026-02-04,61.6,6
300690,创业板,1,1,2026-03-12,2026-03-12,2026-03-11,2026-03-17,42.54,3
300708,创业板,1,1,2026-03-05,2026-03-05,2026-03-04,2026-03-11,12.3,4
300711,创业板,1,1,2026-01-12,2026-01-12,2026-01-09,2026-01-13,35.14,1
300715,创业板,1,1,2026-05-14,2026-05-14,2026-05-13,2026-05-20,22.35,4
300715,创业板,1,1,2026-05-20,2026-05-20,2026-05-19,2026-05-21,22.35,1
300719,创业板,1,1,2026-02-13,2026-02-13,2026-02-12,2026-02-24,20.89,1
300721,创业板,1,1,2026-04-23,2026-04-23,2026-04-22,2026-04-27,23.5,2
300721,创业板,1,1,2026-05-15,2026-05-15,2026-05-14,2026-05-20,35.45,3
300724,创业板,1,1,2026-01-23,2026-01-23,2026-01-22,2026-01-26,145.0,1
300731,创业板,1,1,2026-01-30,2026-01-30,2026-01-29,2026-02-02,69.19,1
300736,创业板,1,1,2026-04-16,2026-04-16,2026-04-15,2026-04-21,28.86,3
300736,创业板,1,1,2026-05-11,2026-05-11,2026-05-08,2026-05-14,48.48,3
300737,创业板,1,1,2026-01-22,2026-01-22,2026-01-21,2026-02-05,8.17,10
300739,创业板,1,1,2026-02-26,2026-02-26,2026-02-25,2026-02-27,33.04,1
300749,创业板,2,2,2026-02-09,2026-02-10,2026-02-06,2026-02-25,37.22,5
300751,创业板,1,1,2026-01-23,2026-01-23,2026-01-22,2026-01-26,373.0,1
300753,创业板,2,1,2026-01-06,2026-01-08,2026-01-05,2026-01-13,44.12,3
300757,创业板,1,1,2026-02-03,2026-02-03,2026-02-02,2026-02-09,449.0,4
300758,创业板,2,2,2026-01-14,2026-01-15,2026-01-13,2026-01-16,19.8,1
300766,创业板,1,1,2026-01-12,2026-01-12,2026-01-09,2026-01-14,50.55,2
300769,创业板,1,1,2026-04-29,2026-04-29,2026-04-28,2026-05-08,88.3,4
300773,创业板,1,1,2026-01-14,2026-01-14,2026-01-13,2026-01-15,32.0,1
300775,创业板,1,1,2026-01-22,2026-01-22,2026-01-21,2026-02-05,49.29,10
300776,创业板,1,1,2026-04-17,2026-04-17,2026-04-16,2026-04-23,119.19,4
300780,创业板,1,1,2026-01-16,2026-01-16,2026-01-15,2026-01-26,32.99,6
300780,创业板,1,1,2026-01-23,2026-01-23,2026-01-22,2026-01-26,32.99,1
300780,创业板,1,1,2026-01-29,2026-01-29,2026-01-28,2026-02-04,32.08,4
300781,创业板,1,1,2026-01-29,2026-01-29,2026-01-28,2026-01-30,58.06,1
300785,创业板,2,1,2026-01-12,2026-01-14,2026-01-09,2026-01-15,76.89,1
300788,创业板,1,1,2026-02-25,2026-02-25,2026-02-24,2026-02-27,47.77,2
300792,创业板,2,1,2026-01-12,2026-01-14,2026-01-09,2026-01-15,46.312,1
300798,创业板,1,1,2026-01-28,2026-01-28,2026-01-27,2026-01-29,10.06,1
300798,创业板,1,1,2026-04-16,2026-04-16,2026-04-15,2026-04-17,13.1,1
300805,创业板,1,1,2026-01-30,2026-01-30,2026-01-29,2026-02-02,16.1,1
300806,创业板,1,1,2026-01-27,2026-01-27,2026-01-26,2026-01-30,60.28,3
300806,创业板,1,1,2026-04-17,2026-04-17,2026-04-16,2026-04-22,70.95,3
300807,创业板,1,1,2026-05-07,2026-05-07,2026-05-06,2026-05-08,64.0,1
300812,创业板,1,1,2026-02-13,2026-02-13,2026-02-12,2026-03-05,50.95,8
300812,创业板,1,1,2026-04-03,2026-04-03,2026-04-02,2026-04-08,41.22,2
300816,创业板,1,1,2026-01-12,2026-01-12,2026-01-09,2026-01-14,82.8,2
300819,创业板,1,1,2026-02-11,2026-02-11,2026-02-10,2026-03-04,62.31,9
300819,创业板,1,1,2026-05-07,2026-05-07,2026-05-06,2026-05-13,92.0,4
300821,创业板,1,1,2026-02-25,2026-02-25,2026-02-24,2026-02-27,14.68,2
300821,创业板,1,1,2026-04-07,2026-04-07,2026-04-03,2026-04-08,14.49,1
300827,创业板,1,1,2026-03-20,2026-03-20,2026-03-19,2026-03-26,47.1,4
300828,创业板,1,1,2026-01-22,2026-01-22,2026-01-21,2026-01-27,24.94,3
300830,创业板,1,1,2026-01-12,2026-01-12,2026-01-09,2026-01-14,15.03,2
300830,创业板,1,1,2026-02-27,2026-02-27,2026-02-26,2026-03-02,14.96,1
300834,创业板,3,3,2026-03-31,2026-04-02,2026-03-30,2026-04-03,52.19,1
300837,创业板,1,1,2026-01-06,2026-01-06,2026-01-05,2026-01-07,44.14,1
300837,创业板,1,1,2026-01-21,2026-01-21,2026-01-20,2026-01-26,68.42,3
300839,创业板,1,1,2026-03-03,2026-03-03,2026-03-02,2026-03-04,17.13,1
300839,创业板,1,1,2026-04-02,2026-04-02,2026-04-01,2026-04-03,17.2,1
300842,创业板,1,1,2026-01-13,2026-01-13,2026-01-12,2026-01-27,124.3,10
300842,创业板,1,1,2026-02-03,2026-02-03,2026-02-02,2026-02-04,124.97,1
300846,创业板,1,1,2026-02-12,2026-02-12,2026-02-11,2026-02-27,38.38,5
300857,创业板,1,1,2026-04-14,2026-04-14,2026-04-13,2026-04-17,230.0,3
300857,创业板,1,1,2026-04-22,2026-04-22,2026-04-21,2026-05-06,294.84,7
300858,创业板,1,1,2026-03-27,2026-03-27,2026-03-26,2026-03-30,19.49,1
300861,创业板,1,1,2026-01-23,2026-01-23,2026-01-22,2026-01-26,18.95,1
300868,创业板,1,1,2026-03-23,2026-03-23,2026-03-20,2026-03-25,56.66,2
300868,创业板,1,1,2026-05-07,2026-05-07,2026-05-06,2026-05-12,100.67,3
300871,创业板,1,1,2026-01-26,2026-01-26,2026-01-23,2026-01-27,32.39,1
300878,创业板,1,1,2026-01-09,2026-01-09,2026-01-08,2026-01-12,37.11,1
300878,创业板,1,1,2026-05-15,2026-05-15,2026-05-14,2026-05-18,36.38,1
300880,创业板,1,1,2026-03-04,2026-03-04,2026-03-03,2026-03-09,28.88,3
300885,创业板,1,1,2026-04-30,2026-04-30,2026-04-29,2026-05-08,32.78,3
300887,创业板,2,1,2026-01-06,2026-01-08,2026-01-05,2026-01-12,16.79,2
300890,创业板,1,1,2026-04-22,2026-04-22,2026-04-21,2026-04-23,44.78,1
300895,创业板,1,1,2026-03-05,2026-03-05,2026-03-04,2026-03-10,65.8,3
300895,创业板,1,1,2026-03-19,2026-03-19,2026-03-18,2026-03-20,82.79,1
300900,创业板,1,1,2026-03-30,2026-03-30,2026-03-27,2026-04-01,41.6,2
300905,创业板,2,2,2026-04-16,2026-04-17,2026-04-15,2026-04-20,64.2,1
300905,创业板,1,1,2026-04-28,2026-04-28,2026-04-27,2026-04-29,72.21,1
300912,创业板,4,4,2026-02-04,2026-02-09,2026-02-03,2026-02-10,48.0,1
300927,创业板,1,1,2026-01-20,2026-01-20,2026-01-19,2026-01-26,36.48,4
300927,创业板,1,1,2026-04-07,2026-04-07,2026-04-03,2026-04-09,31.96,2
300936,创业板,1,1,2026-03-10,2026-03-10,2026-03-09,2026-03-17,71.24,5
300943,创业板,1,1,2026-02-26,2026-02-26,2026-02-25,2026-02-27,39.98,1
300945,创业板,1,1,2026-01-28,2026-01-28,2026-01-27,2026-01-29,27.21,1
300952,创业板,1,1,2026-01-16,2026-01-16,2026-01-15,2026-01-19,56.0,1
300959,创业板,2,2,2026-05-12,2026-05-13,2026-05-11,2026-05-18,192.98,3
300965,创业板,1,1,2026-05-13,2026-05-13,2026-05-12,2026-05-14,95.04,1
300970,创业板,1,1,2026-04-23,2026-04-23,2026-04-22,2026-04-24,50.4,1
300975,创业板,1,1,2026-01-29,2026-01-29,2026-01-28,2026-02-02,18.2,2
300981,创业板,1,1,2026-03-13,2026-03-13,2026-03-12,2026-03-19,18.27,4
300982,创业板,1,1,2026-02-09,2026-02-09,2026-02-06,2026-02-10,25.39,1
300982,创业板,1,1,2026-04-29,2026-04-29,2026-04-28,2026-04-30,24.21,1
300985,创业板,1,1,2026-02-04,2026-02-04,2026-02-03,2026-02-10,27.71,4
300986,创业板,5,5,2026-01-06,2026-01-12,2026-01-05,2026-01-13,33.38,1
300986,创业板,1,1,2026-01-23,2026-01-23,2026-01-22,2026-01-28,45.55,3
300987,创业板,1,1,2026-01-12,2026-01-12,2026-01-09,2026-01-14,26.75,2
300992,创业板,1,1,2026-03-31,2026-03-31,2026-03-30,2026-04-01,41.77,1
301000,创业板,1,1,2026-05-07,2026-05-07,2026-05-06,2026-05-08,38.86,1
301001,创业板,1,1,2026-01-14,2026-01-14,2026-01-13,2026-01-15,40.46,1
301003,创业板,1,1,2026-04-22,2026-04-22,2026-04-21,2026-04-24,72.48,2
301008,创业板,2,2,2026-03-30,2026-03-31,2026-03-27,2026-04-01,49.5,1
301016,创业板,1,1,2026-01-06,2026-01-06,2026-01-05,2026-01-07,19.533,1
301020,创业板,1,1,2026-05-20,2026-05-20,2026-05-19,2026-05-21,34.99,1
301022,创业板,1,1,2026-04-21,2026-04-21,2026-04-20,2026-04-28,42.297,5
301022,创业板,5,1,2026-04-28,2026-05-08,2026-04-27,2026-05-20,33.99,8
301023,创业板,1,1,2026-01-21,2026-01-21,2026-01-20,2026-01-22,65.18,1
301023,创业板,5,1,2026-04-28,2026-05-08,2026-04-27,2026-05-20,49.3,8
301024,创业板,5,1,2026-04-28,2026-05-08,2026-04-27,2026-05-15,52.23,5
301025,创业板,1,1,2026-02-10,2026-02-10,2026-02-09,2026-02-11,16.58,1
301026,创业板,5,1,2026-04-28,2026-05-08,2026-04-27,2026-05-12,32.82,2
301029,创业板,5,1,2026-04-28,2026-05-08,2026-04-27,2026-05-15,31.46,5
301030,创业板,6,1,2026-04-27,2026-05-08,2026-04-24,2026-05-12,11.97,2
301031,创业板,1,1,2026-01-21,2026-01-21,2026-01-20,2026-01-22,158.0,1
301031,创业板,2,1,2026-04-29,2026-04-30,2026-04-28,2026-05-06,162.58,1
301031,创业板,1,1,2026-05-08,2026-05-08,2026-05-07,2026-05-15,179.0,6
301032,创业板,1,1,2026-03-06,2026-03-06,2026-03-05,2026-03-11,14.84,3
301037,创业板,5,1,2026-04-28,2026-05-08,2026-04-27,2026-05-11,17.76,1
301038,创业板,5,1,2026-04-28,2026-05-08,2026-04-27,2026-05-11,22.16,1
301042,创业板,1,1,2026-04-28,2026-04-28,2026-04-27,2026-04-29,126.159,2
301043,创业板,1,1,2026-01-14,2026-01-14,2026-01-13,2026-01-15,82.88,1
301047,创业板,2,1,2026-04-29,2026-04-30,2026-04-28,2026-05-12,74.65,5
301047,创业板,1,1,2026-05-08,2026-05-08,2026-05-07,2026-05-12,74.65,2
301048,创业板,1,1,2026-03-31,2026-03-31,2026-03-30,2026-04-01,13.57,1
301050,创业板,5,1,2026-04-28,2026-05-08,2026-04-27,2026-05-11,43.18,1
301051,创业板,2,1,2026-04-29,2026-04-30,2026-04-28,2026-05-11,26.25,4
301051,创业板,1,1,2026-05-08,2026-05-08,2026-05-07,2026-05-13,26.85,3
301052,创业板,2,1,2026-04-29,2026-04-30,2026-04-28,2026-05-08,35.47,3
301052,创业板,1,1,2026-05-08,2026-05-08,2026-05-07,2026-05-11,34.35,1
301059,创业板,5,1,2026-04-28,2026-05-08,2026-04-27,2026-05-12,16.77,2
301060,创业板,1,1,2026-01-13,2026-01-13,2026-01-12,2026-01-14,14.55,1
301061,创业板,2,1,2026-04-29,2026-04-30,2026-04-28,2026-05-12,67.25,6
301061,创业板,1,1,2026-05-08,2026-05-08,2026-05-07,2026-05-12,67.25,2
301065,创业板,2,1,2026-04-29,2026-04-30,2026-04-28,2026-05-11,24.59,4
301065,创业板,1,1,2026-05-08,2026-05-08,2026-05-07,2026-05-11,24.59,1
301066,创业板,1,1,2026-01-12,2026-01-12,2026-01-09,2026-01-13,25.88,1
301066,创业板,5,1,2026-04-28,2026-05-08,2026-04-27,2026-05-13,17.38,3
301067,创业板,5,1,2026-04-28,2026-05-08,2026-04-27,2026-05-11,34.22,1
301068,创业板,1,1,2026-03-12,2026-03-12,2026-03-11,2026-03-17,38.59,3
301068,创业板,5,1,2026-04-28,2026-05-08,2026-04-27,2026-05-11,36.22,1
301070,创业板,3,1,2026-04-07,2026-04-09,2026-04-06,2026-04-13,147.014,4
301070,创业板,4,1,2026-04-13,2026-04-16,2026-04-12,2026-04-20,142.339,4
301070,创业板,4,1,2026-04-20,2026-04-23,2026-04-19,2026-04-27,142.958,4
301070,创业板,6,1,2026-04-27,2026-05-08,2026-04-26,2026-05-13,116.97,3
301071,创业板,5,1,2026-04-28,2026-05-08,2026-04-27,2026-05-13,61.28,3
301073,创业板,5,1,2026-04-28,2026-05-08,2026-04-27,2026-05-12,25.57,2
301076,创业板,5,1,2026-04-28,2026-05-08,2026-04-27,2026-05-15,45.03,5
301077,创业板,7,1,2026-04-24,2026-05-08,2026-04-23,2026-05-11,32.72,1
301079,创业板,3,2,2026-01-07,2026-01-12,2026-01-06,2026-01-13,66.5,1
301079,创业板,1,1,2026-03-31,2026-03-31,2026-03-30,2026-04-02,46.0,2
301079,创业板,6,1,2026-04-28,2026-05-08,2026-04-27,2026-05-11,48.69,1
301080,创业板,6,1,2026-04-28,2026-05-08,2026-04-27,2026-05-11,46.56,1
301081,创业板,6,1,2026-04-28,2026-05-08,2026-04-27,2026-05-15,20.3,5
301081,创业板,1,1,2026-05-15,2026-05-15,2026-05-14,2026-05-20,19.97,3
301082,创业板,6,1,2026-04-28,2026-05-08,2026-04-27,2026-05-14,12.89,4
301085,创业板,1,1,2026-02-10,2026-02-10,2026-02-09,2026-02-12,78.25,2
301086,创业板,6,1,2026-04-28,2026-05-08,2026-04-27,2026-05-14,247.98,4
301087,创业板,6,1,2026-04-28,2026-05-08,2026-04-27,2026-05-11,52.58,1
301091,创业板,6,1,2026-04-28,2026-05-08,2026-04-27,2026-05-14,23.05,4
301093,创业板,1,1,2026-01-12,2026-01-12,2026-01-09,2026-01-14,71.91,2
301093,创业板,6,1,2026-04-28,2026-05-08,2026-04-27,2026-05-12,110.0,2
301098,创业板,6,1,2026-04-28,2026-05-08,2026-04-27,2026-05-15,11.18,5
301099,创业板,1,1,2026-03-16,2026-03-16,2026-03-13,2026-03-18,55.1,2
301099,创业板,6,1,2026-04-28,2026-05-08,2026-04-27,2026-05-11,66.94,1
301100,创业板,1,1,2026-02-25,2026-02-25,2026-02-24,2026-02-26,24.51,1
301101,创业板,6,1,2026-04-28,2026-05-08,2026-04-27,2026-05-14,38.79,4
301102,创业板,6,1,2026-04-28,2026-05-08,2026-04-27,2026-05-12,11.26,2
301103,创业板,6,1,2026-04-28,2026-05-08,2026-04-27,2026-05-11,20.24,1
301106,创业板,6,1,2026-04-28,2026-05-08,2026-04-27,2026-05-14,38.42,4
301107,创业板,6,1,2026-04-28,2026-05-08,2026-04-27,2026-05-20,29.82,8
301108,创业板,6,1,2026-04-28,2026-05-08,2026-04-27,2026-05-11,27.39,1
301109,创业板,6,1,2026-04-28,2026-05-08,2026-04-27,2026-05-13,16.35,3
301110,创业板,6,1,2026-04-28,2026-05-08,2026-04-27,2026-05-19,76.66,7
301113,创业板,6,1,2026-04-28,2026-05-08,2026-04-27,2026-05-12,27.99,2
301117,创业板,1,1,2026-01-14,2026-01-14,2026-01-13,2026-01-15,81.47,1
301117,创业板,6,1,2026-04-28,2026-05-08,2026-04-27,2026-05-11,48.18,1
301119,创业板,1,1,2026-02-04,2026-02-04,2026-02-03,2026-02-05,59.59,1
301119,创业板,2,1,2026-04-29,2026-04-30,2026-04-28,2026-05-12,44.78,6
301119,创业板,1,1,2026-05-08,2026-05-08,2026-05-07,2026-05-12,44.78,2
301120,创业板,2,1,2026-04-29,2026-04-30,2026-04-28,2026-05-14,22.2,8
301120,创业板,1,1,2026-05-08,2026-05-08,2026-05-07,2026-05-14,22.2,4
301120,创业板,1,1,2026-05-19,2026-05-19,2026-05-18,2026-05-20,24.54,1
301121,创业板,2,1,2026-04-29,2026-04-30,2026-04-28,2026-05-15,40.9,9
301121,创业板,1,1,2026-05-08,2026-05-08,2026-05-07,2026-05-20,41.5,8
301122,创业板,2,1,2026-04-29,2026-04-30,2026-04-28,2026-05-11,34.67,5
301122,创业板,1,1,2026-05-08,2026-05-08,2026-05-07,2026-05-11,34.67,1
301125,创业板,6,1,2026-04-28,2026-05-08,2026-04-27,2026-05-11,26.84,1
301127,创业板,6,1,2026-04-28,2026-05-08,2026-04-27,2026-05-11,14.75,1
301128,创业板,1,1,2026-03-18,2026-03-18,2026-03-17,2026-04-09,168.2,15
301128,创业板,6,1,2026-04-28,2026-05-08,2026-04-27,2026-05-15,215.49,5
301129,创业板,1,1,2026-03-04,2026-03-04,2026-03-03,2026-03-05,33.0,1
301129,创业板,6,1,2026-04-28,2026-05-08,2026-04-27,2026-05-14,29.92,4
301139,创业板,1,1,2026-05-20,2026-05-20,2026-05-19,2026-05-21,6.92,1
301141,创业板,2,1,2026-05-07,2026-05-08,2026-05-06,2026-05-11,60.42,1
301148,创业板,1,1,2026-05-07,2026-05-07,2026-05-06,2026-05-07,79.85,1
301149,创业板,1,1,2026-01-23,2026-01-23,2026-01-22,2026-01-26,14.04,1
301150,创业板,2,1,2026-05-07,2026-05-08,2026-05-06,2026-05-13,83.94,3
301153,创业板,2,1,2026-05-07,2026-05-08,2026-05-06,2026-05-11,21.5,1
301156,创业板,2,1,2026-05-07,2026-05-08,2026-05-06,2026-05-12,21.4,2
301157,创业板,1,1,2026-04-14,2026-04-14,2026-04-13,2026-04-17,90.25,3
301158,创业板,2,2,2026-03-02,2026-03-03,2026-02-27,2026-03-04,35.37,1
301159,创业板,2,1,2026-01-12,2026-01-14,2026-01-09,2026-01-15,57.39,1
301160,创业板,2,1,2026-05-07,2026-05-08,2026-05-06,2026-05-14,63.34,4
301162,创业板,2,1,2026-05-07,2026-05-08,2026-05-06,2026-05-13,70.8,3
301165,创业板,1,1,2026-05-08,2026-05-08,2026-05-07,2026-05-14,110.33,4
301167,创业板,1,1,2026-05-08,2026-05-08,2026-05-07,2026-05-11,18.21,1
301171,创业板,2,2,2026-01-09,2026-01-12,2026-01-08,2026-01-14,64.507,2
301171,创业板,3,1,2026-04-07,2026-04-09,2026-04-06,2026-04-13,46.26,4
301171,创业板,4,1,2026-04-13,2026-04-16,2026-04-12,2026-04-20,52.6,4
301171,创业板,4,1,2026-04-20,2026-04-23,2026-04-19,2026-04-27,45.65,4
301171,创业板,2,1,2026-04-27,2026-04-28,2026-04-26,2026-05-08,46.28,7
301171,创业板,1,1,2026-05-08,2026-05-08,2026-05-07,2026-05-19,49.88,7
301172,创业板,1,1,2026-05-08,2026-05-08,2026-05-07,2026-05-14,37.94,4
301175,创业板,1,1,2026-02-26,2026-02-26,2026-02-25,2026-02-27,8.04,1
301176,创业板,1,1,2026-05-19,2026-05-19,2026-05-18,2026-05-20,45.27,1
301177,创业板,1,1,2026-01-28,2026-01-28,2026-01-27,2026-01-29,43.81,1
301178,创业板,1,1,2026-05-08,2026-05-08,2026-05-07,2026-05-13,62.79,3
301179,创业板,1,1,2026-03-09,2026-03-09,2026-03-06,2026-03-12,28.88,3
301179,创业板,2,1,2026-05-07,2026-05-08,2026-05-06,2026-05-13,27.4,3
301181,创业板,1,1,2026-04-09,2026-04-09,2026-04-08,2026-04-10,53.8,1
301181,创业板,2,1,2026-05-07,2026-05-08,2026-05-06,2026-05-13,51.88,3
301182,创业板,1,1,2026-02-03,2026-02-03,2026-02-02,2026-02-06,56.0,3
301187,创业板,1,1,2026-05-08,2026-05-08,2026-05-07,2026-05-14,21.86,4
301188,创业板,1,1,2026-04-01,2026-04-01,2026-03-31,2026-04-10,26.28,6
301188,创业板,1,1,2026-05-11,2026-05-11,2026-05-08,2026-05-20,48.38,7
301191,创业板,1,1,2026-03-18,2026-03-18,2026-03-17,2026-03-19,136.99,1
301191,创业板,2,1,2026-05-07,2026-05-08,2026-05-06,2026-05-14,175.74,4
301192,创业板,1,1,2026-05-08,2026-05-08,2026-05-07,2026-05-11,28.38,1
301193,创业板,2,1,2026-05-07,2026-05-08,2026-05-06,2026-05-11,26.2,1
301196,创业板,1,1,2026-03-25,2026-03-25,2026-03-24,2026-03-26,117.66,1
301196,创业板,1,1,2026-05-12,2026-05-12,2026-05-11,2026-05-14,175.84,2
301197,创业板,1,1,2026-05-12,2026-05-12,2026-05-11,2026-05-14,41.65,2
301200,创业板,1,1,2026-01-21,2026-01-21,2026-01-20,2026-01-22,183.89,1
301205,创业板,1,1,2026-03-06,2026-03-06,2026-03-05,2026-03-10,270.39,2
301207,创业板,1,1,2026-01-26,2026-01-26,2026-01-23,2026-01-27,27.88,1
301213,创业板,1,1,2026-01-07,2026-01-07,2026-01-06,2026-01-12,113.04,3
301213,创业板,1,1,2026-03-02,2026-03-02,2026-02-27,2026-03-03,98.86,1
301217,创业板,1,1,2026-04-29,2026-04-29,2026-04-28,2026-05-06,92.5,2
301218,创业板,1,1,2026-03-06,2026-03-06,2026-03-05,2026-03-12,41.29,4
301219,创业板,1,1,2026-04-14,2026-04-14,2026-04-13,2026-04-17,86.47,3
301226,创业板,1,1,2026-02-27,2026-02-27,2026-02-26,2026-03-02,50.0,1
301226,创业板,1,1,2026-03-17,2026-03-17,2026-03-16,2026-03-18,44.28,1
301226,创业板,1,1,2026-03-24,2026-03-24,2026-03-23,2026-03-30,45.3,4
301230,创业板,1,1,2026-01-09,2026-01-09,2026-01-08,2026-01-14,67.97,3
301231,创业板,1,1,2026-01-12,2026-01-12,2026-01-09,2026-01-14,51.5,2
301231,创业板,2,2,2026-02-09,2026-02-10,2026-02-06,2026-02-11,60.83,1
301232,创业板,1,1,2026-01-23,2026-01-23,2026-01-22,2026-01-29,255.3,4
301232,创业板,1,1,2026-02-09,2026-02-09,2026-02-06,2026-02-10,228.81,1
301232,创业板,1,1,2026-04-08,2026-04-08,2026-04-07,2026-04-20,248.0,8
301235,创业板,1,1,2026-01-16,2026-01-16,2026-01-15,2026-01-22,52.92,4
301237,创业板,1,1,2026-04-17,2026-04-17,2026-04-16,2026-04-23,80.9,4
301248,创业板,1,1,2026-01-12,2026-01-12,2026-01-09,2026-01-21,52.99,7
301248,创业板,1,1,2026-04-27,2026-04-27,2026-04-24,2026-05-13,98.47,9
301255,创业板,1,1,2026-03-31,2026-03-31,2026-03-30,2026-04-01,30.28,1
301256,创业板,1,1,2026-01-07,2026-01-07,2026-01-06,2026-01-15,19.64,6
301257,创业板,1,1,2026-01-13,2026-01-13,2026-01-12,2026-01-14,85.0,1
301261,创业板,1,1,2026-04-28,2026-04-28,2026-04-27,2026-05-15,103.56,10
301262,创业板,1,1,2026-02-09,2026-02-09,2026-02-06,2026-02-10,38.88,1
301265,创业板,1,1,2026-03-06,2026-03-06,2026-03-05,2026-03-11,23.46,3
301265,创业板,1,1,2026-04-20,2026-04-20,2026-04-17,2026-04-21,29.99,1
301275,创业板,1,1,2026-01-14,2026-01-14,2026-01-13,2026-01-15,83.68,1
301286,创业板,1,1,2026-01-22,2026-01-22,2026-01-21,2026-01-23,66.0,1
301292,创业板,1,1,2026-03-27,2026-03-27,2026-03-26,2026-03-30,101.37,1
301292,创业板,1,1,2026-04-14,2026-04-14,2026-04-13,2026-04-15,103.4,1
301293,创业板,1,1,2026-01-06,2026-01-06,2026-01-05,2026-01-08,103.0,2
301302,创业板,2,2,2026-03-02,2026-03-03,2026-02-27,2026-03-04,39.29,1
301306,创业板,1,1,2026-03-18,2026-03-18,2026-03-17,2026-03-19,146.8,1
301312,创业板,1,1,2026-02-06,2026-02-06,2026-02-05,2026-02-09,88.88,1
301312,创业板,1,1,2026-04-01,2026-04-01,2026-03-31,2026-04-07,129.8,3
301313,创业板,1,1,2026-05-18,2026-05-18,2026-05-15,2026-05-19,54.0,1
301317,创业板,1,1,2026-02-12,2026-02-12,2026-02-11,2026-03-10,66.88,12
301319,创业板,1,1,2026-04-17,2026-04-17,2026-04-16,2026-04-23,80.88,4
301321,创业板,1,1,2026-01-14,2026-01-14,2026-01-13,2026-01-15,25.56,1
301322,创业板,1,1,2026-05-20,2026-05-20,2026-05-19,2026-05-21,60.86,1
301330,创业板,1,1,2026-01-06,2026-01-06,2026-01-05,2026-01-13,50.5,5
301333,创业板,1,1,2026-01-13,2026-01-13,2026-01-12,2026-01-14,91.78,1
301338,创业板,1,1,2026-03-02,2026-03-02,2026-02-27,2026-03-05,198.8,3
301348,创业板,1,1,2026-01-15,2026-01-15,2026-01-14,2026-01-21,36.9,4
301362,创业板,4,4,2026-02-02,2026-02-05,2026-01-30,2026-02-09,99.87,2
301363,创业板,2,2,2026-01-06,2026-01-07,2026-01-05,2026-01-08,43.3,1
301368,创业板,1,1,2026-01-08,2026-01-08,2026-01-07,2026-01-09,74.0,1
301373,创业板,1,1,2026-02-25,2026-02-25,2026-02-24,2026-02-26,49.89,1
301373,创业板,1,1,2026-03-04,2026-03-04,2026-03-03,2026-03-11,82.33,5
301373,创业板,1,1,2026-04-07,2026-04-07,2026-04-03,2026-04-17,107.77,8
301378,创业板,3,3,2026-01-12,2026-01-14,2026-01-09,2026-01-15,51.96,1
301379,创业板,1,1,2026-05-19,2026-05-19,2026-05-18,2026-05-20,36.94,1
301392,创业板,1,1,2026-04-01,2026-04-01,2026-03-31,2026-04-14,158.5,8
301396,创业板,1,1,2026-01-14,2026-01-14,2026-01-13,2026-01-15,92.85,1
301396,创业板,1,1,2026-01-27,2026-01-27,2026-01-26,2026-01-30,116.4,3
301396,创业板,1,1,2026-03-09,2026-03-09,2026-03-06,2026-03-19,186.56,8
301396,创业板,1,1,2026-03-12,2026-03-12,2026-03-11,2026-03-19,186.56,5
301396,创业板,1,1,2026-04-16,2026-04-16,2026-04-15,2026-04-23,348.6,5
301408,创业板,1,1,2026-01-14,2026-01-14,2026-01-13,2026-01-15,26.91,1
301408,创业板,1,1,2026-04-15,2026-04-15,2026-04-14,2026-04-21,21.62,4
301419,创业板,1,1,2026-03-25,2026-03-25,2026-03-24,2026-03-26,43.35,1
301428,创业板,1,1,2026-03-18,2026-03-18,2026-03-17,2026-03-19,40.28,1
301486,创业板,1,1,2026-01-21,2026-01-21,2026-01-20,2026-02-03,228.56,9
301486,创业板,1,1,2026-01-30,2026-01-30,2026-01-29,2026-02-03,228.56,2
301486,创业板,1,1,2026-04-21,2026-04-21,2026-04-20,2026-04-27,226.0,4
301500,创业板,1,1,2026-01-28,2026-01-28,2026-01-27,2026-01-29,25.0,1
301500,创业板,1,1,2026-04-27,2026-04-27,2026-04-24,2026-04-28,33.16,1
301515,创业板,1,1,2026-01-08,2026-01-08,2026-01-07,2026-01-13,27.4,3
301526,创业板,1,1,2026-02-11,2026-02-11,2026-02-10,2026-02-25,16.16,4
301529,创业板,1,1,2026-01-16,2026-01-16,2026-01-15,2026-01-23,166.09,5
301548,创业板,1,1,2026-01-26,2026-01-26,2026-01-23,2026-01-27,84.52,1
301603,创业板,1,1,2026-04-16,2026-04-16,2026-04-15,2026-05-11,142.0,14
301606,创业板,1,1,2026-03-09,2026-03-09,2026-03-06,2026-03-10,93.0,1
301629,创业板,1,1,2026-01-15,2026-01-15,2026-01-14,2026-01-19,373.93,2
301630,创业板,1,1,2026-02-26,2026-02-26,2026-02-25,2026-02-27,246.0,1
301630,创业板,1,1,2026-04-07,2026-04-07,2026-04-03,2026-04-13,248.99,4
301636,创业板,2,2,2026-02-03,2026-02-04,2026-02-02,2026-02-09,113.8,3
301638,创业板,1,1,2026-03-06,2026-03-06,2026-03-05,2026-03-11,35.59,3
301658,创业板,1,1,2026-03-11,2026-03-11,2026-03-10,2026-03-12,55.0,1
301658,创业板,1,1,2026-03-20,2026-03-20,2026-03-19,2026-03-23,66.93,1
301667,创业板,1,1,2026-03-12,2026-03-12,2026-03-11,2026-03-18,122.0,4
301667,创业板,1,1,2026-03-17,2026-03-17,2026-03-16,2026-03-18,122.0,1
301667,创业板,1,1,2026-04-13,2026-04-13,2026-04-10,2026-04-14,118.0,1
600010,沪主板,1,1,2026-02-25,2026-02-25,2026-02-24,2026-03-02,3.41,3
600021,沪主板,1,1,2026-05-19,2026-05-19,2026-05-18,2026-05-20,18.88,1
600026,沪主板,1,1,2026-02-12,2026-02-12,2026-02-11,2026-03-09,26.65,11
600026,沪主板,2,2,2026-03-02,2026-03-03,2026-02-27,2026-03-09,26.65,4
600026,沪主板,1,1,2026-03-24,2026-03-24,2026-03-23,2026-03-25,27.17,1
600028,沪主板,2,2,2026-03-02,2026-03-03,2026-02-27,2026-03-04,8.11,1
600032,沪主板,3,3,2026-03-23,2026-03-25,2026-03-20,2026-03-26,14.1,1
600032,沪主板,1,1,2026-04-13,2026-04-13,2026-04-10,2026-04-14,10.16,1
600032,沪主板,1,1,2026-04-21,2026-04-21,2026-04-20,2026-04-23,12.4,2
600032,沪主板,1,1,2026-05-18,2026-05-18,2026-05-15,2026-05-19,11.59,2
600052,沪主板,2,2,2026-04-22,2026-04-23,2026-04-21,2026-04-24,4.9,1
600052,沪主板,1,1,2026-04-30,2026-04-30,2026-04-29,2026-05-08,4.69,3
600053,沪主板,1,1,2026-01-07,2026-01-07,2026-01-06,2026-01-09,22.97,2
600053,沪主板,1,1,2026-01-16,2026-01-16,2026-01-15,2026-01-19,24.68,1
600053,沪主板,1,1,2026-02-03,2026-02-03,2026-02-02,2026-02-04,26.25,1
600056,沪主板,1,1,2026-04-03,2026-04-03,2026-04-02,2026-04-07,11.47,1
600058,沪主板,2,2,2026-01-15,2026-01-16,2026-01-14,2026-01-23,16.58,5
600058,沪主板,1,1,2026-01-22,2026-01-22,2026-01-21,2026-01-23,16.58,1
600059,沪主板,1,1,2026-01-29,2026-01-29,2026-01-28,2026-02-02,10.69,2
600063,沪主板,1,1,2026-02-06,2026-02-06,2026-02-05,2026-02-09,7.5,1
600063,沪主板,1,1,2026-04-07,2026-04-07,2026-04-03,2026-04-13,7.43,4
600066,沪主板,1,1,2026-03-31,2026-03-31,2026-03-30,2026-04-02,36.3,2
600072,沪主板,1,1,2026-02-04,2026-02-04,2026-02-03,2026-02-09,13.3,3
600072,沪主板,1,1,2026-04-20,2026-04-20,2026-04-17,2026-04-21,14.51,1
600075,沪主板,1,1,2026-01-06,2026-01-06,2026-01-05,2026-01-07,5.6,1
600075,沪主板,1,1,2026-03-06,2026-03-06,2026-03-05,2026-03-13,8.13,5
600075,沪主板,1,1,2026-03-11,2026-03-11,2026-03-10,2026-03-13,8.13,2
600075,沪主板,1,1,2026-04-07,2026-04-07,2026-04-03,2026-04-09,6.67,2
600076,沪主板,1,1,2026-01-14,2026-01-14,2026-01-13,2026-01-20,4.72,4
600076,沪主板,1,1,2026-01-20,2026-01-20,2026-01-19,2026-01-21,4.68,1
600076,沪主板,1,1,2026-01-23,2026-01-23,2026-01-22,2026-01-27,4.43,2
600076,沪主板,1,1,2026-03-24,2026-03-24,2026-03-23,2026-03-26,3.77,2
600076,沪主板,3,3,2026-05-08,2026-05-12,2026-05-07,2026-05-14,4.66,2
600078,沪主板,1,1,2026-01-06,2026-01-06,2026-01-05,2026-01-07,11.08,1
600078,沪主板,1,1,2026-01-26,2026-01-26,2026-01-23,2026-01-28,14.54,2
600078,沪主板,2,2,2026-02-25,2026-02-26,2026-02-24,2026-02-27,14.95,1
600078,沪主板,2,2,2026-05-08,2026-05-11,2026-05-07,2026-05-12,16.39,1
600081,沪主板,1,1,2026-05-15,2026-05-15,2026-05-14,2026-05-18,12.98,1
600084,沪主板,2,2,2026-01-29,2026-01-30,2026-01-28,2026-02-02,8.01,1
600084,沪主板,1,1,2026-02-05,2026-02-05,2026-02-04,2026-02-06,7.64,1
600088,沪主板,1,1,2026-02-10,2026-02-10,2026-02-09,2026-02-11,19.67,1
600088,沪主板,1,1,2026-05-15,2026-05-15,2026-05-14,2026-05-18,19.5,1
600089,沪主板,1,1,2026-01-13,2026-01-13,2026-01-12,2026-01-20,32.99,5
600089,沪主板,1,1,2026-01-19,2026-01-19,2026-01-16,2026-01-20,32.99,1
600094,沪主板,1,1,2026-01-12,2026-01-12,2026-01-09,2026-01-26,5.63,10
600096,沪主板,1,1,2026-02-25,2026-02-25,2026-02-24,2026-02-27,44.032,2
600103,沪主板,1,1,2026-04-10,2026-04-10,2026-04-09,2026-04-22,5.72,8
600103,沪主板,2,2,2026-04-20,2026-04-21,2026-04-17,2026-04-22,5.72,1
600105,沪主板,1,1,2026-04-01,2026-04-01,2026-03-31,2026-04-23,50.07,15
600105,沪主板,2,1,2026-04-08,2026-04-10,2026-04-07,2026-04-24,51.0,10
600105,沪主板,1,1,2026-04-22,2026-04-22,2026-04-21,2026-04-24,51.0,2
600106,沪主板,1,1,2026-04-03,2026-04-03,2026-04-02,2026-04-10,6.22,4
600108,沪主板,7,4,2026-02-27,2026-03-11,2026-02-26,2026-03-12,7.17,1
600110,沪主板,1,1,2026-02-25,2026-02-25,2026-02-24,2026-03-03,8.81,4
600110,沪主板,1,1,2026-03-27,2026-03-27,2026-03-26,2026-04-01,9.83,3
600110,沪主板,1,1,2026-04-07,2026-04-07,2026-04-03,2026-04-10,10.65,3
600111,沪主板,1,1,2026-02-25,2026-02-25,2026-02-24,2026-03-02,63.57,3
600111,沪主板,1,1,2026-04-29,2026-04-29,2026-04-28,2026-05-11,57.96,5
600114,沪主板,1,1,2026-01-19,2026-01-19,2026-01-16,2026-01-23,37.22,4
600114,沪主板,1,1,2026-04-08,2026-04-08,2026-04-07,2026-04-14,32.18,4
600115,沪主板,1,1,2026-02-04,2026-02-04,2026-02-03,2026-02-09,6.46,3
600115,沪主板,1,1,2026-04-08,2026-04-08,2026-04-07,2026-04-10,4.73,2
600118,沪主板,1,1,2026-01-12,2026-01-12,2026-01-09,2026-01-13,127.77,1
600118,沪主板,1,1,2026-01-23,2026-01-23,2026-01-22,2026-01-26,107.65,1
600118,沪主板,1,1,2026-04-20,2026-04-20,2026-04-17,2026-04-23,105.0,3
600121,沪主板,2,2,2026-03-12,2026-03-13,2026-03-11,2026-03-16,5.85,1
600126,沪主板,1,1,2026-02-27,2026-02-27,2026-02-26,2026-03-03,9.81,2
600126,沪主板,1,1,2026-04-08,2026-04-08,2026-04-07,2026-04-09,10.24,1
600126,沪主板,1,1,2026-04-22,2026-04-22,2026-04-21,2026-04-24,11.22,2
600127,沪主板,1,1,2026-03-30,2026-03-30,2026-03-27,2026-04-13,7.8,9
600130,沪主板,2,2,2026-05-07,2026-05-08,2026-05-06,2026-05-11,6.77,1
600133,沪主板,1,1,2026-01-09,2026-01-09,2026-01-08,2026-01-16,11.56,5
600133,沪主板,1,1,2026-01-14,2026-01-14,2026-01-13,2026-01-16,11.56,2
600135,沪主板,2,2,2026-01-07,2026-01-08,2026-01-06,2026-01-09,13.48,1
600135,沪主板,2,2,2026-03-09,2026-03-10,2026-03-06,2026-03-12,11.57,2
600135,沪主板,1,1,2026-03-30,2026-03-30,2026-03-27,2026-03-31,12.14,1
600135,沪主板,1,1,2026-04-15,2026-04-15,2026-04-14,2026-04-21,11.49,4
600135,沪主板,1,1,2026-04-29,2026-04-29,2026-04-28,2026-05-11,12.8,5
600137,沪主板,1,1,2026-03-24,2026-03-24,2026-03-23,2026-03-31,23.6,5
600143,沪主板,1,1,2026-01-09,2026-01-09,2026-01-08,2026-01-12,22.0,1
600143,沪主板,1,1,2026-03-23,2026-03-23,2026-03-20,2026-03-24,17.94,1
600149,沪主板,1,1,2026-02-03,2026-02-03,2026-02-02,2026-02-04,6.38,1
600149,沪主板,1,1,2026-03-04,2026-03-04,2026-03-03,2026-03-05,7.66,1
600149,沪主板,1,1,2026-03-23,2026-03-23,2026-03-20,2026-03-27,7.13,4
600149,沪主板,1,1,2026-04-20,2026-04-20,2026-04-17,2026-04-21,6.5,1
600151,沪主板,1,1,2026-01-12,2026-01-12,2026-01-09,2026-01-13,22.8,1
600152,沪主板,1,1,2026-01-12,2026-01-12,2026-01-09,2026-01-13,8.65,1
600152,沪主板,1,1,2026-03-16,2026-03-16,2026-03-13,2026-03-17,10.89,1
600152,沪主板,1,1,2026-03-25,2026-03-25,2026-03-24,2026-03-31,11.81,4
600152,沪主板,2,2,2026-04-13,2026-04-14,2026-04-10,2026-04-20,15.29,4
600152,沪主板,1,1,2026-04-17,2026-04-17,2026-04-16,2026-04-20,15.29,1
600152,沪主板,3,3,2026-04-24,2026-04-28,2026-04-23,2026-05-08,16.62,5
600156,沪主板,1,1,2026-02-05,2026-02-05,2026-02-04,2026-02-06,8.932,1
600156,沪主板,1,1,2026-04-10,2026-04-10,2026-04-09,2026-04-21,11.2,7
600156,沪主板,3,3,2026-04-16,2026-04-20,2026-04-15,2026-04-21,11.2,1
600156,沪主板,2,2,2026-04-28,2026-04-29,2026-04-27,2026-05-15,15.61,10
600156,沪主板,2,2,2026-05-13,2026-05-14,2026-05-12,2026-05-15,15.61,2
600158,沪主板,1,1,2026-03-25,2026-03-25,2026-03-24,2026-03-31,11.99,4
600158,沪主板,1,1,2026-03-31,2026-03-31,2026-03-30,2026-04-08,12.2,5
600158,沪主板,1,1,2026-04-07,2026-04-07,2026-04-03,2026-04-08,12.2,1
600158,沪主板,1,1,2026-04-30,2026-04-30,2026-04-29,2026-05-15,14.89,9
600163,沪主板,1,1,2026-01-19,2026-01-19,2026-01-16,2026-01-20,6.26,1
600163,沪主板,2,2,2026-03-25,2026-03-26,2026-03-24,2026-03-27,8.82,1
600166,沪主板,1,1,2026-04-13,2026-04-13,2026-04-10,2026-04-14,3.62,1
600170,沪主板,1,1,2026-01-13,2026-01-13,2026-01-12,2026-01-14,3.22,1
600170,沪主板,1,1,2026-01-28,2026-01-28,2026-01-27,2026-01-29,3.26,1
600172,沪主板,1,1,2026-01-08,2026-01-08,2026-01-07,2026-01-09,6.75,1
600172,沪主板,1,1,2026-01-27,2026-01-27,2026-01-26,2026-01-28,7.88,1
600172,沪主板,1,1,2026-02-02,2026-02-02,2026-01-30,2026-03-02,10.21,14
600172,沪主板,1,1,2026-02-09,2026-02-09,2026-02-06,2026-03-02,10.21,9
600172,沪主板,2,2,2026-03-10,2026-03-11,2026-03-09,2026-03-12,11.59,1
600172,沪主板,3,3,2026-05-11,2026-05-13,2026-05-08,2026-05-14,12.48,1
600173,沪主板,1,1,2026-01-21,2026-01-21,2026-01-20,2026-01-29,9.3,6
600173,沪主板,1,1,2026-01-26,2026-01-26,2026-01-23,2026-01-29,9.3,3
600173,沪主板,1,1,2026-04-14,2026-04-14,2026-04-13,2026-04-20,8.19,4
600176,沪主板,1,1,2026-02-11,2026-02-11,2026-02-10,2026-03-03,28.89,8
600176,沪主板,1,1,2026-04-13,2026-04-13,2026-04-10,2026-04-17,34.5,4
600183,沪主板,1,1,2026-05-13,2026-05-13,2026-05-12,2026-05-14,100.5,1
600183,沪主板,1,1,2026-05-18,2026-05-18,2026-05-15,2026-05-20,107.5,3
600184,沪主板,1,1,2026-03-24,2026-03-24,2026-03-23,2026-04-01,20.25,6
600184,沪主板,1,1,2026-03-31,2026-03-31,2026-03-30,2026-04-01,20.25,1
600184,沪主板,2,1,2026-04-20,2026-04-22,2026-04-17,2026-04-23,26.59,1
600184,沪主板,1,1,2026-05-11,2026-05-11,2026-05-08,2026-05-14,30.89,3
600185,沪主板,1,1,2026-02-09,2026-02-09,2026-02-06,2026-02-10,8.19,1
600186,沪主板,1,1,2026-02-11,2026-02-11,2026-02-10,2026-02-13,6.66,2
600186,沪主板,1,1,2026-03-19,2026-03-19,2026-03-18,2026-04-01,7.6,9
600186,沪主板,1,1,2026-03-24,2026-03-24,2026-03-23,2026-03-26,7.44,2
600186,沪主板,1,1,2026-04-08,2026-04-08,2026-04-07,2026-04-10,7.97,2
600186,沪主板,1,1,2026-04-23,2026-04-23,2026-04-22,2026-04-30,11.55,5
600186,沪主板,1,1,2026-04-29,2026-04-29,2026-04-28,2026-04-30,11.55,1
600186,沪主板,1,1,2026-05-19,2026-05-19,2026-05-18,2026-05-20,11.49,1
600187,沪主板,1,1,2026-01-20,2026-01-20,2026-01-19,2026-01-21,2.81,1
600188,沪主板,1,1,2026-02-04,2026-02-04,2026-02-03,2026-02-24,17.97,8
600188,沪主板,1,1,2026-03-12,2026-03-12,2026-03-11,2026-03-13,22.84,1
600189,沪主板,1,1,2026-01-19,2026-01-19,2026-01-16,2026-01-27,8.88,6
600191,沪主板,1,1,2026-03-25,2026-03-25,2026-03-24,2026-03-26,12.86,1
600192,沪主板,1,1,2026-01-22,2026-01-22,2026-01-21,2026-01-23,11.99,1
600192,沪主板,1,1,2026-03-24,2026-03-24,2026-03-23,2026-03-25,9.43,1
600195,沪主板,1,1,2026-04-07,2026-04-07,2026-04-03,2026-04-09,8.72,2
600197,沪主板,1,1,2026-01-29,2026-01-29,2026-01-28,2026-02-02,14.6,2
600198,沪主板,1,1,2026-01-07,2026-01-07,2026-01-06,2026-01-19,12.48,8
600198,沪主板,2,1,2026-01-14,2026-01-16,2026-01-13,2026-01-19,12.48,1
600198,沪主板,1,1,2026-05-11,2026-05-11,2026-05-08,2026-05-12,10.69,1
600199,沪主板,1,1,2026-01-29,2026-01-29,2026-01-28,2026-02-02,11.3,2
600206,沪主板,1,1,2026-02-25,2026-02-25,2026-02-24,2026-03-02,26.58,3
600206,沪主板,1,1,2026-04-20,2026-04-20,2026-04-17,2026-05-11,33.44,12
600207,沪主板,1,1,2026-02-10,2026-02-10,2026-02-09,2026-02-12,5.76,2
600207,沪主板,1,1,2026-03-26,2026-03-26,2026-03-25,2026-04-02,7.7,5
600207,沪主板,1,1,2026-05-07,2026-05-07,2026-05-06,2026-05-14,6.91,5
600208,沪主板,1,1,2026-04-17,2026-04-17,2026-04-16,2026-04-27,4.84,6
600208,沪主板,1,1,2026-04-24,2026-04-24,2026-04-23,2026-04-27,4.84,1
600208,沪主板,1,1,2026-04-30,2026-04-30,2026-04-29,2026-05-08,5.46,3
600215,沪主板,2,2,2026-01-08,2026-01-09,2026-01-07,2026-01-12,9.2,1
600215,沪主板,1,1,2026-01-29,2026-01-29,2026-01-28,2026-01-30,7.95,1
600219,沪主板,1,1,2026-01-28,2026-01-28,2026-01-27,2026-01-29,8.45,1
600219,沪主板,1,1,2026-03-30,2026-03-30,2026-03-27,2026-03-31,6.58,1
600222,沪主板,1,1,2026-05-08,2026-05-08,2026-05-07,2026-05-14,7.97,4
600226,沪主板,1,1,2026-03-13,2026-03-13,2026-03-12,2026-03-16,5.93,1
600227,沪主板,1,1,2026-02-25,2026-02-25,2026-02-24,2026-03-03,3.49,4
600227,沪主板,1,1,2026-03-02,2026-03-02,2026-02-27,2026-03-18,5.4,12
600227,沪主板,2,2,2026-03-06,2026-03-09,2026-03-05,2026-03-18,5.4,7
600227,沪主板,3,3,2026-03-13,2026-03-17,2026-03-12,2026-03-18,5.4,1
600227,沪主板,1,1,2026-03-27,2026-03-27,2026-03-26,2026-03-30,4.58,1
600227,沪主板,1,1,2026-04-07,2026-04-07,2026-04-03,2026-04-09,4.15,2
600227,沪主板,1,1,2026-04-28,2026-04-28,2026-04-27,2026-04-29,4.35,1
600230,沪主板,1,1,2026-01-06,2026-01-06,2026-01-05,2026-01-07,16.6,1
600230,沪主板,2,2,2026-01-19,2026-01-20,2026-01-16,2026-01-30,23.8,8
600230,沪主板,1,1,2026-01-28,2026-01-28,2026-01-27,2026-01-30,23.8,2
600230,沪主板,1,1,2026-02-06,2026-02-06,2026-02-05,2026-02-09,22.35,1
600230,沪主板,2,1,2026-02-25,2026-02-27,2026-02-24,2026-03-02,27.24,1
600232,沪主板,1,1,2026-02-02,2026-02-02,2026-01-30,2026-02-04,9.65,2
600232,沪主板,1,1,2026-03-13,2026-03-13,2026-03-12,2026-03-16,8.6,1
600234,沪主板,1,1,2026-01-16,2026-01-16,2026-01-15,2026-01-19,14.4,1
600234,沪主板,1,1,2026-03-13,2026-03-13,2026-03-12,2026-03-19,14.92,4
600234,沪主板,1,1,2026-03-24,2026-03-24,2026-03-23,2026-03-26,15.77,2
600234,沪主板,3,2,2026-04-17,2026-04-22,2026-04-16,2026-04-23,25.95,1
600234,沪主板,2,2,2026-05-08,2026-05-11,2026-05-07,2026-05-12,32.02,1
600236,沪主板,2,1,2026-03-02,2026-03-04,2026-02-27,2026-03-05,11.94,1
600236,沪主板,1,1,2026-05-11,2026-05-11,2026-05-08,2026-05-12,12.65,1
600237,沪主板,1,1,2026-02-26,2026-02-26,2026-02-25,2026-02-27,11.14,1
600246,沪主板,1,1,2026-01-21,2026-01-21,2026-01-20,2026-01-22,14.9,1
600246,沪主板,1,1,2026-04-27,2026-04-27,2026-04-24,2026-05-12,13.46,8
600246,沪主板,1,1,2026-04-30,2026-04-30,2026-04-29,2026-05-15,13.77,9
600246,沪主板,2,2,2026-05-19,2026-05-20,2026-05-18,2026-05-21,15.63,1
600248,沪主板,1,1,2026-04-28,2026-04-28,2026-04-27,2026-04-29,3.62,1
600249,沪主板,1,1,2026-04-01,2026-04-01,2026-03-31,2026-04-02,7.71,1
600250,沪主板,1,1,2026-03-31,2026-03-31,2026-03-30,2026-04-02,14.7,2
600250,沪主板,1,1,2026-04-07,2026-04-07,2026-04-03,2026-04-09,13.73,2
600251,沪主板,1,1,2026-03-25,2026-03-25,2026-03-24,2026-03-27,11.92,2
600256,沪主板,2,2,2026-03-02,2026-03-03,2026-02-27,2026-03-09,7.48,4
600259,沪主板,1,1,2026-01-12,2026-01-12,2026-01-09,2026-01-16,79.753,4
600259,沪主板,3,2,2026-02-25,2026-03-02,2026-02-24,2026-03-03,111.263,1
600259,沪主板,1,1,2026-04-07,2026-04-07,2026-04-03,2026-04-13,97.725,4
600259,沪主板,1,1,2026-05-11,2026-05-11,2026-05-08,2026-05-12,110.0,1
600261,沪主板,1,1,2026-04-21,2026-04-21,2026-04-20,2026-04-22,4.23,1
600262,沪主板,1,1,2026-01-28,2026-01-28,2026-01-27,2026-01-29,35.16,1
600266,沪主板,2,2,2026-01-06,2026-01-07,2026-01-05,2026-01-12,7.5,3
600266,沪主板,1,1,2026-01-16,2026-01-16,2026-01-15,2026-01-19,7.2,1
600266,沪主板,1,1,2026-02-03,2026-02-03,2026-02-02,2026-02-04,6.25,1
600267,沪主板,1,1,2026-04-15,2026-04-15,2026-04-14,2026-04-16,12.24,1
600268,沪主板,1,1,2026-01-19,2026-01-19,2026-01-16,2026-01-20,14.8,1
600268,沪主板,1,1,2026-03-09,2026-03-09,2026-03-06,2026-03-11,17.44,2
600268,沪主板,1,1,2026-03-27,2026-03-27,2026-03-26,2026-04-01,15.75,3
600271,沪主板,1,1,2026-01-08,2026-01-08,2026-01-07,2026-01-12,13.99,2
600273,沪主板,1,1,2026-01-06,2026-01-06,2026-01-05,2026-01-07,9.88,1
600273,沪主板,1,1,2026-01-29,2026-01-29,2026-01-28,2026-01-30,12.01,1
600284,沪主板,1,1,2026-04-16,2026-04-16,2026-04-15,2026-04-20,7.73,2
600284,沪主板,1,1,2026-05-07,2026-05-07,2026-05-06,2026-05-08,8.02,1
600292,沪主板,1,1,2026-02-11,2026-02-11,2026-02-10,2026-02-12,16.64,1
600293,沪主板,1,1,2026-01-23,2026-01-23,2026-01-22,2026-01-26,3.99,1
600295,沪主板,1,1,2026-01-06,2026-01-06,2026-01-05,2026-01-08,16.43,2
600299,沪主板,1,1,2026-03-11,2026-03-11,2026-03-10,2026-03-16,16.48,3
600299,沪主板,1,1,2026-04-13,2026-04-13,2026-04-10,2026-04-14,15.25,1
600301,沪主板,3,2,2026-02-25,2026-03-02,2026-02-24,2026-03-03,77.77,1
600301,沪主板,1,1,2026-04-08,2026-04-08,2026-04-07,2026-04-22,58.0,10
600302,沪主板,2,1,2026-01-15,2026-01-19,2026-01-14,2026-01-26,14.65,5
600302,沪主板,1,1,2026-03-16,2026-03-16,2026-03-13,2026-03-19,12.2,3
600302,沪主板,1,1,2026-04-03,2026-04-03,2026-04-02,2026-04-09,12.71,3
600307,沪主板,1,1,2026-01-23,2026-01-23,2026-01-22,2026-01-26,2.14,1
600307,沪主板,3,2,2026-03-13,2026-03-18,2026-03-12,2026-03-19,2.51,1
600308,沪主板,1,1,2026-04-21,2026-04-21,2026-04-20,2026-04-22,4.15,1
600310,沪主板,1,1,2026-03-20,2026-03-20,2026-03-19,2026-03-30,7.26,6
600310,沪主板,2,2,2026-03-26,2026-03-27,2026-03-25,2026-03-30,7.26,1
600310,沪主板,1,1,2026-04-23,2026-04-23,2026-04-22,2026-04-24,5.53,1
600310,沪主板,1,1,2026-05-19,2026-05-19,2026-05-18,2026-05-20,5.46,1
600312,沪主板,1,1,2026-01-19,2026-01-19,2026-01-16,2026-01-20,24.09,1
600313,沪主板,2,1,2026-01-28,2026-01-30,2026-01-27,2026-02-02,8.63,1
600313,沪主板,1,1,2026-03-04,2026-03-04,2026-03-03,2026-03-09,9.22,3
600313,沪主板,1,1,2026-03-16,2026-03-16,2026-03-13,2026-03-17,9.8,1
600319,沪主板,1,1,2026-03-06,2026-03-06,2026-03-05,2026-03-09,9.6,1
600320,沪主板,1,1,2026-04-28,2026-04-28,2026-04-27,2026-05-06,5.53,3
600322,沪主板,1,1,2026-04-30,2026-04-30,2026-04-29,2026-05-06,2.93,1
600325,沪主板,1,1,2026-02-04,2026-02-04,2026-02-03,2026-02-09,4.74,3
600328,沪主板,1,1,2026-03-11,2026-03-11,2026-03-10,2026-03-16,10.64,3
600330,沪主板,1,1,2026-01-22,2026-01-22,2026-01-21,2026-01-23,13.78,1
600330,沪主板,3,2,2026-01-30,2026-02-04,2026-01-29,2026-02-10,18.65,4
600330,沪主板,1,1,2026-02-09,2026-02-09,2026-02-06,2026-02-10,18.65,1
600330,沪主板,1,1,2026-03-10,2026-03-10,2026-03-09,2026-03-13,20.14,3
600330,沪主板,1,1,2026-04-09,2026-04-09,2026-04-08,2026-04-14,21.34,3
600330,沪主板,3,2,2026-04-17,2026-04-22,2026-04-16,2026-04-27,28.48,3
600330,沪主板,1,1,2026-05-11,2026-05-11,2026-05-08,2026-05-14,35.55,3
600333,沪主板,1,1,2026-03-03,2026-03-03,2026-03-02,2026-03-04,6.5,1
600336,沪主板,1,1,2026-03-13,2026-03-13,2026-03-12,2026-03-16,8.24,1
600337,沪主板,3,3,2026-01-06,2026-01-08,2026-01-05,2026-01-09,4.27,1
600337,沪主板,1,1,2026-01-19,2026-01-19,2026-01-16,2026-01-20,3.14,1
600337,沪主板,1,1,2026-02-25,2026-02-25,2026-02-24,2026-02-26,2.87,1
600337,沪主板,2,1,2026-04-09,2026-04-13,2026-04-08,2026-04-17,3.6,4
600338,沪主板,1,1,2026-03-27,2026-03-27,2026-03-26,2026-03-30,18.07,1
600338,沪主板,3,2,2026-04-24,2026-04-29,2026-04-23,2026-04-30,28.28,1
600339,沪主板,1,1,2026-01-29,2026-01-29,2026-01-28,2026-01-30,4.67,1
600339,沪主板,2,2,2026-03-02,2026-03-03,2026-02-27,2026-03-04,5.54,1
600339,沪主板,1,1,2026-04-02,2026-04-02,2026-04-01,2026-04-03,4.89,1
600339,沪主板,1,1,2026-05-18,2026-05-18,2026-05-15,2026-05-19,4.33,2
600340,沪主板,1,1,2026-01-23,2026-01-23,2026-01-22,2026-01-26,1.91,1
600343,沪主板,1,1,2026-02-26,2026-02-26,2026-02-25,2026-02-27,39.14,1
600343,沪主板,1,1,2026-03-30,2026-03-30,2026-03-27,2026-03-31,35.75,1
600343,沪主板,1,1,2026-05-08,2026-05-08,2026-05-07,2026-05-12,40.57,2
600345,沪主板,1,1,2026-01-30,2026-01-30,2026-01-29,2026-02-11,45.08,8
600345,沪主板,1,1,2026-02-06,2026-02-06,2026-02-05,2026-02-11,45.08,3
600345,沪主板,1,1,2026-03-10,2026-03-10,2026-03-09,2026-03-11,48.1,1
600345,沪主板,1,1,2026-03-25,2026-03-25,2026-03-24,2026-04-13,57.08,12
600345,沪主板,1,1,2026-03-30,2026-03-30,2026-03-27,2026-04-03,44.85,4
600345,沪主板,2,2,2026-04-09,2026-04-10,2026-04-08,2026-04-13,57.08,1
600345,沪主板,1,1,2026-05-08,2026-05-08,2026-05-07,2026-05-12,61.68,2
600352,沪主板,1,1,2026-01-28,2026-01-28,2026-01-27,2026-01-29,15.6,1
600353,沪主板,1,1,2026-05-19,2026-05-19,2026-05-18,2026-05-20,24.38,1
600354,沪主板,1,1,2026-01-30,2026-01-30,2026-01-29,2026-02-02,7.8,1
600354,沪主板,1,1,2026-03-06,2026-03-06,2026-03-05,2026-03-09,8.34,1
600356,沪主板,1,1,2026-04-08,2026-04-08,2026-04-07,2026-04-09,9.53,1
600359,沪主板,1,1,2026-03-30,2026-03-30,2026-03-27,2026-03-31,7.62,1
600367,沪主板,2,2,2026-03-02,2026-03-03,2026-02-27,2026-03-04,26.48,1
600367,沪主板,1,1,2026-04-29,2026-04-29,2026-04-28,2026-05-20,26.81,14
600370,沪主板,1,1,2026-01-06,2026-01-06,2026-01-05,2026-01-23,2.88,13
600370,沪主板,5,5,2026-03-12,2026-03-18,2026-03-11,2026-03-19,3.86,1
600370,沪主板,1,1,2026-04-07,2026-04-07,2026-04-03,2026-04-08,2.6,1
600370,沪主板,1,1,2026-04-24,2026-04-24,2026-04-23,2026-04-27,2.76,1
600371,沪主板,1,1,2026-01-30,2026-01-30,2026-01-29,2026-02-02,10.1,1
600372,沪主板,1,1,2026-01-08,2026-01-08,2026-01-07,2026-01-12,16.97,2
600372,沪主板,1,1,2026-01-19,2026-01-19,2026-01-16,2026-01-22,16.88,3
600376,沪主板,1,1,2026-03-10,2026-03-10,2026-03-09,2026-03-13,5.8,3
600376,沪主板,1,1,2026-03-23,2026-03-23,2026-03-20,2026-03-24,6.19,1
600378,沪主板,1,1,2026-01-19,2026-01-19,2026-01-16,2026-01-23,39.97,4
600379,沪主板,3,3,2026-04-28,2026-04-30,2026-04-27,2026-05-07,20.31,2
600379,沪主板,2,1,2026-05-11,2026-05-13,2026-05-08,2026-05-14,20.8,1
600382,沪主板,1,1,2026-01-19,2026-01-19,2026-01-16,2026-01-23,9.87,4
600382,沪主板,1,1,2026-02-05,2026-02-05,2026-02-04,2026-02-09,9.54,2
600386,沪主板,1,1,2026-05-15,2026-05-15,2026-05-14,2026-05-18,4.32,1
600389,沪主板,1,1,2026-01-15,2026-01-15,2026-01-14,2026-01-28,28.37,9
600391,沪主板,3,2,2026-01-19,2026-01-22,2026-01-16,2026-02-05,58.31,10
600391,沪主板,1,1,2026-01-27,2026-01-27,2026-01-26,2026-01-29,56.18,2
600391,沪主板,1,1,2026-05-08,2026-05-08,2026-05-07,2026-05-13,45.7,3
600392,沪主板,1,1,2026-01-29,2026-01-29,2026-01-28,2026-01-30,28.95,1
600392,沪主板,1,1,2026-02-09,2026-02-09,2026-02-06,2026-02-12,31.24,3
600392,沪主板,1,1,2026-04-29,2026-04-29,2026-04-28,2026-05-11,27.82,5
600395,沪主板,1,1,2026-01-30,2026-01-30,2026-01-29,2026-02-04,6.0,3
600396,沪主板,1,1,2026-03-06,2026-03-06,2026-03-05,2026-03-12,4.26,4
600396,沪主板,8,8,2026-03-16,2026-03-25,2026-03-13,2026-03-27,9.49,2
600396,沪主板,2,2,2026-04-13,2026-04-14,2026-04-10,2026-04-15,8.66,1
600396,沪主板,4,3,2026-04-21,2026-04-27,2026-04-20,2026-05-14,18.15,10
600396,沪主板,4,3,2026-05-07,2026-05-13,2026-05-06,2026-05-14,18.15,1
600397,沪主板,1,1,2026-01-09,2026-01-09,2026-01-08,2026-01-27,11.46,12
600397,沪主板,2,2,2026-02-11,2026-02-12,2026-02-10,2026-03-02,22.6,6
600397,沪主板,2,1,2026-02-25,2026-02-27,2026-02-24,2026-03-02,22.6,1
600397,沪主板,1,1,2026-03-06,2026-03-06,2026-03-05,2026-03-10,21.0,2
600397,沪主板,1,1,2026-04-29,2026-04-29,2026-04-28,2026-05-08,16.03,4
600399,沪主板,1,1,2026-02-26,2026-02-26,2026-02-25,2026-03-02,8.26,2
600400,沪主板,1,1,2026-04-27,2026-04-27,2026-04-24,2026-05-08,2.92,6
600400,沪主板,1,1,2026-04-30,2026-04-30,2026-04-29,2026-05-08,2.92,3
600403,沪主板,1,1,2026-01-07,2026-01-07,2026-01-06,2026-01-08,8.54,1
600403,沪主板,2,1,2026-01-20,2026-01-22,2026-01-19,2026-01-23,7.58,1
600403,沪主板,1,1,2026-02-04,2026-02-04,2026-02-03,2026-02-05,7.64,1
600403,沪主板,1,1,2026-03-03,2026-03-03,2026-03-02,2026-03-04,7.76,1
600408,沪主板,1,1,2026-01-07,2026-01-07,2026-01-06,2026-01-08,4.94,1
600408,沪主板,2,1,2026-03-13,2026-03-17,2026-03-12,2026-03-19,4.56,2
600409,沪主板,1,1,2026-03-11,2026-03-11,2026-03-10,2026-03-12,9.5,1
600410,沪主板,1,1,2026-01-09,2026-01-09,2026-01-08,2026-01-15,24.42,4
600410,沪主板,2,2,2026-01-14,2026-01-15,2026-01-13,2026-01-16,24.29,1
600410,沪主板,1,1,2026-02-03,2026-02-03,2026-02-02,2026-02-04,22.59,1
600410,沪主板,1,1,2026-02-13,2026-02-13,2026-02-12,2026-03-11,34.31,12
600410,沪主板,1,1,2026-02-26,2026-02-26,2026-02-25,2026-03-02,31.13,2
600418,沪主板,1,1,2026-04-27,2026-04-27,2026-04-24,2026-05-06,50.18,4
600423,沪主板,1,1,2026-04-07,2026-04-07,2026-04-03,2026-04-08,3.72,1
600433,沪主板,1,1,2026-03-11,2026-03-11,2026-03-10,2026-03-12,3.87,1
600433,沪主板,1,1,2026-03-25,2026-03-25,2026-03-24,2026-03-26,3.95,1
600433,沪主板,1,1,2026-04-20,2026-04-20,2026-04-17,2026-05-08,5.36,11
600433,沪主板,1,1,2026-04-27,2026-04-27,2026-04-24,2026-05-08,5.36,6
600433,沪主板,1,1,2026-04-30,2026-04-30,2026-04-29,2026-05-08,5.36,3
600435,沪主板,2,2,2026-01-06,2026-01-07,2026-01-05,2026-01-12,22.55,3
600435,沪主板,1,1,2026-03-02,2026-03-02,2026-02-27,2026-03-03,19.22,1
600446,沪主板,1,1,2026-04-22,2026-04-22,2026-04-21,2026-04-23,13.83,1
600446,沪主板,1,1,2026-05-18,2026-05-18,2026-05-15,2026-05-20,14.68,3
600449,沪主板,1,1,2026-05-14,2026-05-14,2026-05-13,2026-05-14,15.39,1
600452,沪主板,2,2,2026-02-27,2026-03-02,2026-02-26,2026-03-09,16.8,5
600452,沪主板,1,1,2026-05-19,2026-05-19,2026-05-18,2026-05-20,13.18,1
600456,沪主板,1,1,2026-02-27,2026-02-27,2026-02-26,2026-03-02,45.4,1
600459,沪主板,1,1,2026-01-06,2026-01-06,2026-01-05,2026-01-07,22.79,1
600459,沪主板,1,1,2026-01-28,2026-01-28,2026-01-27,2026-01-29,28.19,1
600459,沪主板,1,1,2026-02-27,2026-02-27,2026-02-26,2026-03-02,26.76,1
600468,沪主板,1,1,2026-03-05,2026-03-05,2026-03-04,2026-03-09,9.35,2
600468,沪主板,1,1,2026-03-18,2026-03-18,2026-03-17,2026-03-25,10.4,5
600469,沪主板,1,1,2026-04-14,2026-04-14,2026-04-13,2026-04-15,7.4,1
600470,沪主板,1,1,2026-02-25,2026-02-25,2026-02-24,2026-02-26,8.58,1
600470,沪主板,1,1,2026-03-06,2026-03-06,2026-03-05,2026-03-09,9.21,1
600470,沪主板,1,1,2026-03-27,2026-03-27,2026-03-26,2026-03-30,7.73,1
600470,沪主板,1,1,2026-04-07,2026-04-07,2026-04-03,2026-04-09,7.31,2
600475,沪主板,1,1,2026-01-07,2026-01-07,2026-01-06,2026-01-13,25.54,4
600475,沪主板,1,1,2026-01-12,2026-01-12,2026-01-09,2026-01-19,25.77,5
600475,沪主板,1,1,2026-01-27,2026-01-27,2026-01-26,2026-01-28,22.75,1
600475,沪主板,1,1,2026-03-24,2026-03-24,2026-03-23,2026-03-25,19.3,1
600475,沪主板,1,1,2026-05-13,2026-05-13,2026-05-12,2026-05-14,20.22,1
600477,沪主板,4,4,2026-01-08,2026-01-13,2026-01-07,2026-01-14,4.73,1
600477,沪主板,1,1,2026-01-22,2026-01-22,2026-01-21,2026-01-26,4.19,2
600477,沪主板,1,1,2026-02-09,2026-02-09,2026-02-06,2026-02-10,4.49,1
600478,沪主板,1,1,2026-02-26,2026-02-26,2026-02-25,2026-02-27,8.55,1
600480,沪主板,1,1,2026-04-10,2026-04-10,2026-04-09,2026-04-15,11.83,3
600480,沪主板,1,1,2026-05-08,2026-05-08,2026-05-07,2026-05-14,12.4,4
600481,沪主板,1,1,2026-01-23,2026-01-23,2026-01-22,2026-01-29,9.72,4
600481,沪主板,2,2,2026-02-03,2026-02-04,2026-02-02,2026-02-09,11.56,3
600481,沪主板,1,1,2026-02-12,2026-02-12,2026-02-11,2026-02-13,10.57,1
600481,沪主板,1,1,2026-05-14,2026-05-14,2026-05-13,2026-05-20,7.86,6
600481,沪主板,1,1,2026-05-19,2026-05-19,2026-05-18,2026-05-20,7.86,1
600482,沪主板,1,1,2026-02-10,2026-02-10,2026-02-09,2026-02-27,34.92,7
600482,沪主板,1,1,2026-03-06,2026-03-06,2026-03-05,2026-03-10,38.96,2
600482,沪主板,1,1,2026-04-10,2026-04-10,2026-04-09,2026-04-13,41.5,1
600482,沪主板,1,1,2026-05-13,2026-05-13,2026-05-12,2026-05-14,41.91,1
600487,沪主板,1,1,2026-01-30,2026-01-30,2026-01-29,2026-02-04,38.02,3
600487,沪主板,1,1,2026-02-26,2026-02-26,2026-02-25,2026-03-02,52.19,2
600487,沪主板,1,1,2026-03-30,2026-03-30,2026-03-27,2026-04-07,61.5,5
600487,沪主板,1,1,2026-04-22,2026-04-22,2026-04-21,2026-04-27,74.49,3
600488,沪主板,7,7,2026-03-27,2026-04-07,2026-03-26,2026-04-08,8.44,1
600488,沪主板,1,1,2026-04-15,2026-04-15,2026-04-14,2026-04-21,6.75,4
600488,沪主板,1,1,2026-04-28,2026-04-28,2026-04-27,2026-04-29,6.27,1
600488,沪主板,2,2,2026-05-11,2026-05-12,2026-05-08,2026-05-14,7.92,2
600489,沪主板,2,1,2026-01-26,2026-01-28,2026-01-23,2026-01-29,41.48,1
600489,沪主板,1,1,2026-03-02,2026-03-02,2026-02-27,2026-03-03,35.5,1
600490,沪主板,1,1,2026-01-28,2026-01-28,2026-01-27,2026-01-29,12.07,1
600490,沪主板,1,1,2026-02-12,2026-02-12,2026-02-11,2026-03-02,10.82,6
600495,沪主板,1,1,2026-03-31,2026-03-31,2026-03-30,2026-04-01,5.42,1
600496,沪主板,1,1,2026-04-28,2026-04-28,2026-04-27,2026-05-07,4.25,4
600498,沪主板,1,1,2026-01-12,2026-01-12,2026-01-09,2026-01-14,48.75,2
600498,沪主板,1,1,2026-01-23,2026-01-23,2026-01-22,2026-01-26,42.86,1
600498,沪主板,3,3,2026-02-26,2026-03-02,2026-02-25,2026-03-03,60.21,1
600498,沪主板,1,1,2026-03-10,2026-03-10,2026-03-09,2026-03-11,61.78,1
600498,沪主板,1,1,2026-05-08,2026-05-08,2026-05-07,2026-05-14,62.99,4
600499,沪主板,1,1,2026-01-29,2026-01-29,2026-01-28,2026-02-04,18.38,4
600499,沪主板,1,1,2026-04-24,2026-04-24,2026-04-23,2026-04-27,20.78,1
600500,沪主板,1,1,2026-05-13,2026-05-13,2026-05-12,2026-05-18,6.23,4
600500,沪主板,1,1,2026-05-18,2026-05-18,2026-05-15,2026-05-19,6.45,2
600501,沪主板,1,1,2026-01-08,2026-01-08,2026-01-07,2026-01-12,39.97,2
600502,沪主板,2,2,2026-03-30,2026-03-31,2026-03-27,2026-04-01,6.19,1
600506,沪主板,1,1,2026-05-19,2026-05-19,2026-05-18,2026-05-20,18.97,1
600507,沪主板,1,1,2026-04-16,2026-04-16,2026-04-15,2026-04-21,6.37,3
600509,沪主板,1,1,2026-05-14,2026-05-14,2026-05-13,2026-05-15,11.36,1
600510,沪主板,1,1,2026-03-24,2026-03-24,2026-03-23,2026-03-25,8.78,1
600510,沪主板,1,1,2026-05-15,2026-05-15,2026-05-14,2026-05-18,9.82,1
600513,沪主板,1,1,2026-01-09,2026-01-09,2026-01-08,2026-01-12,21.74,1
600513,沪主板,1,1,2026-03-18,2026-03-18,2026-03-17,2026-04-02,32.27,11
600513,沪主板,2,2,2026-03-27,2026-03-30,2026-03-26,2026-04-02,32.27,3
600516,沪主板,1,1,2026-03-05,2026-03-05,2026-03-04,2026-03-12,7.29,5
600520,沪主板,1,1,2026-01-15,2026-01-15,2026-01-14,2026-01-16,31.72,1
600520,沪主板,2,1,2026-04-17,2026-04-21,2026-04-16,2026-04-22,30.88,1
600522,沪主板,1,1,2026-02-26,2026-02-26,2026-02-25,2026-03-02,31.82,2
600522,沪主板,1,1,2026-04-20,2026-04-20,2026-04-17,2026-05-12,46.18,13
600522,沪主板,1,1,2026-05-07,2026-05-07,2026-05-06,2026-05-12,46.18,3
600527,沪主板,2,2,2026-03-24,2026-03-25,2026-03-23,2026-03-26,2.68,1
600527,沪主板,1,1,2026-04-07,2026-04-07,2026-04-03,2026-04-14,2.94,5
600527,沪主板,1,1,2026-04-13,2026-04-13,2026-04-10,2026-04-14,2.94,1
600527,沪主板,1,1,2026-04-24,2026-04-24,2026-04-23,2026-05-07,3.5,6
600528,沪主板,1,1,2026-03-31,2026-03-31,2026-03-30,2026-04-01,9.6,1
600530,沪主板,4,4,2026-05-08,2026-05-13,2026-05-07,2026-05-14,8.38,1
600531,沪主板,5,5,2026-01-23,2026-01-29,2026-01-22,2026-01-30,22.31,1
600536,沪主板,1,1,2026-05-08,2026-05-08,2026-05-07,2026-05-11,43.7,1
600537,沪主板,1,1,2026-01-19,2026-01-19,2026-01-16,2026-02-06,3.78,14
600537,沪主板,1,1,2026-01-23,2026-01-23,2026-01-22,2026-01-26,3.52,1
600537,沪主板,1,1,2026-03-24,2026-03-24,2026-03-23,2026-03-25,4.01,1
600537,沪主板,1,1,2026-04-10,2026-04-10,2026-04-09,2026-04-13,4.39,1
600537,沪主板,1,1,2026-04-24,2026-04-24,2026-04-23,2026-04-27,4.09,1
600539,沪主板,1,1,2026-01-20,2026-01-20,2026-01-19,2026-01-27,11.63,5
600539,沪主板,4,2,2026-03-24,2026-03-30,2026-03-23,2026-03-31,15.8,1
600539,沪主板,1,1,2026-04-14,2026-04-14,2026-04-13,2026-04-17,17.57,3
600539,沪主板,1,1,2026-05-07,2026-05-07,2026-05-06,2026-05-08,21.4,1
600540,沪主板,1,1,2026-02-26,2026-02-26,2026-02-25,2026-03-03,5.7,3
600540,沪主板,1,1,2026-04-30,2026-04-30,2026-04-29,2026-05-11,5.83,4
600545,沪主板,2,2,2026-02-11,2026-02-12,2026-02-10,2026-02-26,3.63,4
600545,沪主板,1,1,2026-02-25,2026-02-25,2026-02-24,2026-02-26,3.63,1
600545,沪主板,3,3,2026-03-04,2026-03-06,2026-03-03,2026-03-11,4.36,3
600545,沪主板,2,2,2026-03-16,2026-03-17,2026-03-13,2026-03-18,4.69,1
600545,沪主板,1,1,2026-04-01,2026-04-01,2026-03-31,2026-04-02,4.06,1
600545,沪主板,1,1,2026-04-24,2026-04-24,2026-04-23,2026-04-30,5.5,4
600545,沪主板,1,1,2026-04-29,2026-04-29,2026-04-28,2026-05-15,6.9,9
600545,沪主板,2,2,2026-05-08,2026-05-11,2026-05-07,2026-05-15,6.9,4
600546,沪主板,1,1,2026-02-04,2026-02-04,2026-02-03,2026-02-05,11.42,1
600547,沪主板,2,1,2026-01-26,2026-01-28,2026-01-23,2026-01-29,65.55,1
600547,沪主板,1,1,2026-03-02,2026-03-02,2026-02-27,2026-03-03,53.5,1
600549,沪主板,1,1,2026-01-09,2026-01-09,2026-01-08,2026-01-22,59.98,9
600549,沪主板,1,1,2026-01-26,2026-01-26,2026-01-23,2026-01-27,69.2,1
600549,沪主板,1,1,2026-02-27,2026-02-27,2026-02-26,2026-03-04,81.56,3
600549,沪主板,1,1,2026-04-16,2026-04-16,2026-04-15,2026-04-22,66.77,4
600550,沪主板,2,1,2026-01-15,2026-01-19,2026-01-14,2026-01-20,17.25,1
600550,沪主板,1,1,2026-02-02,2026-02-02,2026-01-30,2026-02-04,16.63,2
600552,沪主板,1,1,2026-01-12,2026-01-12,2026-01-09,2026-01-13,15.68,1
600552,沪主板,1,1,2026-01-23,2026-01-23,2026-01-22,2026-01-26,16.77,1
600552,沪主板,1,1,2026-04-17,2026-04-17,2026-04-16,2026-04-22,16.0,3
600556,沪主板,3,2,2026-01-09,2026-01-14,2026-01-08,2026-01-15,9.0,1
600559,沪主板,1,1,2026-01-29,2026-01-29,2026-01-28,2026-01-30,17.17,1
600563,沪主板,1,1,2026-05-19,2026-05-19,2026-05-18,2026-05-20,171.67,1
600569,沪主板,1,1,2026-02-25,2026-02-25,2026-02-24,2026-02-27,2.78,2
600569,沪主板,1,1,2026-03-17,2026-03-17,2026-03-16,2026-03-18,2.83,1
600572,沪主板,1,1,2026-04-15,2026-04-15,2026-04-14,2026-04-16,5.17,1
600578,沪主板,4,4,2026-05-13,2026-05-18,2026-05-12,2026-05-19,8.48,1
600579,沪主板,1,1,2026-01-12,2026-01-12,2026-01-09,2026-01-13,9.51,1
600583,沪主板,1,1,2026-02-11,2026-02-11,2026-02-10,2026-02-25,7.61,4
600583,沪主板,2,2,2026-03-02,2026-03-03,2026-02-27,2026-03-04,8.52,1
600584,沪主板,1,1,2026-01-16,2026-01-16,2026-01-15,2026-01-22,54.63,4
600584,沪主板,1,1,2026-05-11,2026-05-11,2026-05-08,2026-05-20,71.28,7
600586,沪主板,1,1,2026-01-12,2026-01-12,2026-01-09,2026-01-13,6.86,1
600586,沪主板,1,1,2026-01-23,2026-01-23,2026-01-22,2026-01-26,6.87,1
600586,沪主板,1,1,2026-02-03,2026-02-03,2026-02-02,2026-02-10,7.97,5
600586,沪主板,1,1,2026-02-09,2026-02-09,2026-02-06,2026-02-10,7.97,1
600588,沪主板,2,1,2026-01-12,2026-01-14,2026-01-09,2026-01-15,18.61,1
600589,沪主板,1,1,2026-01-09,2026-01-09,2026-01-08,2026-01-15,11.87,4
600589,沪主板,1,1,2026-01-14,2026-01-14,2026-01-13,2026-01-15,11.87,1
600589,沪主板,1,1,2026-01-26,2026-01-26,2026-01-23,2026-01-28,11.14,2
600589,沪主板,4,4,2026-02-09,2026-02-12,2026-02-06,2026-02-13,15.25,1
600589,沪主板,1,1,2026-03-25,2026-03-25,2026-03-24,2026-03-26,11.45,1
600589,沪主板,1,1,2026-04-08,2026-04-08,2026-04-07,2026-04-14,11.96,4
600589,沪主板,1,1,2026-05-08,2026-05-08,2026-05-07,2026-05-14,14.58,4
600590,沪主板,1,1,2026-02-03,2026-02-03,2026-02-02,2026-02-27,15.93,12
600590,沪主板,1,1,2026-02-09,2026-02-09,2026-02-06,2026-02-12,13.89,3
600590,沪主板,2,2,2026-03-05,2026-03-06,2026-03-04,2026-03-09,17.2,1
600590,沪主板,1,1,2026-03-18,2026-03-18,2026-03-17,2026-03-25,16.06,5
600590,沪主板,1,1,2026-04-20,2026-04-20,2026-04-17,2026-04-23,18.56,3
600593,沪主板,2,1,2026-01-15,2026-01-19,2026-01-14,2026-01-20,52.4,1
600594,沪主板,2,2,2026-04-01,2026-04-02,2026-03-31,2026-04-03,5.27,1
600594,沪主板,1,1,2026-04-09,2026-04-09,2026-04-08,2026-04-10,4.95,1
600594,沪主板,1,1,2026-04-15,2026-04-15,2026-04-14,2026-04-21,5.04,4
600596,沪主板,1,1,2026-04-07,2026-04-07,2026-04-03,2026-04-15,12.55,6
600601,沪主板,1,1,2026-04-20,2026-04-20,2026-04-17,2026-04-28,12.31,6
600601,沪主板,1,1,2026-05-11,2026-05-11,2026-05-08,2026-05-12,14.66,1
600602,沪主板,1,1,2026-01-27,2026-01-27,2026-01-26,2026-01-28,23.69,1
600602,沪主板,1,1,2026-03-09,2026-03-09,2026-03-06,2026-03-10,24.49,1
600602,沪主板,1,1,2026-03-18,2026-03-18,2026-03-17,2026-03-19,23.3,1
600602,沪主板,1,1,2026-03-30,2026-03-30,2026-03-27,2026-04-10,25.8,8
600602,沪主板,1,1,2026-04-03,2026-04-03,2026-04-02,2026-04-10,25.8,4
600604,沪主板,1,1,2026-03-20,2026-03-20,2026-03-19,2026-03-23,5.7,1
600604,沪主板,1,1,2026-05-20,2026-05-20,2026-05-19,2026-05-21,5.94,1
600605,沪主板,2,2,2026-04-14,2026-04-15,2026-04-13,2026-04-16,32.289,1
600610,沪主板,1,1,2026-01-20,2026-01-20,2026-01-19,2026-01-22,12.42,2
600610,沪主板,1,1,2026-05-07,2026-05-07,2026-05-06,2026-05-11,11.35,2
600611,沪主板,1,1,2026-01-06,2026-01-06,2026-01-05,2026-01-15,6.6,7
600611,沪主板,1,1,2026-05-20,2026-05-20,2026-05-19,2026-05-21,5.57,1
600617,沪主板,1,1,2026-03-03,2026-03-03,2026-03-02,2026-03-04,3.96,1
600617,沪主板,2,2,2026-03-19,2026-03-20,2026-03-18,2026-03-27,4.62,5
600618,沪主板,1,1,2026-01-06,2026-01-06,2026-01-05,2026-01-07,13.54,1
600619,沪主板,1,1,2026-04-09,2026-04-09,2026-04-08,2026-04-10,18.18,1
600620,沪主板,1,1,2026-01-06,2026-01-06,2026-01-05,2026-01-07,7.44,1
600623,沪主板,1,1,2026-04-07,2026-04-07,2026-04-03,2026-04-13,10.39,4
600623,沪主板,1,1,2026-04-28,2026-04-28,2026-04-27,2026-04-29,11.07,1
600626,沪主板,1,1,2026-05-19,2026-05-19,2026-05-18,2026-05-20,4.31,1
600629,沪主板,1,1,2026-01-08,2026-01-08,2026-01-07,2026-01-09,25.68,1
600629,沪主板,1,1,2026-02-13,2026-02-13,2026-02-12,2026-02-24,22.17,1
600629,沪主板,1,1,2026-04-09,2026-04-09,2026-04-08,2026-04-10,22.48,1
600633,沪主板,1,1,2026-01-12,2026-01-12,2026-01-09,2026-01-14,17.79,2
600633,沪主板,1,1,2026-04-24,2026-04-24,2026-04-23,2026-04-27,14.47,1
600635,沪主板,1,1,2026-03-03,2026-03-03,2026-03-02,2026-03-04,7.38,1
600637,沪主板,4,4,2026-01-07,2026-01-12,2026-01-06,2026-01-13,16.12,1
600637,沪主板,1,1,2026-04-27,2026-04-27,2026-04-24,2026-04-28,11.0,1
600640,沪主板,1,1,2026-01-12,2026-01-12,2026-01-09,2026-01-13,16.5,1
600640,沪主板,1,1,2026-05-18,2026-05-18,2026-05-15,2026-05-19,14.6,1
600641,沪主板,1,1,2026-04-08,2026-04-08,2026-04-07,2026-04-14,22.78,4
600641,沪主板,1,1,2026-04-17,2026-04-17,2026-04-16,2026-04-23,28.86,4
600641,沪主板,1,1,2026-04-22,2026-04-22,2026-04-21,2026-04-23,28.86,1
600643,沪主板,1,1,2026-03-17,2026-03-17,2026-03-16,2026-03-19,5.7,2
600643,沪主板,1,1,2026-04-01,2026-04-01,2026-03-31,2026-04-03,5.46,2
600644,沪主板,1,1,2026-04-02,2026-04-02,2026-04-01,2026-04-03,12.43,1
600645,沪主板,1,1,2026-03-06,2026-03-06,2026-03-05,2026-03-11,31.69,3
600649,沪主板,1,1,2026-01-20,2026-01-20,2026-01-19,2026-01-21,5.63,1
600649,沪主板,1,1,2026-01-29,2026-01-29,2026-01-28,2026-02-05,5.78,5
600649,沪主板,1,1,2026-02-25,2026-02-25,2026-02-24,2026-02-26,5.77,1
600651,沪主板,1,1,2026-01-12,2026-01-12,2026-01-09,2026-01-14,9.35,2
600654,沪主板,3,3,2026-04-03,2026-04-08,2026-04-02,2026-04-09,4.84,1
600654,沪主板,1,1,2026-04-13,2026-04-13,2026-04-10,2026-04-16,4.76,3
600654,沪主板,1,1,2026-04-29,2026-04-29,2026-04-28,2026-05-11,4.29,5
600655,沪主板,1,1,2026-01-28,2026-01-28,2026-01-27,2026-01-29,6.15,1
600662,沪主板,3,3,2026-01-13,2026-01-15,2026-01-12,2026-01-16,6.83,1
600664,沪主板,1,1,2026-04-07,2026-04-07,2026-04-03,2026-04-09,4.09,2
600664,沪主板,2,2,2026-04-14,2026-04-15,2026-04-13,2026-04-16,4.88,1
600666,沪主板,1,1,2026-02-09,2026-02-09,2026-02-06,2026-02-13,4.1,4
600666,沪主板,1,1,2026-03-05,2026-03-05,2026-03-04,2026-03-26,5.81,15
600666,沪主板,2,2,2026-03-18,2026-03-19,2026-03-17,2026-04-09,7.15,14
600666,沪主板,3,2,2026-03-24,2026-03-27,2026-03-23,2026-04-02,6.65,4
600666,沪主板,1,1,2026-04-01,2026-04-01,2026-03-31,2026-04-20,7.57,12
600666,沪主板,1,1,2026-04-08,2026-04-08,2026-04-07,2026-04-09,7.15,1
600666,沪主板,1,1,2026-04-16,2026-04-16,2026-04-15,2026-04-20,7.57,2
600666,沪主板,1,1,2026-05-13,2026-05-13,2026-05-12,2026-05-14,6.33,1
600667,沪主板,1,1,2026-01-30,2026-01-30,2026-01-29,2026-02-02,10.86,1
600667,沪主板,1,1,2026-03-16,2026-03-16,2026-03-13,2026-03-18,12.12,2
600667,沪主板,1,1,2026-05-12,2026-05-12,2026-05-11,2026-05-14,13.63,2
600671,沪主板,1,1,2026-01-19,2026-01-19,2026-01-16,2026-01-22,22.8,3
600673,沪主板,1,1,2026-01-07,2026-01-07,2026-01-06,2026-01-14,33.2,5
600673,沪主板,1,1,2026-02-03,2026-02-03,2026-02-02,2026-02-13,38.36,8
600673,沪主板,1,1,2026-02-12,2026-02-12,2026-02-11,2026-02-13,38.36,1
600673,沪主板,1,1,2026-05-07,2026-05-07,2026-05-06,2026-05-08,42.83,1
600675,沪主板,1,1,2026-01-20,2026-01-20,2026-01-19,2026-01-21,3.03,1
600676,沪主板,4,4,2026-01-09,2026-01-14,2026-01-08,2026-01-19,10.18,3
600676,沪主板,1,1,2026-01-21,2026-01-21,2026-01-20,2026-01-22,9.74,1
600676,沪主板,1,1,2026-03-06,2026-03-06,2026-03-05,2026-03-10,8.64,2
600676,沪主板,1,1,2026-05-18,2026-05-18,2026-05-15,2026-05-20,8.38,2
600678,沪主板,1,1,2026-01-29,2026-01-29,2026-01-28,2026-02-04,13.65,4
600678,沪主板,1,1,2026-04-21,2026-04-21,2026-04-20,2026-04-22,12.59,1
600681,沪主板,1,1,2026-03-03,2026-03-03,2026-03-02,2026-03-09,4.8,4
600682,沪主板,1,1,2026-03-26,2026-03-26,2026-03-25,2026-04-09,7.65,9
600683,沪主板,4,3,2026-02-03,2026-02-09,2026-02-02,2026-02-11,7.35,2
600683,沪主板,3,3,2026-03-13,2026-03-17,2026-03-12,2026-03-24,11.47,5
600683,沪主板,1,1,2026-03-20,2026-03-20,2026-03-19,2026-03-24,11.47,2
600683,沪主板,3,3,2026-04-15,2026-04-17,2026-04-14,2026-05-13,21.83,15
600683,沪主板,1,1,2026-04-22,2026-04-22,2026-04-21,2026-04-24,14.35,2
600683,沪主板,3,3,2026-05-08,2026-05-12,2026-05-07,2026-05-13,21.83,1
600684,沪主板,1,1,2026-01-29,2026-01-29,2026-01-28,2026-01-30,5.24,1
600686,沪主板,1,1,2026-02-06,2026-02-06,2026-02-05,2026-02-09,19.38,1
600688,沪主板,2,2,2026-03-02,2026-03-03,2026-02-27,2026-03-04,3.89,1
600691,沪主板,1,1,2026-01-06,2026-01-06,2026-01-05,2026-01-07,3.3,1
600691,沪主板,3,2,2026-03-12,2026-03-17,2026-03-11,2026-03-18,4.63,1
600691,沪主板,1,1,2026-04-07,2026-04-07,2026-04-03,2026-04-09,3.41,2
600693,沪主板,1,1,2026-04-27,2026-04-27,2026-04-24,2026-04-28,11.89,1
600694,沪主板,1,1,2026-01-12,2026-01-12,2026-01-09,2026-01-13,20.3,1
600698,沪主板,2,2,2026-03-24,2026-03-25,2026-03-23,2026-03-26,9.0,1
600699,沪主板,1,1,2026-04-21,2026-04-21,2026-04-20,2026-04-23,30.1,2
600702,沪主板,1,1,2026-01-29,2026-01-29,2026-01-28,2026-02-05,61.07,5
600703,沪主板,1,1,2026-01-16,2026-01-16,2026-01-15,2026-01-26,17.37,6
600703,沪主板,1,1,2026-03-05,2026-03-05,2026-03-04,2026-03-13,18.77,6
600703,沪主板,1,1,2026-03-12,2026-03-12,2026-03-11,2026-03-13,18.77,1
600703,沪主板,1,1,2026-04-17,2026-04-17,2026-04-16,2026-04-23,16.06,4
600703,沪主板,1,1,2026-04-22,2026-04-22,2026-04-21,2026-04-23,16.06,1
600707,沪主板,1,1,2026-01-06,2026-01-06,2026-01-05,2026-01-07,7.14,1
600707,沪主板,2,2,2026-04-09,2026-04-10,2026-04-08,2026-04-22,9.17,8
600707,沪主板,2,2,2026-04-17,2026-04-20,2026-04-16,2026-04-22,9.17,2
600707,沪主板,1,1,2026-04-27,2026-04-27,2026-04-24,2026-04-29,9.1,2
600707,沪主板,1,1,2026-05-07,2026-05-07,2026-05-06,2026-05-15,11.72,6
600707,沪主板,1,1,2026-05-13,2026-05-13,2026-05-12,2026-05-15,11.72,2
600707,沪主板,1,1,2026-05-20,2026-05-20,2026-05-19,2026-05-21,11.43,1
600708,沪主板,1,1,2026-01-15,2026-01-15,2026-01-14,2026-01-16,3.98,1
600708,沪主板,1,1,2026-04-29,2026-04-29,2026-04-28,2026-05-11,4.16,5
600713,沪主板,1,1,2026-04-10,2026-04-10,2026-04-09,2026-04-13,6.65,1
600714,沪主板,1,1,2026-01-21,2026-01-21,2026-01-20,2026-01-26,17.06,3
600714,沪主板,2,2,2026-03-02,2026-03-03,2026-02-27,2026-03-09,25.35,4
600714,沪主板,1,1,2026-03-12,2026-03-12,2026-03-11,2026-03-16,27.18,2
600714,沪主板,2,2,2026-04-29,2026-04-30,2026-04-28,2026-05-20,29.87,11
600714,沪主板,1,1,2026-05-18,2026-05-18,2026-05-15,2026-05-20,29.87,2
600715,沪主板,1,1,2026-02-10,2026-02-10,2026-02-09,2026-02-11,2.63,1
600715,沪主板,1,1,2026-04-21,2026-04-21,2026-04-20,2026-04-22,2.21,1
600719,沪主板,1,1,2026-04-16,2026-04-16,2026-04-15,2026-04-29,7.9,9
600719,沪主板,1,1,2026-05-07,2026-05-07,2026-05-06,2026-05-13,11.68,4
600719,沪主板,1,1,2026-05-12,2026-05-12,2026-05-11,2026-05-13,11.68,1
600721,沪主板,1,1,2026-01-13,2026-01-13,2026-01-12,2026-01-14,10.321,1
600721,沪主板,1,1,2026-04-08,2026-04-08,2026-04-07,2026-04-09,11.176,1
600722,沪主板,1,1,2026-01-29,2026-01-29,2026-01-28,2026-01-30,9.35,1
600722,沪主板,3,2,2026-02-06,2026-02-11,2026-02-05,2026-02-25,10.46,4
600722,沪主板,2,2,2026-03-02,2026-03-03,2026-02-27,2026-03-09,14.88,4
600722,沪主板,1,1,2026-03-06,2026-03-06,2026-03-05,2026-03-17,20.02,7
600722,沪主板,3,3,2026-03-11,2026-03-13,2026-03-10,2026-03-17,20.02,2
600722,沪主板,1,1,2026-04-07,2026-04-07,2026-04-03,2026-04-09,15.2,2
600724,沪主板,1,1,2026-01-14,2026-01-14,2026-01-13,2026-01-22,7.1,6
600724,沪主板,2,1,2026-03-30,2026-04-01,2026-03-27,2026-04-10,7.01,6
600724,沪主板,1,1,2026-05-08,2026-05-08,2026-05-07,2026-05-13,8.61,3
600725,沪主板,1,1,2026-01-15,2026-01-15,2026-01-14,2026-01-19,4.73,2
600725,沪主板,1,1,2026-02-27,2026-02-27,2026-02-26,2026-03-03,5.47,2
600726,沪主板,4,4,2026-03-10,2026-03-13,2026-03-09,2026-03-27,7.16,10
600726,沪主板,2,2,2026-03-19,2026-03-20,2026-03-18,2026-03-27,7.16,5
600726,沪主板,2,2,2026-03-25,2026-03-26,2026-03-24,2026-03-27,7.16,1
600726,沪主板,4,4,2026-04-23,2026-04-28,2026-04-22,2026-05-14,9.06,9
600726,沪主板,1,1,2026-05-07,2026-05-07,2026-05-06,2026-05-14,9.06,5
600726,沪主板,1,1,2026-05-13,2026-05-13,2026-05-12,2026-05-14,9.06,1
600727,沪主板,1,1,2026-03-27,2026-03-27,2026-03-26,2026-03-30,8.16,1
600727,沪主板,1,1,2026-04-17,2026-04-17,2026-04-16,2026-04-20,8.16,1
600729,沪主板,1,1,2026-01-12,2026-01-12,2026-01-09,2026-01-14,30.1,2
600732,沪主板,1,1,2026-01-23,2026-01-23,2026-01-22,2026-01-26,15.09,1
600732,沪主板,1,1,2026-02-09,2026-02-09,2026-02-06,2026-02-11,15.03,2
600734,沪主板,1,1,2026-01-14,2026-01-14,2026-01-13,2026-01-15,5.93,1
600736,沪主板,1,1,2026-01-26,2026-01-26,2026-01-23,2026-01-27,8.0,1
600736,沪主板,3,3,2026-04-21,2026-04-23,2026-04-20,2026-04-24,9.21,1
600736,沪主板,1,1,2026-05-07,2026-05-07,2026-05-06,2026-05-08,10.61,1
600737,沪主板,1,1,2026-05-13,2026-05-13,2026-05-12,2026-05-14,16.6,1
600740,沪主板,1,1,2026-01-28,2026-01-28,2026-01-27,2026-01-30,5.09,2
600740,沪主板,1,1,2026-02-04,2026-02-04,2026-02-03,2026-02-05,4.91,1
600743,沪主板,6,6,2026-04-07,2026-04-14,2026-04-03,2026-04-15,3.53,1
600744,沪主板,2,2,2026-02-26,2026-02-27,2026-02-25,2026-03-09,9.77,6
600744,沪主板,1,1,2026-03-05,2026-03-05,2026-03-04,2026-03-09,9.77,2
600744,沪主板,1,1,2026-03-24,2026-03-24,2026-03-23,2026-03-25,9.2,1
600744,沪主板,1,1,2026-04-28,2026-04-28,2026-04-27,2026-05-07,9.35,4
600746,沪主板,1,1,2026-03-13,2026-03-13,2026-03-12,2026-03-16,9.54,1
600748,沪主板,1,1,2026-01-09,2026-01-09,2026-01-08,2026-01-12,6.8,1
600748,沪主板,1,1,2026-03-27,2026-03-27,2026-03-26,2026-03-30,5.51,1
600748,沪主板,2,2,2026-05-08,2026-05-11,2026-05-07,2026-05-12,6.27,1
600749,沪主板,1,1,2026-04-16,2026-04-16,2026-04-15,2026-04-20,22.0,2
600751,沪主板,1,1,2026-02-09,2026-02-09,2026-02-06,2026-02-10,4.43,1
600751,沪主板,1,1,2026-03-16,2026-03-16,2026-03-13,2026-03-17,4.41,1
600756,沪主板,1,1,2026-03-13,2026-03-13,2026-03-12,2026-03-19,18.88,4
600758,沪主板,3,3,2026-03-23,2026-03-25,2026-03-20,2026-03-26,6.29,1
600758,沪主板,1,1,2026-05-13,2026-05-13,2026-05-12,2026-05-19,5.17,4
600758,沪主板,2,2,2026-05-18,2026-05-19,2026-05-15,2026-05-20,5.03,1
600759,沪主板,1,1,2026-01-06,2026-01-06,2026-01-05,2026-01-14,3.88,6
600759,沪主板,1,1,2026-01-09,2026-01-09,2026-01-08,2026-01-14,3.88,3
600759,沪主板,5,2,2026-01-21,2026-01-29,2026-01-20,2026-01-30,6.24,1
600759,沪主板,2,1,2026-02-04,2026-02-06,2026-02-03,2026-02-12,5.68,4
600759,沪主板,1,1,2026-02-25,2026-02-25,2026-02-24,2026-03-05,9.09,6
600759,沪主板,3,3,2026-03-02,2026-03-04,2026-02-27,2026-03-05,9.09,1
600761,沪主板,1,1,2026-03-06,2026-03-06,2026-03-05,2026-03-09,22.17,1
600768,沪主板,1,1,2026-04-16,2026-04-16,2026-04-15,2026-04-17,18.22,1
600769,沪主板,2,2,2026-03-10,2026-03-11,2026-03-09,2026-03-12,15.36,1
600769,沪主板,1,1,2026-03-27,2026-03-27,2026-03-26,2026-03-31,14.4,2
600769,沪主板,1,1,2026-05-11,2026-05-11,2026-05-08,2026-05-19,26.1,6
600769,沪主板,1,1,2026-05-18,2026-05-18,2026-05-15,2026-05-19,26.1,1
600770,沪主板,2,2,2026-01-21,2026-01-22,2026-01-20,2026-02-04,7.29,9
600770,沪主板,3,2,2026-04-23,2026-04-28,2026-04-22,2026-05-07,8.78,4
600773,沪主板,1,1,2026-03-24,2026-03-24,2026-03-23,2026-03-30,20.18,4
600773,沪主板,1,1,2026-04-13,2026-04-13,2026-04-10,2026-04-30,28.88,13
600774,沪主板,2,2,2026-01-19,2026-01-20,2026-01-16,2026-01-23,11.55,3
600774,沪主板,1,1,2026-01-23,2026-01-23,2026-01-22,2026-01-26,11.55,1
600775,沪主板,3,3,2026-01-06,2026-01-08,2026-01-05,2026-01-12,20.04,2
600776,沪主板,3,3,2026-01-09,2026-01-13,2026-01-08,2026-01-14,27.09,1
600778,沪主板,1,1,2026-02-04,2026-02-04,2026-02-03,2026-02-05,8.72,1
600779,沪主板,1,1,2026-01-29,2026-01-29,2026-01-28,2026-02-02,45.85,2
600780,沪主板,1,1,2026-03-25,2026-03-25,2026-03-24,2026-03-26,8.45,1
600783,沪主板,6,6,2026-01-06,2026-01-13,2026-01-05,2026-01-14,37.94,1
600783,沪主板,1,1,2026-05-08,2026-05-08,2026-05-07,2026-05-11,26.3,1
600784,沪主板,1,1,2026-01-09,2026-01-09,2026-01-08,2026-01-12,8.0,1
600784,沪主板,1,1,2026-05-15,2026-05-15,2026-05-14,2026-05-20,8.18,3
600785,沪主板,4,4,2026-01-14,2026-01-19,2026-01-13,2026-01-27,25.04,6
600785,沪主板,3,2,2026-01-29,2026-02-03,2026-01-28,2026-02-04,27.76,1
600789,沪主板,1,1,2026-01-26,2026-01-26,2026-01-23,2026-01-27,10.77,1
600791,沪主板,1,1,2026-01-26,2026-01-26,2026-01-23,2026-01-28,6.73,2
600791,沪主板,1,1,2026-02-13,2026-02-13,2026-02-12,2026-02-26,8.65,3
600791,沪主板,1,1,2026-03-17,2026-03-17,2026-03-16,2026-03-18,9.67,1
600791,沪主板,1,1,2026-04-07,2026-04-07,2026-04-03,2026-04-09,13.81,2
600792,沪主板,1,1,2026-02-04,2026-02-04,2026-02-03,2026-02-05,5.1,1
600792,沪主板,1,1,2026-03-23,2026-03-23,2026-03-20,2026-03-30,5.44,5
600796,沪主板,1,1,2026-02-05,2026-02-05,2026-02-04,2026-02-06,7.22,1
600798,沪主板,1,1,2026-03-03,2026-03-03,2026-03-02,2026-03-04,4.63,1
600800,沪主板,1,1,2026-01-13,2026-01-13,2026-01-12,2026-01-20,4.95,5
600800,沪主板,1,1,2026-01-19,2026-01-19,2026-01-16,2026-01-20,4.95,1
600800,沪主板,1,1,2026-03-05,2026-03-05,2026-03-04,2026-03-09,5.43,2
600800,沪主板,2,2,2026-03-25,2026-03-26,2026-03-24,2026-03-27,5.5,1
600800,沪主板,1,1,2026-04-20,2026-04-20,2026-04-17,2026-04-21,5.21,1
600802,沪主板,1,1,2026-03-25,2026-03-25,2026-03-24,2026-03-31,6.58,4
600803,沪主板,1,1,2026-03-03,2026-03-03,2026-03-02,2026-03-04,24.55,1
600807,沪主板,1,1,2026-01-09,2026-01-09,2026-01-08,2026-01-13,3.71,2
600809,沪主板,1,1,2026-01-29,2026-01-29,2026-01-28,2026-02-05,183.97,5
600810,沪主板,1,1,2026-04-07,2026-04-07,2026-04-03,2026-04-09,9.1,2
600814,沪主板,3,3,2026-02-04,2026-02-06,2026-02-03,2026-02-09,11.18,1
600815,沪主板,1,1,2026-03-25,2026-03-25,2026-03-24,2026-03-26,4.72,1
600815,沪主板,1,1,2026-04-08,2026-04-08,2026-04-07,2026-04-14,4.32,4
600815,沪主板,1,1,2026-04-13,2026-04-13,2026-04-10,2026-04-14,4.32,1
600815,沪主板,1,1,2026-04-22,2026-04-22,2026-04-21,2026-04-23,4.72,1
600815,沪主板,1,1,2026-04-27,2026-04-27,2026-04-24,2026-05-11,5.11,7
600815,沪主板,1,1,2026-05-07,2026-05-07,2026-05-06,2026-05-11,5.11,2
600819,沪主板,1,1,2026-05-14,2026-05-14,2026-05-13,2026-05-15,7.86,1
600821,沪主板,1,1,2026-02-12,2026-02-12,2026-02-11,2026-03-13,11.18,15
600821,沪主板,1,1,2026-02-27,2026-02-27,2026-02-26,2026-03-20,12.2,15
600821,沪主板,3,2,2026-03-04,2026-03-09,2026-03-03,2026-03-13,11.18,4
600821,沪主板,1,1,2026-03-12,2026-03-12,2026-03-11,2026-03-20,12.2,6
600821,沪主板,1,1,2026-03-24,2026-03-24,2026-03-23,2026-03-26,11.7,2
600825,沪主板,1,1,2026-03-06,2026-03-06,2026-03-05,2026-03-09,6.45,1
600826,沪主板,1,1,2026-04-24,2026-04-24,2026-04-23,2026-04-27,10.63,1
600828,沪主板,2,2,2026-01-09,2026-01-12,2026-01-08,2026-01-14,8.66,2
600828,沪主板,2,2,2026-01-30,2026-02-02,2026-01-29,2026-02-06,7.85,4
600828,沪主板,1,1,2026-02-05,2026-02-05,2026-02-04,2026-02-06,7.85,1
600828,沪主板,1,1,2026-03-05,2026-03-05,2026-03-04,2026-03-06,6.58,1
600830,沪主板,1,1,2026-04-27,2026-04-27,2026-04-24,2026-04-28,10.46,1
600831,沪主板,1,1,2026-05-19,2026-05-19,2026-05-18,2026-05-20,4.38,1
600835,沪主板,1,1,2026-05-19,2026-05-19,2026-05-18,2026-05-20,26.67,1
600838,沪主板,2,1,2026-01-06,2026-01-08,2026-01-05,2026-01-13,15.46,3
600838,沪主板,1,1,2026-01-20,2026-01-20,2026-01-19,2026-01-21,14.66,1
600839,沪主板,1,1,2026-01-12,2026-01-12,2026-01-09,2026-01-15,11.21,3
600841,沪主板,1,1,2026-01-16,2026-01-16,2026-01-15,2026-01-22,8.55,4
600841,沪主板,1,1,2026-01-21,2026-01-21,2026-01-20,2026-01-27,9.48,4
600841,沪主板,1,1,2026-02-09,2026-02-09,2026-02-06,2026-02-12,11.32,3
600841,沪主板,1,1,2026-02-26,2026-02-26,2026-02-25,2026-02-27,11.09,1
600841,沪主板,1,1,2026-04-08,2026-04-08,2026-04-07,2026-04-13,9.8,3
600844,沪主板,1,1,2026-03-05,2026-03-05,2026-03-04,2026-03-16,4.59,7
600844,沪主板,1,1,2026-03-12,2026-03-12,2026-03-11,2026-03-16,4.59,2
600844,沪主板,1,1,2026-03-23,2026-03-23,2026-03-20,2026-03-30,5.49,5
600844,沪主板,2,2,2026-03-26,2026-03-27,2026-03-25,2026-03-30,5.49,1
600845,沪主板,1,1,2026-01-08,2026-01-08,2026-01-07,2026-01-14,26.08,4
600847,沪主板,1,1,2026-03-13,2026-03-13,2026-03-12,2026-03-16,15.6,1
600847,沪主板,1,1,2026-04-16,2026-04-16,2026-04-15,2026-04-17,15.2,1
600847,沪主板,1,1,2026-05-18,2026-05-18,2026-05-15,2026-05-20,18.17,2
600850,沪主板,2,2,2026-05-18,2026-05-19,2026-05-15,2026-05-20,22.83,1
600851,沪主板,1,1,2026-03-09,2026-03-09,2026-03-06,2026-03-10,9.18,1
600851,沪主板,1,1,2026-04-01,2026-04-01,2026-03-31,2026-04-02,9.0,1
600854,沪主板,1,1,2026-05-11,2026-05-11,2026-05-08,2026-05-13,6.5,2
600855,沪主板,1,1,2026-01-06,2026-01-06,2026-01-05,2026-01-12,30.0,4
600855,沪主板,1,1,2026-04-14,2026-04-14,2026-04-13,2026-04-20,22.0,4
600855,沪主板,1,1,2026-05-08,2026-05-08,2026-05-07,2026-05-11,22.0,1
600857,沪主板,2,2,2026-05-13,2026-05-14,2026-05-12,2026-05-15,15.55,1
600858,沪主板,1,1,2026-01-09,2026-01-09,2026-01-08,2026-01-13,7.36,2
600860,沪主板,1,1,2026-02-04,2026-02-04,2026-02-03,2026-02-09,14.81,3
600863,沪主板,1,1,2026-05-19,2026-05-19,2026-05-18,2026-05-20,5.88,1
600868,沪主板,1,1,2026-01-12,2026-01-12,2026-01-09,2026-01-15,4.25,3
600868,沪主板,2,2,2026-01-21,2026-01-22,2026-01-20,2026-01-26,5.43,2
600868,沪主板,1,1,2026-03-12,2026-03-12,2026-03-11,2026-03-13,4.42,1
600868,沪主板,1,1,2026-03-24,2026-03-24,2026-03-23,2026-03-27,4.26,3
600869,沪主板,3,3,2026-01-06,2026-01-08,2026-01-05,2026-01-09,12.01,1
600869,沪主板,1,1,2026-01-28,2026-01-28,2026-01-27,2026-02-05,13.78,6
600869,沪主板,1,1,2026-02-03,2026-02-03,2026-02-02,2026-02-05,13.78,2
600869,沪主板,2,1,2026-04-03,2026-04-08,2026-04-02,2026-04-10,16.36,2
600869,沪主板,1,1,2026-04-22,2026-04-22,2026-04-21,2026-05-13,23.5,12
600869,沪主板,2,2,2026-05-11,2026-05-12,2026-05-08,2026-05-13,23.5,1
600871,沪主板,2,2,2026-01-28,2026-01-29,2026-01-27,2026-01-30,3.55,1
600871,沪主板,3,3,2026-03-02,2026-03-04,2026-02-27,2026-03-05,4.42,1
600872,沪主板,1,1,2026-04-20,2026-04-20,2026-04-17,2026-04-21,22.21,1
600873,沪主板,1,1,2026-03-11,2026-03-11,2026-03-10,2026-03-16,13.24,3
600875,沪主板,1,1,2026-02-09,2026-02-09,2026-02-06,2026-03-02,38.84,9
600875,沪主板,1,1,2026-02-12,2026-02-12,2026-02-11,2026-03-06,45.38,10
600875,沪主板,1,1,2026-02-26,2026-02-26,2026-02-25,2026-03-06,45.38,6
600875,沪主板,1,1,2026-03-05,2026-03-05,2026-03-04,2026-03-06,45.38,1
600875,沪主板,1,1,2026-04-08,2026-04-08,2026-04-07,2026-04-14,40.61,4
600875,沪主板,1,1,2026-04-16,2026-04-16,2026-04-15,2026-04-23,45.25,5
600876,沪主板,1,1,2026-04-10,2026-04-10,2026-04-09,2026-04-14,10.2,2
600877,沪主板,2,2,2026-01-12,2026-01-13,2026-01-09,2026-01-14,24.5,1
600877,沪主板,1,1,2026-01-27,2026-01-27,2026-01-26,2026-01-28,25.91,1
600879,沪主板,4,3,2026-01-06,2026-01-12,2026-01-05,2026-01-13,32.24,1
600879,沪主板,1,1,2026-01-23,2026-01-23,2026-01-22,2026-01-26,30.19,1
600880,沪主板,2,2,2026-01-09,2026-01-12,2026-01-08,2026-01-13,7.83,1
600884,沪主板,2,2,2026-02-06,2026-02-09,2026-02-05,2026-02-10,16.28,1
600884,沪主板,1,1,2026-02-25,2026-02-25,2026-02-24,2026-02-26,15.35,1
600893,沪主板,1,1,2026-01-19,2026-01-19,2026-01-16,2026-01-22,50.29,3
600893,沪主板,1,1,2026-01-27,2026-01-27,2026-01-26,2026-01-28,51.18,1
600893,沪主板,1,1,2026-02-13,2026-02-13,2026-02-12,2026-03-06,63.2,9
600894,沪主板,1,1,2026-03-31,2026-03-31,2026-03-30,2026-04-01,10.49,1
600903,沪主板,1,1,2026-03-03,2026-03-03,2026-03-02,2026-03-04,7.63,1
600903,沪主板,4,2,2026-05-13,2026-05-19,2026-05-12,2026-05-20,10.15,1
600909,沪主板,1,1,2026-01-06,2026-01-06,2026-01-05,2026-01-07,7.75,1
600909,沪主板,2,1,2026-05-18,2026-05-20,2026-05-15,2026-05-21,7.28,1
600916,沪主板,5,5,2026-01-23,2026-01-29,2026-01-22,2026-01-30,14.85,1
600917,沪主板,1,1,2026-03-03,2026-03-03,2026-03-02,2026-03-04,6.43,1
600935,沪主板,1,1,2026-01-08,2026-01-08,2026-01-07,2026-01-12,2.84,2
600935,沪主板,1,1,2026-03-12,2026-03-12,2026-03-11,2026-03-13,3.44,1
600936,沪主板,1,1,2026-01-06,2026-01-06,2026-01-05,2026-01-08,5.06,2
600936,沪主板,2,2,2026-05-07,2026-05-08,2026-05-06,2026-05-14,5.9,4
600936,沪主板,1,1,2026-05-19,2026-05-19,2026-05-18,2026-05-20,5.79,1
600938,沪主板,2,2,2026-03-02,2026-03-03,2026-02-27,2026-03-09,44.54,4
600955,沪主板,1,1,2026-01-06,2026-01-06,2026-01-05,2026-01-12,18.28,4
600955,沪主板,1,1,2026-01-20,2026-01-20,2026-01-19,2026-01-21,22.0,1
600955,沪主板,2,2,2026-03-27,2026-03-30,2026-03-26,2026-03-31,18.79,1
600955,沪主板,1,1,2026-04-07,2026-04-07,2026-04-03,2026-04-09,19.52,2
600956,沪主板,1,1,2026-03-12,2026-03-12,2026-03-11,2026-03-18,11.24,4
600959,沪主板,1,1,2026-01-23,2026-01-23,2026-01-22,2026-01-30,4.75,5
600959,沪主板,1,1,2026-01-29,2026-01-29,2026-01-28,2026-01-30,4.75,1
600960,沪主板,1,1,2026-02-12,2026-02-12,2026-02-11,2026-02-26,6.39,4
600961,沪主板,1,1,2026-01-28,2026-01-28,2026-01-27,2026-01-29,27.48,1
600961,沪主板,4,4,2026-04-16,2026-04-21,2026-04-15,2026-04-27,31.5,4
600962,沪主板,1,1,2026-01-09,2026-01-09,2026-01-08,2026-01-13,25.32,2
600962,沪主板,1,1,2026-04-17,2026-04-17,2026-04-16,2026-04-20,22.47,1
600965,沪主板,1,1,2026-01-12,2026-01-12,2026-01-09,2026-01-13,6.7,1
600967,沪主板,1,1,2026-01-08,2026-01-08,2026-01-07,2026-01-13,21.4,3
600968,沪主板,1,1,2026-01-29,2026-01-29,2026-01-28,2026-01-30,4.87,1
600968,沪主板,2,2,2026-03-02,2026-03-03,2026-02-27,2026-03-04,5.8,1
600971,沪主板,1,1,2026-02-04,2026-02-04,2026-02-03,2026-02-05,7.1,1
600973,沪主板,1,1,2026-01-09,2026-01-09,2026-01-08,2026-01-12,9.38,1
600977,沪主板,1,1,2026-02-10,2026-02-10,2026-02-09,2026-02-11,20.76,1
600979,沪主板,1,1,2026-02-26,2026-02-26,2026-02-25,2026-03-03,5.56,3
600979,沪主板,1,1,2026-03-19,2026-03-19,2026-03-18,2026-03-25,5.99,4
600979,沪主板,2,2,2026-04-20,2026-04-21,2026-04-17,2026-04-22,5.71,1
600980,沪主板,1,1,2026-02-11,2026-02-11,2026-02-10,2026-02-25,26.95,4
600982,沪主板,3,2,2026-03-24,2026-03-27,2026-03-23,2026-03-30,7.25,1
600982,沪主板,1,1,2026-04-13,2026-04-13,2026-04-10,2026-04-14,6.14,1
600982,沪主板,1,1,2026-05-13,2026-05-13,2026-05-12,2026-05-14,7.67,1
600983,沪主板,1,1,2026-01-06,2026-01-06,2026-01-05,2026-01-26,11.0,14
600983,沪主板,1,1,2026-04-10,2026-04-10,2026-04-09,2026-04-13,11.47,1
600984,沪主板,1,1,2026-02-03,2026-02-03,2026-02-02,2026-02-04,4.64,1
600984,沪主板,1,1,2026-02-13,2026-02-13,2026-02-12,2026-02-26,5.31,3
600984,沪主板,1,1,2026-04-08,2026-04-08,2026-04-07,2026-04-14,4.39,4
600984,沪主板,1,1,2026-05-08,2026-05-08,2026-05-07,2026-05-15,5.38,5
600986,沪主板,3,2,2026-01-09,2026-01-14,2026-01-08,2026-01-15,12.0,1
600986,沪主板,1,1,2026-01-20,2026-01-20,2026-01-19,2026-02-04,16.48,11
600986,沪主板,2,2,2026-01-23,2026-01-26,2026-01-22,2026-01-27,14.49,1
600986,沪主板,1,1,2026-01-29,2026-01-29,2026-01-28,2026-02-04,16.48,4
600986,沪主板,1,1,2026-02-03,2026-02-03,2026-02-02,2026-02-04,16.48,1
600986,沪主板,1,1,2026-04-08,2026-04-08,2026-04-07,2026-04-14,10.94,4
600986,沪主板,1,1,2026-04-23,2026-04-23,2026-04-22,2026-04-24,12.99,1
600987,沪主板,1,1,2026-01-28,2026-01-28,2026-01-27,2026-01-29,8.36,1
600987,沪主板,1,1,2026-02-06,2026-02-06,2026-02-05,2026-02-11,8.8,3
600988,沪主板,1,1,2026-01-21,2026-01-21,2026-01-20,2026-01-29,51.5,6
600988,沪主板,2,1,2026-01-26,2026-01-28,2026-01-23,2026-01-29,51.5,1
600988,沪主板,1,1,2026-03-02,2026-03-02,2026-02-27,2026-03-03,45.58,1
600989,沪主板,1,1,2026-03-02,2026-03-02,2026-02-27,2026-03-16,36.49,10
600989,沪主板,1,1,2026-03-11,2026-03-11,2026-03-10,2026-03-16,36.49,3
600992,沪主板,1,1,2026-05-08,2026-05-08,2026-05-07,2026-05-12,12.62,2
600992,沪主板,1,1,2026-05-18,2026-05-18,2026-05-15,2026-05-19,13.24,1
600996,沪主板,1,1,2026-03-19,2026-03-19,2026-03-18,2026-03-20,9.7,1
600996,沪主板,2,2,2026-03-27,2026-03-30,2026-03-26,2026-03-31,11.1,1
600996,沪主板,1,1,2026-05-18,2026-05-18,2026-05-15,2026-05-19,9.89,1
600997,沪主板,1,1,2026-02-04,2026-02-04,2026-02-03,2026-02-05,6.4,1
601001,沪主板,1,1,2026-02-04,2026-02-04,2026-02-03,2026-02-13,16.95,7
601002,沪主板,1,1,2026-03-25,2026-03-25,2026-03-24,2026-03-31,6.08,4
601002,沪主板,1,1,2026-04-08,2026-04-08,2026-04-07,2026-04-10,6.26,2
601010,沪主板,1,1,2026-04-10,2026-04-10,2026-04-09,2026-04-13,2.47,1
601011,沪主板,1,1,2026-02-04,2026-02-04,2026-02-03,2026-02-05,3.7,1
601012,沪主板,1,1,2026-01-23,2026-01-23,2026-01-22,2026-01-26,20.05,1
601015,沪主板,1,1,2026-01-07,2026-01-07,2026-01-06,2026-01-08,4.32,1
601015,沪主板,1,1,2026-01-28,2026-01-28,2026-01-27,2026-01-30,4.87,2
601015,沪主板,2,2,2026-02-04,2026-02-05,2026-02-03,2026-02-06,5.46,1
601015,沪主板,1,1,2026-03-03,2026-03-03,2026-03-02,2026-03-04,5.87,1
601015,沪主板,1,1,2026-03-12,2026-03-12,2026-03-11,2026-03-13,5.46,1
601015,沪主板,1,1,2026-03-19,2026-03-19,2026-03-18,2026-03-23,5.88,2
601016,沪主板,2,2,2026-03-11,2026-03-12,2026-03-10,2026-03-13,4.75,1
601016,沪主板,1,1,2026-03-17,2026-03-17,2026-03-16,2026-03-26,5.73,7
601016,沪主板,2,2,2026-03-24,2026-03-25,2026-03-23,2026-03-26,5.73,1
601016,沪主板,1,1,2026-04-23,2026-04-23,2026-04-22,2026-04-28,4.85,3
601016,沪主板,1,1,2026-05-13,2026-05-13,2026-05-12,2026-05-14,5.89,1
601022,沪主板,1,1,2026-03-03,2026-03-03,2026-03-02,2026-03-04,10.7,1
601038,沪主板,1,1,2026-03-12,2026-03-12,2026-03-11,2026-03-13,15.84,1
601061,沪主板,1,1,2026-04-22,2026-04-22,2026-04-21,2026-04-23,14.85,1
601068,沪主板,1,1,2026-01-06,2026-01-06,2026-01-05,2026-01-07,6.27,1
601068,沪主板,1,1,2026-01-28,2026-01-28,2026-01-27,2026-01-29,7.11,1
601068,沪主板,1,1,2026-02-25,2026-02-25,2026-02-24,2026-03-04,6.68,5
601068,沪主板,1,1,2026-03-30,2026-03-30,2026-03-27,2026-04-01,6.18,2
601069,沪主板,1,1,2026-01-21,2026-01-21,2026-01-20,2026-01-30,50.5,7
601069,沪主板,3,2,2026-01-26,2026-01-29,2026-01-23,2026-01-30,50.5,1
601069,沪主板,1,1,2026-03-02,2026-03-02,2026-02-27,2026-03-03,43.12,1
601069,沪主板,1,1,2026-04-08,2026-04-08,2026-04-07,2026-04-09,35.96,1
601083,沪主板,1,1,2026-03-03,2026-03-03,2026-03-02,2026-03-04,13.81,1
601083,沪主板,1,1,2026-04-01,2026-04-01,2026-03-31,2026-04-03,13.45,2
601086,沪主板,1,1,2026-04-30,2026-04-30,2026-04-29,2026-05-14,9.44,7
601089,沪主板,1,1,2026-01-09,2026-01-09,2026-01-08,2026-01-13,30.8,2
601096,沪主板,2,2,2026-01-16,2026-01-19,2026-01-15,2026-01-20,5.84,1
601096,沪主板,1,1,2026-02-04,2026-02-04,2026-02-03,2026-02-05,6.56,1
601096,沪主板,1,1,2026-03-04,2026-03-04,2026-03-03,2026-03-10,7.36,4
601101,沪主板,1,1,2026-04-23,2026-04-23,2026-04-22,2026-05-06,11.88,6
601101,沪主板,1,1,2026-04-28,2026-04-28,2026-04-27,2026-05-06,11.88,3
601106,沪主板,5,4,2026-01-07,2026-01-14,2026-01-06,2026-01-15,6.45,1
601106,沪主板,1,1,2026-01-22,2026-01-22,2026-01-21,2026-01-26,6.17,2
601106,沪主板,1,1,2026-04-30,2026-04-30,2026-04-29,2026-05-11,4.74,4
601116,沪主板,3,3,2026-01-12,2026-01-14,2026-01-09,2026-01-15,22.97,1
601116,沪主板,1,1,2026-02-05,2026-02-05,2026-02-04,2026-02-06,19.6,1
601117,沪主板,1,1,2026-01-20,2026-01-20,2026-01-19,2026-01-26,9.156,4
601118,沪主板,1,1,2026-01-23,2026-01-23,2026-01-22,2026-01-30,8.24,5
601118,沪主板,1,1,2026-01-29,2026-01-29,2026-01-28,2026-01-30,8.24,1
601121,沪主板,1,1,2026-02-11,2026-02-11,2026-02-10,2026-02-25,9.0,4
601126,沪主板,1,1,2026-01-19,2026-01-19,2026-01-16,2026-01-20,40.6,1
601126,沪主板,1,1,2026-02-12,2026-02-12,2026-02-11,2026-02-26,45.28,4
601126,沪主板,1,1,2026-05-13,2026-05-13,2026-05-12,2026-05-20,88.87,5
601126,沪主板,1,1,2026-05-18,2026-05-18,2026-05-15,2026-05-20,88.87,2
601133,沪主板,1,1,2026-01-16,2026-01-16,2026-01-15,2026-01-19,20.3,1
601133,沪主板,1,1,2026-01-30,2026-01-30,2026-01-29,2026-02-03,19.03,2
601133,沪主板,1,1,2026-03-25,2026-03-25,2026-03-24,2026-03-26,19.66,1
601133,沪主板,1,1,2026-04-01,2026-04-01,2026-03-31,2026-04-15,26.24,9
601133,沪主板,2,1,2026-04-07,2026-04-09,2026-04-03,2026-04-15,26.24,4
601133,沪主板,3,2,2026-05-15,2026-05-20,2026-05-14,2026-05-21,35.66,1
601137,沪主板,1,1,2026-04-08,2026-04-08,2026-04-07,2026-04-20,20.98,8
601138,沪主板,1,1,2026-05-13,2026-05-13,2026-05-12,2026-05-14,74.0,1
601139,沪主板,1,1,2026-03-03,2026-03-03,2026-03-02,2026-03-04,7.95,1
601155,沪主板,1,1,2026-01-29,2026-01-29,2026-01-28,2026-01-30,18.35,1
601163,沪主板,1,1,2026-01-16,2026-01-16,2026-01-15,2026-01-19,17.08,1
601168,沪主板,1,1,2026-01-26,2026-01-26,2026-01-23,2026-01-29,41.28,3
601177,沪主板,1,1,2026-04-28,2026-04-28,2026-04-27,2026-05-08,17.9,5
601179,沪主板,1,1,2026-01-07,2026-01-07,2026-01-06,2026-01-22,17.0,11
601179,沪主板,1,1,2026-01-19,2026-01-19,2026-01-16,2026-01-22,17.0,3
601179,沪主板,1,1,2026-03-05,2026-03-05,2026-03-04,2026-03-10,20.65,3
601187,沪主板,1,1,2026-02-05,2026-02-05,2026-02-04,2026-02-06,8.25,1
601208,沪主板,1,1,2026-01-15,2026-01-15,2026-01-14,2026-01-16,29.83,1
601208,沪主板,1,1,2026-01-30,2026-01-30,2026-01-29,2026-02-02,29.2,1
601208,沪主板,1,1,2026-02-25,2026-02-25,2026-02-24,2026-03-02,36.49,3
601208,沪主板,1,1,2026-05-07,2026-05-07,2026-05-06,2026-05-13,49.99,4
601212,沪主板,8,8,2026-01-20,2026-01-29,2026-01-19,2026-01-30,13.67,1
601212,沪主板,1,1,2026-03-02,2026-03-02,2026-02-27,2026-03-03,11.39,1
601216,沪主板,1,1,2026-01-14,2026-01-14,2026-01-13,2026-01-20,6.04,4
601218,沪主板,1,1,2026-03-13,2026-03-13,2026-03-12,2026-03-25,8.166,8
601218,沪主板,1,1,2026-03-19,2026-03-19,2026-03-18,2026-03-25,8.166,4
601222,沪主板,1,1,2026-05-19,2026-05-19,2026-05-18,2026-05-20,6.72,1
601226,沪主板,1,1,2026-01-26,2026-01-26,2026-01-23,2026-01-27,11.68,1
601226,沪主板,1,1,2026-02-04,2026-02-04,2026-02-03,2026-02-05,12.54,1
601226,沪主板,1,1,2026-03-24,2026-03-24,2026-03-23,2026-03-25,10.24,1
601231,沪主板,1,1,2026-01-15,2026-01-15,2026-01-14,2026-01-16,33.62,1
601231,沪主板,1,1,2026-01-30,2026-01-30,2026-01-29,2026-02-12,42.08,9
601231,沪主板,1,1,2026-02-12,2026-02-12,2026-02-11,2026-02-26,49.38,4
601231,沪主板,1,1,2026-02-27,2026-02-27,2026-02-26,2026-03-02,49.3,1
601233,沪主板,1,1,2026-04-29,2026-04-29,2026-04-28,2026-04-30,24.45,1
601330,沪主板,2,2,2026-03-11,2026-03-12,2026-03-10,2026-03-25,12.2,9
601360,沪主板,1,1,2026-01-12,2026-01-12,2026-01-09,2026-01-15,14.68,3
601360,沪主板,1,1,2026-02-09,2026-02-09,2026-02-06,2026-02-13,13.34,4
601366,沪主板,1,1,2026-01-15,2026-01-15,2026-01-14,2026-01-16,5.78,1
601388,沪主板,2,2,2026-01-28,2026-01-29,2026-01-27,2026-01-30,4.8,1
601388,沪主板,1,1,2026-03-30,2026-03-30,2026-03-27,2026-03-31,4.09,1
601388,沪主板,1,1,2026-04-07,2026-04-07,2026-04-03,2026-04-10,4.05,3
601399,沪主板,2,2,2026-01-07,2026-01-08,2026-01-06,2026-01-12,6.65,2
601512,沪主板,2,2,2026-04-22,2026-04-23,2026-04-21,2026-04-24,11.18,1
601515,沪主板,1,1,2026-02-09,2026-02-09,2026-02-06,2026-02-13,4.88,4
601515,沪主板,1,1,2026-03-26,2026-03-26,2026-03-25,2026-04-02,5.01,5
601515,沪主板,1,1,2026-04-01,2026-04-01,2026-03-31,2026-04-02,5.01,1
601519,沪主板,1,1,2026-01-06,2026-01-06,2026-01-05,2026-01-12,15.59,4
601567,沪主板,2,2,2026-03-06,2026-03-09,2026-03-05,2026-03-11,33.66,2
601579,沪主板,1,1,2026-01-29,2026-01-29,2026-01-28,2026-02-05,23.06,5
601579,沪主板,1,1,2026-04-01,2026-04-01,2026-03-31,2026-04-07,18.75,3
601588,沪主板,1,1,2026-04-14,2026-04-14,2026-04-13,2026-04-15,2.28,1
601588,沪主板,1,1,2026-04-30,2026-04-30,2026-04-29,2026-05-11,2.14,4
601595,沪主板,2,2,2026-02-09,2026-02-10,2026-02-06,2026-02-11,37.16,1
601599,沪主板,1,1,2026-02-05,2026-02-05,2026-02-04,2026-02-10,5.64,3
601599,沪主板,1,1,2026-02-10,2026-02-10,2026-02-09,2026-02-11,5.59,1
601600,沪主板,1,1,2026-01-28,2026-01-28,2026-01-27,2026-01-29,15.85,1
601606,沪主板,2,2,2026-03-24,2026-03-25,2026-03-23,2026-03-26,44.36,1
601608,沪主板,1,1,2026-01-08,2026-01-08,2026-01-07,2026-01-09,8.02,1
601608,沪主板,1,1,2026-01-22,2026-01-22,2026-01-21,2026-01-23,8.48,1
601609,沪主板,1,1,2026-05-11,2026-05-11,2026-05-08,2026-05-20,14.54,7
601611,沪主板,3,2,2026-01-07,2026-01-12,2026-01-06,2026-01-13,20.1,1
601611,沪主板,1,1,2026-03-13,2026-03-13,2026-03-12,2026-03-16,19.24,1
601615,沪主板,1,1,2026-01-06,2026-01-06,2026-01-05,2026-01-12,19.68,4
601615,沪主板,1,1,2026-01-12,2026-01-12,2026-01-09,2026-01-13,19.68,1
601615,沪主板,2,2,2026-01-23,2026-01-26,2026-01-22,2026-01-28,26.03,2
601616,沪主板,4,4,2026-01-16,2026-01-21,2026-01-15,2026-01-22,6.69,1
601616,沪主板,1,1,2026-02-02,2026-02-02,2026-01-30,2026-02-03,5.46,1
601616,沪主板,1,1,2026-03-06,2026-03-06,2026-03-05,2026-03-09,6.44,1
601619,沪主板,1,1,2026-02-12,2026-02-12,2026-02-11,2026-03-05,7.15,9
601619,沪主板,1,1,2026-04-17,2026-04-17,2026-04-16,2026-04-23,6.44,4
601669,沪主板,1,1,2026-03-13,2026-03-13,2026-03-12,2026-03-16,7.13,1
601677,沪主板,1,1,2026-01-20,2026-01-20,2026-01-19,2026-01-29,18.5,7
601678,沪主板,1,1,2026-01-06,2026-01-06,2026-01-05,2026-01-07,4.82,1
601678,沪主板,2,2,2026-05-15,2026-05-18,2026-05-14,2026-05-20,6.46,2
601698,沪主板,1,1,2026-01-06,2026-01-06,2026-01-05,2026-01-12,53.88,4
601698,沪主板,2,2,2026-01-09,2026-01-12,2026-01-08,2026-01-13,53.87,1
601698,沪主板,1,1,2026-04-20,2026-04-20,2026-04-17,2026-04-23,39.5,3
601699,沪主板,1,1,2026-02-04,2026-02-04,2026-02-03,2026-02-25,14.71,9
601700,沪主板,1,1,2026-01-19,2026-01-19,2026-01-16,2026-01-23,7.18,4
601700,沪主板,1,1,2026-03-11,2026-03-11,2026-03-10,2026-03-12,7.11,1
601702,沪主板,1,1,2026-01-23,2026-01-23,2026-01-22,2026-01-29,28.03,4
601702,沪主板,1,1,2026-01-28,2026-01-28,2026-01-27,2026-01-29,28.03,1
601727,沪主板,1,1,2026-03-05,2026-03-05,2026-03-04,2026-03-10,9.66,3
601777,沪主板,1,1,2026-02-13,2026-02-13,2026-02-12,2026-02-24,11.92,1
601778,沪主板,1,1,2026-03-10,2026-03-10,2026-03-09,2026-03-12,6.38,2
601778,沪主板,2,1,2026-04-14,2026-04-16,2026-04-13,2026-04-17,7.33,1
601778,沪主板,1,1,2026-04-23,2026-04-23,2026-04-22,2026-04-24,7.88,1
601789,沪主板,4,4,2026-03-06,2026-03-11,2026-03-05,2026-03-12,8.0,1
601789,沪主板,1,1,2026-04-28,2026-04-28,2026-04-27,2026-05-07,6.39,4
601799,沪主板,1,1,2026-01-28,2026-01-28,2026-01-27,2026-02-04,153.82,5
601799,沪主板,1,1,2026-02-03,2026-02-03,2026-02-02,2026-02-04,153.82,1
601808,沪主板,2,2,2026-03-02,2026-03-03,2026-02-27,2026-03-04,21.85,1
601811,沪主板,1,1,2026-04-09,2026-04-09,2026-04-08,2026-04-10,16.16,1
601828,沪主板,1,1,2026-04-28,2026-04-28,2026-04-27,2026-04-30,2.76,2
601857,沪主板,2,2,2026-03-02,2026-03-03,2026-02-27,2026-03-04,13.69,1
601858,沪主板,1,1,2026-01-12,2026-01-12,2026-01-09,2026-01-15,24.98,3
601858,沪主板,1,1,2026-03-11,2026-03-11,2026-03-10,2026-03-17,24.5,4
601858,沪主板,1,1,2026-03-24,2026-03-24,2026-03-23,2026-03-25,25.94,1
601858,沪主板,1,1,2026-05-11,2026-05-11,2026-05-08,2026-05-15,31.3,4
601866,沪主板,1,1,2026-03-03,2026-03-03,2026-03-02,2026-03-04,3.15,1
601868,沪主板,1,1,2026-03-06,2026-03-06,2026-03-05,2026-03-13,3.94,5
601868,沪主板,2,2,2026-03-11,2026-03-12,2026-03-10,2026-03-13,3.94,1
601868,沪主板,1,1,2026-05-07,2026-05-07,2026-05-06,2026-05-14,3.58,5
601869,沪主板,1,1,2026-01-26,2026-01-26,2026-01-23,2026-02-24,234.73,15
601869,沪主板,1,1,2026-01-30,2026-01-30,2026-01-29,2026-02-12,229.77,9
601869,沪主板,2,2,2026-02-09,2026-02-10,2026-02-06,2026-03-02,254.44,8
601869,沪主板,1,1,2026-03-10,2026-03-10,2026-03-09,2026-03-12,266.66,2
601869,沪主板,2,2,2026-03-24,2026-03-25,2026-03-23,2026-03-31,320.0,4
601869,沪主板,1,1,2026-03-30,2026-03-30,2026-03-27,2026-04-09,398.31,7
601869,沪主板,1,1,2026-04-09,2026-04-09,2026-04-08,2026-04-10,396.53,1
601872,沪主板,1,1,2026-02-12,2026-02-12,2026-02-11,2026-03-03,19.65,7
601872,沪主板,1,1,2026-02-25,2026-02-25,2026-02-24,2026-03-03,19.65,4
601872,沪主板,2,2,2026-03-02,2026-03-03,2026-02-27,2026-03-04,18.8,1
601872,沪主板,1,1,2026-04-01,2026-04-01,2026-03-31,2026-04-03,21.31,2
601877,沪主板,1,1,2026-03-09,2026-03-09,2026-03-06,2026-03-11,42.13,2
601886,沪主板,1,1,2026-01-06,2026-01-06,2026-01-05,2026-01-07,8.893,1
601890,沪主板,1,1,2026-02-13,2026-02-13,2026-02-12,2026-03-02,14.32,5
601898,沪主板,1,1,2026-02-04,2026-02-04,2026-02-03,2026-02-24,15.2,8
601900,沪主板,1,1,2026-01-12,2026-01-12,2026-01-09,2026-01-14,16.84,2
601908,沪主板,1,1,2026-03-26,2026-03-26,2026-03-25,2026-03-27,5.35,1
601908,沪主板,1,1,2026-03-31,2026-03-31,2026-03-30,2026-04-02,5.14,2
601908,沪主板,1,1,2026-04-13,2026-04-13,2026-04-10,2026-04-21,4.68,6
601919,沪主板,1,1,2026-03-03,2026-03-03,2026-03-02,2026-03-04,16.5,1
601929,沪主板,1,1,2026-01-09,2026-01-09,2026-01-08,2026-01-14,4.75,3
601929,沪主板,1,1,2026-05-19,2026-05-19,2026-05-18,2026-05-20,3.26,1
601949,沪主板,1,1,2026-01-12,2026-01-12,2026-01-09,2026-01-15,8.08,3
601958,沪主板,1,1,2026-01-09,2026-01-09,2026-01-08,2026-01-29,24.35,14
601958,沪主板,1,1,2026-01-26,2026-01-26,2026-01-23,2026-01-29,24.35,3
601958,沪主板,1,1,2026-02-27,2026-02-27,2026-02-26,2026-03-03,27.65,2
601965,沪主板,1,1,2026-01-19,2026-01-19,2026-01-16,2026-01-23,20.24,4
601968,沪主板,1,1,2026-01-19,2026-01-19,2026-01-16,2026-01-20,6.47,1
601969,沪主板,1,1,2026-03-09,2026-03-09,2026-03-06,2026-03-13,14.35,4
601969,沪主板,1,1,2026-03-12,2026-03-12,2026-03-11,2026-03-13,14.35,1
601975,沪主板,2,2,2026-03-02,2026-03-03,2026-02-27,2026-03-04,5.4,1
601975,沪主板,1,1,2026-03-16,2026-03-16,2026-03-13,2026-03-17,5.14,1
601975,沪主板,1,1,2026-03-24,2026-03-24,2026-03-23,2026-03-25,4.94,1
601975,沪主板,1,1,2026-05-20,2026-05-20,2026-05-19,2026-05-21,5.86,1
601991,沪主板,1,1,2026-03-12,2026-03-12,2026-03-11,2026-03-13,4.99,1
601991,沪主板,6,5,2026-05-07,2026-05-15,2026-05-06,2026-05-19,8.64,2
601992,沪主板,2,1,2026-01-12,2026-01-14,2026-01-09,2026-01-15,2.38,1
601992,沪主板,1,1,2026-01-22,2026-01-22,2026-01-21,2026-01-26,2.17,2
601992,沪主板,1,1,2026-02-03,2026-02-03,2026-02-02,2026-02-09,2.19,4
601996,沪主板,1,1,2026-05-07,2026-05-07,2026-05-06,2026-05-08,3.2,1
601996,沪主板,1,1,2026-05-15,2026-05-15,2026-05-14,2026-05-19,3.17,2
601999,沪主板,1,1,2026-03-25,2026-03-25,2026-03-24,2026-03-27,8.39,2
601999,沪主板,1,1,2026-04-10,2026-04-10,2026-04-09,2026-04-13,8.75,1
603000,沪主板,4,4,2026-01-12,2026-01-15,2026-01-09,2026-01-16,27.75,1
603000,沪主板,1,1,2026-02-10,2026-02-10,2026-02-09,2026-02-11,28.21,1
603001,沪主板,1,1,2026-01-19,2026-01-19,2026-01-16,2026-01-23,10.32,4
603001,沪主板,1,1,2026-01-22,2026-01-22,2026-01-21,2026-01-30,10.6,6
603001,沪主板,1,1,2026-01-29,2026-01-29,2026-01-28,2026-01-30,10.6,1
603001,沪主板,1,1,2026-03-05,2026-03-05,2026-03-04,2026-03-11,10.01,4
603002,沪主板,1,1,2026-03-27,2026-03-27,2026-03-26,2026-03-30,10.47,1
603002,沪主板,1,1,2026-04-07,2026-04-07,2026-04-03,2026-04-28,15.6,15
603002,沪主板,1,1,2026-04-14,2026-04-14,2026-04-13,2026-05-08,15.74,15
603002,沪主板,1,1,2026-05-07,2026-05-07,2026-05-06,2026-05-15,17.53,6
603007,沪主板,3,3,2026-05-12,2026-05-14,2026-05-11,2026-05-15,9.1,1
603010,沪主板,1,1,2026-01-30,2026-01-30,2026-01-29,2026-02-02,12.68,1
603011,沪主板,1,1,2026-03-02,2026-03-02,2026-02-27,2026-03-03,28.46,1
603012,沪主板,1,1,2026-01-06,2026-01-06,2026-01-05,2026-01-12,7.26,4
603012,沪主板,1,1,2026-05-08,2026-05-08,2026-05-07,2026-05-11,10.05,1
603013,沪主板,1,1,2026-04-29,2026-04-29,2026-04-28,2026-05-08,21.63,4
603015,沪主板,4,4,2026-01-07,2026-01-12,2026-01-06,2026-01-13,18.5,1
603016,沪主板,1,1,2026-03-18,2026-03-18,2026-03-17,2026-03-24,39.98,4
603016,沪主板,1,1,2026-03-23,2026-03-23,2026-03-20,2026-04-02,52.27,8
603016,沪主板,1,1,2026-03-30,2026-03-30,2026-03-27,2026-04-02,52.27,3
603016,沪主板,1,1,2026-04-21,2026-04-21,2026-04-20,2026-04-27,61.36,4
603016,沪主板,1,1,2026-04-24,2026-04-24,2026-04-23,2026-04-27,61.36,1
603016,沪主板,1,1,2026-05-14,2026-05-14,2026-05-13,2026-05-15,56.25,1
603017,沪主板,3,3,2026-01-08,2026-01-12,2026-01-07,2026-01-13,15.97,1
603017,沪主板,1,1,2026-03-10,2026-03-10,2026-03-09,2026-03-11,13.71,1
603017,沪主板,1,1,2026-03-24,2026-03-24,2026-03-23,2026-04-01,17.95,6
603017,沪主板,1,1,2026-03-30,2026-03-30,2026-03-27,2026-04-01,17.95,2
603017,沪主板,3,2,2026-04-20,2026-04-23,2026-04-17,2026-04-24,16.13,1
603017,沪主板,1,1,2026-04-29,2026-04-29,2026-04-28,2026-05-08,17.8,4
603023,沪主板,1,1,2026-01-06,2026-01-06,2026-01-05,2026-01-07,5.98,1
603023,沪主板,1,1,2026-01-15,2026-01-15,2026-01-14,2026-01-16,6.37,1
603023,沪主板,1,1,2026-01-21,2026-01-21,2026-01-20,2026-01-23,6.55,2
603023,沪主板,1,1,2026-05-13,2026-05-13,2026-05-12,2026-05-19,5.37,4
603025,沪主板,1,1,2026-04-20,2026-04-20,2026-04-17,2026-04-21,17.08,1
603026,沪主板,1,1,2026-03-20,2026-03-20,2026-03-19,2026-03-30,95.96,6
603026,沪主板,2,2,2026-03-26,2026-03-27,2026-03-25,2026-03-30,95.96,1
603026,沪主板,2,1,2026-04-10,2026-04-14,2026-04-09,2026-04-15,108.02,1
603026,沪主板,1,1,2026-04-29,2026-04-29,2026-04-28,2026-04-30,122.16,1
603028,沪主板,1,1,2026-01-07,2026-01-07,2026-01-06,2026-01-14,10.07,5
603028,沪主板,1,1,2026-05-08,2026-05-08,2026-05-07,2026-05-13,9.8,3
603029,沪主板,1,1,2026-03-13,2026-03-13,2026-03-12,2026-03-16,21.07,1
603030,沪主板,1,1,2026-04-21,2026-04-21,2026-04-20,2026-04-22,2.72,1
603030,沪主板,1,1,2026-04-30,2026-04-30,2026-04-29,2026-05-08,3.15,3
603031,沪主板,1,1,2026-01-08,2026-01-08,2026-01-07,2026-01-09,37.793,1
603031,沪主板,1,1,2026-02-03,2026-02-03,2026-02-02,2026-02-10,42.938,5
603031,沪主板,1,1,2026-02-09,2026-02-09,2026-02-06,2026-02-10,42.938,1
603031,沪主板,1,1,2026-04-17,2026-04-17,2026-04-16,2026-04-22,40.841,3
603031,沪主板,1,1,2026-05-07,2026-05-07,2026-05-06,2026-05-19,57.28,8
603031,沪主板,1,1,2026-05-18,2026-05-18,2026-05-15,2026-05-19,57.28,1
603032,沪主板,1,1,2026-04-16,2026-04-16,2026-04-15,2026-04-20,23.58,2
603033,沪主板,1,1,2026-04-03,2026-04-03,2026-04-02,2026-04-20,12.04,10
603037,沪主板,1,1,2026-01-07,2026-01-07,2026-01-06,2026-01-09,18.3,2
603037,沪主板,1,1,2026-05-12,2026-05-12,2026-05-11,2026-05-13,15.62,1
603038,沪主板,1,1,2026-01-16,2026-01-16,2026-01-15,2026-01-19,19.4,1
603039,沪主板,1,1,2026-03-31,2026-03-31,2026-03-30,2026-04-08,47.58,5
603040,沪主板,2,2,2026-01-21,2026-01-22,2026-01-20,2026-01-26,124.58,2
603040,沪主板,1,1,2026-05-15,2026-05-15,2026-05-14,2026-05-20,94.16,3
603042,沪主板,1,1,2026-03-25,2026-03-25,2026-03-24,2026-03-26,21.6,1
603042,沪主板,2,1,2026-04-02,2026-04-07,2026-04-01,2026-04-08,23.56,1
603045,沪主板,1,1,2026-01-26,2026-01-26,2026-01-23,2026-01-28,29.39,2
603045,沪主板,1,1,2026-03-04,2026-03-04,2026-03-03,2026-03-10,36.67,4
603045,沪主板,1,1,2026-04-08,2026-04-08,2026-04-07,2026-04-13,34.9,3
603045,沪主板,4,3,2026-04-30,2026-05-11,2026-04-29,2026-05-13,78.45,2
603051,沪主板,1,1,2026-01-23,2026-01-23,2026-01-22,2026-01-26,29.97,1
603051,沪主板,1,1,2026-02-03,2026-02-03,2026-02-02,2026-02-09,28.77,4
603052,沪主板,1,1,2026-01-07,2026-01-07,2026-01-06,2026-01-12,46.8,3
603052,沪主板,1,1,2026-01-16,2026-01-16,2026-01-15,2026-01-22,55.25,4
603052,沪主板,1,1,2026-01-21,2026-01-21,2026-01-20,2026-02-03,74.79,9
603052,沪主板,2,2,2026-01-27,2026-01-28,2026-01-26,2026-02-03,74.79,4
603052,沪主板,2,1,2026-03-16,2026-03-18,2026-03-13,2026-03-19,68.84,1
603052,沪主板,1,1,2026-03-25,2026-03-25,2026-03-24,2026-04-16,75.77,15
603052,沪主板,3,3,2026-04-16,2026-04-20,2026-04-15,2026-04-23,98.0,3
603052,沪主板,3,3,2026-05-12,2026-05-14,2026-05-11,2026-05-15,120.47,1
603053,沪主板,1,1,2026-03-03,2026-03-03,2026-03-02,2026-03-04,11.22,1
603057,沪主板,2,1,2026-01-07,2026-01-09,2026-01-06,2026-01-15,30.45,4
603057,沪主板,1,1,2026-02-25,2026-02-25,2026-02-24,2026-03-03,34.81,4
603057,沪主板,1,1,2026-04-20,2026-04-20,2026-04-17,2026-04-21,29.45,1
603058,沪主板,1,1,2026-01-16,2026-01-16,2026-01-15,2026-01-22,11.99,4
603058,沪主板,1,1,2026-01-21,2026-01-21,2026-01-20,2026-01-22,11.99,1
603058,沪主板,1,1,2026-02-10,2026-02-10,2026-02-09,2026-02-11,14.27,1
603058,沪主板,1,1,2026-03-05,2026-03-05,2026-03-04,2026-03-10,13.85,3
603059,沪主板,1,1,2026-01-12,2026-01-12,2026-01-09,2026-01-14,37.74,2
603059,沪主板,1,1,2026-01-30,2026-01-30,2026-01-29,2026-02-06,43.43,5
603060,沪主板,2,2,2026-04-23,2026-04-24,2026-04-22,2026-04-27,7.14,1
603060,沪主板,1,1,2026-05-18,2026-05-18,2026-05-15,2026-05-19,7.28,1
603061,沪主板,1,1,2026-01-06,2026-01-06,2026-01-05,2026-01-23,194.4,13
603061,沪主板,2,2,2026-01-16,2026-01-19,2026-01-15,2026-01-23,194.4,4
603061,沪主板,1,1,2026-01-27,2026-01-27,2026-01-26,2026-01-30,219.917,3
603061,沪主板,1,1,2026-03-30,2026-03-30,2026-03-27,2026-04-01,204.828,2
603061,沪主板,1,1,2026-04-14,2026-04-14,2026-04-13,2026-04-16,252.84,2
603061,沪主板,2,2,2026-05-11,2026-05-12,2026-05-08,2026-05-13,330.3,1
603062,沪主板,1,1,2026-03-13,2026-03-13,2026-03-12,2026-03-16,59.98,1
603063,沪主板,1,1,2026-03-06,2026-03-06,2026-03-05,2026-03-11,34.21,3
603063,沪主板,2,1,2026-04-15,2026-04-17,2026-04-14,2026-04-23,42.97,4
603063,沪主板,2,1,2026-05-11,2026-05-13,2026-05-08,2026-05-14,66.36,1
603066,沪主板,1,1,2026-04-24,2026-04-24,2026-04-23,2026-04-30,11.88,4
603067,沪主板,1,1,2026-01-09,2026-01-09,2026-01-08,2026-01-16,41.29,5
603067,沪主板,1,1,2026-03-05,2026-03-05,2026-03-04,2026-03-06,48.35,1
603067,沪主板,1,1,2026-04-03,2026-04-03,2026-04-02,2026-04-08,39.56,2
603067,沪主板,1,1,2026-05-07,2026-05-07,2026-05-06,2026-05-12,41.99,3
603067,沪主板,1,1,2026-05-19,2026-05-19,2026-05-18,2026-05-20,44.32,1
603069,沪主板,1,1,2026-05-13,2026-05-13,2026-05-12,2026-05-20,18.6,5
603070,沪主板,2,2,2026-05-12,2026-05-13,2026-05-11,2026-05-14,18.71,1
603076,沪主板,1,1,2026-03-27,2026-03-27,2026-03-26,2026-03-30,29.68,1
603077,沪主板,1,1,2026-01-28,2026-01-28,2026-01-27,2026-01-29,2.92,1
603077,沪主板,1,1,2026-02-25,2026-02-25,2026-02-24,2026-02-26,3.1,1
603077,沪主板,1,1,2026-03-12,2026-03-12,2026-03-11,2026-03-13,3.54,1
603078,沪主板,1,1,2026-01-12,2026-01-12,2026-01-09,2026-01-13,21.42,1
603078,沪主板,4,4,2026-01-20,2026-01-23,2026-01-19,2026-01-26,31.78,1
603078,沪主板,1,1,2026-05-15,2026-05-15,2026-05-14,2026-05-20,38.5,3
603080,沪主板,1,1,2026-03-03,2026-03-03,2026-03-02,2026-03-04,26.65,1
603082,沪主板,4,4,2026-05-14,2026-05-19,2026-05-13,2026-05-20,45.87,1
603083,沪主板,1,1,2026-03-02,2026-03-02,2026-02-27,2026-03-05,117.82,3
603083,沪主板,1,1,2026-04-08,2026-04-08,2026-04-07,2026-04-22,176.86,10
603083,沪主板,1,1,2026-04-17,2026-04-17,2026-04-16,2026-04-22,176.86,3
603083,沪主板,1,1,2026-04-29,2026-04-29,2026-04-28,2026-05-12,209.66,6
603083,沪主板,1,1,2026-05-19,2026-05-19,2026-05-18,2026-05-20,195.87,1
603088,沪主板,1,1,2026-02-12,2026-02-12,2026-02-11,2026-02-26,14.06,4
603088,沪主板,1,1,2026-03-18,2026-03-18,2026-03-17,2026-03-19,13.62,1
603088,沪主板,1,1,2026-04-10,2026-04-10,2026-04-09,2026-04-20,14.27,6
603090,沪主板,1,1,2026-01-12,2026-01-12,2026-01-09,2026-01-22,99.01,8
603090,沪主板,1,1,2026-01-21,2026-01-21,2026-01-20,2026-01-22,99.01,1
603090,沪主板,1,1,2026-02-12,2026-02-12,2026-02-11,2026-02-26,83.95,4
603090,沪主板,1,1,2026-03-27,2026-03-27,2026-03-26,2026-03-30,64.99,1
603090,沪主板,1,1,2026-04-07,2026-04-07,2026-04-03,2026-04-13,73.47,4
603090,沪主板,1,1,2026-05-20,2026-05-20,2026-05-19,2026-05-21,79.08,1
603092,沪主板,1,1,2026-03-12,2026-03-12,2026-03-11,2026-03-13,79.79,1
603093,沪主板,1,1,2026-02-27,2026-02-27,2026-02-26,2026-03-12,22.97,9
603093,沪主板,1,1,2026-04-10,2026-04-10,2026-04-09,2026-04-22,21.44,8
603093,沪主板,2,2,2026-05-13,2026-05-14,2026-05-12,2026-05-15,25.98,1
603095,沪主板,2,2,2026-01-22,2026-01-23,2026-01-21,2026-01-26,21.44,1
603095,沪主板,1,1,2026-02-03,2026-02-03,2026-02-02,2026-02-09,21.0,4
603095,沪主板,5,4,2026-04-27,2026-05-07,2026-04-24,2026-05-08,27.2,1
603097,沪主板,1,1,2026-01-19,2026-01-19,2026-01-16,2026-01-23,37.2,4
603097,沪主板,1,1,2026-03-06,2026-03-06,2026-03-05,2026-03-10,42.61,2
603098,沪主板,1,1,2026-03-18,2026-03-18,2026-03-17,2026-03-25,18.66,5
603100,沪主板,1,1,2026-01-09,2026-01-09,2026-01-08,2026-01-12,26.81,1
603101,沪主板,1,1,2026-04-10,2026-04-10,2026-04-09,2026-05-06,11.38,15
603103,沪主板,7,4,2026-01-29,2026-02-10,2026-01-28,2026-02-11,40.45,1
603105,沪主板,1,1,2026-03-23,2026-03-23,2026-03-20,2026-03-25,14.42,2
603108,沪主板,1,1,2026-01-09,2026-01-09,2026-01-08,2026-01-13,20.77,2
603108,沪主板,1,1,2026-04-20,2026-04-20,2026-04-17,2026-04-22,14.4,2
603108,沪主板,1,1,2026-05-19,2026-05-19,2026-05-18,2026-05-20,15.46,1
603109,沪主板,1,1,2026-04-14,2026-04-14,2026-04-13,2026-04-27,26.2,9
603110,沪主板,1,1,2026-04-27,2026-04-27,2026-04-24,2026-05-14,27.58,10
603110,沪主板,1,1,2026-05-13,2026-05-13,2026-05-12,2026-05-14,27.58,1
603115,沪主板,1,1,2026-01-19,2026-01-19,2026-01-16,2026-01-22,25.24,3
603115,沪主板,1,1,2026-02-10,2026-02-10,2026-02-09,2026-03-11,33.66,15
603115,沪主板,1,1,2026-03-02,2026-03-02,2026-02-27,2026-03-04,31.99,2
603115,沪主板,1,1,2026-03-10,2026-03-10,2026-03-09,2026-03-11,33.66,1
603115,沪主板,1,1,2026-03-18,2026-03-18,2026-03-17,2026-04-01,48.35,10
603115,沪主板,1,1,2026-03-24,2026-03-24,2026-03-23,2026-03-30,47.0,4
603115,沪主板,1,1,2026-03-27,2026-03-27,2026-03-26,2026-04-01,48.35,3
603115,沪主板,2,2,2026-04-21,2026-04-22,2026-04-20,2026-04-24,61.88,2
603115,沪主板,3,3,2026-05-18,2026-05-20,2026-05-15,2026-05-21,107.31,1
603117,沪主板,1,1,2026-02-02,2026-02-02,2026-01-30,2026-02-09,5.63,5
603117,沪主板,1,1,2026-02-27,2026-02-27,2026-02-26,2026-03-02,6.12,1
603118,沪主板,1,1,2026-03-25,2026-03-25,2026-03-24,2026-03-26,13.59,1
603118,沪主板,1,1,2026-04-17,2026-04-17,2026-04-16,2026-04-22,15.49,3
603118,沪主板,1,1,2026-05-14,2026-05-14,2026-05-13,2026-05-15,16.88,1
603119,沪主板,1,1,2026-04-30,2026-04-30,2026-04-29,2026-05-08,94.48,3
603120,沪主板,1,1,2026-01-27,2026-01-27,2026-01-26,2026-01-28,50.38,1
603120,沪主板,1,1,2026-05-13,2026-05-13,2026-05-12,2026-05-19,56.67,4
603121,沪主板,1,1,2026-01-27,2026-01-27,2026-01-26,2026-01-29,26.35,2
603121,沪主板,1,1,2026-04-01,2026-04-01,2026-03-31,2026-04-10,22.3,6
603121,沪主板,1,1,2026-04-09,2026-04-09,2026-04-08,2026-04-10,22.3,1
603121,沪主板,1,1,2026-05-18,2026-05-18,2026-05-15,2026-05-19,23.33,1
603122,沪主板,1,1,2026-03-30,2026-03-30,2026-03-27,2026-04-07,22.15,5
603122,沪主板,1,1,2026-04-02,2026-04-02,2026-04-01,2026-04-07,22.15,2
603123,沪主板,2,2,2026-04-03,2026-04-07,2026-04-02,2026-04-10,14.11,3
603125,沪主板,1,1,2026-01-07,2026-01-07,2026-01-06,2026-01-08,20.61,1
603125,沪主板,1,1,2026-02-11,2026-02-11,2026-02-10,2026-02-25,20.91,4
603125,沪主板,1,1,2026-04-27,2026-04-27,2026-04-24,2026-05-20,28.66,14
603126,沪主板,1,1,2026-05-13,2026-05-13,2026-05-12,2026-05-14,9.89,1
603127,沪主板,1,1,2026-03-27,2026-03-27,2026-03-26,2026-04-01,37.61,3
603127,沪主板,1,1,2026-05-20,2026-05-20,2026-05-19,2026-05-21,42.77,1
603130,沪主板,1,1,2026-01-23,2026-01-23,2026-01-22,2026-01-26,64.38,1
603130,沪主板,1,1,2026-03-19,2026-03-19,2026-03-18,2026-03-20,47.42,1
603130,沪主板,1,1,2026-04-20,2026-04-20,2026-04-17,2026-04-24,50.58,4
603131,沪主板,1,1,2026-04-30,2026-04-30,2026-04-29,2026-05-08,25.48,3
603132,沪主板,3,3,2026-01-26,2026-01-28,2026-01-23,2026-01-29,23.589,1
603132,沪主板,1,1,2026-03-27,2026-03-27,2026-03-26,2026-04-20,19.418,15
603138,沪主板,1,1,2026-01-13,2026-01-13,2026-01-12,2026-01-14,18.68,1
603138,沪主板,1,1,2026-01-23,2026-01-23,2026-01-22,2026-01-27,19.12,2
603138,沪主板,1,1,2026-02-06,2026-02-06,2026-02-05,2026-02-13,24.23,5
603138,沪主板,2,2,2026-02-11,2026-02-12,2026-02-10,2026-02-13,24.23,1
603138,沪主板,1,1,2026-03-09,2026-03-09,2026-03-06,2026-03-10,24.9,1
603138,沪主板,1,1,2026-04-08,2026-04-08,2026-04-07,2026-04-14,21.37,4
603139,沪主板,1,1,2026-03-03,2026-03-03,2026-03-02,2026-03-05,28.13,2
603139,沪主板,1,1,2026-04-14,2026-04-14,2026-04-13,2026-04-22,36.3,6
603139,沪主板,1,1,2026-04-29,2026-04-29,2026-04-28,2026-05-12,40.99,6
603150,沪主板,1,1,2026-04-15,2026-04-15,2026-04-14,2026-04-22,64.43,5
603150,沪主板,1,1,2026-05-11,2026-05-11,2026-05-08,2026-05-14,77.8,3
603156,沪主板,1,1,2026-05-13,2026-05-13,2026-05-12,2026-05-19,52.38,4
603156,沪主板,1,1,2026-05-18,2026-05-18,2026-05-15,2026-05-19,52.38,1
603158,沪主板,1,1,2026-03-06,2026-03-06,2026-03-05,2026-03-13,13.34,5
603158,沪主板,1,1,2026-03-11,2026-03-11,2026-03-10,2026-03-13,13.34,2
603158,沪主板,1,1,2026-04-01,2026-04-01,2026-03-31,2026-04-15,13.88,9
603158,沪主板,1,1,2026-05-07,2026-05-07,2026-05-06,2026-05-08,16.5,1
603161,沪主板,1,1,2026-01-15,2026-01-15,2026-01-14,2026-01-20,16.77,3
603162,沪主板,1,1,2026-01-29,2026-01-29,2026-01-28,2026-01-30,15.7,1
603163,沪主板,2,1,2026-01-14,2026-01-16,2026-01-13,2026-01-19,98.02,1
603163,沪主板,1,1,2026-01-27,2026-01-27,2026-01-26,2026-01-30,112.2,3
603163,沪主板,1,1,2026-02-09,2026-02-09,2026-02-06,2026-02-27,149.85,8
603163,沪主板,1,1,2026-02-13,2026-02-13,2026-02-12,2026-02-27,149.85,4
603163,沪主板,1,1,2026-02-26,2026-02-26,2026-02-25,2026-02-27,149.85,1
603163,沪主板,1,1,2026-05-19,2026-05-19,2026-05-18,2026-05-20,126.58,1
603165,沪主板,1,1,2026-03-09,2026-03-09,2026-03-06,2026-03-10,16.35,1
603165,沪主板,2,1,2026-03-20,2026-03-24,2026-03-19,2026-03-30,16.06,4
603168,沪主板,1,1,2026-03-18,2026-03-18,2026-03-17,2026-03-19,7.85,1
603169,沪主板,1,1,2026-01-08,2026-01-08,2026-01-07,2026-01-12,14.18,2
603169,沪主板,1,1,2026-03-13,2026-03-13,2026-03-12,2026-03-16,13.5,1
603171,沪主板,2,2,2026-01-09,2026-01-12,2026-01-08,2026-01-16,90.6,4
603171,沪主板,1,1,2026-04-14,2026-04-14,2026-04-13,2026-04-21,62.4,5
603172,沪主板,4,4,2026-01-29,2026-02-03,2026-01-28,2026-02-04,31.13,1
603175,沪主板,1,1,2026-03-04,2026-03-04,2026-03-03,2026-03-10,83.74,4
603175,沪主板,1,1,2026-03-16,2026-03-16,2026-03-13,2026-03-18,99.99,2
603175,沪主板,1,1,2026-03-25,2026-03-25,2026-03-24,2026-03-26,91.5,1
603175,沪主板,1,1,2026-04-08,2026-04-08,2026-04-07,2026-04-22,105.0,10
603177,沪主板,1,1,2026-04-13,2026-04-13,2026-04-10,2026-04-14,12.48,1
603178,沪主板,3,3,2026-04-17,2026-04-21,2026-04-16,2026-04-22,23.19,1
603178,沪主板,1,1,2026-04-30,2026-04-30,2026-04-29,2026-05-08,21.8,3
603178,沪主板,1,1,2026-05-19,2026-05-19,2026-05-18,2026-05-20,21.05,1
603179,沪主板,1,1,2026-01-09,2026-01-09,2026-01-08,2026-01-19,108.41,6
603179,沪主板,2,1,2026-01-14,2026-01-16,2026-01-13,2026-01-19,108.41,1
603179,沪主板,1,1,2026-03-25,2026-03-25,2026-03-24,2026-04-01,68.76,5
603179,沪主板,1,1,2026-05-07,2026-05-07,2026-05-06,2026-05-12,74.21,3
603186,沪主板,1,1,2026-01-19,2026-01-19,2026-01-16,2026-01-22,72.65,3
603186,沪主板,1,1,2026-05-12,2026-05-12,2026-05-11,2026-05-14,110.98,2
603188,沪主板,1,1,2026-01-28,2026-01-28,2026-01-27,2026-01-29,5.5,1
603188,沪主板,1,1,2026-02-09,2026-02-09,2026-02-06,2026-02-11,6.23,2
603188,沪主板,1,1,2026-04-07,2026-04-07,2026-04-03,2026-04-09,5.3,2
603189,沪主板,1,1,2026-03-18,2026-03-18,2026-03-17,2026-03-19,22.09,1
603189,沪主板,1,1,2026-04-03,2026-04-03,2026-04-02,2026-04-08,18.82,2
603190,沪主板,1,1,2026-04-30,2026-04-30,2026-04-29,2026-05-06,28.86,1
603191,沪主板,1,1,2026-02-09,2026-02-09,2026-02-06,2026-02-26,26.0,7
603191,沪主板,1,1,2026-02-12,2026-02-12,2026-02-11,2026-02-26,26.0,4
603191,沪主板,1,1,2026-05-18,2026-05-18,2026-05-15,2026-05-19,23.35,1
603193,沪主板,1,1,2026-04-01,2026-04-01,2026-03-31,2026-04-08,25.6,4
603196,沪主板,1,1,2026-04-08,2026-04-08,2026-04-07,2026-04-10,33.88,2
603198,沪主板,1,1,2026-01-29,2026-01-29,2026-01-28,2026-02-05,43.1,5
603198,沪主板,1,1,2026-04-23,2026-04-23,2026-04-22,2026-04-24,40.88,1
603199,沪主板,1,1,2026-01-19,2026-01-19,2026-01-16,2026-01-20,45.68,1
603200,沪主板,1,1,2026-01-23,2026-01-23,2026-01-22,2026-01-26,91.0,1
603200,沪主板,1,1,2026-04-10,2026-04-10,2026-04-09,2026-04-21,74.86,7
603203,沪主板,1,1,2026-01-21,2026-01-21,2026-01-20,2026-01-22,41.99,1
603203,沪主板,1,1,2026-04-08,2026-04-08,2026-04-07,2026-04-13,44.99,3
603203,沪主板,1,1,2026-04-17,2026-04-17,2026-04-16,2026-04-20,48.5,1
603203,沪主板,2,2,2026-05-12,2026-05-13,2026-05-11,2026-05-15,68.96,2
603206,沪主板,2,2,2026-05-18,2026-05-19,2026-05-15,2026-05-20,20.49,1
603211,沪主板,1,1,2026-02-03,2026-02-03,2026-02-02,2026-02-04,25.22,1
603211,沪主板,1,1,2026-04-08,2026-04-08,2026-04-07,2026-04-15,28.16,5
603211,沪主板,1,1,2026-04-27,2026-04-27,2026-04-24,2026-05-06,29.0,4
603211,沪主板,1,1,2026-05-12,2026-05-12,2026-05-11,2026-05-14,31.87,2
603212,沪主板,2,1,2026-01-23,2026-01-27,2026-01-22,2026-01-28,19.05,1
603215,沪主板,1,1,2026-04-28,2026-04-28,2026-04-27,2026-04-29,20.3,1
603216,沪主板,1,1,2026-01-16,2026-01-16,2026-01-15,2026-01-21,58.84,3
603216,沪主板,1,1,2026-04-09,2026-04-09,2026-04-08,2026-04-10,37.2,1
603216,沪主板,1,1,2026-04-15,2026-04-15,2026-04-14,2026-04-16,32.5,1
603216,沪主板,1,1,2026-05-13,2026-05-13,2026-05-12,2026-05-14,31.88,1
603217,沪主板,1,1,2026-02-27,2026-02-27,2026-02-26,2026-03-02,27.8,1
603217,沪主板,1,1,2026-03-26,2026-03-26,2026-03-25,2026-04-03,27.26,6
603220,沪主板,1,1,2026-01-22,2026-01-22,2026-01-21,2026-01-26,27.26,2
603220,沪主板,1,1,2026-03-18,2026-03-18,2026-03-17,2026-03-19,28.38,1
603220,沪主板,1,1,2026-04-16,2026-04-16,2026-04-15,2026-04-23,34.23,5
603220,沪主板,1,1,2026-04-23,2026-04-23,2026-04-22,2026-04-24,33.5,1
603222,沪主板,1,1,2026-04-02,2026-04-02,2026-04-01,2026-04-07,11.52,2
603226,沪主板,1,1,2026-02-27,2026-02-27,2026-02-26,2026-03-18,44.3,13
603226,沪主板,1,1,2026-05-07,2026-05-07,2026-05-06,2026-05-08,48.67,1
603228,沪主板,1,1,2026-04-27,2026-04-27,2026-04-24,2026-05-13,80.5,9
603232,沪主板,1,1,2026-01-12,2026-01-12,2026-01-09,2026-01-13,28.0,1
603232,沪主板,1,1,2026-02-27,2026-02-27,2026-02-26,2026-03-05,26.63,4
603239,沪主板,1,1,2026-01-19,2026-01-19,2026-01-16,2026-01-22,26.5,3
603239,沪主板,1,1,2026-03-30,2026-03-30,2026-03-27,2026-04-08,26.54,6
603248,沪主板,3,3,2026-03-13,2026-03-17,2026-03-12,2026-03-18,36.5,1
603248,沪主板,1,1,2026-03-27,2026-03-27,2026-03-26,2026-04-02,30.86,4
603248,沪主板,1,1,2026-04-01,2026-04-01,2026-03-31,2026-04-08,31.5,4
603248,沪主板,1,1,2026-05-15,2026-05-15,2026-05-14,2026-05-18,32.87,1
603255,沪主板,1,1,2026-04-07,2026-04-07,2026-04-03,2026-04-08,29.76,1
603256,沪主板,2,2,2026-01-21,2026-01-22,2026-01-20,2026-02-12,73.27,15
603256,沪主板,1,1,2026-01-28,2026-01-28,2026-01-27,2026-02-26,85.83,15
603256,沪主板,2,2,2026-02-11,2026-02-12,2026-02-10,2026-02-26,85.83,4
603256,沪主板,1,1,2026-03-30,2026-03-30,2026-03-27,2026-04-01,77.06,2
603256,沪主板,1,1,2026-04-13,2026-04-13,2026-04-10,2026-04-17,109.57,4
603256,沪主板,1,1,2026-04-29,2026-04-29,2026-04-28,2026-05-11,153.2,5
603256,沪主板,1,1,2026-05-07,2026-05-07,2026-05-06,2026-05-11,153.2,2
603257,沪主板,1,1,2026-01-21,2026-01-21,2026-01-20,2026-01-26,68.17,3
603257,沪主板,2,2,2026-02-27,2026-03-02,2026-02-26,2026-03-03,73.68,1
603259,沪主板,1,1,2026-04-28,2026-04-28,2026-04-27,2026-04-29,114.5,1
603260,沪主板,1,1,2026-04-07,2026-04-07,2026-04-03,2026-04-13,45.77,4
603267,沪主板,1,1,2026-02-26,2026-02-26,2026-02-25,2026-02-27,68.58,1
603268,沪主板,1,1,2026-04-20,2026-04-20,2026-04-17,2026-04-24,149.0,4
603269,沪主板,2,1,2026-03-06,2026-03-10,2026-03-05,2026-03-11,19.24,1
603269,沪主板,1,1,2026-04-14,2026-04-14,2026-04-13,2026-04-15,16.67,1
603269,沪主板,2,2,2026-05-11,2026-05-12,2026-05-08,2026-05-18,22.77,4
603271,沪主板,1,1,2026-01-26,2026-01-26,2026-01-23,2026-01-27,50.5,1
603272,沪主板,1,1,2026-03-23,2026-03-23,2026-03-20,2026-03-31,37.0,6
603272,沪主板,3,3,2026-03-26,2026-03-30,2026-03-25,2026-03-31,37.0,1
603272,沪主板,2,1,2026-04-08,2026-04-10,2026-04-07,2026-04-13,36.66,1
603272,沪主板,2,2,2026-04-24,2026-04-27,2026-04-23,2026-05-06,28.14,4
603275,沪主板,1,1,2026-05-11,2026-05-11,2026-05-08,2026-05-12,55.6,1
603278,沪主板,1,1,2026-01-12,2026-01-12,2026-01-09,2026-01-13,17.72,1
603278,沪主板,1,1,2026-04-17,2026-04-17,2026-04-16,2026-04-21,13.91,2
603278,沪主板,2,2,2026-05-07,2026-05-08,2026-05-06,2026-05-18,18.25,6
603278,沪主板,1,1,2026-05-15,2026-05-15,2026-05-14,2026-05-18,18.25,1
603279,沪主板,1,1,2026-04-29,2026-04-29,2026-04-28,2026-05-11,19.64,5
603280,沪主板,1,1,2026-01-14,2026-01-14,2026-01-13,2026-01-15,44.48,1
603280,沪主板,1,1,2026-03-13,2026-03-13,2026-03-12,2026-03-16,41.71,1
603281,沪主板,1,1,2026-03-12,2026-03-12,2026-03-11,2026-03-13,33.3,1
603282,沪主板,1,1,2026-01-13,2026-01-13,2026-01-12,2026-01-14,23.53,1
603283,沪主板,1,1,2026-01-16,2026-01-16,2026-01-15,2026-01-22,57.69,4
603283,沪主板,1,1,2026-04-13,2026-04-13,2026-04-10,2026-04-14,51.98,1
603283,沪主板,1,1,2026-04-28,2026-04-28,2026-04-27,2026-05-06,57.3,3
603285,沪主板,1,1,2026-02-03,2026-02-03,2026-02-02,2026-02-09,39.47,4
603285,沪主板,1,1,2026-03-06,2026-03-06,2026-03-05,2026-03-10,38.58,2
603285,沪主板,1,1,2026-04-15,2026-04-15,2026-04-14,2026-04-20,41.0,3
603285,沪主板,1,1,2026-05-13,2026-05-13,2026-05-12,2026-05-20,54.38,5
603286,沪主板,1,1,2026-01-19,2026-01-19,2026-01-16,2026-01-21,84.79,2
603290,沪主板,1,1,2026-05-13,2026-05-13,2026-05-12,2026-05-14,135.0,1
603296,沪主板,1,1,2026-04-01,2026-04-01,2026-03-31,2026-04-10,101.98,6
603301,沪主板,2,2,2026-02-09,2026-02-10,2026-02-06,2026-02-12,94.5,2
603303,沪主板,1,1,2026-01-12,2026-01-12,2026-01-09,2026-01-13,15.19,1
603303,沪主板,1,1,2026-05-11,2026-05-11,2026-05-08,2026-05-20,23.86,7
603303,沪主板,1,1,2026-05-18,2026-05-18,2026-05-15,2026-05-20,23.86,2
603305,沪主板,2,2,2026-01-09,2026-01-12,2026-01-08,2026-01-13,22.45,1
603305,沪主板,1,1,2026-01-22,2026-01-22,2026-01-21,2026-01-23,21.75,1
603306,沪主板,2,2,2026-04-08,2026-04-09,2026-04-07,2026-04-15,105.98,4
603306,沪主板,1,1,2026-05-07,2026-05-07,2026-05-06,2026-05-20,115.0,9
603308,沪主板,1,1,2026-02-09,2026-02-09,2026-02-06,2026-02-27,76.94,8
603308,沪主板,1,1,2026-02-12,2026-02-12,2026-02-11,2026-02-27,76.94,5
603308,沪主板,1,1,2026-02-26,2026-02-26,2026-02-25,2026-02-27,76.94,1
603308,沪主板,1,1,2026-04-08,2026-04-08,2026-04-07,2026-04-10,73.8,2
603308,沪主板,1,1,2026-04-23,2026-04-23,2026-04-22,2026-04-24,84.66,1
603310,沪主板,1,1,2026-05-15,2026-05-15,2026-05-14,2026-05-18,17.89,1
603311,沪主板,1,1,2026-01-21,2026-01-21,2026-01-20,2026-01-22,16.46,1
603311,沪主板,1,1,2026-03-18,2026-03-18,2026-03-17,2026-03-19,17.55,1
603311,沪主板,1,1,2026-04-08,2026-04-08,2026-04-07,2026-04-17,20.33,7
603311,沪主板,1,1,2026-05-08,2026-05-08,2026-05-07,2026-05-11,23.1,1
603311,沪主板,3,3,2026-05-18,2026-05-20,2026-05-15,2026-05-21,31.47,1
603313,沪主板,1,1,2026-01-21,2026-01-21,2026-01-20,2026-01-22,10.77,1
603315,沪主板,1,1,2026-02-26,2026-02-26,2026-02-25,2026-02-27,17.82,1
603315,沪主板,1,1,2026-04-08,2026-04-08,2026-04-07,2026-04-09,15.98,1
603315,沪主板,2,2,2026-04-16,2026-04-17,2026-04-15,2026-04-23,19.53,4
603315,沪主板,1,1,2026-04-23,2026-04-23,2026-04-22,2026-04-27,19.08,2
603315,沪主板,1,1,2026-05-07,2026-05-07,2026-05-06,2026-05-14,20.6,5
603316,沪主板,2,1,2026-03-04,2026-03-06,2026-03-03,2026-03-12,17.3,4
603316,沪主板,1,1,2026-03-18,2026-03-18,2026-03-17,2026-03-20,17.13,2
603316,沪主板,1,1,2026-05-07,2026-05-07,2026-05-06,2026-05-11,20.0,2
603316,沪主板,3,3,2026-05-18,2026-05-20,2026-05-15,2026-05-21,27.25,1
603317,沪主板,2,2,2026-04-28,2026-04-29,2026-04-27,2026-04-30,17.3,1
603318,沪主板,4,4,2026-02-27,2026-03-04,2026-02-26,2026-03-09,11.0,3
603318,沪主板,6,5,2026-04-20,2026-04-28,2026-04-17,2026-04-30,15.1,2
603320,沪主板,1,1,2026-01-15,2026-01-15,2026-01-14,2026-01-21,23.29,4
603320,沪主板,1,1,2026-01-20,2026-01-20,2026-01-19,2026-01-26,23.83,4
603320,沪主板,1,1,2026-02-10,2026-02-10,2026-02-09,2026-02-12,26.48,2
603320,沪主板,1,1,2026-05-12,2026-05-12,2026-05-11,2026-05-13,26.75,1
603322,沪主板,1,1,2026-04-16,2026-04-16,2026-04-15,2026-04-17,39.7,1
603324,沪主板,1,1,2026-03-27,2026-03-27,2026-03-26,2026-03-30,25.98,1
603324,沪主板,1,1,2026-05-20,2026-05-20,2026-05-19,2026-05-21,33.7,1
603327,沪主板,1,1,2026-04-07,2026-04-07,2026-04-03,2026-04-08,10.68,1
603327,沪主板,1,1,2026-04-15,2026-04-15,2026-04-14,2026-04-20,10.97,3
603328,沪主板,1,1,2026-04-08,2026-04-08,2026-04-07,2026-04-14,13.06,4
603331,沪主板,1,1,2026-01-26,2026-01-26,2026-01-23,2026-01-27,17.2,1
603331,沪主板,1,1,2026-01-30,2026-01-30,2026-01-29,2026-02-24,21.78,11
603331,沪主板,1,1,2026-02-06,2026-02-06,2026-02-05,2026-02-24,21.78,6
603331,沪主板,1,1,2026-02-13,2026-02-13,2026-02-12,2026-02-24,21.78,1
603331,沪主板,1,1,2026-05-12,2026-05-12,2026-05-11,2026-05-13,16.28,1
603332,沪主板,1,1,2026-04-20,2026-04-20,2026-04-17,2026-04-23,15.25,3
603333,沪主板,1,1,2026-01-08,2026-01-08,2026-01-07,2026-01-09,9.22,1
603333,沪主板,2,1,2026-05-15,2026-05-19,2026-05-14,2026-05-20,10.36,1
603334,沪主板,1,1,2026-01-09,2026-01-09,2026-01-08,2026-01-15,53.5,4
603334,沪主板,2,2,2026-02-04,2026-02-05,2026-02-03,2026-02-06,60.99,1
603335,沪主板,1,1,2026-04-21,2026-04-21,2026-04-20,2026-04-22,7.83,1
603336,沪主板,1,1,2026-04-28,2026-04-28,2026-04-27,2026-04-29,13.26,1
603337,沪主板,1,1,2026-03-05,2026-03-05,2026-03-04,2026-03-11,47.0,4
603338,沪主板,1,1,2026-04-28,2026-04-28,2026-04-27,2026-04-29,59.28,1
603339,沪主板,1,1,2026-01-12,2026-01-12,2026-01-09,2026-01-13,15.4,1
603344,沪主板,1,1,2026-05-14,2026-05-14,2026-05-13,2026-05-20,34.18,4
603345,沪主板,1,1,2026-04-29,2026-04-29,2026-04-28,2026-05-07,112.5,3
603348,沪主板,1,1,2026-04-07,2026-04-07,2026-04-03,2026-04-08,22.0,1
603350,沪主板,1,1,2026-04-13,2026-04-13,2026-04-10,2026-04-14,38.68,1
603353,沪主板,1,1,2026-01-14,2026-01-14,2026-01-13,2026-01-20,32.87,4
603353,沪主板,1,1,2026-01-26,2026-01-26,2026-01-23,2026-01-29,39.72,3
603353,沪主板,3,3,2026-02-27,2026-03-03,2026-02-26,2026-03-04,54.0,1
603353,沪主板,1,1,2026-03-11,2026-03-11,2026-03-10,2026-03-19,49.0,6
603353,沪主板,2,1,2026-04-02,2026-04-07,2026-04-01,2026-04-09,43.46,2
603353,沪主板,1,1,2026-04-29,2026-04-29,2026-04-28,2026-05-08,53.58,4
603355,沪主板,1,1,2026-01-13,2026-01-13,2026-01-12,2026-01-19,38.58,4
603356,沪主板,1,1,2026-01-07,2026-01-07,2026-01-06,2026-01-13,17.53,4
603358,沪主板,1,1,2026-03-30,2026-03-30,2026-03-27,2026-04-01,37.8,2
603358,沪主板,1,1,2026-05-18,2026-05-18,2026-05-15,2026-05-20,39.8,2
603360,沪主板,1,1,2026-01-15,2026-01-15,2026-01-14,2026-01-22,38.98,5
603360,沪主板,1,1,2026-01-21,2026-01-21,2026-01-20,2026-01-22,38.98,1
603360,沪主板,1,1,2026-04-30,2026-04-30,2026-04-29,2026-05-06,22.8,1
603360,沪主板,1,1,2026-05-18,2026-05-18,2026-05-15,2026-05-20,25.35,2
603363,沪主板,1,1,2026-05-15,2026-05-15,2026-05-14,2026-05-18,3.74,1
603365,沪主板,1,1,2026-04-24,2026-04-24,2026-04-23,2026-04-27,25.13,1
603366,沪主板,1,1,2026-03-13,2026-03-13,2026-03-12,2026-03-16,11.13,1
603366,沪主板,1,1,2026-03-19,2026-03-19,2026-03-18,2026-03-24,11.09,3
603369,沪主板,1,1,2026-01-29,2026-01-29,2026-01-28,2026-01-30,35.44,1
603370,沪主板,1,1,2026-01-21,2026-01-21,2026-01-20,2026-01-22,57.83,1
603370,沪主板,1,1,2026-05-15,2026-05-15,2026-05-14,2026-05-18,48.5,1
603373,沪主板,1,1,2026-05-08,2026-05-08,2026-05-07,2026-05-20,48.65,8
603375,沪主板,1,1,2026-04-30,2026-04-30,2026-04-29,2026-05-11,49.44,4
603380,沪主板,1,1,2026-05-19,2026-05-19,2026-05-18,2026-05-20,44.98,1
603381,沪主板,1,1,2026-01-27,2026-01-27,2026-01-26,2026-01-28,24.26,1
603381,沪主板,1,1,2026-02-04,2026-02-04,2026-02-03,2026-02-12,32.22,6
603381,沪主板,1,1,2026-02-11,2026-02-11,2026-02-10,2026-02-12,32.22,1
603381,沪主板,1,1,2026-02-27,2026-02-27,2026-02-26,2026-03-02,29.11,1
603381,沪主板,1,1,2026-03-20,2026-03-20,2026-03-19,2026-03-23,28.14,1
603383,沪主板,1,1,2026-04-14,2026-04-14,2026-04-13,2026-04-16,33.7,2
603386,沪主板,1,1,2026-05-15,2026-05-15,2026-05-14,2026-05-19,17.25,2
603387,沪主板,2,2,2026-03-17,2026-03-18,2026-03-16,2026-03-19,11.42,1
603387,沪主板,1,1,2026-03-27,2026-03-27,2026-03-26,2026-04-02,11.39,4
603390,沪主板,2,2,2026-04-23,2026-04-24,2026-04-22,2026-04-27,14.49,1
603390,沪主板,1,1,2026-05-15,2026-05-15,2026-05-14,2026-05-19,15.68,2
603391,沪主板,1,1,2026-01-30,2026-01-30,2026-01-29,2026-02-02,74.34,1
603393,沪主板,1,1,2026-03-02,2026-03-02,2026-02-27,2026-03-12,44.0,8
603396,沪主板,1,1,2026-01-12,2026-01-12,2026-01-09,2026-01-29,52.06,13
603396,沪主板,2,1,2026-01-23,2026-01-27,2026-01-22,2026-01-29,52.06,2
603399,沪主板,1,1,2026-03-27,2026-03-27,2026-03-26,2026-03-30,11.88,1
603399,沪主板,3,3,2026-04-28,2026-04-30,2026-04-27,2026-05-11,25.52,4
603400,沪主板,1,1,2026-05-08,2026-05-08,2026-05-07,2026-05-18,90.0,6
603402,沪主板,1,1,2026-01-15,2026-01-15,2026-01-14,2026-01-16,168.0,1
603416,沪主板,1,1,2026-01-08,2026-01-08,2026-01-07,2026-01-13,66.47,3
603416,沪主板,1,1,2026-05-11,2026-05-11,2026-05-08,2026-05-20,67.29,7
603421,沪主板,1,1,2026-01-20,2026-01-20,2026-01-19,2026-01-23,8.38,3
603421,沪主板,2,2,2026-03-10,2026-03-11,2026-03-09,2026-03-17,10.7,4
603421,沪主板,1,1,2026-03-16,2026-03-16,2026-03-13,2026-03-20,11.36,4
603421,沪主板,1,1,2026-03-24,2026-03-24,2026-03-23,2026-03-25,11.23,1
603421,沪主板,1,1,2026-04-07,2026-04-07,2026-04-03,2026-04-13,8.98,4
603429,沪主板,1,1,2026-02-05,2026-02-05,2026-02-04,2026-02-12,11.49,5
603444,沪主板,1,1,2026-04-15,2026-04-15,2026-04-14,2026-04-16,391.34,1
603458,沪主板,1,1,2026-01-14,2026-01-14,2026-01-13,2026-01-15,13.67,1
603466,沪主板,2,2,2026-02-09,2026-02-10,2026-02-06,2026-02-25,14.0,5
603466,沪主板,1,1,2026-02-13,2026-02-13,2026-02-12,2026-02-25,14.0,2
603466,沪主板,1,1,2026-05-19,2026-05-19,2026-05-18,2026-05-20,11.06,1
603477,沪主板,1,1,2026-04-02,2026-04-02,2026-04-01,2026-04-09,18.32,4
603486,沪主板,1,1,2026-04-27,2026-04-27,2026-04-24,2026-04-28,69.58,1
603488,沪主板,4,2,2026-01-07,2026-01-13,2026-01-06,2026-01-14,12.33,1
603488,沪主板,1,1,2026-01-27,2026-01-27,2026-01-26,2026-01-29,11.31,2
603488,沪主板,1,1,2026-03-02,2026-03-02,2026-02-27,2026-03-03,10.78,1
603489,沪主板,1,1,2026-03-18,2026-03-18,2026-03-17,2026-03-19,37.09,1
603489,沪主板,1,1,2026-04-20,2026-04-20,2026-04-17,2026-04-21,38.98,1
603489,沪主板,1,1,2026-04-29,2026-04-29,2026-04-28,2026-04-30,39.39,1
603496,沪主板,2,2,2026-01-09,2026-01-12,2026-01-08,2026-01-14,39.51,2
603496,沪主板,1,1,2026-04-22,2026-04-22,2026-04-21,2026-04-24,32.77,2
603499,沪主板,1,1,2026-05-11,2026-05-11,2026-05-08,2026-05-12,23.76,1
603501,沪主板,1,1,2026-04-27,2026-04-27,2026-04-24,2026-04-28,106.95,1
603505,沪主板,1,1,2026-05-15,2026-05-15,2026-05-14,2026-05-20,22.52,3
603507,沪主板,1,1,2026-03-12,2026-03-12,2026-03-11,2026-03-13,41.0,1
603507,沪主板,1,1,2026-04-09,2026-04-09,2026-04-08,2026-04-10,48.04,1
603508,沪主板,1,1,2026-04-29,2026-04-29,2026-04-28,2026-05-06,26.98,2
603516,沪主板,1,1,2026-01-07,2026-01-07,2026-01-06,2026-01-13,267.6,4
603516,沪主板,1,1,2026-04-08,2026-04-08,2026-04-07,2026-04-10,154.0,2
603516,沪主板,1,1,2026-04-29,2026-04-29,2026-04-28,2026-04-30,167.48,1
603520,沪主板,1,1,2026-03-26,2026-03-26,2026-03-25,2026-03-31,11.28,3
603520,沪主板,1,1,2026-04-24,2026-04-24,2026-04-23,2026-05-07,12.59,6
603520,沪主板,1,1,2026-05-15,2026-05-15,2026-05-14,2026-05-20,14.01,3
603527,沪主板,1,1,2026-03-12,2026-03-12,2026-03-11,2026-03-13,13.12,1
603527,沪主板,1,1,2026-03-24,2026-03-24,2026-03-23,2026-03-31,11.55,5
603527,沪主板,1,1,2026-04-14,2026-04-14,2026-04-13,2026-04-20,12.35,4
603529,沪主板,1,1,2026-03-23,2026-03-23,2026-03-20,2026-03-30,33.77,5
603530,沪主板,2,2,2026-02-26,2026-02-27,2026-02-25,2026-03-05,73.93,4
603530,沪主板,1,1,2026-03-04,2026-03-04,2026-03-03,2026-03-05,73.93,1
603533,沪主板,5,5,2026-02-09,2026-02-13,2026-02-06,2026-02-24,35.83,1
603535,沪主板,1,1,2026-05-13,2026-05-13,2026-05-12,2026-05-14,8.84,1
603538,沪主板,1,1,2026-03-13,2026-03-13,2026-03-12,2026-04-03,44.43,15
603538,沪主板,6,5,2026-03-20,2026-03-30,2026-03-19,2026-04-03,44.43,4
603538,沪主板,1,1,2026-04-08,2026-04-08,2026-04-07,2026-04-16,57.29,6
603538,沪主板,1,1,2026-04-23,2026-04-23,2026-04-22,2026-04-29,65.3,4
603558,沪主板,1,1,2026-03-13,2026-03-13,2026-03-12,2026-03-19,14.149,4
603578,沪主板,1,1,2026-01-26,2026-01-26,2026-01-23,2026-01-29,17.86,3
603578,沪主板,1,1,2026-02-27,2026-02-27,2026-02-26,2026-03-02,16.18,1
603579,沪主板,1,1,2026-01-06,2026-01-06,2026-01-05,2026-01-13,29.85,5
603579,沪主板,1,1,2026-04-27,2026-04-27,2026-04-24,2026-05-07,23.26,5
603585,沪主板,2,2,2026-03-27,2026-03-30,2026-03-26,2026-04-15,27.44,11
603585,沪主板,1,1,2026-04-03,2026-04-03,2026-04-02,2026-04-07,26.95,1
603585,沪主板,1,1,2026-04-14,2026-04-14,2026-04-13,2026-04-15,27.44,1
603589,沪主板,1,1,2026-01-29,2026-01-29,2026-01-28,2026-01-30,31.35,1
603590,沪主板,1,1,2026-05-20,2026-05-20,2026-05-19,2026-05-21,39.22,1
603598,沪主板,5,3,2026-01-06,2026-01-13,2026-01-05,2026-01-14,34.48,1
603598,沪主板,1,1,2026-01-30,2026-01-30,2026-01-29,2026-02-02,31.4,1
603598,沪主板,2,2,2026-02-09,2026-02-10,2026-02-06,2026-02-11,31.6,1
603598,沪主板,1,1,2026-04-08,2026-04-08,2026-04-07,2026-04-14,22.09,4
603598,沪主板,1,1,2026-05-07,2026-05-07,2026-05-06,2026-05-08,26.42,1
603598,沪主板,1,1,2026-05-15,2026-05-15,2026-05-14,2026-05-18,25.47,1
603599,沪主板,1,1,2026-01-29,2026-01-29,2026-01-28,2026-02-04,16.65,4
603599,沪主板,1,1,2026-04-24,2026-04-24,2026-04-23,2026-04-29,15.35,3
603601,沪主板,1,1,2026-01-22,2026-01-22,2026-01-21,2026-02-04,13.12,9
603601,沪主板,1,1,2026-01-28,2026-01-28,2026-01-27,2026-02-04,13.12,5
603601,沪主板,1,1,2026-02-11,2026-02-11,2026-02-10,2026-02-27,13.61,6
603601,沪主板,1,1,2026-02-25,2026-02-25,2026-02-24,2026-02-27,13.61,2
603601,沪主板,1,1,2026-03-18,2026-03-18,2026-03-17,2026-03-19,12.29,1
603601,沪主板,3,2,2026-03-25,2026-03-30,2026-03-24,2026-03-31,15.95,1
603601,沪主板,1,1,2026-05-18,2026-05-18,2026-05-15,2026-05-19,19.99,1
603602,沪主板,1,1,2026-01-12,2026-01-12,2026-01-09,2026-01-14,17.75,2
603606,沪主板,1,1,2026-04-22,2026-04-22,2026-04-21,2026-04-23,67.58,1
603607,沪主板,1,1,2026-02-06,2026-02-06,2026-02-05,2026-02-09,25.95,1
603607,沪主板,1,1,2026-03-13,2026-03-13,2026-03-12,2026-03-16,25.3,1
603608,沪主板,1,1,2026-01-12,2026-01-12,2026-01-09,2026-01-13,10.65,1
603608,沪主板,2,2,2026-01-21,2026-01-22,2026-01-20,2026-01-23,12.85,1
603608,沪主板,1,1,2026-02-11,2026-02-11,2026-02-10,2026-03-06,12.77,11
603608,沪主板,1,1,2026-05-19,2026-05-19,2026-05-18,2026-05-20,18.0,1
603610,沪主板,1,1,2026-04-27,2026-04-27,2026-04-24,2026-05-06,17.28,4
603610,沪主板,1,1,2026-05-14,2026-05-14,2026-05-13,2026-05-19,19.7,3
603612,沪主板,1,1,2026-01-23,2026-01-23,2026-01-22,2026-01-28,30.6,3
603612,沪主板,1,1,2026-02-03,2026-02-03,2026-02-02,2026-02-06,32.38,3
603615,沪主板,1,1,2026-03-18,2026-03-18,2026-03-17,2026-03-19,22.43,1
603616,沪主板,1,1,2026-01-20,2026-01-20,2026-01-19,2026-01-21,6.23,1
603616,沪主板,4,4,2026-02-04,2026-02-09,2026-02-03,2026-02-10,9.26,1
603616,沪主板,1,1,2026-03-03,2026-03-03,2026-03-02,2026-03-04,7.75,1
603616,沪主板,1,1,2026-03-23,2026-03-23,2026-03-20,2026-03-24,7.46,1
603617,沪主板,1,1,2026-01-06,2026-01-06,2026-01-05,2026-01-07,8.0,1
603618,沪主板,6,4,2026-01-30,2026-02-09,2026-01-29,2026-02-13,16.76,4
603618,沪主板,1,1,2026-02-27,2026-02-27,2026-02-26,2026-03-05,22.2,4
603618,沪主板,1,1,2026-03-04,2026-03-04,2026-03-03,2026-03-11,22.22,5
603618,沪主板,1,1,2026-03-18,2026-03-18,2026-03-17,2026-03-31,29.38,9
603618,沪主板,3,2,2026-03-25,2026-03-30,2026-03-24,2026-04-03,30.1,4
603618,沪主板,2,2,2026-04-22,2026-04-23,2026-04-21,2026-04-24,33.13,1
603618,沪主板,2,2,2026-05-07,2026-05-08,2026-05-06,2026-05-13,41.24,3
603619,沪主板,3,2,2026-01-26,2026-01-29,2026-01-23,2026-01-30,40.18,1
603619,沪主板,2,2,2026-03-02,2026-03-03,2026-02-27,2026-03-04,48.18,1
603626,沪主板,1,1,2026-01-16,2026-01-16,2026-01-15,2026-01-21,25.67,3
603626,沪主板,2,2,2026-02-06,2026-02-09,2026-02-05,2026-02-13,28.78,4
603626,沪主板,1,1,2026-03-12,2026-03-12,2026-03-11,2026-03-13,24.55,1
603626,沪主板,1,1,2026-04-27,2026-04-27,2026-04-24,2026-05-08,28.84,6
603629,沪主板,2,2,2026-01-30,2026-02-02,2026-01-29,2026-02-12,62.68,8
603629,沪主板,2,1,2026-02-09,2026-02-11,2026-02-06,2026-02-12,62.68,1
603629,沪主板,2,2,2026-02-27,2026-03-02,2026-02-26,2026-03-03,65.66,1
603629,沪主板,1,1,2026-03-11,2026-03-11,2026-03-10,2026-03-12,65.99,1
603629,沪主板,1,1,2026-03-19,2026-03-19,2026-03-18,2026-03-20,71.88,1
603629,沪主板,1,1,2026-03-25,2026-03-25,2026-03-24,2026-04-16,96.75,15
603629,沪主板,1,1,2026-04-08,2026-04-08,2026-04-07,2026-04-29,131.29,15
603629,沪主板,3,2,2026-04-14,2026-04-17,2026-04-13,2026-04-23,119.02,4
603629,沪主板,3,3,2026-04-28,2026-04-30,2026-04-27,2026-05-08,173.58,3
603629,沪主板,1,1,2026-05-13,2026-05-13,2026-05-12,2026-05-15,181.5,2
603630,沪主板,1,1,2026-02-05,2026-02-05,2026-02-04,2026-02-06,21.34,1
603636,沪主板,2,2,2026-05-07,2026-05-08,2026-05-06,2026-05-11,12.0,1
603636,沪主板,1,1,2026-05-19,2026-05-19,2026-05-18,2026-05-20,12.06,1
603637,沪主板,1,1,2026-04-07,2026-04-07,2026-04-03,2026-04-10,14.97,3
603637,沪主板,1,1,2026-04-22,2026-04-22,2026-04-21,2026-04-23,16.88,1
603638,沪主板,1,1,2026-01-16,2026-01-16,2026-01-15,2026-01-26,23.73,6
603650,沪主板,2,2,2026-01-07,2026-01-08,2026-01-06,2026-01-13,59.96,3
603650,沪主板,1,1,2026-01-15,2026-01-15,2026-01-14,2026-01-16,64.77,1
603655,沪主板,1,1,2026-01-21,2026-01-21,2026-01-20,2026-01-23,47.0,2
603655,沪主板,1,1,2026-02-05,2026-02-05,2026-02-04,2026-02-09,45.95,2
603655,沪主板,1,1,2026-04-24,2026-04-24,2026-04-23,2026-04-27,51.9,1
603657,沪主板,1,1,2026-03-31,2026-03-31,2026-03-30,2026-04-01,30.0,1
603657,沪主板,1,1,2026-04-27,2026-04-27,2026-04-24,2026-05-12,36.58,8
603657,沪主板,1,1,2026-05-18,2026-05-18,2026-05-15,2026-05-19,36.22,1
603659,沪主板,1,1,2026-03-13,2026-03-13,2026-03-12,2026-03-16,33.25,1
603660,沪主板,1,1,2026-03-31,2026-03-31,2026-03-30,2026-04-01,9.89,1
603663,沪主板,1,1,2026-01-27,2026-01-27,2026-01-26,2026-01-29,45.27,2
603663,沪主板,1,1,2026-02-06,2026-02-06,2026-02-05,2026-02-11,47.74,3
603663,沪主板,1,1,2026-05-20,2026-05-20,2026-05-19,2026-05-21,48.24,1
603665,沪主板,1,1,2026-01-16,2026-01-16,2026-01-15,2026-01-28,37.4,8
603665,沪主板,1,1,2026-01-22,2026-01-22,2026-01-21,2026-01-28,37.4,4
603667,沪主板,2,2,2026-01-16,2026-01-19,2026-01-15,2026-01-22,94.27,3
603667,沪主板,1,1,2026-02-06,2026-02-06,2026-02-05,2026-02-10,96.69,2
603667,沪主板,1,1,2026-05-08,2026-05-08,2026-05-07,2026-05-14,85.5,4
603677,沪主板,1,1,2026-05-15,2026-05-15,2026-05-14,2026-05-20,18.6,3
603679,沪主板,1,1,2026-05-13,2026-05-13,2026-05-12,2026-05-14,18.4,1
603680,沪主板,1,1,2026-01-28,2026-01-28,2026-01-27,2026-01-29,17.3,1
603680,沪主板,1,1,2026-04-24,2026-04-24,2026-04-23,2026-04-27,15.43,1
603682,沪主板,1,1,2026-01-13,2026-01-13,2026-01-12,2026-01-14,7.88,1
603682,沪主板,1,1,2026-02-11,2026-02-11,2026-02-10,2026-03-02,8.73,7
603682,沪主板,1,1,2026-04-13,2026-04-13,2026-04-10,2026-04-14,7.63,1
603682,沪主板,1,1,2026-05-12,2026-05-12,2026-05-11,2026-05-13,9.73,1
603685,沪主板,1,1,2026-03-17,2026-03-17,2026-03-16,2026-03-18,29.86,1
603687,沪主板,1,1,2026-01-14,2026-01-14,2026-01-13,2026-01-15,11.39,1
603687,沪主板,4,4,2026-03-18,2026-03-23,2026-03-17,2026-03-26,16.5,3
603687,沪主板,1,1,2026-03-26,2026-03-26,2026-03-25,2026-04-09,18.54,9
603687,沪主板,1,1,2026-04-01,2026-04-01,2026-03-31,2026-04-17,20.8,11
603687,沪主板,1,1,2026-04-07,2026-04-07,2026-04-03,2026-04-09,18.54,2
603687,沪主板,2,2,2026-04-15,2026-04-16,2026-04-14,2026-04-17,20.8,1
603687,沪主板,1,1,2026-04-30,2026-04-30,2026-04-29,2026-05-07,17.85,2
603688,沪主板,1,1,2026-02-12,2026-02-12,2026-02-11,2026-02-25,50.82,3
603688,沪主板,1,1,2026-03-05,2026-03-05,2026-03-04,2026-03-06,55.75,1
603688,沪主板,1,1,2026-05-07,2026-05-07,2026-05-06,2026-05-13,76.44,4
603688,沪主板,1,1,2026-05-12,2026-05-12,2026-05-11,2026-05-13,76.44,1
603689,沪主板,1,1,2026-03-03,2026-03-03,2026-03-02,2026-03-04,9.67,1
603693,沪主板,1,1,2026-03-12,2026-03-12,2026-03-11,2026-03-18,17.47,4
603693,沪主板,1,1,2026-03-17,2026-03-17,2026-03-16,2026-03-25,20.37,6
603693,沪主板,1,1,2026-05-18,2026-05-18,2026-05-15,2026-05-19,18.0,1
603696,沪主板,2,1,2026-01-08,2026-01-12,2026-01-07,2026-01-13,28.5,1
603696,沪主板,1,1,2026-02-05,2026-02-05,2026-02-04,2026-02-06,22.0,1
603697,沪主板,1,1,2026-02-02,2026-02-02,2026-01-30,2026-02-04,14.27,2
603698,沪主板,1,1,2026-01-06,2026-01-06,2026-01-05,2026-01-12,48.4,4
603698,沪主板,1,1,2026-01-12,2026-01-12,2026-01-09,2026-01-13,47.0,1
603698,沪主板,2,2,2026-04-14,2026-04-15,2026-04-13,2026-04-20,48.0,3
603698,沪主板,1,1,2026-04-30,2026-04-30,2026-04-29,2026-05-12,46.46,5
603699,沪主板,1,1,2026-04-20,2026-04-20,2026-04-17,2026-04-24,60.3,4
603703,沪主板,2,1,2026-01-08,2026-01-12,2026-01-07,2026-01-13,20.0,1
603706,沪主板,1,1,2026-03-03,2026-03-03,2026-03-02,2026-03-04,23.73,1
603708,沪主板,1,1,2026-01-12,2026-01-12,2026-01-09,2026-01-14,14.08,2
603709,沪主板,1,1,2026-04-23,2026-04-23,2026-04-22,2026-05-08,20.19,8
603711,沪主板,1,1,2026-04-30,2026-04-30,2026-04-29,2026-05-20,15.66,11
603716,沪主板,2,1,2026-01-06,2026-01-08,2026-01-05,2026-01-13,31.86,3
603716,沪主板,1,1,2026-03-06,2026-03-06,2026-03-05,2026-03-11,25.1,3
603716,沪主板,1,1,2026-03-30,2026-03-30,2026-03-27,2026-04-02,25.87,3
603717,沪主板,1,1,2026-04-30,2026-04-30,2026-04-29,2026-05-07,7.82,2
603717,沪主板,1,1,2026-05-14,2026-05-14,2026-05-13,2026-05-15,8.01,1
603726,沪主板,1,1,2026-04-27,2026-04-27,2026-04-24,2026-05-12,27.5,8
603726,沪主板,1,1,2026-04-30,2026-04-30,2026-04-29,2026-05-18,30.15,9
603726,沪主板,1,1,2026-05-18,2026-05-18,2026-05-15,2026-05-20,31.49,2
603727,沪主板,2,2,2026-03-02,2026-03-03,2026-02-27,2026-03-09,21.42,4
603727,沪主板,1,1,2026-03-23,2026-03-23,2026-03-20,2026-03-27,20.924,4
603727,沪主板,1,1,2026-04-01,2026-04-01,2026-03-31,2026-04-02,21.32,1
603727,沪主板,1,1,2026-05-19,2026-05-19,2026-05-18,2026-05-20,18.88,1
603729,沪主板,3,3,2026-02-09,2026-02-11,2026-02-06,2026-02-12,23.19,1
603737,沪主板,1,1,2026-01-20,2026-01-20,2026-01-19,2026-01-22,54.0,2
603738,沪主板,2,2,2026-02-27,2026-03-02,2026-02-26,2026-03-03,24.75,1
603738,沪主板,1,1,2026-03-16,2026-03-16,2026-03-13,2026-03-17,26.06,1
603738,沪主板,1,1,2026-03-27,2026-03-27,2026-03-26,2026-04-01,27.36,3
603738,沪主板,1,1,2026-04-13,2026-04-13,2026-04-10,2026-04-27,43.0,10
603738,沪主板,2,1,2026-04-17,2026-04-21,2026-04-16,2026-04-27,43.0,4
603738,沪主板,1,1,2026-04-29,2026-04-29,2026-04-28,2026-05-15,58.28,9
603738,沪主板,3,3,2026-05-07,2026-05-11,2026-05-06,2026-05-15,58.28,4
603739,沪主板,1,1,2026-01-13,2026-01-13,2026-01-12,2026-01-14,18.41,1
603757,沪主板,1,1,2026-02-12,2026-02-12,2026-02-11,2026-02-26,47.55,4
603757,沪主板,1,1,2026-03-11,2026-03-11,2026-03-10,2026-03-13,51.9,2
603757,沪主板,1,1,2026-03-18,2026-03-18,2026-03-17,2026-03-19,51.66,1
603757,沪主板,2,2,2026-04-08,2026-04-09,2026-04-07,2026-04-20,61.18,7
603757,沪主板,1,1,2026-05-11,2026-05-11,2026-05-08,2026-05-15,63.81,4
603758,沪主板,1,1,2026-05-08,2026-05-08,2026-05-07,2026-05-11,13.77,1
603759,沪主板,1,1,2026-03-24,2026-03-24,2026-03-23,2026-03-25,10.68,1
603767,沪主板,1,1,2026-05-15,2026-05-15,2026-05-14,2026-05-20,24.34,3
603773,沪主板,2,1,2026-01-21,2026-01-23,2026-01-20,2026-01-26,42.45,1
603773,沪主板,1,1,2026-02-03,2026-02-03,2026-02-02,2026-02-04,42.28,1
603773,沪主板,1,1,2026-03-05,2026-03-05,2026-03-04,2026-03-17,45.08,8
603773,沪主板,1,1,2026-03-11,2026-03-11,2026-03-10,2026-03-17,45.08,4
603773,沪主板,2,2,2026-04-09,2026-04-10,2026-04-08,2026-04-23,66.0,9
603773,沪主板,4,2,2026-04-15,2026-04-22,2026-04-14,2026-05-13,88.88,12
603773,沪主板,2,1,2026-04-27,2026-04-29,2026-04-24,2026-05-13,88.88,7
603773,沪主板,1,1,2026-05-11,2026-05-11,2026-05-08,2026-05-13,88.88,2
603773,沪主板,1,1,2026-05-20,2026-05-20,2026-05-19,2026-05-21,85.54,1
603777,沪主板,3,3,2026-04-08,2026-04-10,2026-04-07,2026-04-14,17.7,2
603778,沪主板,1,1,2026-01-06,2026-01-06,2026-01-05,2026-01-14,27.72,6
603778,沪主板,2,1,2026-01-12,2026-01-14,2026-01-09,2026-01-15,27.27,1
603778,沪主板,1,1,2026-01-22,2026-01-22,2026-01-21,2026-01-23,19.68,1
603778,沪主板,2,2,2026-02-03,2026-02-04,2026-02-02,2026-02-05,17.5,1
603778,沪主板,1,1,2026-03-03,2026-03-03,2026-03-02,2026-03-23,25.7,14
603778,沪主板,1,1,2026-03-06,2026-03-06,2026-03-05,2026-03-18,25.21,8
603778,沪主板,1,1,2026-03-11,2026-03-11,2026-03-10,2026-04-01,27.5,15
603778,沪主板,2,2,2026-03-16,2026-03-17,2026-03-13,2026-03-23,25.7,4
603778,沪主板,1,1,2026-03-20,2026-03-20,2026-03-19,2026-03-25,25.84,3
603778,沪主板,2,1,2026-03-30,2026-04-01,2026-03-27,2026-04-09,34.27,5
603778,沪主板,1,1,2026-04-07,2026-04-07,2026-04-03,2026-04-09,34.27,2
603778,沪主板,1,1,2026-04-20,2026-04-20,2026-04-17,2026-04-21,29.35,1
603779,沪主板,1,1,2026-04-28,2026-04-28,2026-04-27,2026-04-30,7.49,2
603779,沪主板,6,6,2026-05-13,2026-05-20,2026-05-12,2026-05-21,14.52,1
603787,沪主板,1,1,2026-03-23,2026-03-23,2026-03-20,2026-03-24,16.3,1
603788,沪主板,1,1,2026-04-21,2026-04-21,2026-04-20,2026-04-22,18.79,1
603790,沪主板,1,1,2026-05-13,2026-05-13,2026-05-12,2026-05-20,33.95,5
603798,沪主板,1,1,2026-04-02,2026-04-02,2026-04-01,2026-04-13,18.08,6
603800,沪主板,1,1,2026-04-13,2026-04-13,2026-04-10,2026-04-14,49.5,1
603803,沪主板,3,2,2026-03-10,2026-03-13,2026-03-09,2026-03-24,16.0,7
603803,沪主板,1,1,2026-03-18,2026-03-18,2026-03-17,2026-03-24,16.0,4
603803,沪主板,1,1,2026-03-23,2026-03-23,2026-03-20,2026-03-24,16.0,1
603803,沪主板,1,1,2026-04-01,2026-04-01,2026-03-31,2026-04-02,14.55,1
603803,沪主板,1,1,2026-04-13,2026-04-13,2026-04-10,2026-04-14,16.79,1
603803,沪主板,1,1,2026-04-29,2026-04-29,2026-04-28,2026-05-14,17.71,8
603803,沪主板,1,1,2026-05-07,2026-05-07,2026-05-06,2026-05-14,17.71,5
603806,沪主板,1,1,2026-01-23,2026-01-23,2026-01-22,2026-01-27,19.08,2
603806,沪主板,1,1,2026-02-03,2026-02-03,2026-02-02,2026-02-10,20.16,5
603808,沪主板,2,2,2026-03-24,2026-03-25,2026-03-23,2026-03-26,11.2,1
603808,沪主板,1,1,2026-04-09,2026-04-09,2026-04-08,2026-04-10,11.34,1
603815,沪主板,1,1,2026-04-15,2026-04-15,2026-04-14,2026-04-24,7.55,7
603815,沪主板,1,1,2026-04-21,2026-04-21,2026-04-20,2026-04-24,7.55,3
603819,沪主板,1,1,2026-04-24,2026-04-24,2026-04-23,2026-04-27,15.17,1
603823,沪主板,1,1,2026-02-06,2026-02-06,2026-02-05,2026-02-09,19.2,1
603823,沪主板,1,1,2026-05-19,2026-05-19,2026-05-18,2026-05-20,24.49,1
603826,沪主板,2,2,2026-02-04,2026-02-05,2026-02-03,2026-02-06,20.88,1
603826,沪主板,1,1,2026-02-25,2026-02-25,2026-02-24,2026-02-26,21.5,1
603826,沪主板,1,1,2026-03-31,2026-03-31,2026-03-30,2026-04-01,29.2,1
603826,沪主板,1,1,2026-04-16,2026-04-16,2026-04-15,2026-04-17,36.61,1
603829,沪主板,1,1,2026-01-14,2026-01-14,2026-01-13,2026-01-19,27.5,3
603829,沪主板,1,1,2026-02-09,2026-02-09,2026-02-06,2026-02-10,26.41,1
603829,沪主板,1,1,2026-03-25,2026-03-25,2026-03-24,2026-03-27,30.3,2
603859,沪主板,1,1,2026-01-12,2026-01-12,2026-01-09,2026-01-14,59.86,2
603859,沪主板,1,1,2026-05-18,2026-05-18,2026-05-15,2026-05-19,47.56,1
603861,沪主板,1,1,2026-01-19,2026-01-19,2026-01-16,2026-01-20,16.1,1
603861,沪主板,2,2,2026-01-30,2026-02-02,2026-01-29,2026-02-03,20.1,1
603861,沪主板,1,1,2026-03-02,2026-03-02,2026-02-27,2026-03-05,22.63,3
603863,沪主板,1,1,2026-01-30,2026-01-30,2026-01-29,2026-02-02,21.88,1
603863,沪主板,1,1,2026-04-02,2026-04-02,2026-04-01,2026-04-10,21.16,5
603863,沪主板,1,1,2026-04-09,2026-04-09,2026-04-08,2026-04-10,21.16,1
603867,沪主板,1,1,2026-02-26,2026-02-26,2026-02-25,2026-03-02,39.6,2
603876,沪主板,1,1,2026-01-29,2026-01-29,2026-01-28,2026-01-30,17.73,1
603876,沪主板,1,1,2026-02-06,2026-02-06,2026-02-05,2026-02-26,21.5,8
603876,沪主板,1,1,2026-04-24,2026-04-24,2026-04-23,2026-05-07,33.5,6
603877,沪主板,1,1,2026-01-07,2026-01-07,2026-01-06,2026-01-08,17.77,1
603878,沪主板,1,1,2026-01-08,2026-01-08,2026-01-07,2026-01-12,9.29,2
603878,沪主板,1,1,2026-01-23,2026-01-23,2026-01-22,2026-01-27,9.78,2
603878,沪主板,1,1,2026-04-16,2026-04-16,2026-04-15,2026-04-22,8.79,4
603878,沪主板,1,1,2026-05-08,2026-05-08,2026-05-07,2026-05-11,8.66,1
603880,沪主板,1,1,2026-03-06,2026-03-06,2026-03-05,2026-03-17,7.75,7
603881,沪主板,1,1,2026-01-14,2026-01-14,2026-01-13,2026-01-15,41.6,1
603881,沪主板,1,1,2026-02-06,2026-02-06,2026-02-05,2026-02-13,45.12,5
603881,沪主板,1,1,2026-03-18,2026-03-18,2026-03-17,2026-03-19,40.56,1
603881,沪主板,1,1,2026-04-08,2026-04-08,2026-04-07,2026-04-14,41.62,4
603882,沪主板,2,2,2026-01-09,2026-01-12,2026-01-08,2026-01-13,40.68,1
603887,沪主板,1,1,2026-01-30,2026-01-30,2026-01-29,2026-02-02,16.5,1
603887,沪主板,1,1,2026-05-13,2026-05-13,2026-05-12,2026-05-14,15.95,1
603888,沪主板,3,3,2026-01-12,2026-01-14,2026-01-09,2026-01-15,31.5,1
603888,沪主板,1,1,2026-02-10,2026-02-10,2026-02-09,2026-02-11,26.99,1
603889,沪主板,1,1,2026-04-10,2026-04-10,2026-04-09,2026-04-17,9.5,5
603890,沪主板,1,1,2026-04-08,2026-04-08,2026-04-07,2026-04-21,20.8,9
603890,沪主板,1,1,2026-04-15,2026-04-15,2026-04-14,2026-04-21,20.8,4
603890,沪主板,1,1,2026-05-13,2026-05-13,2026-05-12,2026-05-14,22.51,1
603895,沪主板,1,1,2026-01-26,2026-01-26,2026-01-23,2026-01-27,37.8,1
603895,沪主板,1,1,2026-05-07,2026-05-07,2026-05-06,2026-05-18,41.3,7
603895,沪主板,1,1,2026-05-12,2026-05-12,2026-05-11,2026-05-18,41.3,4
603897,沪主板,2,2,2026-02-27,2026-03-02,2026-02-26,2026-03-05,35.61,3
603897,沪主板,1,1,2026-03-18,2026-03-18,2026-03-17,2026-03-19,35.3,1
603897,沪主板,1,1,2026-03-30,2026-03-30,2026-03-27,2026-04-17,52.96,13
603897,沪主板,1,1,2026-04-13,2026-04-13,2026-04-10,2026-04-17,52.96,4
603897,沪主板,1,1,2026-04-16,2026-04-16,2026-04-15,2026-04-22,54.25,4
603897,沪主板,1,1,2026-04-30,2026-04-30,2026-04-29,2026-05-08,59.78,3
603898,沪主板,1,1,2026-04-21,2026-04-21,2026-04-20,2026-04-22,15.2,1
603900,沪主板,1,1,2026-01-28,2026-01-28,2026-01-27,2026-01-29,11.39,1
603903,沪主板,1,1,2026-04-22,2026-04-22,2026-04-21,2026-04-23,13.58,1
603903,沪主板,1,1,2026-05-14,2026-05-14,2026-05-13,2026-05-18,15.05,2
603906,沪主板,1,1,2026-04-16,2026-04-16,2026-04-15,2026-04-30,34.52,10
603906,沪主板,1,1,2026-04-22,2026-04-22,2026-04-21,2026-04-27,33.8,3
603906,沪主板,1,1,2026-04-29,2026-04-29,2026-04-28,2026-04-30,34.52,1
603912,沪主板,1,1,2026-02-26,2026-02-26,2026-02-25,2026-03-03,10.14,3
603912,沪主板,1,1,2026-03-18,2026-03-18,2026-03-17,2026-03-19,10.58,1
603912,沪主板,1,1,2026-04-01,2026-04-01,2026-03-31,2026-04-08,10.22,4
603912,沪主板,1,1,2026-04-20,2026-04-20,2026-04-17,2026-04-24,11.47,4
603912,沪主板,1,1,2026-04-23,2026-04-23,2026-04-22,2026-04-24,11.47,1
603916,沪主板,1,1,2026-01-20,2026-01-20,2026-01-19,2026-01-29,14.31,7
603916,沪主板,2,1,2026-01-27,2026-01-29,2026-01-26,2026-01-30,14.31,1
603918,沪主板,1,1,2026-01-14,2026-01-14,2026-01-13,2026-01-15,20.99,1
603919,沪主板,2,1,2026-01-29,2026-02-02,2026-01-28,2026-02-05,26.08,3
603920,沪主板,1,1,2026-01-23,2026-01-23,2026-01-22,2026-01-28,71.24,3
603920,沪主板,1,1,2026-02-03,2026-02-03,2026-02-02,2026-02-04,72.68,1
603920,沪主板,1,1,2026-04-08,2026-04-08,2026-04-07,2026-04-09,58.42,1
603920,沪主板,1,1,2026-04-16,2026-04-16,2026-04-15,2026-04-22,62.65,4
603922,沪主板,1,1,2026-03-24,2026-03-24,2026-03-23,2026-03-25,22.89,1
603922,沪主板,1,1,2026-04-17,2026-04-17,2026-04-16,2026-04-23,24.0,4
603926,沪主板,3,3,2026-01-19,2026-01-21,2026-01-16,2026-01-22,26.68,1
603926,沪主板,1,1,2026-04-17,2026-04-17,2026-04-16,2026-04-20,20.58,1
603929,沪主板,1,1,2026-01-06,2026-01-06,2026-01-05,2026-01-19,169.0,9
603929,沪主板,2,1,2026-01-14,2026-01-16,2026-01-13,2026-01-19,169.0,1
603929,沪主板,1,1,2026-01-27,2026-01-27,2026-01-26,2026-01-30,165.8,3
603929,沪主板,1,1,2026-02-09,2026-02-09,2026-02-06,2026-02-10,153.0,1
603929,沪主板,3,3,2026-03-13,2026-03-17,2026-03-12,2026-03-25,210.3,6
603929,沪主板,1,1,2026-03-24,2026-03-24,2026-03-23,2026-03-25,210.3,1
603929,沪主板,1,1,2026-04-09,2026-04-09,2026-04-08,2026-04-13,215.65,2
603931,沪主板,2,2,2026-04-27,2026-04-28,2026-04-24,2026-05-20,55.78,13
603931,沪主板,1,1,2026-05-07,2026-05-07,2026-05-06,2026-05-12,45.98,3
603933,沪主板,1,1,2026-03-25,2026-03-25,2026-03-24,2026-03-26,22.3,1
603933,沪主板,1,1,2026-04-10,2026-04-10,2026-04-09,2026-04-17,25.0,5
603933,沪主板,1,1,2026-04-16,2026-04-16,2026-04-15,2026-04-17,25.0,1
603933,沪主板,1,1,2026-04-29,2026-04-29,2026-04-28,2026-05-11,27.42,5
603936,沪主板,1,1,2026-03-11,2026-03-11,2026-03-10,2026-03-12,16.29,1
603936,沪主板,2,1,2026-05-11,2026-05-13,2026-05-08,2026-05-14,22.68,1
603937,沪主板,2,1,2026-03-24,2026-03-26,2026-03-23,2026-04-01,15.27,4
603937,沪主板,1,1,2026-04-01,2026-04-01,2026-03-31,2026-04-02,15.27,1
603937,沪主板,1,1,2026-04-24,2026-04-24,2026-04-23,2026-05-08,18.88,7
603937,沪主板,2,2,2026-04-29,2026-04-30,2026-04-28,2026-05-08,18.88,3
603937,沪主板,1,1,2026-05-08,2026-05-08,2026-05-07,2026-05-11,18.68,1
603938,沪主板,2,2,2026-01-08,2026-01-09,2026-01-07,2026-01-22,29.86,9
603938,沪主板,1,1,2026-01-15,2026-01-15,2026-01-14,2026-01-22,29.86,5
603938,沪主板,1,1,2026-03-11,2026-03-11,2026-03-10,2026-03-12,30.87,1
603938,沪主板,1,1,2026-03-25,2026-03-25,2026-03-24,2026-04-07,28.38,8
603938,沪主板,1,1,2026-05-07,2026-05-07,2026-05-06,2026-05-20,56.78,9
603938,沪主板,1,1,2026-05-13,2026-05-13,2026-05-12,2026-05-20,56.78,5
603938,沪主板,2,2,2026-05-18,2026-05-19,2026-05-15,2026-05-20,56.78,1
603939,沪主板,1,1,2026-01-23,2026-01-23,2026-01-22,2026-01-26,24.94,1
603949,沪主板,1,1,2026-03-10,2026-03-10,2026-03-09,2026-03-18,24.32,6
603949,沪主板,1,1,2026-04-01,2026-04-01,2026-03-31,2026-04-02,18.78,1
603950,沪主板,1,1,2026-01-08,2026-01-08,2026-01-07,2026-01-09,32.98,1
603950,沪主板,1,1,2026-02-12,2026-02-12,2026-02-11,2026-03-06,57.43,10
603950,沪主板,3,3,2026-02-26,2026-03-02,2026-02-25,2026-03-06,57.43,4
603950,沪主板,5,4,2026-04-08,2026-04-15,2026-04-07,2026-04-17,65.8,2
603950,沪主板,1,1,2026-05-07,2026-05-07,2026-05-06,2026-05-13,77.92,4
603958,沪主板,3,2,2026-01-26,2026-01-29,2026-01-23,2026-02-09,23.01,7
603958,沪主板,1,1,2026-02-26,2026-02-26,2026-02-25,2026-03-02,22.71,2
603958,沪主板,1,1,2026-03-25,2026-03-25,2026-03-24,2026-03-26,21.58,1
603958,沪主板,1,1,2026-04-09,2026-04-09,2026-04-08,2026-04-22,27.49,9
603959,沪主板,1,1,2026-02-06,2026-02-06,2026-02-05,2026-02-11,7.3,3
603960,沪主板,1,1,2026-02-10,2026-02-10,2026-02-09,2026-02-24,29.1,4
603960,沪主板,1,1,2026-02-13,2026-02-13,2026-02-12,2026-02-24,29.1,1
603966,沪主板,1,1,2026-04-03,2026-04-03,2026-04-02,2026-04-07,14.16,1
603967,沪主板,1,1,2026-04-24,2026-04-24,2026-04-23,2026-04-27,14.73,1
603968,沪主板,2,2,2026-02-10,2026-02-11,2026-02-09,2026-02-24,17.75,3
603968,沪主板,1,1,2026-04-07,2026-04-07,2026-04-03,2026-04-08,14.22,1
603969,沪主板,1,1,2026-01-12,2026-01-12,2026-01-09,2026-01-13,11.53,1
603978,沪主板,1,1,2026-03-12,2026-03-12,2026-03-11,2026-03-13,28.04,1
603978,沪主板,1,1,2026-03-27,2026-03-27,2026-03-26,2026-03-30,26.2,1
603980,沪主板,1,1,2026-01-29,2026-01-29,2026-01-28,2026-01-30,6.75,1
603980,沪主板,3,3,2026-02-09,2026-02-11,2026-02-06,2026-02-12,8.96,1
603985,沪主板,1,1,2026-04-01,2026-04-01,2026-03-31,2026-04-08,21.94,4
603985,沪主板,1,1,2026-04-16,2026-04-16,2026-04-15,2026-04-29,29.57,9
603986,沪主板,1,1,2026-01-16,2026-01-16,2026-01-15,2026-01-22,320.02,4
603986,沪主板,1,1,2026-03-16,2026-03-16,2026-03-13,2026-03-18,313.68,2
603988,沪主板,1,1,2026-01-14,2026-01-14,2026-01-13,2026-01-29,39.97,11
603988,沪主板,1,1,2026-01-28,2026-01-28,2026-01-27,2026-01-29,39.97,1
603988,沪主板,1,1,2026-04-07,2026-04-07,2026-04-03,2026-04-08,28.28,1
603989,沪主板,2,2,2026-05-18,2026-05-19,2026-05-15,2026-05-20,27.25,1
603991,沪主板,1,1,2026-01-21,2026-01-21,2026-01-20,2026-01-26,90.88,3
603992,沪主板,1,1,2026-03-12,2026-03-12,2026-03-11,2026-03-17,33.3,3
603992,沪主板,1,1,2026-03-17,2026-03-17,2026-03-16,2026-03-26,39.22,7
603993,沪主板,1,1,2026-01-28,2026-01-28,2026-01-27,2026-01-29,28.78,1
603997,沪主板,1,1,2026-05-07,2026-05-07,2026-05-06,2026-05-12,13.71,3
603999,沪主板,1,1,2026-02-10,2026-02-10,2026-02-09,2026-02-11,8.89,1
603999,沪主板,1,1,2026-05-19,2026-05-19,2026-05-18,2026-05-20,7.4,1
605003,沪主板,1,1,2026-01-30,2026-01-30,2026-01-29,2026-02-02,36.62,1
605006,沪主板,2,2,2026-02-11,2026-02-12,2026-02-10,2026-02-25,11.4,3
605006,沪主板,1,1,2026-04-01,2026-04-01,2026-03-31,2026-04-08,9.61,4
605006,沪主板,1,1,2026-04-10,2026-04-10,2026-04-09,2026-04-13,10.96,1
605006,沪主板,2,1,2026-04-27,2026-04-29,2026-04-24,2026-05-12,17.7,6
605006,沪主板,3,3,2026-05-07,2026-05-11,2026-05-06,2026-05-12,17.7,1
605007,沪主板,2,1,2026-02-13,2026-02-25,2026-02-12,2026-02-26,17.98,1
605016,沪主板,1,1,2026-01-23,2026-01-23,2026-01-22,2026-01-28,25.71,3
605016,沪主板,1,1,2026-04-08,2026-04-08,2026-04-07,2026-04-10,28.95,2
605018,沪主板,1,1,2026-02-12,2026-02-12,2026-02-11,2026-02-26,12.9,4
605018,沪主板,1,1,2026-04-07,2026-04-07,2026-04-03,2026-04-08,12.63,1
605028,沪主板,1,1,2026-01-08,2026-01-08,2026-01-07,2026-01-09,35.5,1
605033,沪主板,3,3,2026-02-11,2026-02-13,2026-02-10,2026-02-25,34.69,2
605050,沪主板,1,1,2026-03-20,2026-03-20,2026-03-19,2026-03-26,15.05,4
605055,沪主板,1,1,2026-05-08,2026-05-08,2026-05-07,2026-05-12,14.17,2
605056,沪主板,1,1,2026-01-26,2026-01-26,2026-01-23,2026-02-02,22.9,5
605056,沪主板,1,1,2026-03-24,2026-03-24,2026-03-23,2026-03-25,24.68,1
605056,沪主板,1,1,2026-04-09,2026-04-09,2026-04-08,2026-04-10,30.65,1
605058,沪主板,1,1,2026-03-18,2026-03-18,2026-03-17,2026-03-19,36.46,1
605060,沪主板,2,2,2026-02-09,2026-02-10,2026-02-06,2026-02-26,74.0,6
605060,沪主板,2,1,2026-04-08,2026-04-10,2026-04-07,2026-04-23,67.23,9
605060,沪主板,1,1,2026-04-16,2026-04-16,2026-04-15,2026-04-23,67.23,5
605069,沪主板,1,1,2026-04-10,2026-04-10,2026-04-09,2026-04-29,15.69,13
605080,沪主板,1,1,2026-01-29,2026-01-29,2026-01-28,2026-02-05,27.14,5
605086,沪主板,1,1,2026-01-08,2026-01-08,2026-01-07,2026-01-09,49.5,1
605086,沪主板,1,1,2026-05-08,2026-05-08,2026-05-07,2026-05-11,35.71,1
605086,沪主板,1,1,2026-05-14,2026-05-14,2026-05-13,2026-05-15,35.32,1
605089,沪主板,1,1,2026-01-20,2026-01-20,2026-01-19,2026-01-26,33.37,4
605090,沪主板,1,1,2026-05-11,2026-05-11,2026-05-08,2026-05-12,48.1,1
605098,沪主板,1,1,2026-03-05,2026-03-05,2026-03-04,2026-03-17,57.24,8
605098,沪主板,1,1,2026-04-15,2026-04-15,2026-04-14,2026-04-21,67.68,4
605099,沪主板,1,1,2026-01-29,2026-01-29,2026-01-28,2026-01-30,44.68,1
605099,沪主板,1,1,2026-03-20,2026-03-20,2026-03-19,2026-03-26,46.66,4
605099,沪主板,1,1,2026-04-07,2026-04-07,2026-04-03,2026-04-09,43.76,2
605099,沪主板,2,2,2026-04-29,2026-04-30,2026-04-28,2026-05-08,52.5,3
605099,沪主板,1,1,2026-05-15,2026-05-15,2026-05-14,2026-05-18,55.88,1
605111,沪主板,1,1,2026-01-22,2026-01-22,2026-01-21,2026-01-28,50.88,4
605116,沪主板,1,1,2026-01-08,2026-01-08,2026-01-07,2026-01-14,33.4,4
605116,沪主板,1,1,2026-03-31,2026-03-31,2026-03-30,2026-04-02,32.1,2
605117,沪主板,1,1,2026-03-02,2026-03-02,2026-02-27,2026-03-04,127.98,2
605117,沪主板,1,1,2026-03-11,2026-03-11,2026-03-10,2026-03-13,140.22,2
605117,沪主板,1,1,2026-03-20,2026-03-20,2026-03-19,2026-03-23,141.99,1
605117,沪主板,1,1,2026-04-10,2026-04-10,2026-04-09,2026-04-13,153.56,1
605118,沪主板,1,1,2026-01-14,2026-01-14,2026-01-13,2026-01-20,40.4,4
605118,沪主板,1,1,2026-01-22,2026-01-22,2026-01-21,2026-01-26,44.98,2
605118,沪主板,1,1,2026-04-27,2026-04-27,2026-04-24,2026-04-28,49.89,1
605123,沪主板,1,1,2026-01-08,2026-01-08,2026-01-07,2026-01-12,130.532,2
605123,沪主板,1,1,2026-02-03,2026-02-03,2026-02-02,2026-02-05,130.522,2
605123,沪主板,1,1,2026-04-30,2026-04-30,2026-04-29,2026-05-11,120.25,4
605123,沪主板,1,1,2026-05-18,2026-05-18,2026-05-15,2026-05-19,125.0,1
605133,沪主板,1,1,2026-04-03,2026-04-03,2026-04-02,2026-04-10,29.55,4
605136,沪主板,1,1,2026-01-14,2026-01-14,2026-01-13,2026-01-15,14.18,1
605138,沪主板,1,1,2026-04-27,2026-04-27,2026-04-24,2026-05-06,7.98,4
605151,沪主板,2,2,2026-01-30,2026-02-02,2026-01-29,2026-02-03,26.63,1
605158,沪主板,1,1,2026-04-29,2026-04-29,2026-04-28,2026-05-07,9.04,3
605158,沪主板,1,1,2026-05-07,2026-05-07,2026-05-06,2026-05-14,9.04,5
605158,沪主板,1,1,2026-05-13,2026-05-13,2026-05-12,2026-05-14,9.04,1
605162,沪主板,5,3,2026-03-31,2026-04-08,2026-03-30,2026-04-14,14.88,4
605162,沪主板,1,1,2026-04-20,2026-04-20,2026-04-17,2026-04-21,14.6,1
605166,沪主板,1,1,2026-04-16,2026-04-16,2026-04-15,2026-04-28,11.95,8
605167,沪主板,1,1,2026-01-16,2026-01-16,2026-01-15,2026-01-20,18.94,2
605167,沪主板,1,1,2026-03-17,2026-03-17,2026-03-16,2026-03-18,18.95,1
605167,沪主板,1,1,2026-04-14,2026-04-14,2026-04-13,2026-04-15,20.15,1
605168,沪主板,1,1,2026-03-25,2026-03-25,2026-03-24,2026-03-31,37.29,4
605168,沪主板,1,1,2026-04-20,2026-04-20,2026-04-17,2026-04-22,42.8,2
605168,沪主板,2,2,2026-04-28,2026-04-29,2026-04-27,2026-05-14,63.53,8
605168,沪主板,1,1,2026-05-07,2026-05-07,2026-05-06,2026-05-20,64.44,9
605168,沪主板,1,1,2026-05-13,2026-05-13,2026-05-12,2026-05-20,64.44,5
605169,沪主板,1,1,2026-03-03,2026-03-03,2026-03-02,2026-03-04,16.0,1
605169,沪主板,1,1,2026-03-19,2026-03-19,2026-03-18,2026-03-20,14.68,1
605169,沪主板,1,1,2026-05-08,2026-05-08,2026-05-07,2026-05-11,13.81,1
605178,沪主板,1,1,2026-02-25,2026-02-25,2026-02-24,2026-02-26,76.93,1
605186,沪主板,1,1,2026-01-13,2026-01-13,2026-01-12,2026-01-14,24.34,1
605186,沪主板,1,1,2026-05-11,2026-05-11,2026-05-08,2026-05-19,27.51,6
605189,沪主板,1,1,2026-04-09,2026-04-09,2026-04-08,2026-04-13,18.49,2
605189,沪主板,2,2,2026-05-08,2026-05-11,2026-05-07,2026-05-12,20.81,1
605196,沪主板,1,1,2026-02-25,2026-02-25,2026-02-24,2026-03-05,58.29,6
605196,沪主板,1,1,2026-03-04,2026-03-04,2026-03-03,2026-03-05,58.29,1
605196,沪主板,1,1,2026-03-24,2026-03-24,2026-03-23,2026-04-02,50.9,7
605198,沪主板,1,1,2026-05-12,2026-05-12,2026-05-11,2026-05-18,63.8,4
605218,沪主板,1,1,2026-05-07,2026-05-07,2026-05-06,2026-05-08,18.9,1
605218,沪主板,2,2,2026-05-18,2026-05-19,2026-05-15,2026-05-20,22.2,1
605222,沪主板,1,1,2026-01-14,2026-01-14,2026-01-13,2026-01-20,22.29,4
605222,沪主板,1,1,2026-03-13,2026-03-13,2026-03-12,2026-03-16,23.8,1
605222,沪主板,1,1,2026-03-30,2026-03-30,2026-03-27,2026-03-31,23.98,1
605222,沪主板,1,1,2026-04-15,2026-04-15,2026-04-14,2026-04-28,36.5,9
605222,沪主板,1,1,2026-04-20,2026-04-20,2026-04-17,2026-04-24,35.88,4
605222,沪主板,1,1,2026-04-30,2026-04-30,2026-04-29,2026-05-13,43.99,6
605228,沪主板,1,1,2026-01-06,2026-01-06,2026-01-05,2026-01-08,17.22,2
605255,沪主板,1,1,2026-01-14,2026-01-14,2026-01-13,2026-01-20,190.0,4
605255,沪主板,1,1,2026-02-02,2026-02-02,2026-01-30,2026-02-04,150.0,2
605255,沪主板,2,2,2026-04-10,2026-04-13,2026-04-09,2026-04-14,123.94,1
605255,沪主板,1,1,2026-05-11,2026-05-11,2026-05-08,2026-05-12,122.1,1
605258,沪主板,1,1,2026-04-08,2026-04-08,2026-04-07,2026-04-09,38.4,1
605258,沪主板,1,1,2026-05-07,2026-05-07,2026-05-06,2026-05-11,39.55,2
605268,沪主板,5,5,2026-03-04,2026-03-10,2026-03-03,2026-03-11,18.55,1
605277,沪主板,1,1,2026-01-22,2026-01-22,2026-01-21,2026-01-23,26.0,1
605277,沪主板,1,1,2026-03-17,2026-03-17,2026-03-16,2026-03-18,26.0,1
605286,沪主板,1,1,2026-03-06,2026-03-06,2026-03-05,2026-03-19,55.87,9
605286,沪主板,1,1,2026-03-18,2026-03-18,2026-03-17,2026-03-19,55.87,1
605286,沪主板,1,1,2026-05-13,2026-05-13,2026-05-12,2026-05-14,45.99,1
605287,沪主板,2,2,2026-01-14,2026-01-15,2026-01-13,2026-01-26,50.36,7
605287,沪主板,1,1,2026-01-21,2026-01-21,2026-01-20,2026-01-26,50.36,3
605287,沪主板,4,4,2026-02-09,2026-02-12,2026-02-06,2026-02-13,67.94,1
605287,沪主板,1,1,2026-03-10,2026-03-10,2026-03-09,2026-03-11,55.36,1
605287,沪主板,1,1,2026-04-01,2026-04-01,2026-03-31,2026-04-02,46.48,1
605287,沪主板,1,1,2026-04-08,2026-04-08,2026-04-07,2026-04-10,44.83,2
605287,沪主板,1,1,2026-04-16,2026-04-16,2026-04-15,2026-04-21,50.8,3
605287,沪主板,2,2,2026-04-27,2026-04-28,2026-04-24,2026-05-11,66.21,6
605288,沪主板,2,1,2026-01-07,2026-01-09,2026-01-06,2026-01-14,120.2,3
605288,沪主板,1,1,2026-01-27,2026-01-27,2026-01-26,2026-02-05,143.8,7
605288,沪主板,2,2,2026-05-19,2026-05-20,2026-05-18,2026-05-21,115.0,1
605289,沪主板,1,1,2026-01-30,2026-01-30,2026-01-29,2026-02-02,81.5,1
605289,沪主板,2,1,2026-02-13,2026-02-25,2026-02-12,2026-03-03,133.38,4
605289,沪主板,1,1,2026-04-01,2026-04-01,2026-03-31,2026-04-16,133.63,10
605289,沪主板,1,1,2026-04-08,2026-04-08,2026-04-07,2026-04-16,133.63,6
605289,沪主板,1,1,2026-04-15,2026-04-15,2026-04-14,2026-04-16,133.63,1
605289,沪主板,2,2,2026-04-27,2026-04-28,2026-04-24,2026-05-11,175.0,6
605289,沪主板,1,1,2026-05-08,2026-05-08,2026-05-07,2026-05-11,175.0,1
605296,沪主板,1,1,2026-05-14,2026-05-14,2026-05-13,2026-05-15,31.19,1
605298,沪主板,1,1,2026-01-08,2026-01-08,2026-01-07,2026-01-15,46.0,5
605298,沪主板,1,1,2026-03-05,2026-03-05,2026-03-04,2026-03-10,54.5,3
605298,沪主板,2,1,2026-04-17,2026-04-21,2026-04-16,2026-04-23,65.0,2
605299,沪主板,1,1,2026-01-21,2026-01-21,2026-01-20,2026-01-22,13.237,1
605299,沪主板,1,1,2026-03-16,2026-03-16,2026-03-13,2026-04-02,23.43,13
605299,沪主板,5,2,2026-03-20,2026-03-31,2026-03-19,2026-04-08,23.777,5
605299,沪主板,1,1,2026-04-07,2026-04-07,2026-04-03,2026-04-08,23.777,1
605299,沪主板,1,1,2026-04-20,2026-04-20,2026-04-17,2026-05-08,27.66,11
605299,沪主板,2,2,2026-04-29,2026-04-30,2026-04-28,2026-05-08,27.66,3
605303,沪主板,1,1,2026-01-07,2026-01-07,2026-01-06,2026-01-08,19.85,1
605303,沪主板,1,1,2026-04-03,2026-04-03,2026-04-02,2026-04-17,25.33,9
605303,沪主板,1,1,2026-05-18,2026-05-18,2026-05-15,2026-05-20,30.26,2
605305,沪主板,1,1,2026-03-12,2026-03-12,2026-03-11,2026-03-16,44.68,2
605305,沪主板,1,1,2026-04-08,2026-04-08,2026-04-07,2026-04-13,46.1,3
605318,沪主板,1,1,2026-01-19,2026-01-19,2026-01-16,2026-01-26,68.79,5
605318,沪主板,1,1,2026-02-12,2026-02-12,2026-02-11,2026-02-27,82.37,5
605318,沪主板,1,1,2026-03-10,2026-03-10,2026-03-09,2026-03-11,79.0,1
605318,沪主板,2,2,2026-04-08,2026-04-09,2026-04-07,2026-04-20,99.97,7
605318,沪主板,1,1,2026-05-18,2026-05-18,2026-05-15,2026-05-19,107.69,1
605336,沪主板,1,1,2026-04-16,2026-04-16,2026-04-15,2026-04-20,16.33,2
605358,沪主板,1,1,2026-01-06,2026-01-06,2026-01-05,2026-01-07,45.07,1
605358,沪主板,1,1,2026-05-08,2026-05-08,2026-05-07,2026-05-13,54.66,3
605358,沪主板,1,1,2026-05-19,2026-05-19,2026-05-18,2026-05-20,56.92,1
605365,沪主板,1,1,2026-04-15,2026-04-15,2026-04-14,2026-04-23,33.46,6
605365,沪主板,2,2,2026-04-21,2026-04-22,2026-04-20,2026-04-23,33.46,1
605366,沪主板,1,1,2026-01-20,2026-01-20,2026-01-19,2026-01-26,7.2,4
605366,沪主板,1,1,2026-03-16,2026-03-16,2026-03-13,2026-03-17,11.2,1
605366,沪主板,2,2,2026-03-24,2026-03-25,2026-03-23,2026-03-26,12.0,1
605366,沪主板,1,1,2026-04-15,2026-04-15,2026-04-14,2026-04-22,14.57,5
605366,沪主板,1,1,2026-05-14,2026-05-14,2026-05-13,2026-05-15,13.23,1
605368,沪主板,1,1,2026-03-03,2026-03-03,2026-03-02,2026-03-04,9.75,1
605376,沪主板,1,1,2026-01-19,2026-01-19,2026-01-16,2026-01-29,97.97,8
605376,沪主板,1,1,2026-02-04,2026-02-04,2026-02-03,2026-02-25,120.3,9
605376,沪主板,1,1,2026-04-22,2026-04-22,2026-04-21,2026-04-23,127.0,1
605376,沪主板,1,1,2026-04-30,2026-04-30,2026-04-29,2026-05-11,142.5,4
605376,沪主板,1,1,2026-05-19,2026-05-19,2026-05-18,2026-05-20,148.9,1
605388,沪主板,1,1,2026-03-27,2026-03-27,2026-03-26,2026-03-30,7.08,1
605388,沪主板,3,3,2026-04-15,2026-04-17,2026-04-14,2026-04-21,9.1,2
605389,沪主板,1,1,2026-03-19,2026-03-19,2026-03-18,2026-03-20,78.58,1
605389,沪主板,1,1,2026-04-30,2026-04-30,2026-04-29,2026-05-08,132.58,3
605398,沪主板,1,1,2026-01-12,2026-01-12,2026-01-09,2026-01-13,36.77,1
605398,沪主板,1,1,2026-02-27,2026-02-27,2026-02-26,2026-03-02,33.56,1
605399,沪主板,1,1,2026-03-06,2026-03-06,2026-03-05,2026-03-11,16.88,3
605399,沪主板,1,1,2026-05-14,2026-05-14,2026-05-13,2026-05-20,16.19,4
605488,沪主板,1,1,2026-01-19,2026-01-19,2026-01-16,2026-01-23,48.68,4
605488,沪主板,1,1,2026-01-22,2026-01-22,2026-01-21,2026-01-23,48.68,1
605488,沪主板,1,1,2026-02-06,2026-02-06,2026-02-05,2026-02-10,46.67,2
605488,沪主板,1,1,2026-05-19,2026-05-19,2026-05-18,2026-05-20,40.1,1
605555,沪主板,1,1,2026-03-26,2026-03-26,2026-03-25,2026-03-27,16.81,1
605566,沪主板,1,1,2026-02-09,2026-02-09,2026-02-06,2026-02-10,34.9,1
605566,沪主板,1,1,2026-05-08,2026-05-08,2026-05-07,2026-05-11,37.15,1
605580,沪主板,1,1,2026-01-15,2026-01-15,2026-01-14,2026-01-16,30.0,1
605580,沪主板,1,1,2026-01-20,2026-01-20,2026-01-19,2026-01-21,27.47,1
605588,沪主板,1,1,2026-04-22,2026-04-22,2026-04-21,2026-04-23,62.0,1
605589,沪主板,2,2,2026-04-03,2026-04-07,2026-04-02,2026-04-17,39.03,8
605589,沪主板,1,1,2026-05-13,2026-05-13,2026-05-12,2026-05-20,47.99,5
605598,沪主板,1,1,2026-01-23,2026-01-23,2026-01-22,2026-01-26,72.38,1
605598,沪主板,1,1,2026-02-09,2026-02-09,2026-02-06,2026-02-10,64.99,1
605598,沪主板,1,1,2026-05-07,2026-05-07,2026-05-06,2026-05-11,62.5,2
605599,沪主板,1,1,2026-01-28,2026-01-28,2026-01-27,2026-02-06,28.35,7
605599,沪主板,1,1,2026-02-03,2026-02-03,2026-02-02,2026-02-06,28.35,3
688001,科创板,1,1,2026-04-27,2026-04-27,2026-04-24,2026-04-28,61.2,1
688002,科创板,1,1,2026-01-23,2026-01-23,2026-01-22,2026-01-26,132.0,1
688003,科创板,1,1,2026-05-13,2026-05-13,2026-05-12,2026-05-18,109.44,3
688020,科创板,1,1,2026-04-21,2026-04-21,2026-04-20,2026-05-06,176.99,8
688025,科创板,1,1,2026-01-30,2026-01-30,2026-01-29,2026-02-04,185.91,3
688025,科创板,1,1,2026-02-09,2026-02-09,2026-02-06,2026-02-10,234.02,1
688025,科创板,1,1,2026-02-26,2026-02-26,2026-02-25,2026-03-03,289.2,3
688028,科创板,1,1,2026-02-27,2026-02-27,2026-02-26,2026-03-05,129.99,4
688031,科创板,1,1,2026-01-06,2026-01-06,2026-01-05,2026-01-14,229.29,6
688031,科创板,1,1,2026-01-12,2026-01-12,2026-01-09,2026-01-14,229.29,2
688031,科创板,1,1,2026-03-05,2026-03-05,2026-03-04,2026-03-10,264.88,3
688035,科创板,1,1,2026-02-11,2026-02-11,2026-02-10,2026-03-02,79.97,7
688037,科创板,1,1,2026-01-07,2026-01-07,2026-01-06,2026-01-08,228.88,1
688047,科创板,1,1,2026-01-21,2026-01-21,2026-01-20,2026-01-22,203.05,1
688048,科创板,1,1,2026-03-10,2026-03-10,2026-03-09,2026-03-11,194.85,1
688048,科创板,1,1,2026-04-22,2026-04-22,2026-04-21,2026-04-24,410.0,2
688055,科创板,1,1,2026-03-05,2026-03-05,2026-03-04,2026-03-12,4.72,5
688066,科创板,1,1,2026-01-08,2026-01-08,2026-01-07,2026-01-12,49.8,2
688068,科创板,1,1,2026-03-27,2026-03-27,2026-03-26,2026-04-01,140.98,3
688069,科创板,1,1,2026-05-07,2026-05-07,2026-05-06,2026-05-20,69.77,9
688079,科创板,1,1,2026-03-05,2026-03-05,2026-03-04,2026-03-12,14.88,5
688080,科创板,1,1,2026-01-14,2026-01-14,2026-01-13,2026-01-15,67.9,1
688081,科创板,1,1,2026-04-13,2026-04-13,2026-04-10,2026-04-22,57.0,7
688095,科创板,1,1,2026-01-12,2026-01-12,2026-01-09,2026-01-14,134.18,2
688110,科创板,1,1,2026-01-27,2026-01-27,2026-01-26,2026-01-28,156.84,1
688118,科创板,1,1,2026-01-12,2026-01-12,2026-01-09,2026-01-14,40.59,2
688118,科创板,1,1,2026-02-27,2026-02-27,2026-02-26,2026-03-02,37.2,1
688119,科创板,1,1,2026-01-12,2026-01-12,2026-01-09,2026-01-14,9.33,2
688125,科创板,1,1,2026-01-07,2026-01-07,2026-01-06,2026-01-08,180.0,1
688126,科创板,1,1,2026-05-19,2026-05-19,2026-05-18,2026-05-20,31.61,1
688135,科创板,1,1,2026-04-13,2026-04-13,2026-04-10,2026-04-17,37.33,4
688143,科创板,2,1,2026-05-14,2026-05-18,2026-05-13,2026-05-20,141.13,2
688146,科创板,1,1,2026-04-03,2026-04-03,2026-04-02,2026-04-24,78.92,14
688146,科创板,3,2,2026-05-11,2026-05-14,2026-05-08,2026-05-15,151.0,1
688155,科创板,1,1,2026-04-30,2026-04-30,2026-04-29,2026-05-07,107.77,2
688156,科创板,1,1,2026-03-30,2026-03-30,2026-03-27,2026-03-31,24.5,1
688158,科创板,1,1,2026-01-26,2026-01-26,2026-01-23,2026-01-28,44.98,2
688158,科创板,1,1,2026-02-12,2026-02-12,2026-02-11,2026-02-13,45.8,1
688158,科创板,1,1,2026-03-09,2026-03-09,2026-03-06,2026-03-10,53.4,1
688166,科创板,1,1,2026-04-15,2026-04-15,2026-04-14,2026-04-21,60.0,4
688167,科创板,1,1,2026-05-07,2026-05-07,2026-05-06,2026-05-14,549.0,5
688176,科创板,2,1,2026-03-04,2026-03-06,2026-03-03,2026-03-10,18.11,2
688182,科创板,1,1,2026-05-19,2026-05-19,2026-05-18,2026-05-20,44.4,1
688184,科创板,1,1,2026-04-27,2026-04-27,2026-04-24,2026-04-28,13.95,1
688187,科创板,1,1,2026-05-13,2026-05-13,2026-05-12,2026-05-14,61.2,1
688189,科创板,1,1,2026-05-11,2026-05-11,2026-05-08,2026-05-12,11.39,1
688195,科创板,1,1,2026-01-22,2026-01-22,2026-01-21,2026-01-28,217.99,4
688205,科创板,1,1,2026-04-03,2026-04-03,2026-04-02,2026-04-09,260.0,3
688216,科创板,1,1,2026-01-28,2026-01-28,2026-01-27,2026-01-29,35.6,1
688221,科创板,1,1,2026-01-09,2026-01-09,2026-01-08,2026-01-13,29.98,2
688221,科创板,1,1,2026-04-27,2026-04-27,2026-04-24,2026-04-28,23.2,1
688223,科创板,1,1,2026-01-23,2026-01-23,2026-01-22,2026-01-26,7.07,1
688223,科创板,1,1,2026-02-04,2026-02-04,2026-02-03,2026-02-09,9.66,3
688226,科创板,1,1,2026-04-03,2026-04-03,2026-04-02,2026-04-08,53.96,2
688227,科创板,2,2,2026-04-16,2026-04-17,2026-04-15,2026-04-20,121.63,1
688229,科创板,1,1,2026-01-12,2026-01-12,2026-01-09,2026-01-13,92.49,1
688229,科创板,1,1,2026-03-09,2026-03-09,2026-03-06,2026-03-10,123.77,1
688232,科创板,1,1,2026-01-12,2026-01-12,2026-01-09,2026-01-13,35.85,1
688234,科创板,1,1,2026-01-16,2026-01-16,2026-01-15,2026-01-21,116.36,3
688256,科创板,1,1,2026-04-30,2026-04-30,2026-04-29,2026-05-06,1317.789,1
688258,科创板,1,1,2026-01-12,2026-01-12,2026-01-09,2026-01-14,179.04,2
688260,科创板,1,1,2026-05-08,2026-05-08,2026-05-07,2026-05-14,54.75,4
688260,科创板,1,1,2026-05-19,2026-05-19,2026-05-18,2026-05-20,64.22,1
688268,科创板,1,1,2026-04-21,2026-04-21,2026-04-20,2026-04-28,213.07,5
688268,科创板,1,1,2026-04-24,2026-04-24,2026-04-23,2026-04-28,213.07,2
688270,科创板,1,1,2026-01-23,2026-01-23,2026-01-22,2026-01-26,228.0,1
688273,科创板,1,1,2026-01-06,2026-01-06,2026-01-05,2026-01-07,60.0,1
688280,科创板,1,1,2026-01-30,2026-01-30,2026-01-29,2026-02-02,11.2,1
688282,科创板,1,1,2026-01-12,2026-01-12,2026-01-09,2026-01-13,96.0,1
688287,科创板,3,3,2026-04-14,2026-04-16,2026-04-13,2026-04-22,2.29,1
688292,科创板,1,1,2026-01-14,2026-01-14,2026-01-13,2026-01-15,40.87,1
688295,科创板,1,1,2026-03-12,2026-03-12,2026-03-11,2026-03-25,66.88,9
688295,科创板,1,1,2026-03-17,2026-03-17,2026-03-16,2026-03-19,63.68,2
688300,科创板,1,1,2026-03-10,2026-03-10,2026-03-09,2026-03-11,103.68,1
688307,科创板,1,1,2026-03-02,2026-03-02,2026-02-27,2026-03-03,69.98,1
688308,科创板,1,1,2026-01-19,2026-01-19,2026-01-16,2026-01-30,54.94,9
688316,科创板,1,1,2026-01-22,2026-01-22,2026-01-21,2026-01-28,98.36,4
688316,科创板,1,1,2026-03-09,2026-03-09,2026-03-06,2026-03-10,95.49,1
688317,科创板,1,1,2026-01-26,2026-01-26,2026-01-23,2026-01-27,28.58,1
688323,科创板,2,2,2026-01-23,2026-01-26,2026-01-22,2026-01-27,30.95,1
688323,科创板,1,1,2026-05-13,2026-05-13,2026-05-12,2026-05-20,43.42,5
688323,科创板,1,1,2026-05-20,2026-05-20,2026-05-19,2026-05-21,43.42,1
688325,科创板,1,1,2026-01-12,2026-01-12,2026-01-09,2026-01-13,119.98,1
688328,科创板,1,1,2026-03-18,2026-03-18,2026-03-17,2026-03-19,47.8,1
688328,科创板,1,1,2026-05-11,2026-05-11,2026-05-08,2026-05-12,72.0,1
688331,科创板,1,1,2026-01-13,2026-01-13,2026-01-12,2026-01-14,113.0,1
688333,科创板,1,1,2026-01-12,2026-01-12,2026-01-09,2026-01-13,138.0,1
688335,科创板,1,1,2026-02-02,2026-02-02,2026-01-30,2026-02-04,44.74,2
688343,科创板,1,1,2026-02-27,2026-02-27,2026-02-26,2026-03-02,109.11,1
688345,科创板,1,1,2026-04-07,2026-04-07,2026-04-03,2026-04-13,55.69,4
688350,科创板,1,1,2026-05-11,2026-05-11,2026-05-08,2026-05-12,40.83,1
688360,科创板,1,1,2026-05-19,2026-05-19,2026-05-18,2026-05-20,24.88,1
688362,科创板,1,1,2026-01-16,2026-01-16,2026-01-15,2026-01-22,54.36,4
688365,科创板,2,1,2026-01-12,2026-01-14,2026-01-09,2026-01-15,30.99,1
688375,科创板,1,1,2026-01-12,2026-01-12,2026-01-09,2026-01-14,178.17,2
688376,科创板,1,1,2026-01-16,2026-01-16,2026-01-15,2026-01-20,82.68,2
688380,科创板,1,1,2026-01-20,2026-01-20,2026-01-19,2026-01-30,60.99,8
688381,科创板,1,1,2026-04-27,2026-04-27,2026-04-24,2026-05-20,45.49,14
688387,科创板,2,2,2026-01-09,2026-01-12,2026-01-08,2026-01-13,21.58,1
688390,科创板,1,1,2026-01-22,2026-01-22,2026-01-21,2026-01-26,100.99,2
688400,科创板,1,1,2026-04-30,2026-04-30,2026-04-29,2026-05-08,68.86,3
688418,科创板,1,1,2026-01-09,2026-01-09,2026-01-08,2026-01-12,68.65,1
688419,科创板,1,1,2026-05-19,2026-05-19,2026-05-18,2026-05-20,61.55,1
688429,科创板,1,1,2026-02-04,2026-02-04,2026-02-03,2026-02-09,19.01,3
688432,科创板,1,1,2026-02-25,2026-02-25,2026-02-24,2026-02-26,18.13,1
688435,科创板,1,1,2026-02-09,2026-02-09,2026-02-06,2026-02-10,65.56,1
688478,科创板,1,1,2026-04-10,2026-04-10,2026-04-09,2026-04-23,45.5,9
688478,科创板,1,1,2026-05-14,2026-05-14,2026-05-13,2026-05-15,79.9,1
688479,科创板,1,1,2026-01-14,2026-01-14,2026-01-13,2026-01-15,27.75,1
688480,科创板,1,1,2026-02-12,2026-02-12,2026-02-11,2026-03-02,155.0,6
688485,科创板,2,1,2026-04-03,2026-04-08,2026-04-02,2026-04-14,45.98,4
688488,科创板,1,1,2026-04-01,2026-04-01,2026-03-31,2026-04-07,19.68,3
688503,科创板,1,1,2026-02-09,2026-02-09,2026-02-06,2026-02-11,99.23,2
688507,科创板,1,1,2026-05-18,2026-05-18,2026-05-15,2026-05-20,157.92,2
688516,科创板,1,1,2026-01-23,2026-01-23,2026-01-22,2026-01-29,104.56,4
688516,科创板,1,1,2026-02-03,2026-02-03,2026-02-02,2026-02-04,127.5,1
688521,科创板,1,1,2026-04-30,2026-04-30,2026-04-29,2026-05-06,296.96,1
688523,科创板,1,1,2026-01-06,2026-01-06,2026-01-05,2026-01-12,94.7,4
688525,科创板,1,1,2026-03-04,2026-03-04,2026-03-03,2026-03-10,220.32,4
688530,科创板,1,1,2026-02-26,2026-02-26,2026-02-25,2026-03-02,42.9,2
688530,科创板,1,1,2026-04-27,2026-04-27,2026-04-24,2026-05-06,58.32,4
688531,科创板,1,1,2026-04-30,2026-04-30,2026-04-29,2026-05-20,163.47,11
688545,科创板,1,1,2026-05-11,2026-05-11,2026-05-08,2026-05-18,98.0,5
688548,科创板,1,1,2026-01-07,2026-01-07,2026-01-06,2026-01-21,25.0,10
688549,科创板,1,1,2026-05-15,2026-05-15,2026-05-14,2026-05-18,19.5,1
688551,科创板,1,1,2026-03-24,2026-03-24,2026-03-23,2026-03-25,48.82,1
688551,科创板,1,1,2026-05-11,2026-05-11,2026-05-08,2026-05-15,74.77,4
688552,科创板,1,1,2026-01-08,2026-01-08,2026-01-07,2026-01-19,52.48,7
688556,科创板,1,1,2026-01-23,2026-01-23,2026-01-22,2026-01-26,17.5,1
688560,科创板,1,1,2026-04-17,2026-04-17,2026-04-16,2026-04-20,17.85,1
688568,科创板,1,1,2026-01-12,2026-01-12,2026-01-09,2026-01-14,99.95,2
688580,科创板,1,1,2026-01-06,2026-01-06,2026-01-05,2026-01-07,72.27,1
688583,科创板,1,1,2026-01-30,2026-01-30,2026-01-29,2026-02-03,167.46,2
688596,科创板,1,1,2026-05-14,2026-05-14,2026-05-13,2026-05-18,52.45,2
688603,科创板,1,1,2026-05-11,2026-05-11,2026-05-08,2026-05-14,152.0,3
688607,科创板,1,1,2026-01-12,2026-01-12,2026-01-09,2026-01-13,64.79,1
688610,科创板,1,1,2026-05-19,2026-05-19,2026-05-18,2026-05-20,189.9,1
688618,科创板,1,1,2026-05-11,2026-05-11,2026-05-08,2026-05-12,48.45,1
688625,科创板,1,1,2026-05-13,2026-05-13,2026-05-12,2026-05-20,99.29,5
688626,科创板,1,1,2026-01-06,2026-01-06,2026-01-05,2026-01-07,95.0,1
688628,科创板,1,1,2026-04-17,2026-04-17,2026-04-16,2026-04-23,107.38,4
688630,科创板,1,1,2026-04-08,2026-04-08,2026-04-07,2026-04-10,253.579,2
688633,科创板,1,1,2026-04-24,2026-04-24,2026-04-23,2026-04-30,39.73,4
688651,科创板,1,1,2026-01-07,2026-01-07,2026-01-06,2026-01-08,60.39,1
688655,科创板,1,1,2026-03-10,2026-03-10,2026-03-09,2026-03-11,32.35,1
688655,科创板,1,1,2026-04-08,2026-04-08,2026-04-07,2026-04-29,40.97,15
688661,科创板,1,1,2026-02-25,2026-02-25,2026-02-24,2026-02-26,108.5,1
688661,科创板,1,1,2026-04-21,2026-04-21,2026-04-20,2026-05-08,133.48,10
688662,科创板,1,1,2026-01-07,2026-01-07,2026-01-06,2026-01-08,65.99,1
688667,科创板,1,1,2026-04-13,2026-04-13,2026-04-10,2026-04-17,149.88,4
688668,科创板,1,1,2026-04-16,2026-04-16,2026-04-15,2026-04-23,248.0,5
688670,科创板,1,1,2026-01-26,2026-01-26,2026-01-23,2026-01-27,25.71,1
688677,科创板,1,1,2026-03-30,2026-03-30,2026-03-27,2026-04-03,72.4,4
688677,科创板,1,1,2026-04-27,2026-04-27,2026-04-24,2026-04-28,125.21,1
688679,科创板,1,1,2026-01-12,2026-01-12,2026-01-09,2026-01-23,54.88,9
688680,科创板,1,1,2026-02-03,2026-02-03,2026-02-02,2026-02-04,74.96,1
688690,科创板,1,1,2026-04-10,2026-04-10,2026-04-09,2026-04-13,33.75,1
688693,科创板,1,1,2026-04-08,2026-04-08,2026-04-07,2026-04-14,99.73,4
688697,科创板,1,1,2026-05-15,2026-05-15,2026-05-14,2026-05-19,25.97,2
688699,科创板,1,1,2026-01-22,2026-01-22,2026-01-21,2026-01-28,76.2,4
688699,科创板,1,1,2026-04-30,2026-04-30,2026-04-29,2026-05-11,67.84,4
688702,科创板,1,1,2026-01-27,2026-01-27,2026-01-26,2026-01-29,165.99,2
688710,科创板,1,1,2026-01-07,2026-01-07,2026-01-06,2026-01-13,72.0,4
688726,科创板,1,1,2026-01-23,2026-01-23,2026-01-22,2026-01-29,69.99,4
688727,科创板,1,1,2026-01-07,2026-01-07,2026-01-06,2026-01-08,67.6,1
688759,科创板,2,2,2026-01-07,2026-01-08,2026-01-06,2026-01-12,53.53,2
688766,科创板,1,1,2026-05-11,2026-05-11,2026-05-08,2026-05-13,444.23,2
688786,科创板,1,1,2026-02-26,2026-02-26,2026-02-25,2026-02-27,39.05,1
688787,科创板,1,1,2026-01-12,2026-01-12,2026-01-09,2026-01-14,198.02,2
688805,科创板,1,1,2026-04-15,2026-04-15,2026-04-14,2026-04-21,58.07,4
688807,科创板,1,1,2026-04-17,2026-04-17,2026-04-16,2026-04-28,410.0,7
688818,科创板,1,1,2026-05-08,2026-05-08,2026-05-07,2026-05-11,94.92,1
