code,board,n_days,annual_return,annual_vol,sharpe,max_drawdown,daily_vol,limit_up_count,limit_down_count,vol_mean,vol_cv,vol_price_corr,autocorr,amplitude,short_score,trend_score
000001,深主板,1299,-0.031141046953492957,0.27794894631514433,-0.11203873001261384,-0.6234895902636493,0.017509137836245584,2,0,110156081.17923076,0.5258134670530874,0.21192341055278022,-0.015398472081018966,0.022082118040107707,0.05733041575492341,0.15514223194748358
000002,深主板,1299,-0.2600373880019825,0.37501998261511804,-0.6933960856930074,-0.8773527846177978,0.023624038349508773,11,1,126968676.57384615,0.8117446599814707,0.32548840563430653,0.02582029590560793,0.030062612406379214,0.29452954048140045,0.19080962800875276
000004,深主板,1298,-0.18802266152209834,0.6106519548454324,-0.3079047893487714,-0.8937235271467078,0.03846745738420138,52,24,7442281.410315627,1.0109835956214603,,0.1256563947509168,0.04628086347711054,0.8991247264770241,0.46323851203501093
000006,深主板,814,0.35504919088517317,0.5143635791464078,0.6902689173179433,-0.4358625495694305,0.03240185985453533,23,8,39884000.3006135,0.8265892621497652,0.1893531413615845,0.03761347730972583,0.042334091123847735,0.7336980306345733,0.6039387308533917
000007,深主板,1299,0.2564366542146421,0.46738788231843986,0.5486591841932418,-0.6085972850678734,0.029442669105231304,17,13,9078180.613846153,1.1698754899782624,,0.19909188764149446,0.03957026941410285,0.7284463894967177,0.7483588621444202
000008,深主板,814,0.11725850440366536,0.4024138313792062,0.2913878581205358,-0.3758620689655172,0.025349688618144284,17,4,58702668.83067485,1.1763820123844282,0.29891173422904443,0.02009837677533425,0.02942887512628837,0.44945295404814,0.48074398249452954
000009,深主板,814,-0.08146331770493198,0.32744312692507577,-0.24878615859166314,-0.444662979845894,0.02062697815145496,5,1,25573773.763190184,0.846494809104254,0.2960870868959844,0.035485176088773114,0.026735699701214737,0.19015317286652078,0.3730853391684902
000010,深主板,814,0.024506650341328262,0.5814998835343613,0.04214386113437655,-0.6585365853658536,0.03663104950583198,38,11,37283219.031901844,0.9654179111972839,,0.1043330595514032,0.04939555648438536,0.8713347921225383,0.4971553610503282
000011,深主板,642,-0.026794055722045296,0.39098748628629426,-0.06852918996600771,-0.34159292035398225,0.024629896534566945,7,3,8340668.895800933,0.9849867850432091,0.35635886109048887,-0.04226099131842381,0.03243377355624085,0.4150984682713348,0.2636761487964989
000012,深主板,642,-0.0832810203708122,0.24288124423052784,-0.34288782007295304,-0.36915490562829456,0.015300080246569477,1,0,17114240.74650078,0.7300633954876037,0.1694000014338933,0.014722881437205373,0.019599404771402443,0.05361050328227571,0.33260393873085337
000014,深主板,642,0.09284633591921909,0.4963618307961828,0.18705373813753995,-0.5240118997025075,0.03126785629979574,12,7,11524533.437013997,0.729040047390549,0.35817980675293437,-0.02124515766151906,0.04233303441950965,0.6776805251641137,0.2652078774617068
000016,深主板,642,0.0651143598309687,0.5895059777608503,0.11045580924945966,-0.6201550387596899,0.037135386036694834,35,12,59120276.98289269,1.092302882201434,0.10155988252747936,0.16041991742194167,0.04206961460736563,0.8851203501094091,0.5989059080962801
000017,深主板,642,0.25148031250054403,0.5331038497714905,0.47172856209599406,-0.6178861788617886,0.033582385939678605,28,9,24891553.96578538,1.0352215892959726,0.16295301245788657,0.11994761065380756,0.04108915035570263,0.8089715536105033,0.661925601750547
000019,深主板,642,0.03256841213822814,0.30663655948198837,0.10621177133361748,-0.25170998632010944,0.019316287601662048,2,0,10517731.259720063,0.880391319863676,0.31834447105093844,-0.07588624805262696,0.026417561734996257,0.1673960612691466,0.29978118161925604
000020,深主板,999,0.26144532692480804,0.5246537388395766,0.49831976324626975,-0.5588094095055209,0.03305007898547021,38,19,5798183.599,1.1398465193888803,0.1741042309087788,0.13891767083613596,0.04052499818459512,0.825164113785558,0.7253829321663019
000021,深主板,814,0.6466423160856276,0.5126532618262426,1.261363896880459,-0.5425950196592398,0.032294119990436194,18,5,65532531.21840491,0.823647999697003,0.36689267472874265,0.04105728456634428,0.040418210420703204,0.7035010940919038,0.5943107221006565
000025,深主板,814,0.013993579337486128,0.38110381499514334,0.036718549610070046,-0.3770092547491477,0.02400728376607423,13,5,9090077.869938651,0.9655219405907243,0.41299659330279664,-0.013817249030590043,0.03021571753204712,0.35382932166301967,0.3308533916849016
000026,深主板,814,0.39264716138974665,0.4122364718895649,0.952480404244615,-0.3943856419696272,0.025968456808820418,16,3,8564112.525153374,1.2382905416911985,0.294221231277701,0.019091057023946156,0.03195870198287051,0.5168490153172867,0.5846827133479212
000027,深主板,802,0.1460709129389277,0.2623318083630866,0.5568173903515153,-0.28740157480314965,0.016525350616918604,3,0,25619027.266500622,0.8251133982451488,0.3168895271973323,0.004071204478168918,0.020616492584474285,0.08796498905908096,0.5328227571115974
000028,深主板,802,0.02173154481991335,0.30770293538725724,0.0706250812738048,-0.5059991725279273,0.019383462969506163,3,0,4502058.352428393,0.5980224229121426,0.23202058650525093,-0.0003464140356817724,0.02528560871700197,0.10415754923413567,0.28796498905908097
000029,深主板,801,0.3568671475436995,0.4456268083318575,0.8008206438018899,-0.4460988683740321,0.02807185029498907,12,5,6155042.068578553,0.8559360511131096,0.3469680915408759,0.02826100946016556,0.038471505376823714,0.5691466083150984,0.5772428884026258
000030,深主板,802,0.09126711614078165,0.3110255715575644,0.2934392683010953,-0.32582322357019056,0.019592769374358086,1,1,12155264.856787048,0.6823747325094209,0.25625396915828996,0.056679618796411264,0.028145712520242817,0.14923413566739605,0.624945295404814
000031,深主板,814,-0.037442171112770484,0.389266277000449,-0.09618652661434449,-0.5087719298245613,0.024521470541123098,7,3,23364564.17177914,0.8332656209106444,0.3660761368287808,0.01834345477715346,0.03496309942830338,0.40328227571115977,0.2951859956236324
000032,深主板,814,0.10738655444944278,0.5366407416810004,0.2001088365245243,-0.6940872798751697,0.03380518918745669,17,11,28879549.613496933,0.7484802964711597,0.3082690813409361,0.08366091198652706,0.047275962293817066,0.7750547045951859,0.49715536105032826
000034,深主板,814,0.23767932110134926,0.5396103877726443,0.44046468801762845,-0.5134571974301094,0.03399225930746537,9,3,30570029.382822085,0.672678578492608,0.368988100407304,0.04197317738075906,0.043974490239729956,0.7470459518599563,0.5194748358862145
000035,深主板,814,0.12718761960998726,0.37286141916659615,0.3411123089491843,-0.45074495611439014,0.023488061633462513,9,3,31364946.25398773,1.0226639147114427,0.27234057199898565,0.03220221219547455,0.031189055718651194,0.3759299781181619,0.4967177242888402
000036,深主板,814,0.2041713269163088,0.4425136396091518,0.4613899067532522,-0.47580645161290325,0.027875739099044693,14,7,26062294.72392638,1.225194801192808,0.31844549624584934,0.047315808988931264,0.03538555278644787,0.6218818380743982,0.5603938730853392
000037,深主板,814,0.17245518123253678,0.47025979216591846,0.36672321152153836,-0.5434782608695652,0.029623582420570015,20,9,16910474.96196319,1.0689851660612444,0.35276832855619067,0.02801550338250888,0.03685985219712207,0.6719912472647702,0.437417943107221
000039,深主板,814,0.20370090900294469,0.3350326005288914,0.60800324709111,-0.3428557442850849,0.021105070049968894,6,2,35284820.17546012,0.829613102733427,0.2984289063725365,0.03680181682050617,0.02665877507208964,0.19934354485776806,0.6284463894967177
000042,深主板,814,0.18787065610261,0.4524240843123752,0.4152534372438385,-0.6422674738580078,0.02850003843396818,11,9,9888355.166871166,0.8052911606208769,0.2175963324153156,0.08803727704282605,0.037437526656981836,0.5617067833698031,0.5840262582056893
000045,深主板,811,0.10786728508383048,0.45931890869710074,0.23484181260859846,-0.4547785868022164,0.02893437154481217,15,7,11090337.05049261,0.9743331306698694,0.1399008689360375,0.02044130689750521,0.035730398322076924,0.5991247264770241,0.4223194748358862
000048,深主板,814,0.02691736441985193,0.4012271158472039,0.06708760040560832,-0.4637081025422525,0.025274932566366762,6,8,8042701.327607362,0.8591865705497886,0.31149468681785275,0.10230806526582815,0.03443104859806948,0.4201312910284464,0.5958424507658644
000049,深主板,808,-0.045203761659326935,0.38703522579916516,-0.11679495468658822,-0.6180775152914254,0.024380927525864786,6,1,7693631.924598269,0.8393123147399583,0.32433928187194677,-0.01513872767174191,0.03146050499708214,0.3463894967177243,0.1560175054704595
000050,深主板,814,0.011416456296962307,0.34412438180180666,0.033175377568967046,-0.4477477477477477,0.021677798436224326,4,2,20603773.255214725,0.8060275651215983,0.22668690693490848,0.05233989248814488,0.02888053967688181,0.23260393873085342,0.47680525164113785
000055,深主板,814,-0.04178417743902896,0.2956781730644113,-0.14131640832996686,-0.36765380396849134,0.018625974143770214,2,3,9330326.489570552,0.7312723730535966,0.2854611100153148,-0.042293530771603124,0.02430548946582377,0.11487964989059081,0.2413566739606127
000056,深主板,813,-0.18326805129565982,0.6165173010895104,-0.29726343603300054,-0.7807308970099668,0.03883693946789465,43,19,57674518.80958231,0.9506887352190991,0.07272989822830947,0.13064334483102244,0.04919421156957413,0.8827133479212254,0.47549234135667395
000058,深主板,814,0.09854836498891406,0.45074839312112824,0.2186327594127029,-0.46059223094884316,0.02839447981096387,19,10,18420363.558282208,1.0793010300763326,0.09899615666308745,0.08092957033845294,0.034754979754154404,0.5962800875273523,0.6074398249452955
000059,深主板,814,-0.04105497740917596,0.3801234080585063,-0.10800433895630292,-0.5767878077373974,0.02394552393421746,2,5,21665170.2797546,0.7672329960490318,0.2844913619585227,-0.017065409969521574,0.031715788112284704,0.32210065645514224,0.17943107221006566
000060,深主板,814,0.2679743920243105,0.35207359633399216,0.7611317486304723,-0.40436241610738255,0.02217855188314012,4,3,72334789.73496932,1.055053324397023,0.3149651302878807,0.014916692385883026,0.028738040840895627,0.3199124726477024,0.5442013129102845
000061,深主板,642,0.05196179532832157,0.34808125482894925,0.14928064814595127,-0.38541666666666663,0.02192705800763572,8,0,14277714.463452566,0.9938837808299634,0.23502890881625785,0.06521961808424517,0.030515680821752385,0.3159737417943107,0.5835886214442013
000062,深主板,802,0.6886185700572365,0.5456425912362715,1.2620322920485771,-0.49340535972038013,0.03437225240800108,39,10,23531810.449564133,1.3675472000926414,0.25024757321445895,0.22821216362823565,0.037551543461655776,0.8459518599562363,0.8833698030634574
000063,深主板,814,0.23423810817031843,0.4533240948589523,0.5167122392715514,-0.5234957895196126,0.02855673376929147,8,4,115320725.27607362,0.7362677068816627,0.3217409816645808,-0.04252104626692354,0.035313836437585934,0.5144420131291029,0.3223194748358862
000065,深主板,814,0.24691468845721865,0.4619746113961055,0.5344767490815842,-0.5884849781908605,0.02910166508999526,15,4,24680003.1803681,0.9151508880386724,0.31929916111413853,0.05374488623210122,0.03685389983246648,0.5991247264770241,0.5404814004376368
000066,深主板,814,0.3806852447120137,0.5051213782636539,0.7536510254636475,-0.4979973297730308,0.03181965592351941,23,6,105819170.9607362,1.17904391785422,0.3324945110261997,0.10649457413843795,0.03914899806477355,0.7827133479212254,0.7415754923413567
000068,深主板,814,0.021097712653286083,0.4303505949518734,0.04902447655648173,-0.5973597359735974,0.027109539305032036,15,11,21810546.236809816,1.1620475774899521,0.25405939448388837,0.059493060038076376,0.0351944864473067,0.5859956236323851,0.4192560175054704
000069,深主板,814,-0.21487544371283906,0.3636444080733378,-0.5908943983252567,-0.6779964221824687,0.022907444510031915,6,2,63781285.393865034,0.8482774638558596,0.2898714053803404,0.045435015327344376,0.030768526700019498,0.29431072210065645,0.2682713347921225
000070,深主板,1297,0.30746256584618603,0.5435588998103406,0.5656471928864863,-0.6574633304572908,0.03424099218604845,49,11,31664871.496918336,1.534885179012187,0.0612056901187883,0.08366626830467928,0.04166373651183562,0.9032822757111597,0.6070021881838075
000078,深主板,1298,-0.08295187407521931,0.39765663391027006,-0.20860176092004323,-0.6748582230623819,0.025050013345753068,19,6,30027493.3556582,2.4259985172887846,0.027130504549478834,0.11543860456936993,0.030408530252223596,0.49321663019693657,0.46783369803063457
000088,深主板,814,0.016938800219894468,0.2206507625356475,0.07676746740069797,-0.23483365949119372,0.013899691530145024,1,1,15508626.160736196,0.9291312133267884,0.2656998584065459,-0.09486264946067174,0.019140040213866956,0.09080962800875274,0.29299781181619255
000089,深主板,1299,-0.00477883494630682,0.2223450555592409,-0.02149287707022369,-0.3352468427095293,0.014006421958442638,0,1,7541332.133076923,1.0539415770744556,0.02843326244844718,-0.01829618178811447,0.019312476194490436,0.14091903719912474,0.31050328227571117
000090,深主板,1299,0.0008403311891003185,0.35757241605932505,0.0023501007106792563,-0.5531609195402298,0.022524944966416487,5,3,18636552.82,1.351802310755475,0.06635288263626349,-0.021014046508903317,0.031066379769088652,0.41225382932166305,0.19671772428884027
000096,深主板,1299,0.06700450477674291,0.37898702636971837,0.17679894063544302,-0.6108861898335582,0.02387393861652745,11,5,4500409.65923077,1.485926352264507,0.04869181553051972,0.011494996404995426,0.03151933392977356,0.4636761487964989,0.2912472647702407
000099,深主板,1127,0.35018860762921755,0.4570573460897876,0.7661808974850697,-0.5004861448711715,0.02879190649163709,24,4,24693155.893617023,1.7390634943427024,0.2116582634874982,0.04375312628702033,0.03607016101117597,0.7000000000000001,0.5884026258205689
000100,深主板,814,0.1277416393792723,0.31552833224082794,0.40484998121111077,-0.2976653696498054,0.01987641663581415,3,2,329776477.9141104,0.8605377338719257,0.4037224757841353,-0.022603862109788393,0.027416632209591684,0.1851203501094092,0.42888402625820565
000151,深主板,806,0.07057287824564162,0.4696117707870824,0.15027919365683598,-0.47992588017294635,0.029582760910744934,16,8,12437909.763320941,0.9455445751925733,0.2275463222894684,0.0313963054961683,0.037912286948536544,0.6400437636761488,0.4203501094091904
000153,深主板,813,-0.06225983050466055,0.33226544613104436,-0.1873797929625986,-0.4885303466715628,0.020930755707682658,5,3,10332828.20884521,0.9239093965647754,0.24165813772254832,-0.022132376489073666,0.02681682233964761,0.22450765864332603,0.19409190371991247
000155,深主板,801,0.003614920394403587,0.41227730708123733,0.008768176982613509,-0.5734086242299794,0.025971029184103867,11,6,26201670.68703242,0.9736286641625306,0.36114011372252125,-0.017602605492855965,0.03127175341053305,0.4339168490153173,0.19934354485776806
000156,深主板,814,0.08682517039306847,0.37926565490701747,0.2289296941858733,-0.45999999999999996,0.023891490564571714,7,3,16429591.743558282,1.0588339684014219,0.24636704478884752,-0.00920242205199242,0.031199968314212415,0.4015317286652078,0.34573304157549234
000157,深主板,801,0.21877999107854285,0.319357633157896,0.6850626644341837,-0.3845202799217371,0.020117639919666377,0,2,57899374.72319202,0.6691996075689159,0.25696137595646695,-0.01750438500336774,0.02708085178462091,0.14551422319474838,0.47352297592997805
000158,深主板,801,0.6119977902567686,0.5987778808507885,1.0220781525650149,-0.5845032397408207,0.03771946103089169,39,9,107218642.41396509,0.9877436225124812,0.19610357705102985,0.06412983989407336,0.048481232834507414,0.8877461706783369,0.6354485776805252
000159,深主板,801,0.06457596557481837,0.43566356951059987,0.1482243871053056,-0.5491124260355029,0.027444225243232118,7,5,14639109.637157107,1.0060679911803028,0.32820095796490384,0.05092510333930513,0.035842520214288666,0.5614879649890591,0.4415754923413566
000166,深主板,814,0.06773537347766223,0.2437766492053278,0.27785833343131316,-0.28934817170111293,0.015356485458141162,2,2,84772648.30552147,0.685421922452658,0.275031733068537,0.06997589378655157,0.020212004252227446,0.04617067833698031,0.6667396061269146
000301,深主板,642,0.08882626521677861,0.3236870764714091,0.2744201782323074,-0.3958513396715644,0.02039036921306893,2,2,19459481.33748056,0.698757977467843,0.2435087145338496,0.074773548887934,0.028648654661578402,0.17155361050328227,0.6439824945295405
000333,深主板,642,0.2601931414455896,0.24196820330770236,1.075319558060739,-0.17068786817281334,0.015242564074697545,0,0,31711805.598755833,0.4455598778572831,-0.0009232067423340705,-0.07754147586576465,0.0229268118876223,0.03785557986870897,0.48555798687089713
000338,深主板,642,0.6686847973687828,0.3814269339184878,1.753113736618513,-0.37824106517168876,0.02402763834500443,5,1,79913759.72006221,0.6365272026247897,0.2613839271446992,-0.04661735674479334,0.03012219834187501,0.274835886214442,0.4851203501094091
000400,深主板,642,0.23907197321429297,0.3806588338557137,0.6280478789700482,-0.41464832960195386,0.02397925258909697,4,1,23257596.111975115,0.7962981953654787,0.3107385608374085,-0.0011300568082749259,0.03376694832840139,0.3612691466083151,0.48665207877461714
000401,深主板,642,-0.18565821892076506,0.3072580238278105,-0.6042420523566513,-0.4889178617992177,0.019355436175655827,2,1,13614513.530326594,0.7189543157863238,0.24234933218812543,-0.0254907552700011,0.02502300959092972,0.1199124726477024,0.1560175054704595
000402,深主板,801,-0.09492715310731781,0.4087365350876038,-0.23224533399484884,-0.6299065420560748,0.025747981514000616,15,2,36828762.71446384,1.0909620716824784,0.3386357181112916,0.09877866742371262,0.03117805438216302,0.4669584245076587,0.4444201312910285
000403,深主板,801,0.01724431833843698,0.36782049678994255,0.046882429035174145,-0.4272101641079936,0.02317051337186713,5,0,8623320.211970074,0.8910126999974111,0.25398677234737765,0.05625988179684373,0.029358867945406493,0.29606126914660835,0.5054704595185995
000404,深主板,814,0.3097174316951339,0.3409715862484177,0.908337950099709,-0.35632768884365074,0.021479190984583913,3,2,16785969.332515337,0.7787559780261397,0.2873366684277693,0.12107808502309145,0.027424300743082476,0.2037199124726477,0.8693654266958424
000407,深主板,801,0.17079270080351305,0.3679283365471961,0.46420099741788867,-0.38919186911254333,0.023177306638037094,10,5,21474285.314214464,1.470977166355398,0.22439073428957035,0.04900589760311606,0.0270523571779528,0.38752735229759294,0.6150984682713349
000408,深主板,809,0.559045050150323,0.34719218369086496,1.61018904344946,-0.3250860592139011,0.021871051790273432,1,2,10979214.51234568,0.5242822495250621,0.1807791635258106,0.007928315309486874,0.030200119391554873,0.20350109409190373,0.6072210065645514
000409,深主板,814,0.21871776484804162,0.4613590941368075,0.47407272909024945,-0.45022026431718054,0.029062891147238815,17,6,22563161.982822087,1.1824337688032227,0.36652769571427135,0.043041721779063916,0.03632258652668717,0.6785557986870898,0.574617067833698
000410,深主板,1286,0.1612796918693562,0.3643771584123121,0.4426174587125455,-0.39792387543252594,0.02295360344265154,8,2,181047.1546231546,6.267849726047882,0.0932590966842765,0.026816939229263658,0.03109238667762548,0.44004376367614884,0.5400437636761488
000411,深主板,642,0.07290016672525712,0.3298935815771872,0.2209808580595262,-0.3176939058171745,0.020781342284991344,5,1,6218599.066874028,0.9772011437438651,0.35282377014048805,-0.0969211080768957,0.027227115610943962,0.24179431072210067,0.3212253829321663
000415,深主板,814,0.3029671327809451,0.38485347463659786,0.7872272247691805,-0.43434343434343436,0.02424349012113195,10,3,83904995.54969326,1.0799575350507657,0.2653290276068005,0.06732912189577468,0.03150799662416557,0.42428884026258207,0.7045951859956237
000417,深主板,814,0.333024498515172,0.4213156883548534,0.7904393492099965,-0.3148751357220414,0.026540393686593663,11,5,24587521.57423313,0.9712205823702752,0.30788609951623575,0.014414968275602716,0.033177792847528205,0.47658643326039385,0.5774617067833698
000419,深主板,814,-0.05542282580000757,0.36179779863086725,-0.1531872941453522,-0.5680969795133309,0.022791119049235708,3,7,12410128.27607362,0.9833391301251033,0.3082467844150641,-0.013183338401246,0.029151144325497234,0.3185995623632385,0.18818380743982493
000420,深主板,814,0.09100835470982616,0.43860780251610276,0.20749369753057445,-0.5474747474747474,0.027629694489288998,14,1,70769436.64662577,1.1370927502843426,0.30553620923148395,0.016272375586061975,0.03565646682461159,0.6024070021881838,0.34617067833698034
000421,深主板,804,0.20392233738989263,0.4702908480232566,0.4336089852631118,-0.6059698003336628,0.029625538755695457,22,10,21117259.741614908,1.0497704203756761,0.022580910463207125,0.05766547929051733,0.034623933012991714,0.6269146608315098,0.5212253829321662
000422,深主板,814,0.09633768353884142,0.41674912473992565,0.2311646931447341,-0.5386617076367769,0.026252727218230448,9,3,31683144.957055215,0.9266768665788307,0.4419468876649497,0.03697138232157073,0.03496824989753382,0.48336980306345734,0.4347921225382932
000423,深主板,814,0.15436542417127108,0.2923946321323671,0.5279352190753961,-0.3370507997322686,0.0184191305074395,2,1,6366000.322699387,0.515820011921381,0.07183859739465508,0.0325841941947108,0.026444275771631966,0.0949671772428884,0.6024070021881838
000425,深主板,814,0.3184534397170826,0.35274774737599024,0.9027795133660949,-0.31558302454840204,0.02222101940702636,2,1,85376952.37668711,0.5750949010059696,0.17853140319403807,-0.054937798658787354,0.03196854148808463,0.24288840262582057,0.4647702407002188
000426,深主板,814,1.006087610309656,0.4869671680993343,2.0660276014838614,-0.47543604651162785,0.030676048177243443,8,4,40268102.775460124,0.6847273216444938,0.022087168790426753,0.07416036032666458,0.03964754619434339,0.6223194748358862,0.7472647702407001
000428,深主板,814,-0.06856700343974576,0.40843115866300217,-0.1678789729564208,-0.5804416403785488,0.025728744607434947,6,8,26765826.468711656,0.8022386083466193,0.35492183841334995,0.061278260805649507,0.036081670144869196,0.44945295404814,0.38971553610503284
000429,深主板,814,0.2629762513656324,0.21601360850421505,1.21740594579485,-0.24540011424783326,0.013607578283519528,0,0,9543064.758282209,0.5692599621309019,-0.004809406608427222,-0.023970569507546804,0.022031342286463394,0.02954048140043764,0.5350109409190372
000430,深主板,642,0.13299637042414458,0.4224878004176138,0.314793398277258,-0.42683462721546805,0.026614229806278495,9,4,12250798.133748056,1.037245665639603,0.051147934384824796,0.1283998541451675,0.034622462846170925,0.5288840262582057,0.7485776805251642
000488,深主板,813,-0.16964411961522707,0.3291098183109572,-0.5154635631530748,-0.6795580110497237,0.020731969840010574,1,2,25349330.027027026,0.9860429292579486,0.10710826174256027,0.01624226625332058,0.025455715347817005,0.22538293216630195,0.17286652078774617
000498,深主板,1299,0.13695016543764083,0.3874631536964489,0.35345339068016773,-0.5922592259225923,0.02440788444956192,10,6,8332643.292307693,1.08419017536794,0.06250780218458318,0.029606373394549187,0.03047447078992269,0.4142231947483589,0.4100656455142232
000501,深主板,814,-0.030861517458144472,0.3534672003998215,-0.08731083795960622,-0.4506200059972131,0.022266340687527572,6,3,14067849.570552148,1.1521067215955407,0.2645874352122211,-0.039916611461113485,0.027358034475214572,0.33719912472647706,0.21203501094091903
000503,深主板,814,-0.0013881702479742186,0.46937982329325667,-0.0029574561561563433,-0.5759408602150538,0.029568149592033324,19,2,22650018.45398773,0.940700507456612,0.3462066409501218,0.08876089246939446,0.03969812069342965,0.6603938730853393,0.49671772428884026
000504,深主板,813,0.050357260209310306,0.5046220260653373,0.09979203762062927,-0.55390625,0.03178819969177229,21,13,4954360.1486486485,1.052531373946187,0.13487600533003463,0.15719823469740207,0.04011782966625863,0.7597374179431072,0.6280087527352297
000505,深主板,801,0.0017869783695700914,0.3925389239410885,0.004552359678446251,-0.4547128977298891,0.024727627920500442,11,4,13701176.10349127,1.2765227183023606,0.37056505165922415,-0.02689794321142232,0.029417008958089786,0.44770240700218816,0.23785557986870898
000506,深主板,807,0.907196814221473,0.63039617882037,1.4390899639002677,-0.8658008658008658,0.03971122658581195,32,7,52530299.41336634,0.9415056628174959,-0.009320489676128522,0.23043583431087097,0.044348025602598734,0.8652078774617067,0.7914660831509847
000507,深主板,814,0.02002360671744663,0.27147079168479377,0.07375970944489729,-0.27072538860103623,0.017101052452756796,4,1,14096547.645398773,1.1041501372378513,0.43400366200721097,-0.10995500444262299,0.021322767890114253,0.18599562363238512,0.2842450765864333
000509,深主板,814,0.1009400992619709,0.4573556187968687,0.22070374805388088,-0.5210970464135021,0.028810695906061248,22,7,19502018.413496934,1.2329516324890313,0.32733090095034856,0.10411851457268517,0.0380219715387581,0.7059080962800875,0.611597374179431
000510,深主板,814,0.4918712037474424,0.5551110504773117,0.8860771251527194,-0.6092124814264488,0.03496870927587594,25,14,30461924.163190182,1.2122902134305267,0.16333677212017372,0.09686561015263517,0.044500345652690794,0.9142231947483588,0.6814004376367615
000513,深主板,814,0.056831966193675365,0.2534308126420566,0.22425042007005017,-0.29658314350797266,0.015964640590759187,1,1,6342145.212269939,0.6424814365004055,0.11961889022078616,-0.019104842501122158,0.02239507713980399,0.05689277899343545,0.387527352297593
000514,深主板,814,0.1407035280971889,0.4970847652978052,0.28305741378513766,-0.5627062706270627,0.03131339689278339,21,8,27716559.25398773,1.025962253781985,0.4035735194541666,0.1138124489013719,0.04114044212958134,0.7553610503282275,0.6288840262582056
000516,深主板,814,-0.2111323492191255,0.39622719039444737,-0.5328567910974044,-0.6821400472069237,0.024959966868227337,12,2,31125955.50797546,1.01257263176729,0.2429249743659484,0.04939005544178187,0.031376819378519154,0.4201312910284464,0.27614879649890595
000517,深主板,801,0.0838040611392381,0.4137445309106262,0.20255025717147376,-0.4603180473372781,0.02606345559768079,9,4,31680040.09351621,0.7015417588630377,0.3707480049675918,0.05610270752513952,0.03521434560968312,0.42735229759299775,0.52472647702407
000518,深主板,812,0.17732384275046287,0.4927909311391255,0.35983584831921456,-0.6083150984682714,0.031042910765287656,21,8,25441017.41082411,1.2223763439833133,0.11028660368645264,0.036853432823181986,0.03726954868471031,0.7457330415754924,0.4345733041575492
000519,深主板,801,0.02234860416658746,0.4118681816326592,0.05426154571590563,-0.608820857199289,0.025945256703342783,9,1,39011385.976309225,0.832028643457324,0.4609258503805591,0.023470714882222233,0.03247494782554039,0.4109409190371991,0.29299781181619255
000520,深主板,642,0.2974065777122128,0.5629011728791318,0.5283459904534131,-0.45636623748211735,0.03545944086058949,28,11,36814332.659409024,1.0205379697031014,0.29735431237475507,-0.007365278686818012,0.04361589210256623,0.8641137855579869,0.4339168490153173
000521,深主板,814,0.19870837569790334,0.3884810474503706,0.5115008235331965,-0.5141930107622206,0.024472005728941985,8,2,23848255.931288343,0.7293813376904035,0.2732452726127303,0.06606518886319762,0.03142278552547492,0.32188183807439824,0.611816192560175
000523,深主板,814,0.013244800432543613,0.3654749178751534,0.036239971020577806,-0.3743455497382199,0.023022755788795493,10,2,23969093.00613497,1.1065049127250681,0.35392540330565353,0.02023591592795864,0.02951398871370449,0.36805251641137854,0.4067833698030635
000524,深主板,814,0.03276445076396328,0.45109935449836486,0.07263244878813509,-0.5347793567688855,0.02841658829962951,10,6,14964902.6601227,0.8985631380928789,0.35467524891050867,0.02133652878893371,0.03776430679627072,0.5822757111597374,0.3280087527352297
000525,深主板,642,-0.10434050785824445,0.4394546644578825,-0.23743179057380212,-0.4583431119455528,0.02768304177721172,3,0,21151219.751166407,1.210475051329687,-0.006422265079942589,0.045269250465298345,0.03649574495172221,0.6352297592997811,0.3940919037199125
000526,深主板,814,0.33245872308888846,0.4953555613456697,0.6711516918993298,-0.5511448111804936,0.031204467282700994,23,1,3741259.3865030673,0.9211823436948279,0.19186214051003633,0.05986420829612956,0.042315230122784826,0.7227571115973741,0.5986870897155361
000528,深主板,814,0.2538547243343161,0.35585594178047947,0.7133637366406941,-0.3127383676582761,0.02241681725037686,5,1,32295128.08588957,0.8186658523749439,0.22216408762233228,-0.09362397961262472,0.03154452678006963,0.2912472647702407,0.43479212253829325
000529,深主板,801,-0.04580371318494603,0.3397513137097605,-0.13481541155739218,-0.48911504212370693,0.021402321040083713,1,3,8944125.970074814,0.8039478123373714,0.1973557787549086,-0.002109073925304718,0.02878832980916256,0.22450765864332603,0.24989059080962803
000530,深主板,814,0.1912688334689674,0.45590342476903484,0.4195380492389722,-0.47048611111111116,0.028719216280988353,13,5,30816970.96196319,1.0446953647424424,0.18035322963065342,0.039262009553827644,0.036924785065735724,0.6420131291028447,0.5319474835886214
000531,深主板,801,0.11478477978673274,0.335826697447498,0.34179766129129086,-0.4175875982750731,0.021155093453862128,4,2,10501921.650872817,0.9942209193266859,0.337606839956019,0.008579246840591383,0.02876860975397434,0.2789934354485777,0.4422319474835886
000532,深主板,801,0.09784683652384207,0.45204990244119725,0.21645140502285587,-0.4104193138500636,0.028476467191676614,15,8,12953563.157107232,1.0717526681439637,0.28632611828094423,0.1236113481918223,0.03490402161712705,0.6054704595185996,0.7172866520787747
000533,深主板,814,0.6505708148080578,0.5458450624687482,1.1918598509724645,-0.44698544698544695,0.03438500689678152,30,13,40426737.03926381,1.193265838505468,0.3437633637492182,0.129864208929712,0.04123117369432564,0.8752735229759301,0.862582056892779
000534,深主板,801,0.49349332260976175,0.5044011618195555,0.9783746746925696,-0.562753036437247,0.03177428655206171,16,5,10504583.135910224,0.9964362250675731,0.2524417352606259,0.004916121843528175,0.041653218327477745,0.7564551422319474,0.4560175054704595
000536,深主板,814,0.5362111796564191,0.603603561250829,0.8883499271363562,-0.6584440227703985,0.03802345032244373,53,13,118507946.06380369,1.1099423719542334,0.21936048312652964,0.1946658069002585,0.04600527369151614,0.926258205689278,0.7682713347921224
000537,深主板,814,-0.04061972497235322,0.3247693356264543,-0.12507253769510288,-0.4506346967559943,0.02045854513160161,7,2,16718035.121472392,1.5106131157075267,0.30059045488051855,0.05623992883442289,0.025503652370481293,0.3070021881838074,0.4540481400437637
000538,深主板,814,0.0004479515125657141,0.18577154590159262,0.002411303143286562,-0.2195742812489655,0.01170250740780082,0,0,8225040.536196319,0.525109740043025,0.13463848676720555,0.04967028574593051,0.015772194490826938,0.00612691466083151,0.523851203501094
000539,深主板,814,0.11274306014203184,0.37842279703767084,0.2979288272921058,-0.4693877551020408,0.0238383955095035,9,0,40442241.34969325,1.0589896305124331,0.3782293810213201,0.07142289821633804,0.030861341874531878,0.39452954048140043,0.6032822757111598
000541,深主板,814,0.07099327787455967,0.3527804297544114,0.20123927487695886,-0.47242206235011985,0.022223078203349133,8,3,21100149.534969326,1.2633789948379344,0.3270388071192373,0.04222745611241028,0.02770970824199033,0.3551422319474836,0.4763676148796499
000543,深主板,814,0.31141692331912085,0.3361449133213589,0.9264365188278255,-0.2890093048713738,0.021175139169706626,3,0,36140350.629447855,0.5718167342263414,0.3029501091388332,-0.01490490597865144,0.030430685707393795,0.19934354485776806,0.5391684901531729
000544,深主板,642,0.08361592753093983,0.280483206297444,0.29811384658184364,-0.24071526822558464,0.01766878120935863,1,1,6906275.427682737,0.62393218093879,0.13674352025425135,-0.027384234284179174,0.022133635651373426,0.07352297592997811,0.39781181619256023
000545,深主板,642,0.08454562477125838,0.5358910971156516,0.1577664290866404,-0.5015673981191222,0.033757966018608976,20,10,40429836.23639191,1.0475035221149904,0.20300000681236788,0.12324409156254561,0.04481269327044792,0.8518599562363237,0.6431072210065646
000546,深主板,812,-0.08964033481438105,0.5123590153899136,-0.17495609937918882,-0.7084592145015106,0.0322755842072292,21,10,31253194.067650676,0.9907100956412274,0.07775494683670585,0.02626065382574077,0.04125473284495902,0.7667396061269147,0.23326039387308534
000547,深主板,814,0.48225621117462225,0.49268653430444326,0.978829697173384,-0.5343383584589615,0.031036334382853574,24,8,69959242.78895706,1.7120636190247915,0.2684284200211706,0.1450947686808784,0.03554436450936077,0.7437636761487965,0.8094091903719912
000548,深主板,814,0.040508968464098905,0.3424961864353404,0.1182756774191019,-0.4034188034188033,0.021575231768950577,6,4,11461863.397546012,0.9254576888956276,0.2326473046676016,0.04170933050340726,0.028952067338661045,0.261925601750547,0.48993435448577677
000550,深主板,642,0.16458634318909593,0.45795093525179487,0.35939732953837406,-0.47146552550059073,0.02884819731775456,13,5,10102024.416796267,1.0347432867543107,0.26692803480306515,0.03733946179768714,0.03387764486410977,0.5969365426695843,0.5096280087527352
000551,深主板,642,0.4712995879958386,0.4047863223223041,1.1643169791210841,-0.38947843757055767,0.025499141499648808,12,3,11871002.177293934,1.2784858072437646,0.3187079809848753,0.13335751571071228,0.03333513445128502,0.5282275711159737,0.8938730853391685
000552,深主板,804,0.016469428588439694,0.28938247544394274,0.056912321878420186,-0.4044772044772045,0.01822938247154591,0,1,48946415.23354037,0.7668368235226363,0.18647013198715745,-0.0722232623501522,0.02436672740462644,0.11663019693654267,0.24507658643326038
000553,深主板,642,-0.006345669915035268,0.4152350631443981,-0.015282114826677243,-0.48768472906403937,0.026157350302720938,12,4,8568572.31726283,1.1099356498002666,0.26172993982683673,0.17005198798860954,0.03303362584248163,0.5185995623632385,0.6420131291028446
000554,深主板,642,0.19311823300112452,0.43350232158729185,0.44548373419088466,-0.3782821539830885,0.02730807942116955,12,6,22917091.757387247,0.9526320464694192,0.3496853699199553,-0.0021375200048676614,0.03142876066765468,0.4636761487964989,0.46761487964989057
000555,深主板,814,0.1817341675474693,0.4933095496662263,0.3683978298624683,-0.49741163564057733,0.031075580661669072,22,7,29287197.550920244,1.0629423586788285,0.25553180224215577,0.04513948090933725,0.0400783183911166,0.74945295404814,0.5199124726477025
000557,深主板,814,0.019410685106537873,0.32889109710530073,0.059018578725234305,-0.39573663970295714,0.020718191699138595,8,2,12169053.84171779,0.8983337663518266,0.2693358301775307,0.021187311475127635,0.02689191093090612,0.20809628008752734,0.4050328227571116
000558,深主板,814,0.21246237975716764,0.4796287055249155,0.4429726105001252,-0.49660786974219806,0.03021376848730375,18,9,57884830.53128834,1.075247596945612,0.17743312062386551,0.04340184189426366,0.038295287214929113,0.7146608315098468,0.5358862144420131
000559,深主板,804,0.7112460760361483,0.4406603760440511,1.6140459063309287,-0.29255828808687323,0.027758994467922946,21,5,59629002.98136646,1.3580645997564027,0.26561537501874305,0.12039057140857604,0.03364455344254565,0.6089715536105033,0.913347921225383
000560,深主板,814,0.1928932574879696,0.5304468053489171,0.36364298086608016,-0.6016562121712337,0.03341500787385526,26,6,144364082.09325153,0.8540993362516623,0.3897338890906053,0.06094649894736608,0.04509885575821243,0.7805251641137856,0.5144420131291029
000561,深主板,804,0.11375618170164992,0.494631354691208,0.22998174422781273,-0.5272289865607449,0.031158846551617096,22,6,21668409.298136648,1.0910555164944462,0.3240255476824567,0.025229453820945123,0.039070117997247376,0.7487964989059082,0.40021881838074397
000563,深主板,814,0.04921072591127151,0.2887774428043305,0.17041056058043863,-0.34224667899058503,0.018191268997748505,4,2,63203198.89570552,1.0807271612202247,0.44768636656526245,0.02365511428738671,0.022669739488682346,0.20568927789934355,0.46805251641137857
000564,深主板,801,0.09865811060559992,0.48301281414916075,0.2042556795918317,-0.6213592233009708,0.030426947292765225,18,4,312737397.148379,1.016776272248441,-0.014637336376243147,0.015727975098649954,0.03888690010919405,0.7045951859956237,0.3050328227571116
000565,深主板,814,0.18856411292091102,0.4515376531820706,0.4176044048421307,-0.508114677915207,0.028444198521464088,17,7,13110836.342331288,1.685750394805384,0.28913813523289017,0.12112535952924139,0.03533515317582008,0.6689277899343544,0.7080962800875273
000566,深主板,814,0.13618593270122514,0.5209908694893245,0.26139792590744376,-0.5125570776255708,0.0328193399048586,28,8,42854854.78159509,1.317337252925932,0.22106985359613485,0.11182356616048898,0.03946574987587561,0.8319474835886215,0.6435448577680526
000567,深主板,814,0.08223234481925079,0.41102389626971947,0.20006706560265003,-0.4960082065920344,0.025892071724630632,15,2,17640117.925153375,1.2181230778221686,0.22344452001836795,0.03312026848216999,0.03257636088250316,0.5227571115973741,0.4299781181619256
000568,深主板,814,-0.16337594666707034,0.33557425089324366,-0.48685483535220697,-0.6097176276453701,0.02113919081572184,5,1,9540460.747239264,0.5795529128658026,0.2669773125960089,0.03892106373902221,0.0282349410099673,0.17045951859956238,0.2776805251641138
000570,深主板,814,0.15950850832538177,0.3965756912592972,0.4022145377062173,-0.43246930422919505,0.02498192035918171,11,6,16047673.24417178,1.0525072174219314,0.17374346923288825,-0.01581052101375407,0.03142038194906765,0.43719912472647704,0.39890590809628007
000571,深主板,813,0.4855170150677026,0.49106029997712325,0.9887116003682667,-0.3980891719745223,0.030933891249434402,20,7,22482335.8009828,0.868175041656235,0.2924898560702531,0.024880610038299066,0.042732915880477194,0.7056892778993435,0.6087527352297593
000572,深主板,1298,0.26664344367413695,0.5616063527624352,0.4747870859411906,-0.6766467065868262,0.03537787486008133,52,13,46945806.50192456,1.6340736855581874,0.07795671816511006,0.032071754104967994,0.047213171949660855,0.9549234135667397,0.4231947483588621
000573,深主板,1299,0.29123712134595525,0.5351351181044969,0.5442310016534643,-0.6242884250474383,0.03371034381718279,41,23,17769049.91923077,1.605084277237524,0.06289391943966656,0.09571189595691786,0.04294390441891314,0.899124726477024,0.6312910284463895
000576,深主板,1299,0.0515173738612269,0.45111470436723183,0.11420016541799304,-0.6826568265682658,0.028417555250479017,20,7,6558460.4815384615,1.6779214192044853,0.09103341468743695,0.02547510315520139,0.038510497940658396,0.7164113785557986,0.29824945295404814
000581,深主板,1299,0.08827091368766116,0.3474672374217342,0.25404096899220285,-0.4429561200923787,0.021888378546679632,7,4,8786596.582307693,1.5314884701200577,0.06167383075751775,0.09863036754413174,0.02660440698736597,0.35010940919037203,0.6641137855579868
000582,深主板,1299,0.11597083798650054,0.3320913709972411,0.34921364454080916,-0.43012704174228666,0.020919790004980666,9,6,14520742.18,1.7342904031454314,0.024408543586115813,0.08547942084193323,0.02559267299281468,0.325164113785558,0.674398249452954
000586,深主板,1289,0.36363663495876986,0.5180100559041422,0.7019875981443512,-0.6064844246662429,0.03263156629888157,37,19,5299912.124806201,1.4736986074452956,0.07392939400053009,0.08062440163288585,0.04103972648631458,0.8557986870897156,0.6400437636761488
000589,深主板,814,0.07653578790537763,0.29548650936285886,0.25901618341360994,-0.40815973722880106,0.018613900465444838,0,1,27479974.59754601,0.7159035114809583,0.28557252300443403,-0.004872711345204126,0.024266252320301118,0.10831509846827134,0.3956236323851204
000590,深主板,642,0.19432754288363174,0.48713410186199363,0.39892001430580454,-0.5292987512007685,0.030686564015848603,11,7,7447541.835147745,0.865464831393174,0.2887354881489003,0.041862732776702806,0.04088357418268986,0.6796498905908096,0.4973741794310722
000591,深主板,642,0.05748958282576,0.3080447472820417,0.18662737583745684,-0.3312346974466597,0.019404995094952908,3,0,56146337.79160187,1.1205876866583904,0.417322544376672,-0.010553073791547251,0.024110609984390022,0.23566739606126913,0.39343544857768054
000592,深主板,811,0.7924943877835706,0.5865709159831022,1.3510632153579205,-0.5742574257425742,0.036950494523682154,38,16,128569671.4137931,1.1319464769418355,0.07057402673570812,0.11803164495078053,0.04461140479316012,0.9177242888402626,0.7735229759299781
000593,深主板,812,0.6041119562698465,0.5055739711288462,1.1949032006552565,-0.5565610859728507,0.031848166594149435,22,7,13539023.94587946,1.026936733099439,0.24706646874167346,0.02511426834962161,0.03965274308095786,0.7481400437636762,0.5326039387308534
000595,深主板,808,0.19366620945955737,0.5384750906986572,0.35965676556789394,-0.6602186711522288,0.03392074231408563,29,15,26572871.38566131,1.2650367516462637,0.06475017185216826,0.10807314418583312,0.041677554172920794,0.8765864332603939,0.5947483588621445
000596,深主板,801,-0.23813496131409995,0.36049045133509994,-0.660586044462902,-0.6686137848421024,0.022708763910621585,6,1,2289655.967581047,0.5935608433165352,0.22704371802847048,0.05434795937669388,0.03234933276650665,0.2656455142231947,0.29824945295404814
000597,深主板,814,-0.03643793708500198,0.3357241617824302,-0.1085353430969797,-0.4366412213740458,0.021148634314093463,7,3,20311713.20981595,1.0728242446398089,0.2138784316881999,0.12291941755185122,0.026101795851292436,0.275492341356674,0.6210065645514222
000598,深主板,814,0.14962071421714707,0.2392503214336872,0.6253730959296424,-0.2782464321902507,0.015071353609661968,0,0,21202850.79754601,0.57838348655851,0.15818257933292437,-0.06351497789488882,0.020322650242343178,0.029978118161925603,0.437417943107221
000599,深主板,806,0.19769681935829464,0.45540346024732775,0.43411356437855414,-0.4421052631578948,0.0286877214764933,17,7,20807626.175960347,1.0042408236519509,0.31878967937798464,0.02500465947875739,0.03753714931921788,0.6336980306345734,0.5094091903719913
000600,深主板,801,0.3690465177134412,0.41567432932001563,0.8878260976980442,-0.5262517002396528,0.02618502147081728,10,1,34013926.810473815,0.7637451396258639,0.3637624886622643,0.049913763539599865,0.03616784364909812,0.4603938730853392,0.5995623632385121
000601,深主板,801,0.2754137380184838,0.4362544780041665,0.6313144091459697,-0.4543610547667343,0.02748144897946005,20,6,29313725.421446383,1.75847019266835,0.19539252874199955,0.10873695760490282,0.03224260074342363,0.5886214442013129,0.7671772428884026
000603,深主板,806,0.5381962605199417,0.5463427019195649,0.9850891365968635,-0.6163040050457269,0.03441635523557761,17,9,18391371.708798017,0.6990943618849333,-0.008404949273335391,0.07036357411178953,0.04199975219515338,0.7444201312910284,0.6352297592997812
000605,深主板,814,0.11335617101743067,0.405542637513764,0.27951727027366735,-0.5241342504743833,0.025546784878443647,11,9,8012752.580368098,1.2137278723448273,0.17617159018930562,0.19839066911906622,0.029791067695287884,0.46761487964989057,0.7218818380743982
000607,深主板,814,-0.04308145697998589,0.4392798253541756,-0.098072924121318,-0.5663297142144017,0.027672027948929392,8,6,23433740.419631902,1.0767356374120503,0.27688249474069787,0.061210822328331665,0.037738624459415816,0.6231947483588621,0.4096280087527352
000608,深主板,808,0.17970178306486884,0.5010422500863785,0.35865594774470355,-0.6270718232044199,0.03156269500154258,16,11,20787362.483312733,0.9415104457224974,0.0861774348438144,0.14935742750898165,0.04191555766625112,0.7347921225382932,0.6632385120350108
000609,深主板,808,0.5448898412561867,0.6079087027704575,0.8963349903907094,-0.86281179138322,0.03829464874672649,21,8,15556129.19406675,1.0604014722639588,0.035647372682651716,0.22207024680450246,0.04591824373295225,0.9118161925601751,0.7549234135667396
000610,深主板,813,-0.15944503660614895,0.46110470257860214,-0.34578922252255534,-0.6654594839293798,0.0290468659853663,8,10,17023280.58968059,0.7592154936065364,0.390240733526883,0.005353659974338397,0.038450539940251056,0.5853391684901531,0.16039387308533914
000612,深主板,804,0.4471378795842613,0.438643090611866,1.0193660612789908,-0.4084337349397591,0.02763191743037544,7,4,35013507.340372674,0.9217545617925724,0.3697630895040758,0.012162029007752853,0.0350328352192059,0.5203501094091904,0.5656455142231948
000615,深主板,810,-0.09626975183445019,0.5130702597427694,-0.18763463678973627,-0.8255528255528256,0.03232038839006386,1,3,21717568.62885327,0.8036425953074018,-0.029676999455931226,0.17601720290731598,0.04073523441141888,0.7054704595185995,0.5142231947483589
000617,深主板,814,0.2858385513655268,0.4858232845729327,0.588359101842547,-0.5031645569620253,0.03060399028820339,20,6,158439489.2,1.019747344320496,0.4753398168976242,0.0031864857491417245,0.03597824597843943,0.6636761487964989,0.43566739606126914
000619,深主板,814,0.0548424951923534,0.4276354644672755,0.12824590042052086,-0.5281329923273658,0.026938502161238317,13,8,10199148.422085889,1.13342322420335,0.26985483412534206,0.06420594206923681,0.03316756246901018,0.5472647702407002,0.4908096280087528
000620,深主板,811,0.13889925065041342,0.5975836444747937,0.23243482637897436,-0.7531806615776082,0.0376442312104748,38,16,109534425.48029557,1.3469402630446277,0.0950051533789594,0.22957637291319521,0.04344894004961883,0.9415754923413566,0.6391684901531729
000623,深主板,814,0.1174170529460743,0.2494143042692033,0.4707711263398155,-0.2523908677145331,0.015711624345678746,2,1,12439170.496932516,0.7216111653896425,0.278037573004446,0.0739033327000587,0.019370728046891543,0.053610503282275714,0.7332603938730853
000625,深主板,801,-0.02595376907604996,0.3765116123085743,-0.06893218755436223,-0.5723894451715008,0.02371800218801079,5,3,143651525.7182045,0.7604222288330612,0.39034043123623025,0.0249477249643321,0.02869574256504785,0.2730853391684902,0.29693654266958425
000626,深主板,642,0.18542699874343938,0.5092525546193298,0.36411599129246874,-0.5173697270471465,0.032079895572549616,22,12,10004821.461897356,1.112255779638272,0.27100831924480046,0.1805599515782814,0.03814162782082611,0.7658643326039387,0.7415754923413567
000628,深主板,804,0.9872835110405818,0.5990134065418466,1.6481826621214544,-0.6070479710978463,0.03773429775484184,47,12,17023685.053416148,0.9868889602962085,0.1374631605764976,0.1420234266760813,0.04635861986729329,0.8838074398249453,0.7934354485776804
000629,深主板,814,-0.03674359935435012,0.35989749585444175,-0.10209462354584105,-0.6177474402730375,0.022671411226327435,7,2,100227416.99877301,0.8077420300954985,0.24096182997533364,-0.005737006343758446,0.028852254246041206,0.2575492341356674,0.1811816192560175
000630,深主板,642,0.39310855737134154,0.425028085875369,0.9249001899761814,-0.3917301414581066,0.0267742527486674,6,5,256541317.57387248,0.7384589817668175,0.24792701679731644,0.06815274916976821,0.032537873035451005,0.4164113785557987,0.7444201312910285
000631,深主板,814,0.09119640466160983,0.41381007537717407,0.22038227217761036,-0.5233120020895912,0.0260675845109737,13,6,19759262.366871167,1.1814115472363478,0.2984954184355024,0.1422843548774081,0.0323776902828848,0.5201312910284465,0.6724288840262581
000632,深主板,813,0.08877201318236128,0.5247631904134068,0.16916585386339114,-0.5977142857142856,0.033056973786540676,20,20,22632587.100737102,1.2064308420043377,0.1005274573234451,0.12173427554203889,0.04072504179427492,0.8380743982494531,0.5947483588621444
000633,深主板,642,0.08197427095442844,0.4984252982642385,0.16446651331684625,-0.5859284890426759,0.03139784253215163,14,9,15143854.587869363,0.9795526744331488,0.07016777128730126,0.0944675401195135,0.0411233107399956,0.7350109409190373,0.5472647702407002
000635,深主板,801,0.035062635277749,0.4514069625737605,0.07767411268500254,-0.5839357429718876,0.028435965786981224,17,9,7544191.625935162,1.0698089754641373,0.24974503037107282,0.0918043555732193,0.0363124558653399,0.6262582056892779,0.5227571115973741
000636,深主板,814,0.398872531837688,0.40322402843875477,0.9892082408433958,-0.5273209549071618,0.025400726235585265,11,2,23146329.229447853,1.1101834815196217,0.3611642443231926,0.0596472887128309,0.032099186319993166,0.47680525164113785,0.6483588621444202
000637,深主板,642,0.18657352470231814,0.43888440091428743,0.42510858055936074,-0.3828306264501159,0.02764711855058984,12,6,12024981.95956454,1.1994963514595725,0.1800715174044222,0.006107352687061486,0.033521140767974036,0.5829321663019694,0.47833698030634575
000638,深主板,640,-0.4576344078875364,0.6080256955346406,-0.7526563618090775,-0.9044038668098818,0.03830201859813654,14,16,16958696.900156006,0.9095384359747976,,0.34138004260936994,0.04330238849456464,0.838074398249453,0.5017505470459519
000639,深主板,642,-0.24904173697591558,0.5124073286195984,-0.4860229802856694,-0.7106796116504854,0.03227862765462874,17,7,41903488.95800933,0.9950985822976713,0.20361758169824315,0.11251741215118617,0.04094430362931639,0.7652078774617068,0.43347921225382935
000650,深主板,642,-0.045155386321811375,0.28007781954814254,-0.1612244282487697,-0.28591749644381237,0.017643244244514522,2,0,25669509.020217728,0.8313114995083828,0.08384481178600221,0.07227649756867804,0.02181259552316052,0.11137855579868709,0.5656455142231948
000651,深主板,801,0.25801947085777677,0.26963451359642104,0.9569230118810782,-0.2695327780820359,0.0169853778060951,0,1,39152887.73067331,0.5552237150574951,0.0886154085591161,-0.01326812730201976,0.02138184972838201,0.046608315098468266,0.5507658643326039
000652,深主板,814,0.020128896948951258,0.3109296040600256,0.06473779494173007,-0.3558948072208603,0.019586723990252543,6,1,18423632.392638035,0.8933640067649348,0.3930100311639112,-0.04377531452882393,0.025292904926611844,0.16936542669584248,0.2831509846827134
000655,深主板,801,0.10581949336105168,0.39637366864837925,0.26696902880025447,-0.4300254452926209,0.02496919413090312,8,5,9775949.713216957,1.1021160043556502,0.28740185770502225,0.05858212759224982,0.03215745784085826,0.463019693654267,0.5774617067833698
000656,深主板,802,0.038985934412205214,0.5065653371729719,0.07696131486172546,-0.6038461538461539,0.031910616784887304,20,5,211312239.1830635,1.2293590074798046,0.0686942071898484,0.13429645839969126,0.04008610362338932,0.8037199124726477,0.5849015317286653
000657,深主板,1289,0.8346710432042663,0.5411806457549034,1.542315028727547,-0.6096774193548387,0.034091176262590894,30,6,25017014.094573643,1.5090821290099057,0.05903450715712214,0.06836161217185638,0.04732482472718543,0.9326039387308535,0.6496717724288841
000659,深主板,812,0.2102296776490975,0.4813931918943281,0.43671094894762363,-0.6327683615819208,0.030324920680761584,18,3,29663425.7798278,0.9421926479033123,0.29874785795876324,0.10991627253173825,0.04422952936029927,0.7301969365426696,0.6304157549234136
000661,深主板,814,-0.145086744587007,0.35775842565909444,-0.40554389269718877,-0.613691948720188,0.022536662469808403,7,2,5772943.680981595,0.6469435834231414,0.20755110467736498,0.10835136383061104,0.027728544463525184,0.20809628008752734,0.45470459518599565
000663,深主板,814,0.005241943356210754,0.4494895925334467,0.01166199049607739,-0.6748768472906403,0.028315182827506075,11,9,10879414.575460123,0.9550442715137893,0.24631214446715233,-0.017769887562419776,0.039086384441067754,0.6148796498905907,0.15579868708971553
000665,深主板,814,-0.022819461507391003,0.47625899901266305,-0.047913974443943824,-0.5554016620498614,0.030001496929620543,19,4,37652947.240490794,1.026820185262348,0.258408537866967,0.05362192493884538,0.03806748898631031,0.6897155361050329,0.3969365426695842
000668,深主板,813,0.24974383679630296,0.5209932846949697,0.4793609517299682,-0.6656760772659733,0.03281949204851342,17,15,3824798.9582309583,0.9117588761404075,0.09854277409512367,0.12211488866722554,0.0442427817102682,0.7792122538293217,0.6582056892778994
000669,深主板,642,0.548548128860846,0.45333733723313796,1.2100219501195508,-0.46887966804979253,0.028557567960454885,0,1,14966700.155520996,0.9734982116040912,0.04612698690909721,0.08720684867932725,0.03980881546530287,0.6431072210065645,0.7708971553610503
000670,深主板,794,0.21656692550706103,0.5688735864604597,0.3806942889624104,-0.5887850467289719,0.03583566755256612,37,6,46991989.96100629,0.8783179773741795,0.06697721666860228,0.052860672748490385,0.0448589952799904,0.8271334792122538,0.4989059080962801
000672,深主板,642,0.4640168640655076,0.40319984145466353,1.1508359288818877,-0.364406779661017,0.025399202598802646,10,1,12764460.65318818,0.9339354793063926,0.29360512194877,-0.040566780578238995,0.03272904171639305,0.4225382932166302,0.48490153172866524
000676,深主板,814,0.2190730315424554,0.5145238039801919,0.4257782241516842,-0.4670846394984326,0.03241195307034603,21,6,62721830.57668712,0.882486632253118,0.12465257416836081,0.03467939024086598,0.042305571513311005,0.7459518599562363,0.5166301969365427
000677,深主板,801,0.04329647674151782,0.5249568901586671,0.08247625196124496,-0.6676470588235295,0.033069175723563896,27,10,31548067.019950125,1.0570050321853093,0.18371180038094187,0.08672722370177259,0.041130926465745864,0.8111597374179431,0.4811816192560175
000678,深主板,814,0.497168842851778,0.5824446657318565,0.8535898293910422,-0.6088888888888888,0.03669056519006277,40,13,30369018.02331288,0.998131395948142,0.12272376107963208,0.08386393704708989,0.047895476685225195,0.8862144420131292,0.6582056892778992
000679,深主板,814,0.17417420711834786,0.5915811008444697,0.2944215203455922,-0.6800573888091822,0.03726610650381641,35,20,15194326.381595092,0.9405188571700829,0.16294583213532127,0.15967965139527182,0.049174045836628176,0.8665207877461707,0.636980306345733
000680,深主板,801,0.5412377704299212,0.4375124298777444,1.2370797569823584,-0.31939978563772775,0.02756069249895469,9,1,27959649.96882793,0.6612338243456592,0.37590547047578476,-0.07044584783446625,0.03758480101097623,0.4973741794310722,0.48336980306345734
000681,深主板,814,0.35963767724989926,0.5769516392333541,0.6233411135251841,-0.5743658504604114,0.036344537045774075,31,10,49059339.70306748,0.9637808049843586,0.351505051306193,0.11228280103903931,0.045172464956991606,0.8568927789934355,0.700656455142232
000682,深主板,801,0.24544834590440945,0.37591743983122655,0.6529315213856717,-0.33917525773195867,0.023680572840131236,4,1,20861854.87157107,0.6535367986076197,0.35367275412490795,-0.05517747213836196,0.032424321115608445,0.2984682713347921,0.42932166301969366
000683,深主板,814,0.04932940288253196,0.3678306985758661,0.13410898838384375,-0.5212121212121212,0.023171156023973856,3,0,44939516.86993865,0.5901231475480458,0.2821223008668087,0.03550981439340709,0.031934914926123104,0.2726477024070022,0.40306345733041576
000685,深主板,814,0.2367734891308686,0.2767366319954611,0.8555914243212732,-0.27323162274618584,0.017432769212418816,4,0,14815998.573006134,1.0148805377909982,0.26816172483061507,0.08013461530977194,0.02065915059394969,0.15798687089715535,0.8054704595185995
000686,深主板,814,0.1470498795338393,0.3182108758740392,0.4621145620178225,-0.4034551787181355,0.020045401000922638,4,2,30153718.899386503,1.0602515266767965,0.44471313552478464,0.030995300666949298,0.024674721489786916,0.2334792122538293,0.5540481400437637
000688,深主板,814,0.5243842970151831,0.5119656511512944,1.0242567950329518,-0.6155055002619172,0.03225080458937081,14,8,11272096.114110429,1.0524211058240502,0.2138739813068531,0.05554365261956614,0.04265667823785626,0.799562363238512,0.5916849015317287
000690,深主板,814,0.01500102011233051,0.3145593005946778,0.04768900516999789,-0.4844319099786001,0.019815373379903082,2,1,45829784.17177914,0.871463105245429,0.28459275410856555,-0.014904671661840967,0.02767814962312489,0.18971553610503283,0.2678336980306346
000691,深主板,807,0.49011494025195557,0.5360722195120112,0.9142703583821397,-0.5842450765864333,0.03376937565712401,16,11,12212221.492574258,0.8262340579654895,0.03868782452828745,0.19754869292648677,0.04227057242672201,0.7590809628008752,0.8048140043763676
000692,深主板,812,0.20850952420517332,0.4209521188299713,0.49532836367404853,-0.4545454545454546,0.02651749095928128,13,4,12472267.645756457,1.1932121620203329,0.13136917362008552,0.020817160682882786,0.03451985293987403,0.5614879649890591,0.4938730853391685
000695,深主板,804,0.15480211156928592,0.5123549882875444,0.3021383905847867,-0.5950155763239875,0.032275330523625086,29,6,8091234.53416149,1.4595267360697861,0.2104138125370752,0.05795687568618349,0.04105175144268231,0.8413566739606128,0.4940919037199125
000697,深主板,805,0.3089531626732589,0.4624914285575473,0.6680192185114544,-0.4233918128654972,0.02913422151100634,14,2,11249909.501240695,0.9325665389271085,0.07798992246031894,0.06269041292780607,0.03658820876905905,0.6059080962800876,0.6820568927789935
000698,深主板,813,-0.08455728171742072,0.3909140162661183,-0.21630659991443635,-0.603448275862069,0.02462526835832398,8,4,14752156.550368551,1.1447344474966559,-0.02543231045794675,-0.0022116773103298204,0.031865914572877165,0.4566739606126915,0.1761487964989059
000700,深主板,814,0.7614966625571515,0.5410730944622059,1.4073822379100802,-0.5427872860635696,0.03408440116797991,22,5,34680167.80736196,0.8779444295776696,0.440504385765092,0.05591520269824824,0.043295152608880054,0.787308533916849,0.6437636761487965
000701,深主板,814,0.12763671386089048,0.5502820798065672,0.23194779285881306,-0.6425061425061425,0.03466451271675178,25,16,28724752.8404908,1.0354236903789849,0.18303277383446834,0.13734265158553255,0.04367225155953382,0.8619256017505471,0.6144420131291028
000702,深主板,814,0.18203335313592817,0.5097405292511635,0.35710982880514724,-0.4874608150470219,0.03211063508497677,24,10,13136724.271165645,1.0337254010035914,0.31712783791432436,0.10830059361308388,0.04044753326606664,0.7691466083150984,0.6778993435448577
000703,深主板,814,0.3287716968028611,0.35319930255907933,0.930839031732991,-0.3769530576346015,0.02224946470982817,7,1,22361044.496932514,0.8663053482666397,0.24953130072803806,0.07832292326145267,0.029087940124918693,0.261925601750547,0.7862144420131291
000705,深主板,814,0.03884560108284596,0.3586122031153617,0.10832202793263493,-0.422940046782987,0.022590445394195937,8,1,12429558.650306748,1.144416253863278,0.19385388787769534,-0.019227572207622536,0.028292944157620053,0.3514223194748359,0.30612691466083153
000707,深主板,801,-0.11302641237255695,0.3189616041768258,-0.35435742387945046,-0.4819028542814221,0.020092692438811947,1,1,9590035.105985038,0.7111395878539851,0.296353546457984,-0.03559903474068121,0.025977973225393577,0.13982494529540482,0.16236323851203502
000708,深主板,814,0.020117362805972094,0.27810737305253297,0.07233667552629766,-0.45766401817382063,0.017519117782630197,0,2,12095080.613496933,0.6314496193437396,0.10277341633535621,-0.015711822483472408,0.025606162278874998,0.08665207877461707,0.28533916849015317
000709,深主板,814,0.036570387694037754,0.2577488806414453,0.14188378860473444,-0.33061224489795926,0.016236653306727012,1,1,78344978.76441717,0.5581774996532183,0.2781439451084549,0.01566740551411904,0.022687469862412366,0.052516411378555804,0.4356673960612692
000710,深主板,801,0.08077229805626018,0.5584483118343238,0.14463701715016214,-0.6391566265060241,0.035178936980892125,33,12,17199526.913965087,1.0222016502680924,0.12178218566312876,0.11713319757159855,0.04289137554270689,0.8547045951859956,0.5566739606126915
000711,深主板,801,0.3399957409430563,0.4408191057744784,0.7712817717955196,-0.5844155844155845,0.02776899350107492,3,7,37660776.471321695,1.2875357775275913,0.03030692060641387,0.22666877415779976,0.03364484349460492,0.6045951859956236,0.7940919037199125
000712,深主板,814,0.06603848871425888,0.5077200927354942,0.13006869268942406,-0.5728929384965831,0.03198335954782784,26,14,32358314.85398773,0.9995439396230156,0.3152294983823868,0.09360277583952005,0.0378102543828581,0.7194748358862144,0.5435448577680525
000713,深主板,809,-0.07753816712210138,0.3086173132983045,-0.251243737084686,-0.4945490584737364,0.01944106336371954,5,0,15658162.501234569,1.062419449097573,0.3889128023653321,0.024525471679449292,0.02502260049338847,0.22691466083150985,0.30175054704595183
000715,深主板,814,0.07225189925615494,0.4759619890992231,0.1518018264292376,-0.5871788446162842,0.02998278706371857,14,11,17245254.738650307,0.9000092957615039,0.3097830076723644,0.04001910293107924,0.03882128866142105,0.650765864332604,0.3929978118161926
000716,深主板,809,-0.0014069655931898684,0.5177510347358211,-0.0027174558789781326,-0.6767809523809524,0.03261524949898445,26,14,43403019.10246914,1.1256064172497255,0.2856607958692489,0.06926578904220941,0.03875679489964962,0.7890590809628009,0.4052516411378556
000717,深主板,814,0.013925966328524497,0.41690848132695235,0.03340293362274712,-0.48580441640378547,0.026262765739636464,18,6,39139267.262576684,1.2427813963375804,0.2842850976375842,0.11410412998032113,0.03243208507277521,0.5352297592997812,0.599343544857768
000718,深主板,814,-0.06473711826408668,0.3828156167686616,-0.16910783005806113,-0.5443037974683544,0.024115117141944913,7,5,33496501.002453987,1.2176827214648793,0.30366245653277385,0.14764211877784592,0.03273393954630068,0.47067833698030637,0.5684901531728666
000719,深主板,814,0.38971518221894175,0.4879630886050742,0.798657093783485,-0.49501424501424496,0.030738785272095285,15,7,17040300.033128835,0.9822109445554915,0.29766944543758594,0.00990361855742675,0.03895811566771921,0.6975929978118163,0.4833698030634573
000720,深主板,801,0.09608523385474865,0.4706282743268862,0.20416375108821094,-0.5960144927536232,0.02964679461486726,27,7,21476755.755610973,1.9704639405975255,0.28445903961923985,0.10110511240475606,0.03575310441940016,0.7190371991247264,0.5636761487964989
000721,深主板,814,-0.14310120055574216,0.4920742859485208,-0.2908121896268177,-0.6810126582278482,0.030997766361654074,13,11,33992397.50920245,0.8728147946649735,0.4400389733732982,0.051311389524934685,0.04174618194904092,0.6993435448577681,0.3021881838074398
000722,深主板,642,0.21224376813981505,0.46541200099893415,0.4560341540060569,-0.37277580071174377,0.029318200281622013,13,5,17350663.452566095,1.0501931049653632,0.36694301825947423,0.12463864669729688,0.036352703657252454,0.6483588621444202,0.8050328227571115
000723,深主板,642,-0.14674787334047146,0.3919241626271124,-0.37442925783601533,-0.4874172185430463,0.0246889015978232,11,2,68200498.91135304,0.917579353013763,0.3551296218714738,0.01557765354560584,0.030712581147629273,0.361925601750547,0.26542669584245077
000725,深主板,814,0.14923537007975107,0.2573864794169495,0.5798104485434117,-0.2097538996288112,0.01621382417542127,0,1,437749673.1018405,0.5919763182048129,0.29369658915277647,-0.03639981018371375,0.021315312339170858,0.044857768052516414,0.45711159737417945
000726,深主板,814,-0.010891016478073112,0.23865623748699832,-0.04563474473893204,-0.38010155866083695,0.015033929838689716,0,1,7573337.055214724,0.6150951233291392,0.10781002913538008,0.05372905988555653,0.020380853543447777,0.03347921225382933,0.499343544857768
000727,深主板,801,0.20344733130238923,0.4094530248693433,0.4968758781726167,-0.4497041420118343,0.025793116127795893,14,4,97239416.6957606,0.9790441848145556,0.4182233716254501,-0.04336495930143816,0.03418470079711045,0.47264770240700216,0.36192560175054705
000728,深主板,814,0.11329569840420795,0.2789852655549049,0.40609921882025385,-0.2773109243697479,0.017574419812133157,3,2,42818592.903067484,0.6901038488229165,0.28437209301690763,0.06841622568676684,0.021885317067816004,0.07614879649890591,0.6975929978118162
000729,深主板,801,0.11070016991579923,0.30138525406884686,0.36730453272445596,-0.4613702623906706,0.018985486454480626,2,0,22572289.22319202,0.5371301612798101,0.32032238541811886,0.023241926590740196,0.02853222472571873,0.12603938730853392,0.46301969365426693
000731,深主板,814,-0.013134503268945719,0.2632646825879064,-0.049890867015783595,-0.31480809874566984,0.01658411616937992,1,2,9638618.991411043,1.1811241103287788,0.26738309319378084,-0.10028570255121813,0.020306291556208604,0.19518599562363237,0.24660831509846826
000733,深主板,814,-0.18824528827996467,0.38955244273561,-0.48323477824454847,-0.7160353113448017,0.024539497288003666,3,0,11024168.776687117,0.6928604719655541,0.2701736552572769,0.056495498270910556,0.03245925546394724,0.33282275711159737,0.30634573304157553
000735,深主板,814,0.031689537193314354,0.4119872059074659,0.07691874101651584,-0.5024038461538463,0.02595275452789322,10,3,32160216.856441718,1.1592814310255823,0.35729650860685347,-0.039817397567081504,0.032239237772382495,0.5072210065645514,0.21641137855579867
000736,深主板,1286,0.12008482236247908,0.5535265469481659,0.21694501017983556,-0.8726463539883602,0.0348688949356468,48,21,14760889.18958819,1.2953038222909405,-0.021054385878324092,0.17125992224022893,0.04551763263687837,0.9319474835886215,0.6074398249452954
000737,深主板,801,0.4767863665865788,0.5169901681651461,0.9222348817168904,-0.4126859827721221,0.032567319410248534,22,6,59162863.674563594,1.0000143127880077,0.278484217388213,0.16548295156454562,0.039689990146678567,0.7606126914660831,0.8855579868708972
000738,深主板,801,0.019234736712474554,0.3490420386321408,0.05510722086042551,-0.4898496240601504,0.021987581698277237,3,1,14538267.273067331,1.024891385719724,0.3522896964780683,0.0004906246431773313,0.029417282874821635,0.31575492341356676,0.29671772428884025
000739,深主板,814,0.008079932819516022,0.35331481585556657,0.022868932908885035,-0.583864118895966,0.02225674136353356,5,3,10890616.229447853,0.5750462411893793,0.1966903449959199,0.06506306038966343,0.031440873484407945,0.2385120350109409,0.43698030634573304
000750,深主板,814,0.11208533639915919,0.3372227433388282,0.332377749167826,-0.34844868735083534,0.02124303607879768,12,2,96848078.59631902,1.44413396369342,0.2658667074727259,0.09320069103534567,0.024393998056951735,0.3175054704595186,0.7179431072210065
000751,深主板,642,0.30258198626645294,0.431437832171235,0.7013339204484971,-0.3515624999999999,0.02717802881214071,8,6,43676028.30482115,1.234127246356931,0.16572754600259573,0.07624915092955921,0.034847208811617375,0.5921225382932166,0.7579868708971553
000752,深主板,800,0.4295941477362313,0.42190292518423483,1.018229839360886,-0.5923913043478262,0.026577386129718456,0,0,5233185.2746566795,1.1983574650613054,0.04624371654349988,0.1813576853243577,0.033685865999288106,0.5582056892778993,0.8074398249452955
000753,深主板,814,0.2764300787407945,0.4990343619940329,0.5539299491045866,-0.4926586414110966,0.03143620994076176,23,9,34154032.06625767,1.1457342704937774,0.3078522626829397,0.10525343758802388,0.03884636260577788,0.7678336980306346,0.7185995623632384
000755,深主板,814,0.04209788514440582,0.34278763545371704,0.12281039568035951,-0.39171974522292996,0.021593591331390542,9,5,11933782.177914111,1.1472740459351696,0.3690945799892344,0.01517127864272533,0.02674969805612405,0.3133479212253829,0.40722100656455146
000756,深主板,814,-0.14469863800121796,0.3876440783311264,-0.3732770499788625,-0.5578348200981463,0.024419281630261965,9,1,16186762.332515337,0.8573105990637883,0.5213129069266272,0.03070336529982856,0.029910123248093258,0.3262582056892779,0.27943107221006563
000757,深主板,814,0.11417702972726351,0.46610708921031374,0.24495879245412058,-0.6112956810631229,0.029361986723206848,14,12,16266357.363190183,0.888208999634867,0.09765231308540827,0.08506365035362456,0.03912170494069484,0.6326039387308534,0.5413566739606127
000758,深主板,814,0.18666888794258174,0.3714566553513919,0.5025320861891572,-0.3769968051118211,0.023399569830943164,7,3,44942474.393865034,0.9825744478717446,0.3491264762259726,0.024009969356655277,0.028999916237772188,0.3304157549234136,0.5540481400437637
000759,深主板,814,0.09522885268641113,0.5421281754594047,0.17565744965332833,-0.6587908269631688,0.034150865023494625,31,18,43540893.00613497,1.1455388573187388,0.16098693042538334,0.1139678772230794,0.04133559830300036,0.863238512035011,0.5557986870897155
000761,深主板,642,-0.08061784692674834,0.39558307652035757,-0.20379498444645816,-0.44472361809045224,0.02491939150806429,10,1,15831861.119751167,0.6715739891866932,0.27023232651212875,0.034322963768715235,0.034984318364302304,0.3807439824945295,0.37636761487964987
000762,深主板,642,0.23481132695369378,0.4678790292184031,0.5018633285316263,-0.4371100164203612,0.02947360845176709,12,5,20381695.95645412,0.758523749631606,0.4403390763701635,0.030344644940664463,0.03788967252385934,0.586652078774617,0.5437636761487965
000766,深主板,642,0.466289818129175,0.5393556405249966,0.8645312723072647,-0.46639004149377594,0.03397621173926409,21,9,32743062.830482114,0.9532097494969749,0.2726578704800141,0.0026371194467634863,0.04511543473052537,0.8218818380743982,0.4866520787746171
000767,深主板,814,0.17229195365772942,0.4072119626243676,0.42310140534024543,-0.4441558441558441,0.025651942476062038,14,5,51416754.23312883,1.4556394722440014,0.39328916661620283,-0.002658167306372709,0.030030639041277445,0.4923413566739606,0.42407002188183807
000768,深主板,814,0.011617384304887457,0.31918315978957146,0.036397234467339924,-0.34097102213814057,0.020106649130547556,2,1,23830729.85030675,0.7224970481704481,0.39653908997111403,0.0029177331320577077,0.02679151564696819,0.15295404814004376,0.374398249452954
000776,深主板,814,0.14987518978944814,0.2816772092452096,0.532081350106592,-0.35147269258287617,0.017743996325179246,3,1,49797633.33251534,0.7996843491168165,0.38100627315057173,0.07866887744517985,0.02207814642248898,0.10612691466083152,0.7422319474835887
000777,深主板,804,0.3367119889257184,0.4511501400555304,0.7463413152975499,-0.40570317563188596,0.028419787489021266,12,3,14242255.838509317,0.9712395018239272,0.3031971432835003,-0.02633073309734234,0.03586755346523528,0.5787746170678337,0.4446389496717724
000778,深主板,814,0.09548965750985539,0.2540010689439606,0.37594195137392494,-0.3290431386472572,0.016000563361197408,1,1,45720699.34723926,0.7375033760848848,0.3505894304503433,0.05873717617059474,0.02137395857205773,0.06958424507658645,0.6527352297592998
000779,深主板,814,0.0074552802413516694,0.421511568962374,0.017687012149403568,-0.5750094314983023,0.026552733005026037,10,6,10906221.68588957,1.0313290578909724,0.2052129942644308,-0.022167862377864802,0.03301188190667358,0.5028446389496718,0.18818380743982493
000782,深主板,812,0.2803991915377195,0.36849352916368233,0.7609338274517382,-0.338358458961474,0.023212910426276916,9,1,12428856.580565806,0.9758996493065182,0.336665403018733,0.01980475432386015,0.03189969301301408,0.3612691466083151,0.5844638949671772
000783,深主板,814,0.23928864741715294,0.32957993552731984,0.726041307806851,-0.3465045592705167,0.020761584440999754,8,1,59361729.00122699,0.9266664175407998,0.4026661733999588,0.14135169743573056,0.024757594577512643,0.20043763676148796,0.8743982494529541
000785,深主板,814,-0.047520159168291554,0.43575371275503094,-0.1090527923855146,-0.5798922800718134,0.02744990373387824,21,6,63880807.17423313,1.245342606932142,0.12391878210018092,0.14303644063699344,0.03359335869512717,0.5840262582056893,0.562144420131291
000786,深主板,814,0.0704148054261815,0.3315941313413238,0.2123523873638782,-0.34925720943780947,0.020888466850895987,2,0,12836897.055214724,0.57690851883013,0.334532610622114,-0.008692007628074918,0.029956294035380894,0.1851203501094092,0.3982494529540481
000788,深主板,814,-0.010210108414920205,0.39927916770109984,-0.02557135267964565,-0.49610389610389616,0.025152223367284843,11,2,16385432.132515337,1.3196549466235923,0.2726683242363426,0.07082360291637144,0.030678848365602338,0.47964989059080965,0.4899343544857768
000789,深主板,801,-0.11361308524929947,0.298027686732566,-0.3812165456669458,-0.5255264299137474,0.01877397959300556,2,2,7043392.775561097,0.9920324204889688,0.27269115332903626,-0.00569357375896102,0.023373023319257797,0.1862144420131291,0.19606126914660832
000790,深主板,805,0.03923158478597233,0.3764953200013723,0.10420205166382766,-0.4561307806011121,0.023716975869126508,6,3,15938458.0,0.8050690491072937,0.11531117788420425,0.021467836690013398,0.0328536158526907,0.34179431072210065,0.3827133479212254
000791,深主板,805,0.2616697756319424,0.323697957370664,0.8083763572604395,-0.30548541342072744,0.020391054645294383,8,0,24368411.55459057,1.092852765954316,0.3974068458508937,0.027891383159893143,0.025690820240072652,0.26017505470459523,0.6299781181619256
000792,深主板,814,0.16884158548578876,0.32433956556638593,0.5205704249832888,-0.4793103448275863,0.020431472162556794,1,0,48346550.28220859,0.7987928765341332,0.3738687644799544,-0.01231781236793301,0.02711381347184236,0.17943107221006566,0.4096280087527352
000793,深主板,812,0.17377025895781584,0.5666840580532716,0.306643987047683,-0.7301038062283738,0.03569774022747252,33,13,70470353.74415745,1.0814945533473241,0.1418967246116419,0.09927132355586316,0.045287970532112476,0.900437636761488,0.5555798687089716
000795,深主板,814,0.21485288214148035,0.42963798199833475,0.50007888302183,-0.5153452685421995,0.027064648908458073,14,4,32687589.70429448,1.3232735587459976,0.2504321527735526,0.1671164211653618,0.032556091509380214,0.5684901531728666,0.7684901531728665
000796,深主板,810,0.07102627272397188,0.5074993324569522,0.13995343083529388,-0.5384615384615385,0.031969452957437756,16,3,48913413.03945746,1.3437780497545633,0.07511434833688858,0.01126876030404798,0.041469026852254086,0.8350109409190373,0.31531728665207875
000797,深主板,814,-0.015427656920527721,0.44026833926756037,-0.035041486167716476,-0.42666666666666664,0.02773429847231852,12,5,48016945.07607362,0.9391552411129706,0.41885739484553564,0.036047430017811105,0.037641582493380364,0.5717724288840262,0.41881838074398253
000798,深主板,814,0.03496688711200768,0.4637647279467373,0.07539790114444318,-0.5811437403400309,0.029214431833109365,15,11,11439058.539877301,1.128386431247349,0.32073087741397566,0.08370961704371409,0.03570772220200032,0.6597374179431073,0.5080962800875274
000799,深主板,814,-0.23581424606576995,0.409385609529687,-0.5760198711837468,-0.7827553715194093,0.025788869360574902,12,1,8435164.539877301,0.7990339701856717,0.4637171088517768,0.07202202633980499,0.03345643271251258,0.4089715536105033,0.34376367614879655
000800,深主板,642,-0.08762981897929456,0.276815137137884,-0.316564404263938,-0.4023323615160349,0.01743771457154955,2,1,17281928.926905133,0.8258640239853549,0.26123595334251754,-0.0363040567743179,0.022071553951726306,0.10568927789934354,0.2118161925601751
000801,深主板,804,0.44080415596237543,0.5218519562818748,0.8446919680114758,-0.45558924298455516,0.03287358327415218,20,7,37270085.6173913,0.9913792345727873,0.3931165274494698,0.09657359820080436,0.04156042405175567,0.7866520787746171,0.7595185995623632
000802,深主板,814,0.10282008011781363,0.4782027819540316,0.21501355491423607,-0.5864332603938731,0.03012394374546699,15,7,23530017.446625765,0.9702338691770261,0.24350521055579666,-0.007584396080028585,0.038567138247694525,0.6741794310722101,0.2739606126914661
000803,深主板,1298,0.14139291137020282,0.4791991065713333,0.295060882692099,-0.7549407114624506,0.030186706296954417,23,10,8152764.428791378,1.520382053417241,0.06672897028973504,0.023962782920974302,0.04301303320941377,0.8188183807439825,0.33544857768052516
000807,深主板,642,0.45996827759021564,0.4183975860412423,1.0993569105938286,-0.36853146853146856,0.026356570519401823,2,1,47424261.58631415,0.454944290172509,0.18030015014943573,0.05054720020000798,0.03761998251660778,0.44682713347921227,0.7135667396061269
000809,深主板,811,0.20648113724504724,0.4264976533561521,0.48413194215777466,-0.6596736596736597,0.026866826798405016,8,6,14363902.454433497,1.4072648742358158,0.08154382405620292,0.1747624118088817,0.03810890168478214,0.6538293216630197,0.7032822757111598
000810,深主板,811,0.10560707291419935,0.5094327999512787,0.20730324573584474,-0.6504459701038379,0.03209124996120002,17,7,31225112.71674877,1.0201557619983859,0.36219727564834414,0.0699069890024674,0.04024371392931802,0.7603938730853392,0.4759299781181619
000811,深主板,814,0.7423338808016018,0.4707034407052249,1.5770734109982505,-0.5845824411134903,0.02965152965163006,16,3,21114930.98650307,0.9080258923682044,0.26358026224494,0.003690569231529684,0.037469319480242756,0.6229759299781181,0.4643326039387309
000812,深主板,814,-0.10753012610479973,0.38551888973984855,-0.27892310588817576,-0.5308123249299719,0.024285407332604037,7,5,24842432.303067483,1.0138701740018765,0.2944763906801932,0.013275254725018698,0.03141833646533098,0.3982494529540482,0.24201312910284462
000813,深主板,801,0.1318767072186493,0.44948200303815905,0.2933970800327094,-0.5418502202643172,0.028314704734241608,22,6,48122766.65586035,1.0838150294155402,0.30172282577130194,0.03233540175294777,0.03688482053540435,0.6330415754923414,0.43172866520787745
000815,深主板,801,0.26359120440997597,0.5648342525125161,0.46667000670986236,-0.646172393007836,0.035581213431408985,35,10,41491849.12842893,0.9882153643363716,0.17755927254974915,0.0630944426316752,0.04392430843628701,0.8549234135667396,0.5299781181619256
000816,深主板,814,0.0006054441774046015,0.4473277004650684,0.0013534690044348827,-0.675,0.02817899642811817,17,6,47433244.57177914,1.136526000717045,0.26743573123298203,0.11343335473410006,0.03550114210063441,0.6192560175054704,0.49649890590809626
000818,深主板,801,-0.11661141872504899,0.5267984384097357,-0.22135870234746297,-0.6736499068901304,0.033185182359269934,23,9,21735895.088528678,1.2390665703631558,0.17250461640455403,0.19034450092275626,0.040102095912171225,0.8400437636761489,0.5299781181619256
000819,深主板,814,-0.032080584874663254,0.41095859061187495,-0.07806281607813229,-0.5132275132275133,0.02588795785487201,8,1,6178926.342331288,0.8637162129846196,0.3974272305423134,-0.03161035809047227,0.036925746037733444,0.48599562363238513,0.18227571115973742
000820,深主板,811,0.06411885359689262,0.5262970779482081,0.12183015312732258,-0.627151051625239,0.033153599618831776,23,14,12130573.740147782,0.9070263819880414,0.13099496647679285,0.0829929525837899,0.04270837260595151,0.7711159737417943,0.4923413566739606
000821,深主板,813,-0.07270754934285995,0.4498562958380585,-0.16162394528103607,-0.6389378201231906,0.028338282964385796,8,5,26103598.28009828,0.7934065842968634,0.23051808551877567,0.04287217352636286,0.037548575800200865,0.5470459518599563,0.3059080962800875
000822,深主板,814,-0.07171759763633234,0.37559494845997093,-0.1909439888113289,-0.45443925233644866,0.023660257793266797,8,3,20583493.2797546,1.0851276192713524,0.32010272525742434,-0.03916744914829642,0.028502049799238708,0.36717724288840264,0.1910284463894967
000823,深主板,814,0.2926443026617709,0.4273037456924037,0.6848624792360983,-0.49547101449275355,0.026917605842583035,8,5,16192125.321472393,0.8681032641482135,0.2256507606087821,0.03769354058698077,0.03338014117031456,0.45951859956236324,0.5643326039387309
000825,深主板,814,0.009188954353017031,0.28692779874991475,0.032025319237283426,-0.39416573301796753,0.01807475237436819,2,1,38883772.02453988,0.9439083138555495,0.1954195719287823,0.036477172462689514,0.023576740669887377,0.15689277899343546,0.45317286652078775
000826,深主板,642,-0.12562262096630283,0.5743375878755358,-0.21872610049949648,-0.7065217391304348,0.036179867288461266,23,13,59333296.11197512,0.9186669336593077,0.21257409400800578,0.025285063510702185,0.04657760590153282,0.8463894967177243,0.22450765864332606
000828,深主板,814,0.07904063086034063,0.29384728781488184,0.268985402070938,-0.38735465116279066,0.018510639214023756,6,3,9253889.566871166,1.2533223389594281,0.3644454664354248,0.16982822573173417,0.021630792553237296,0.237417943107221,0.7844638949671773
000829,深主板,642,0.20547216612576502,0.5272740399964907,0.38968762074296803,-0.5283593452607537,0.03321514244311997,14,9,36614946.5007776,0.8089042767923257,0.40284415698118053,0.028828475844033287,0.04252769937417827,0.748577680525164,0.4549234135667396
000830,深主板,814,0.12955168962445374,0.37047512116903636,0.3496906599710465,-0.39523121387283244,0.023337738989280737,3,3,22906838.068711657,0.6713405442107903,0.20488528919672783,0.08282822868911768,0.029748795847807923,0.2525164113785558,0.6849015317286653
000831,深主板,814,0.23907233421288399,0.4425702910810651,0.5401906522665647,-0.5287087460253646,0.02787930780633251,14,2,31894263.759509202,0.8623563711826677,0.414700044913248,0.06281532181114423,0.036579171049687914,0.5387308533916849,0.599343544857768
000833,深主板,814,0.8179618940606861,0.5061367223909984,1.6160888113326777,-0.5048915165925978,0.03188361659152187,25,6,27573649.049079753,1.1749152157137879,0.20331720623242383,0.17740057608975038,0.03791574906530522,0.7676148796498906,0.8673960612691466
000837,深主板,642,0.11212718113445841,0.4553379809129725,0.24625044655760656,-0.5178571428571429,0.02868359666614287,8,4,32137365.163297046,0.9321711876610066,0.32417013958254315,0.0661551854341802,0.03692171290863287,0.5951859956236324,0.5396061269146608
000838,深主板,813,-0.1760650147571462,0.5421787406427604,-0.3247361092550746,-0.7641379310344828,0.034154050330641235,25,10,32911980.254299756,0.9223518252445084,0.20318560797390997,0.021479225006900193,0.04748390125834822,0.8297592997811816,0.19212253829321663
000839,深主板,642,0.26781904345352636,0.4350264020702558,0.6156385961380666,-0.3980582524271845,0.02740408746726407,14,3,56827146.5007776,1.2549172956743204,0.319201918003637,-0.00049935048033261,0.03318593587793154,0.5774617067833698,0.4945295404814004
000848,深主板,642,0.07607663457733937,0.2656602760170012,0.28636812291978037,-0.28657799274486095,0.016735024370708618,0,0,12261618.97356143,0.7092169749788391,0.33992274492002506,-0.031315143861206804,0.0223925650825497,0.07505470459518601,0.38446389496717726
000850,深主板,642,0.14311574944390126,0.42560054696095645,0.3362677761244286,-0.36354581673306774,0.026810314407422795,9,5,19149218.351477448,0.9743456828462518,0.2928273494677653,0.008411440875766858,0.03253021029325527,0.47811816192560175,0.4660831509846827
000852,深主板,814,0.10195740217448246,0.38206281728680597,0.26686031082146716,-0.3484455958549222,0.024067695232038045,7,4,21311473.97177914,1.175040808790622,0.2740557881565782,0.08944277481586842,0.03237785090833564,0.4551422319474836,0.6969365426695843
000856,深主板,814,0.17867860161030702,0.47161594442093846,0.3788646328098448,-0.47093712930011866,0.02970901198263483,20,12,10761553.6,1.2414520114766654,0.2455882495104731,0.08967933005405603,0.03656327624849885,0.7100656455142231,0.6680525164113785
000858,深主板,642,-0.15768980348485762,0.2888216695615779,-0.5459763587830017,-0.4519896999235842,0.018194055021581158,4,1,19972398.444790047,0.6043341865712089,0.24073808503219518,0.07577197064825432,0.021484827940963413,0.07177242888402625,0.47396061269146617
000859,深主板,642,0.5965290134066219,0.6233332034550368,0.9569986166309711,-0.47931034482758617,0.0392663009588394,41,13,45227445.10108865,1.2613446056963664,0.03241618902221207,0.12569367166069395,0.04530277273158739,0.9586433260393873,0.8223194748358863
000860,深主板,814,-0.19250090765405647,0.36579471413129144,-0.5262539348366959,-0.6942442684140455,0.02304290105936575,8,3,12064549.752147239,0.6588706614204829,0.28428800924689585,0.0501695011563383,0.028223925406559273,0.2236323851203501,0.2794310722100657
000862,深主板,999,0.043887019405254746,0.39034346731799324,0.11243180193791277,-0.5049382716049382,0.024589327152906636,13,3,20062924.574,1.127673393772677,0.3780867790085577,-0.04593568216235404,0.032863636681226535,0.46958424507658647,0.21094091903719914
000863,深主板,809,0.1800147823979299,0.4986051563125397,0.36103674444371686,-0.501937984496124,0.031409172524225405,21,6,35910321.518518515,0.8247430760782416,0.0701484183800817,0.00871311994972354,0.042260724931793475,0.700218818380744,0.3971553610503282
000868,深主板,814,-0.056346490536116844,0.4490546387073231,-0.12547802801529764,-0.5394190871369295,0.028287783311893716,15,7,27305023.314110428,0.9137855896749602,0.3778234456633424,-0.029042611429358205,0.03735773947395606,0.5719912472647704,0.15908096280087528
000869,深主板,814,-0.09387210393258272,0.23931401468714997,-0.3922549377448692,-0.42115085536547436,0.01507536590749185,0,0,1711069.0220858895,0.6975279643248521,0.15130316907818467,0.011623405775965018,0.020047637734797237,0.04354485776805252,0.29693654266958425
000875,深主板,800,0.08585539160262923,0.3311536787313622,0.25926147621713924,-0.4196891191709845,0.02086072094446104,3,1,50588388.368289635,1.054626065940746,0.38286449013001145,0.07064848408769442,0.026354432116965427,0.2638949671772429,0.6205689277899343
000876,深主板,814,-0.10012557831211166,0.24852159339869198,-0.4028848235794332,-0.437014150477561,0.01565538884672501,1,0,29142401.229447853,0.8182240266400312,0.17441959996217798,0.04196287309290523,0.021756843224877528,0.08512035010940919,0.38774617067833694
000877,深主板,814,-0.12542416477808827,0.3518406622533583,-0.35648001562642323,-0.5635807065442211,0.022163878415301347,7,2,19079955.385276075,1.2435936168637658,0.29639417100163407,0.00030808357025840886,0.027455286551890445,0.3466083150984683,0.1910284463894967
000878,深主板,805,0.23183169877131204,0.3676599205525534,0.630560161202488,-0.41364099083814043,0.023160398019710034,3,3,45166250.83746898,0.8278135674053343,0.27472143639778945,0.06726975167712727,0.028927238512426193,0.275054704595186,0.6962800875273523
000880,深主板,814,0.976751277849301,0.5728850214022826,1.7049691323024165,-0.4517766497461928,0.03608836420153227,37,8,15110981.446625767,1.0002252882395726,0.305570061282286,0.16618296018195974,0.044584831186028746,0.8700218818380743,0.8964989059080962
000881,深主板,809,0.06147301201097921,0.3735309064250379,0.16457275945201053,-0.42462600690448793,0.023530235366599733,11,2,14934301.869135803,1.0156830871523344,0.3779958961726621,-0.024848615892932916,0.029990136711849386,0.35689277899343547,0.3100656455142232
000882,深主板,814,0.027425684828139563,0.4679182235435724,0.05861213230902449,-0.6106666666666667,0.029476077462176686,22,11,97739416.76319018,1.1263067888640377,0.21541774795891344,0.07742765962894482,0.03714554702726228,0.6886214442013129,0.46739606126914657
000883,深主板,1299,0.1374069187978022,0.33079162866717254,0.41538813830157345,-0.4252100840336135,0.020837913934175306,8,2,16472214.375384616,1.0714866793549098,0.0511707979693697,0.06858709602476337,0.02688347636772663,0.2768052516411379,0.6501094091903721
000885,深主板,814,0.19303347478528665,0.3072202720274904,0.6283227129231036,-0.33426183844011137,0.019353058035770306,3,2,6117529.91411043,0.7071652669571128,0.25547513040436926,-0.04806206118856219,0.024121330826326504,0.11137855579868709,0.43172866520787745
000886,深主板,814,0.118346973550159,0.4332425764308374,0.2731656120345592,-0.4477611940298507,0.027291717014306882,14,6,26897006.747239266,0.9771712091391689,0.32535997378029513,0.05076277737224309,0.03580741473455967,0.5400437636761488,0.5420131291028446
000887,深主板,814,0.1819445513538649,0.3886914872636082,0.46809502475795467,-0.4589967222639746,0.02448526219112707,5,2,30206681.966871165,0.9298582956450716,0.3078477257392423,0.07802658915292278,0.03208468083123977,0.3820568927789934,0.6689277899343545
000888,深主板,814,0.14717140213927782,0.40024156387627985,0.3677064438634127,-0.3870013722613921,0.02521284862781451,10,5,18794408.86993865,0.8851929940491357,0.374248715413197,-0.00741846151070187,0.03283917343094012,0.4050328227571116,0.43632385120350115
000889,深主板,813,0.4418624218231577,0.5133368118070785,0.8607651188460216,-0.4872881355932204,0.03233717959181654,20,2,29485851.914004914,1.2507650360293023,0.05763526334169738,0.12720426618561922,0.03985743759287593,0.8216630196936542,0.8037199124726477
000890,深主板,642,0.7621588080545791,0.6322481367655199,1.2054741860587543,-0.5827338129496402,0.03982788897060759,39,15,28571295.95645412,0.969698898923972,0.1839225639083944,0.07033781002752308,0.052405201883688815,0.8932166301969365,0.6663019693654266
000892,深主板,814,0.176971815307291,0.6130843457657488,0.288658186315704,-0.5982300884955752,0.03862068360959301,43,16,46105881.34969325,0.9589253183506676,0.28221232820297903,0.10711341429806356,0.049003653435061606,0.8829321663019694,0.5975929978118163
000893,深主板,801,0.27269806144534603,0.3919446826695717,0.6957565021369193,-0.5351925630810093,0.02469019423899558,4,1,10827305.063591022,0.6088495813179045,0.2485075489056325,-0.016685014854142415,0.03584196495226067,0.3809628008752735,0.38949671772428884
000895,深主板,642,0.0721174993354532,0.20914028666930673,0.3448283469625611,-0.2597500946611132,0.013174599705993871,0,1,11338725.816485226,0.5444328362937916,-0.10568439769134054,-0.0717828880163024,0.019814415079470692,0.013785557986870898,0.37067833698030633
000897,深主板,801,0.0430635136985984,0.3793962403354614,0.11350537807259695,-0.3954311782929901,0.023899716673345794,6,2,39848845.167082295,0.7776068995999741,0.4352589971607532,-0.02210158791663771,0.03269686849859953,0.33807439824945296,0.31597374179431076
000898,深主板,801,-0.051626414122427744,0.28685237814749986,-0.17997554859343495,-0.4399752475247525,0.01807000132299389,1,1,39625451.86408977,0.5144484576494568,0.3021310744109678,0.04866453403473849,0.02590445706238467,0.08205689277899342,0.42319474835886217
000899,深主板,801,0.23243360949054215,0.40546365168928883,0.5732538749704216,-0.42761232570149765,0.02554180923918982,10,2,21561303.24563591,0.9958820070776581,0.3606888811234509,-0.008931960616689575,0.03297184044202921,0.4577680525164114,0.45711159737417945
000900,深主板,814,0.037783434709062425,0.23353533078842248,0.16178894465991242,-0.23698733377093806,0.014711343038413609,2,1,13136157.287116565,0.7861988235767884,0.35231706436085347,-0.023918748051171505,0.01922366164055404,0.0562363238512035,0.3643326039387309
000901,深主板,1299,0.26582413330506793,0.442862409476129,0.6002409046627297,-0.43304703840505543,0.02789770953554028,20,10,21864777.71846154,1.6652434297348946,0.04773552768400918,0.07883831982706062,0.03565722249987595,0.6529540481400438,0.7175054704595186
000902,深主板,1299,0.05987288536439861,0.3762678291591946,0.15912305205095564,-0.6021655773420479,0.023702645293080155,7,2,6600672.386923077,1.0943855281879804,0.04993271214930342,0.0077286232680637765,0.033393183267961916,0.44245076586433263,0.2833698030634573
000903,深主板,1298,-0.05846373389259851,0.48779752425916706,-0.11985246128788613,-0.6636690647482014,0.030728355698636967,36,10,44324402.064665124,1.8030318043911695,0.03673847440921304,0.12764405051674324,0.0364793394753535,0.7564551422319474,0.5080962800875274
000905,深主板,1294,0.15149619924063606,0.39444622826407816,0.38407313439744883,-0.42208105147864194,0.024847776799384942,18,3,12986432.001544401,1.648093748402015,0.08049127660943833,0.005587237037139294,0.03124541399301175,0.4934354485776805,0.45076586433260396
000906,深主板,1290,0.11905651190349231,0.38582928639484826,0.30857302983903817,-0.6468085106382979,0.02430496048395917,6,8,6039291.729666925,1.5357785997682873,0.044295860830857,0.05303442611930837,0.03281145191762083,0.4982494529540481,0.4560175054704595
000908,深主板,1291,0.3643933590677302,0.5414214375275116,0.6730309031201116,-0.8980538302277432,0.034106344718497356,30,11,17548637.77786378,1.4427906992364445,0.05955591407432917,0.2243810702342867,0.04079871939969986,0.8805251641137857,0.7288840262582056
000909,深主板,812,-0.06665888366377848,0.4191798680051204,-0.1590221495631661,-0.7750206782464847,0.02640584965110546,4,1,8431915.838868389,1.5896935395193934,0.022203165482146868,0.18051855484061438,0.03423492645791462,0.5846827133479212,0.52472647702407
000910,深主板,814,0.004448041870801722,0.3164624180057802,0.014055513759995598,-0.42427497314715357,0.01993525850813008,3,1,5121996.240490798,0.7191452615389166,0.14174047643223922,-0.0394862145685553,0.027680140521772676,0.1586433260393873,0.24967177242888403
000911,深主板,813,-0.03149107979887911,0.39591506386442377,-0.07953998893475506,-0.5310344827586206,0.024940304744988578,7,5,8806211.625307126,0.8595208091808597,0.31026609135675143,-0.018778405031092776,0.030902092199922297,0.3590809628008753,0.19606126914660832
000912,深主板,814,0.004111514593667653,0.3537803505788024,0.011621658995308839,-0.38948995363214833,0.02228606729458945,5,5,18275678.950920247,1.4923380226285858,0.2567998917133859,-0.0445509927359084,0.027859914264740337,0.375054704595186,0.25361050328227575
000913,深主板,814,-0.013833638347714006,0.45526926654498073,-0.030385618718998766,-0.7251705837755875,0.028679268067828508,12,2,8235698.296932516,0.6469168469721253,0.2827077667592301,0.06881099789419413,0.03775816551551883,0.5398249452954047,0.3908096280087527
000915,深主板,814,-0.024529020771630217,0.3100150611257219,-0.07912202937031773,-0.4464673338592502,0.01952911320055114,3,0,4059467.1030674847,0.7957164141434949,0.12062185965418522,0.018770777522438293,0.02637116204958715,0.15076586433260394,0.34201312910284465
000917,深主板,814,0.2925130125359938,0.49891485827805604,0.5862984589105382,-0.5459704880817253,0.031428681914256455,22,9,50670501.71656442,1.0391682218852023,0.23001292943881674,0.14607967587274678,0.03835441430468168,0.7295404814004376,0.7553610503282275
000919,深主板,814,-0.0021768871461030903,0.31958131011608376,-0.006811684780040374,-0.388457269700333,0.020131730243604002,5,1,11104636.81226994,1.2916360892526975,0.3057542192037549,0.05085247523385749,0.02575288939051883,0.29059080962800876,0.4908096280087528
000920,深主板,814,0.10841942923194936,0.34653460460586627,0.31286753989622773,-0.33529411764705874,0.02182962820155286,8,2,7715989.81595092,0.9568921507675746,0.3045887193315307,-0.026229340982340994,0.028384071181578315,0.2669584245076586,0.38927789934354484
000921,深主板,814,0.3550963371370959,0.4027887335453583,0.8815945123676311,-0.4804907975460122,0.025373305234754232,7,2,10823012.13374233,0.577024713373362,0.24002272590221485,0.049673486138974675,0.03480405760930579,0.3754923413566739,0.6234135667396061
000922,深主板,642,0.1855818609271387,0.43514347633862616,0.4264843000489336,-0.3706815383501123,0.027411462452955327,4,2,13702761.586314153,0.7297929974399289,0.2543441577346908,-0.02956473024983884,0.03577619206885444,0.47702407002188185,0.4021881838074398
000923,深主板,642,0.060631423794902384,0.3928707477420581,0.15432918878121807,-0.44005777563793924,0.024748530855178006,3,3,12801902.799377916,0.6368330378508857,0.15406473876576526,0.09131826968946777,0.03368225947017951,0.35251641137855577,0.6238512035010941
000925,深主板,814,0.1764056552869424,0.4866692171776044,0.36247547422454945,-0.5014124160344648,0.030657279033391067,18,6,27251756.8404908,1.126519472655638,0.20892294813157922,0.024538422417418024,0.038070348185796195,0.7315098468271335,0.4463894967177243
000926,深主板,814,-0.0393648931152607,0.4034186064438397,-0.09757827845935194,-0.5338895756077462,0.025412983497777118,8,5,35644264.3190184,0.9199098441629073,0.2372557735523782,0.06913462205442096,0.033768274403196394,0.43741794310722104,0.4507658643326039
000927,深主板,814,0.02115099166777079,0.28006201905760086,0.07552252797056579,-0.3051843603068548,0.01764224890716771,4,1,47527263.68466257,0.9704741877631627,0.32713177826973305,-0.06871615559343418,0.023309615623905655,0.1575492341356674,0.2899343544857768
000928,深主板,814,0.13336280667617118,0.37558206809247646,0.35508299784784814,-0.5168060882432881,0.023659446406381426,6,4,32011100.125153374,0.7307510229358382,0.3564505093302795,0.036765374079254745,0.031045550227391062,0.2908096280087527,0.475054704595186
000929,深主板,808,0.07791144628864544,0.4466992192471632,0.17441589985304237,-0.6034353995519044,0.028139405832731213,8,9,5802115.658838072,0.8839207583089416,0.137596546433871,0.07586448880956854,0.03683943555307229,0.5531728665207878,0.5019693654266959
000930,深主板,814,-0.10451669094374683,0.2895621492793326,-0.36094735173043097,-0.5044052863436124,0.01824070085929702,3,0,16983649.693251535,1.0044262913088038,0.19684596629808773,-0.01761502900860114,0.02299650895906975,0.1851203501094092,0.17789934354485776
000931,深主板,801,-0.05644308965871225,0.3416939803967831,-0.16518608139707117,-0.5073529411764706,0.02152469753851589,2,4,10303818.056109726,0.7348654570940614,0.1187752775167764,0.07724878280325795,0.02855555563089137,0.20831509846827134,0.47177242888402626
000932,深主板,642,-0.07687445829215211,0.36717158491223373,-0.2093693015774292,-0.45791467633009386,0.023129635765885857,3,3,85513662.67496112,0.5741878856776012,0.164545232087145,0.017162805305093103,0.03176377320460488,0.26280087527352297,0.30437636761487963
000933,深主板,814,0.4066366428038952,0.40598698154459306,1.001600202195722,-0.4599021721889509,0.025574775921351496,3,2,35551252.35828221,0.455130037938261,0.22174560355371067,0.0028453299524509746,0.03614309552197999,0.399562363238512,0.5107221006564551
000935,深主板,642,0.4127647921639894,0.4060334007329552,1.016578417979612,-0.4260311743852344,0.02557770005536263,8,1,7873965.785381027,0.963814684155371,0.3636911651827065,0.030164193357618226,0.033598333226430535,0.4536105032822757,0.6148796498905909
000936,深主板,801,0.23874259994317426,0.5177834536926317,0.4610858038057304,-0.6318840579710145,0.03261729170130552,24,8,40564822.64339152,0.9470465762748689,0.2010782925009891,0.0643696574250086,0.04043553111999224,0.7496717724288839,0.5347921225382932
000937,深主板,814,-0.013907639941926453,0.2734993526798773,-0.05085072343189391,-0.3950762016412661,0.01722883978400243,0,2,28663899.01840491,0.5802553291144864,0.23523569845341757,0.007232093158731883,0.020813417570433326,0.050984682713347926,0.34157549234135665
000938,深主板,814,0.252357512353411,0.47407272165198405,0.5323181461992369,-0.6002714411055056,0.029863774401207036,11,4,75458083.51533742,0.7286585510258514,0.3980656995615097,-0.01744127133725761,0.03917229316035315,0.611816192560175,0.3326039387308534
000948,深主板,814,-0.037059515581444824,0.4728929397303558,-0.07836766521102263,-0.5960665658093798,0.029789455125828028,18,7,17032729.48588957,1.040548795040098,0.29070568301302424,-0.0023974902778756673,0.036206180962040285,0.6586433260393874,0.2035010940919037
000949,深主板,800,0.4295044331017235,0.4751002071144118,0.9040291430525348,-0.41099717953449133,0.029928499901428894,19,3,44384497.332084894,0.9604754053902883,0.3351756136560597,0.023466909655364545,0.037942685499640055,0.6573304157549233,0.5833698030634573
000950,深主板,642,0.10033839733577654,0.33597743033226213,0.298646243101948,-0.2901234567901235,0.021164588733087967,7,1,27805527.060653187,1.1086591884216481,0.20654002514221903,0.04669311420295809,0.02605556818846259,0.2862144420131291,0.5986870897155361
000951,深主板,814,0.23879888570185215,0.39435243778011175,0.605546873365608,-0.326126126126126,0.024841868554244,4,0,14844803.603680981,0.5470316099618822,0.3136398443766103,-0.02288171725100074,0.03470902360692058,0.35645514223194746,0.46608315098468267
000952,深主板,814,0.07821000043277437,0.44773954332257593,0.17467744718814715,-0.48991696322657174,0.02820494008955158,17,8,9132200.392638037,1.3272166665648268,0.2720855871214036,0.07134469047249253,0.03523161839854589,0.6439824945295405,0.55054704595186
000953,深主板,801,0.1759571984217314,0.5353505691553502,0.32867658794002597,-0.656203288490284,0.033723915957665294,30,14,17407314.61970075,1.1168110589836664,0.28427337290160287,0.11816752432149451,0.04291633285234721,0.8577680525164114,0.6100656455142232
000955,深主板,814,0.07946168886116767,0.49132648848354704,0.16172889254642453,-0.579192546583851,0.030950659549193,18,9,17574184.17177914,1.1024458374572774,0.11678925430824508,0.023197333443060134,0.04253969822371403,0.7849015317286653,0.33829321663019696
000957,深主板,642,0.16335937038516413,0.45200580754308406,0.36140989265849893,-0.46053237542599235,0.028473689474188657,11,5,27423944.63452566,0.8027609986064985,0.425889102048439,0.0013715313634477292,0.036358887979528236,0.5428884026258206,0.40481400437636766
000958,深主板,642,0.29373477488647737,0.42274618361472344,0.6948253734069834,-0.4741420514291177,0.026630506417766823,18,4,49200737.947122864,1.31193657344586,0.3191162446014276,0.19101675117074335,0.029127332698069518,0.5087527352297593,0.8365426695842451
000959,深主板,642,0.043733699499697964,0.320526980720212,0.13644311440313073,-0.3626943005181348,0.020191301892192277,2,1,35881979.00466563,0.6665647814257057,0.3464853098840217,0.05634202491065901,0.02760422764635029,0.1525164113785558,0.563457330415755
000960,深主板,801,0.5338436803373647,0.4567370291823177,1.1688206697256158,-0.3812557436153815,0.02877172842311579,6,3,33128091.943890274,0.7045931179066842,0.3173246996698684,0.05153058885989062,0.03479634234466495,0.5076586433260394,0.7161925601750547
000962,深主板,801,0.9460410867214872,0.524366480596659,1.8041601088708394,-0.4485153490709589,0.0330319834170699,20,5,17976543.14339152,0.769153084117366,0.3282997024944982,-0.013938632674716275,0.04399534703016107,0.7479212253829323,0.512472647702407
000963,深主板,814,-0.06790258305637775,0.3081973752235972,-0.22032174351619455,-0.46496551955710574,0.019414609751535663,1,0,11260069.042944785,0.48663942546109196,0.2579856391718985,0.03040366741201515,0.027923159815233092,0.12319474835886214,0.3428884026258206
000965,深主板,814,0.008606863700941325,0.4737367488837587,0.018168030496306716,-0.5647973752961906,0.029842610106159077,20,6,42069536.3607362,0.9917216830257392,0.41535117310083275,0.08763279635559088,0.03813312192900376,0.6726477024070022,0.5063457330415755
000966,深主板,801,0.06037817260409928,0.3244683543942952,0.18608339391621373,-0.3793103448275862,0.020439585096135162,3,2,36531446.521197006,1.0640045132727924,0.4033347500117574,0.009493739622131642,0.02614711803683982,0.25711159737417943,0.4196936542669584
000967,深主板,1299,0.15905961314701056,0.3717089748709588,0.4279143736097014,-0.5779816513761469,0.023415464466650337,14,2,20731435.402307693,2.122841043626588,0.16712559961744095,0.11527489839998022,0.03074903610741068,0.4470459518599562,0.6665207877461706
000968,深主板,1299,0.11078976670886176,0.4538469341606853,0.24411262557881785,-0.6144842721287491,0.028589669549482808,28,7,9986606.162307693,1.8259853680042506,0.0586944880994665,0.030909802085651413,0.03482148521675819,0.6704595185995623,0.37352297592997813
000969,深主板,1299,0.402016338552063,0.43730550829946335,0.9193031666017007,-0.49873631002527374,0.02754765766473982,16,4,21009125.725384615,1.6259030972112252,0.10057383054922461,0.04600113276082099,0.035664995202081926,0.6391684901531729,0.6109409190371992
000970,深主板,814,0.01154590617803275,0.35344392744554126,0.03266686815495436,-0.5283060999316975,0.022264874629210923,6,1,24822346.19018405,0.980984057157973,0.3018676678572269,-0.026439064520118523,0.02846695384864439,0.2908096280087527,0.2013129102844639
000972,深主板,802,0.19104657276820225,0.44449963903280737,0.4298014126263477,-0.5795677799607073,0.02800084530330446,13,4,17365707.86176837,1.0686385076489016,0.07563372383507104,0.13041226861843294,0.03737292016428148,0.624070021881838,0.6943107221006565
000973,深主板,1289,0.3904221650447812,0.43600776552655124,0.8954477326184366,-0.4490603363006923,0.027465907554195607,22,7,21402292.445736434,1.7308335407107673,0.09451782110432091,0.06231813316875459,0.034215620525347344,0.6157549234135667,0.6916849015317286
000975,深主板,814,0.36513922288139433,0.4107240684142719,0.8890134544370092,-0.38532240339466095,0.025873184345067676,2,3,34200909.29815951,0.5186633541284456,0.17206543207048797,-0.04309007252887324,0.03431919542887216,0.3787746170678337,0.4494529540481401
000977,深主板,814,0.6296125248798179,0.5497502276714145,1.1452701484939396,-0.5788413878562577,0.03463100918142147,17,8,84094516.98527607,0.6446400209835017,0.19538601631274916,0.03620411223146066,0.043627381693416574,0.7525164113785558,0.5553610503282276
000978,深主板,814,-0.03550540391900514,0.36177636929496165,-0.09814185483755866,-0.41050375133976424,0.022789769127960293,3,4,12917107.879754601,0.8934432884567182,0.2800828113303225,-0.021079924963881048,0.030245840235135876,0.2975929978118162,0.2610503282275711
000980,深主板,814,-0.009607981588168113,0.5967630537949381,-0.016100161575132704,-0.7252066115702479,0.03759253885649681,46,4,178208073.2797546,0.7920531865399697,0.30884908435345987,0.06331956783733725,0.05101841808022875,0.8280087527352297,0.3759299781181619
000981,深主板,801,0.5164254235521837,0.6090313719524456,0.8479455202719954,-0.5824742268041236,0.03836537025768212,52,13,363160273.882793,1.300243140086851,0.17836039656660374,0.12105305919186383,0.04615824060055083,0.961706783369803,0.737417943107221
000983,深主板,814,-0.05180378413808462,0.3291089091461899,-0.1574062041422082,-0.47437339040226334,0.02073191256801355,2,2,53617831.585276075,0.7108882675212947,0.36379289727354064,-0.0005612108917914723,0.02657998966447085,0.15951859956236325,0.25973741794310723
000985,深主板,814,0.10475912648304808,0.41236599248744615,0.25404404919796414,-0.45239283968338173,0.02597661583957409,11,6,2532723.4944785275,0.9824270660163194,0.3077537295977145,0.037092762305957656,0.03541747875772523,0.5052516411378556,0.49452954048140046
000987,深主板,814,0.20522612746194713,0.34502653455214416,0.5948125923947775,-0.36767632406022255,0.021734628717700183,8,1,36182292.27239264,1.1092907460821673,0.40530669067463876,0.05535805402744832,0.027386076476531577,0.31159737417943106,0.67527352297593
000988,深主板,814,1.290363060188528,0.5345269010098206,2.41402828884906,-0.47652947719688543,0.03367202974157203,16,5,50821615.7803681,0.6792850234207979,0.4267326146139357,0.05985461793166765,0.04310430566145967,0.7297592997811816,0.7043763676148797
000989,深主板,812,0.10119416674908499,0.37751098470612293,0.2680562178286297,-0.5584965061813714,0.023780956731607364,11,0,17868670.479704797,1.0837166722342582,0.1251867964776631,0.04337002087085668,0.030371779313939362,0.39496717724288843,0.45404814004376365
000990,深主板,642,0.17882997381179533,0.36768209486621145,0.4863711785499542,-0.3016949152542373,0.023161794870172715,8,2,20132640.59097978,1.1292619343757095,0.29544297678751114,-0.033223281339459114,0.02665607051490518,0.34485776805251644,0.43326039387308535
000993,深主板,642,0.23517113354367192,0.4664055568194063,0.504220265185929,-0.3721934369602764,0.029380788415303682,15,5,18897907.93157076,0.934184421764899,0.38340633021523846,-0.009778210137010954,0.03629233706848105,0.6050328227571116,0.4726477024070022
000995,深主板,813,0.07217930549493246,0.4900270713345415,0.14729656730669813,-0.6491819056785371,0.03086880396286916,22,8,9191951.857493857,1.0508860007295104,0.3364276747916199,0.04914217162933557,0.039843345969811185,0.7350109409190371,0.38730853391684894
000997,深主板,814,0.3152245298514942,0.42936427513703596,0.7341657145343242,-0.4121885319723808,0.02704740699685977,9,1,17112014.57791411,0.6724066850552968,0.39539657671083583,0.05415018596217334,0.03629338800057369,0.4645514223194748,0.6682713347921225
000998,深主板,814,-0.14468697870972647,0.2756339795327081,-0.5249243179488224,-0.547159699892819,0.017363308636252687,3,0,20906032.598773006,0.9208755101254673,0.35339530871137154,-0.011952536681907185,0.02253717332952899,0.1310722100656455,0.16652078774617068
000999,深主板,814,0.03422424420447068,0.32078605440305125,0.10668869090384356,-0.4068482070638987,0.020207622000193094,2,0,9451789.18773006,0.5199890687493997,0.06185186630784536,0.07939916203804177,0.0286541484538984,0.14923413566739605,0.6026258205689278
001201,深主板,800,-0.18504873974594227,0.35449788864449455,-0.5220023748336536,-0.6192674669128964,0.02233126794406668,1,3,2815688.5992509364,0.703509069888553,0.08988495816023398,0.03660518542179094,0.03060589880378117,0.2472647702407002,0.2612691466083151
001202,深主板,814,0.25765015948537706,0.45218414637385035,0.5697903421681678,-0.4821428571428571,0.028484923764553267,19,10,3118798.382822086,1.2793595604032284,0.11500311299303799,0.07946628295915129,0.0350890172858984,0.6514223194748359,0.6844638949671772
001203,深主板,814,0.5834412762338284,0.44400309476426914,1.3140477692922163,-0.4787644787644788,0.02796956595450716,22,3,14664690.539877301,1.1662052195681145,0.2224295522063149,0.07691932559513212,0.03374253342176959,0.5929978118161925,0.7426695842450766
001205,深主板,814,-0.1031722080290779,0.361344312849678,-0.28552326509701653,-0.6100034977264778,0.02276255213018498,2,3,3097616.973006135,1.0003402568663986,0.24085750755353078,0.024456506670984448,0.030990882322633435,0.34660831509846823,0.23676148796498905
001206,深主板,801,0.4075339342970761,0.5504551984764212,0.7403580444422542,-0.4882018273058678,0.034675418167888356,16,5,3958184.8653366584,0.9886258238428335,0.1627948377918588,0.016844213838050386,0.038556222762303555,0.7894967177242888,0.49824945295404816
001207,深主板,642,0.40886249608181724,0.45590936849063346,0.8968065241462947,-0.4553516551058038,0.02871959070025531,7,5,4233903.732503888,0.7539830978017352,0.2717962228332097,-0.014317597700992299,0.036879075531440236,0.5531728665207877,0.46717724288840257
001208,深主板,642,0.4775701404589747,0.5216242967092978,0.9155442786537328,-0.4466988727858293,0.03285924206908975,18,9,18367340.74650078,1.2764852194355125,0.3527146080189929,0.10053970675337158,0.03897394165433498,0.82472647702407,0.7881838074398249
001209,深主板,814,0.3236893706551822,0.5352903144621258,0.6046987249908193,-0.49611043394674514,0.03372012026877015,27,20,3965058.7447852762,0.9808513437236287,0.21791311337510158,0.18085571394670358,0.040304481416576665,0.7796498905908097,0.8070021881838074
001210,深主板,801,0.6523856198886375,0.4712088325898519,1.384493614652773,-0.5550920475678627,0.029683366347852756,16,7,2531798.905236908,0.9905817848416164,0.28826004835073976,0.039723609936701466,0.033151275341377344,0.5886214442013129,0.5892778993435448
001211,深主板,814,0.437495074980468,0.4213538271434186,1.0383080603455759,-0.5055978811626152,0.026542796204447206,10,9,1798601.2098159508,1.0824994015286566,0.1342392070002716,0.14156516569478517,0.03459026152022332,0.5407002188183807,0.825382932166302
001212,深主板,812,0.6216593838274405,0.5414968831710969,1.148038711112977,-0.507785795670338,0.03411109734731712,27,4,4571964.266912669,1.0523186804576754,0.3080277751584749,0.022577577991439356,0.04380455652632681,0.8562363238512035,0.5389496717724289
001213,深主板,814,0.0024481663865028036,0.22677576371773892,0.010795538052073166,-0.3029702970297029,0.01428553033747337,2,0,20149991.13006135,0.900207137343195,0.3275204036713172,-0.05812248060231137,0.018146618470475197,0.08402625820568928,0.2728665207877462
001215,深主板,642,-0.0519789821076182,0.4555813461885261,-0.1140937453705766,-0.6570769895778301,0.02869892723749676,9,3,2746687.4027993777,0.820323195470428,0.19693882043889477,0.10831777326561015,0.03950603143773904,0.6024070021881838,0.47417943107221
001216,深主板,814,0.17322604423981347,0.45499132937451553,0.38072383594199544,-0.5386875612144957,0.028661759671801082,17,12,5217193.705521473,1.1573938716689658,0.23764035186112867,0.152784496962595,0.03352630327700086,0.613785557986871,0.7196936542669584
001217,深主板,814,0.03720452099645377,0.4747321955092527,0.07836949199652216,-0.5501618122977346,0.029905317349361353,20,9,8830265.147239264,1.130999754430343,0.2149554920276692,0.0657919158584757,0.0349734188625816,0.6691466083150985,0.47308533916849016
001218,深主板,814,0.1448231133505331,0.31631292062124866,0.45784760567508875,-0.4357536086997824,0.019925841058103296,2,3,1372228.4503067485,0.8012253262312806,0.16530481264237637,0.06204891671782252,0.026348214578968725,0.1575492341356674,0.6352297592997812
001219,深主板,642,0.08209612377234743,0.3589162678261123,0.2287333596484441,-0.46551257776575594,0.022609599670555865,1,5,5147379.31570762,0.7364193711190916,0.29498499626109304,0.10723354174028579,0.03077850522916261,0.2647702407002188,0.6516411378555799
001222,深主板,801,0.22678163847078903,0.4803213874140109,0.4721456183572263,-0.45361445783132537,0.030257403344832918,13,5,3124143.2605985035,1.1260083270797807,0.2114634818991966,0.09399854819580125,0.03539118257097416,0.6818380743982495,0.7094091903719913
001223,深主板,801,0.3114415189595665,0.5626480874559472,0.5535280860329077,-0.7200960451147695,0.03544349797748944,19,5,1117678.2281795512,0.7000874754425322,0.3427875366814512,0.0784062275408738,0.04396348118596012,0.7737417943107221,0.5778993435448577
001225,深主板,783,0.04906396402880442,0.41354506809664904,0.11864236286173711,-0.5905941681612953,0.02605089062145249,11,5,917174.7448979592,1.0168465155551716,0.23653452956991278,0.07894490767102018,0.03423019251003565,0.5013129102844639,0.5028446389496718
001226,深主板,814,0.3532199016286406,0.47664690622502975,0.7410514932869027,-0.5299638989169675,0.030025932787136986,14,12,2097786.6957055214,0.7453636276948791,0.2577457966889447,0.11839407056411537,0.0404351398833193,0.6350109409190372,0.7485776805251642
001227,深主板,814,-0.13623149100547527,0.21520165517926299,-0.6330410929785574,-0.45337816371915696,0.013556430031757261,1,1,57617396.82944785,0.7549244369835113,0.34489695155085015,-0.023690283997270287,0.01791095542317313,0.043544857768052524,0.1838074398249453
001228,深主板,814,-0.06498655483321336,0.40443536673212865,-0.16068464871979452,-0.7385031634209078,0.025477033375533756,9,5,1706623.1950920245,0.9191633457505428,0.32670099465954106,0.017092589493207064,0.03441887628028276,0.4433260393873085,0.1975929978118162
001229,深主板,801,0.24783120307193807,0.5089541704384718,0.4869420813634903,-0.48350183528844826,0.03206109913593757,25,8,2445398.9139650874,0.8758964002598859,0.31477615789445096,0.15506764369996526,0.04084356712076044,0.7142231947483588,0.7794310722100657
001230,深主板,814,0.12812326636183324,0.3469557594123093,0.3692783961242054,-0.4876109889258553,0.021856158460631617,5,3,1736801.0049079754,1.1797469374041274,0.249608944723229,0.10506318643653624,0.028521203845402774,0.34091903719912475,0.6789934354485777
001231,深主板,814,0.10567019601736094,0.4246452819532519,0.24884344771548386,-0.5529415987365802,0.02675013836821926,12,7,2029168.9411042945,1.0044551229260839,0.28077761164223397,0.074803299032638,0.03433416239122536,0.5183807439824946,0.5474835886214442
001234,深主板,814,0.15902810282807933,0.4997129926255294,0.3182388794666591,-0.6745127815742851,0.03147895965226201,21,18,3331685.5938650304,1.0021044483004204,-0.02010723282633743,0.23074258929206753,0.03832300845766937,0.7188183807439825,0.6765864332603938
001236,深主板,814,-0.004689301832390025,0.5128762319204102,-0.00914314514991548,-0.7108543517777604,0.032308165786126004,27,12,17685417.379141103,1.062920663815598,0.3250787892833383,0.09812821486910028,0.040532411440700834,0.787964989059081,0.4599562363238512
001238,深主板,814,0.2422041788322653,0.40308080984263234,0.6008824357746646,-0.5417946093483452,0.025391704312050508,8,7,1441207.7398773006,1.500752457762114,0.3158952677212884,0.012426749219705557,0.03617400724236239,0.5798687089715536,0.43829321663019694
001239,深主板,585,-0.06244557546144802,0.5569721025526884,-0.11211616376341005,-0.5404425099746101,0.03508594453702802,26,15,6732500.300341297,0.9772829980410511,0.06349308043832774,0.12068243382755822,0.03693565766410399,0.7636761487964989,0.5481400437636761
001255,深主板,814,0.13324833098544753,0.5429147807620073,0.24543139311555862,-0.6557793503901288,0.0342004164999387,27,16,2146687.8404907975,0.9372954025206807,0.3299642035588145,0.10740276328406091,0.04341993628366059,0.8133479212253829,0.5663019693654268
001256,深主板,642,0.26721602683267043,0.43204951065061753,0.618484734377487,-0.3880515209646479,0.027216560934492526,5,7,2167677.293934681,0.890216598832524,0.22408676190456236,0.1036220456530274,0.03639745635332581,0.5221006564551423,0.7862144420131291
001258,深主板,814,0.06966797395271662,0.39387693528138557,0.17687751607731447,-0.5088028169014085,0.024811914712353063,14,1,14776956.385276074,1.293730547230269,0.3485976189649155,-0.04740820558019166,0.029786109329143613,0.4553610503282276,0.2273522975929978
001259,深主板,814,0.5619412094039546,0.42377101359409314,1.3260491901935678,-0.4326385247334382,0.02669506463827958,13,3,1508334.5582822086,0.7662178431310015,0.26698482863657663,0.11622640859157826,0.034942706210916406,0.45295404814004375,0.8512035010940919
001260,深主板,642,0.11377514878374573,0.4462420909768333,0.2549628353853612,-0.5429557047965062,0.028110609458432405,7,10,2344610.5754276826,0.9554541460637841,0.20246315834820247,0.03398238351665278,0.03719666602044109,0.5800875273522976,0.42428884026258207
001266,深主板,642,0.5039230334590212,0.5273167395758316,0.9556363294371651,-0.4736232943469786,0.03321783226378718,21,11,3431714.1524105757,0.7966469892667272,0.3344241167058588,0.03605182672529575,0.041989217348331186,0.738074398249453,0.5986870897155361
001267,深主板,642,2.0986191740193836,0.6438473983431144,3.2594977931416644,-0.4016952275658743,0.04055857376885287,33,12,27545754.58786936,0.8536638838182816,0.23114454377294405,0.07739299996524412,0.05435849521282569,0.8603938730853392,0.8015317286652078
001268,深主板,814,0.32701910455114036,0.46344493696424316,0.7056266634246807,-0.6424004338452178,0.02919428689474745,20,8,2673327.354601227,1.0303470753424702,0.34546288572671047,0.11473930224614436,0.03827657590455477,0.6698030634573304,0.6859956236323851
001269,深主板,814,-0.17215049027391194,0.517782893731384,-0.33247620259007704,-0.7848424368471686,0.03261725642706254,24,7,4158317.2061349694,0.7026111301320485,0.3533830883339328,0.052134285770511886,0.04309924177920122,0.7153172866520788,0.29146608315098466
001270,深主板,812,0.4743096834811673,0.5415694251103826,0.8758058736135141,-0.6847901292902896,0.03411566705995932,14,6,4382462.281672817,0.768698277718127,,0.14286014216111179,0.04369919068686951,0.7704595185995623,0.7271334792122538
001277,深主板,409,-0.021670806567656187,0.44689659906546625,-0.04849176881849936,-0.4050641914719585,0.02815183959256581,8,5,2141696.0975609757,0.8756848666434929,0.1902355254258877,0.12480701334948531,0.03361252857618379,0.5024070021881839,0.650765864332604
001278,深主板,773,0.07485846724366896,0.48560322640327264,0.15415562165458557,-0.6064945328799354,0.030590127926515564,18,9,3365758.857881137,0.8715431715298629,0.2635864056204768,0.03254388866758122,0.03929132546254964,0.6597374179431071,0.35864332603938726
001279,深主板,388,-0.6079708724121078,0.5059957598250951,-1.2015335318664762,-0.8314260834133311,0.0318747367845326,3,4,2479516.5115681235,1.3114445619405646,0.2539610619639887,0.2547920797171392,0.03028430585102259,0.6663019693654267,0.5030634573304158
